iso3,country,year,chlor_a_mean,pixel_count
ALB,Albania,2003.0,0.3066016419529003,226
DZA,Algeria,2003.0,0.2744917106775926,2052
AGO,Angola,2003.0,1.2595657170273686,6146
ATG,Antigua and Barbuda,2003.0,0.07673717982377032,1490
AZE,Azerbaijan,2003.0,2.147404400893827,1325
ARG,Argentina,2003.0,1.79998256391484,18916
CXR,Christmas Island,2003.0,0.14899266207534845,4055
CCK,Cocos Islands,2003.0,0.09528541632075313,5760
HMD,Heard and McDonald Islands,2003.0,0.19314354077142482,8379
NFK,Norfolk Island,2003.0,0.15591562470951234,5935
AUS,Australia,2003.0,0.3223596503168038,94008
,Macquarie Island,2003.0,0.1865062977193096,9850
BHS,Bahamas,2003.0,0.26169853084517514,8239
BHR,Bahrain,2003.0,2.142406104344951,133
BGD,Bangladesh,2003.0,1.525608123993703,1383
BRB,Barbados,2003.0,0.17977782607879159,2342
BEL,Belgium,2003.0,7.154374955972966,86
,Trindade,2003.0,0.046071392839326666,6067
BRA,Brazil,2003.0,0.5731429119297812,39497
BLZ,Belize,2003.0,0.5663925937063577,464
SLB,Solomon Islands,2003.0,0.10468706921346248,19595
BRN,Brunei,2003.0,0.3549858201938927,583
BGR,Bulgaria,2003.0,1.0875649055772403,608
MMR,Myanmar,2003.0,0.7359899776312772,6147
KHM,Cambodia,2003.0,0.47217817132167905,636
CMR,Cameroon,2003.0,4.351524625191415,190
CAN,Canada,2003.0,1.0662583265397894,116661
CPV,Cape Verde,2003.0,0.3510599285052219,10024
LKA,Sri Lanka,2003.0,0.3227303900145664,6543
CHL,Chile,2003.0,0.7209120321267776,39334
CHL,Islas San Félix and San Ambrosio,2003.0,0.10701074022728593,6055
,Easter Island,2003.0,0.03074778691492416,9790
CHN,China,2003.0,1.8968342941521816,13035
CHN,China,2003.0,0.11501351043462744,4309
COL,Colombia,2003.0,0.38714299415010267,8878
,Serrana Bank,2003.0,0.139087312443589,47
,Quitasueño Bank,2003.0,0.13773277405399276,66
,Serranilla Bank,2003.0,0.18587176436001432,32
,Bajo Nuevo Bank,2003.0,0.13946477792732456,28
COM,Comores,2003.0,0.15402171454329389,2100
COG,Republic of the Congo,2003.0,8.709062683819328,456
COD,Democratic Republic of the Congo,2003.0,5.2275438837304575,204
CRI,Costa Rica,2003.0,0.22568914476086788,7127
HRV,Croatia,2003.0,0.23875678000351072,985
CUB,Cuba,2003.0,0.45551657419737096,4864
CYP,Cyprus,2003.0,0.09882292172843098,1509
BEN,Benin,2003.0,0.5706678862353297,469
FRO,Faeroe,2003.0,1.0312716638150696,6923
DNK,Denmark,2003.0,4.254875069906374,2408
GRL,Greenland,2003.0,0.7148706542611412,65200
DMA,Dominica,2003.0,0.13445914648221333,433
DOM,Dominican Republic,2003.0,0.10478423929961342,4594
,Galapagos,2003.0,0.2667311575616369,10154
ECU,Ecuador,2003.0,0.6976274369810922,2859
SLV,El Salvador,2003.0,0.4671155928412798,1206
GNQ,Equatorial Guinea,2003.0,0.46452558920787335,3760
ERI,Eritrea,2003.0,3.458138983526992,1045
EST,Estonia,2003.0,10.220480106650793,953
FJI,Fiji,2003.0,0.09051369781653608,16436
FIN,Finland,2003.0,8.598976642553092,2013
PYF,French Polynesia,2003.0,0.05724879231019085,60120
ATF,Amsterdam and Saint Paul Islands,2003.0,0.21184779419487282,7809
ATF,Crozet Islands,2003.0,0.2819039448626677,9933
ATF,Kerguélen,2003.0,0.2695010134280836,9978
NCL,New Caledonia,2003.0,0.11902656505326195,15175
REU,Réunion,2003.0,0.09189385146139525,4143
ATF,Europa Island,2003.0,0.16375518989291005,1732
ATF,Juan de Nova Island,2003.0,0.1609377535563143,839
ATF,Bassas da India,2003.0,0.1580044056575044,1605
,Clipperton Island,2003.0,0.1389967250886028,5350
GLP,Guadeloupe,2003.0,0.10622715020597076,1226
BLM,Saint-Barthélemy,2003.0,0.10563660724068262,67
MAF,Collectivity of Saint Martin,2003.0,0.13124429075159483,29
SPM,Saint-Pierre and Miquelon,2003.0,0.6122002466256261,268
MTQ,Martinique,2003.0,0.1412125001178884,672
GUF,French Guiana,2003.0,1.5917344505791688,1634
WLF,Wallis and Futuna,2003.0,0.0645262411345572,3146
FRA,France,2003.0,1.063945047398412,6241
DJI,Djibouti,2003.0,0.892919943883515,112
GAB,Gabon,2003.0,2.1854982760365256,2462
GEO,Georgia,2003.0,1.0769599527243294,412
GMB,Gambia,2003.0,2.6347040700360145,311
DEU,Germany,2003.0,5.630303173693174,1282
GHA,Ghana,2003.0,0.45599762214544787,2788
KIR,Phoenix Group,2003.0,0.1362397875292363,8985
KIR,Line Group,2003.0,0.13154928736377577,19889
KIR,Gilbert Islands,2003.0,0.13803717337175264,12655
GRC,Greece,2003.0,0.16415335084790317,7474
GRD,Grenada,2003.0,0.46345822118483965,360
GTM,Guatemala,2003.0,0.5567995702319837,1418
GIN,Guinea,2003.0,1.6519682878856763,1282
GUY,Guyana,2003.0,1.2167426989673125,1675
HTI,Haiti,2003.0,0.10907986556519778,1414
HND,Honduras,2003.0,0.24143540404468292,2729
ISL,Iceland,2003.0,0.8270539405216532,21238
,Andaman and Nicobar,2003.0,0.15824590527307675,8175
IND,India,2003.0,0.6916756900144667,20628
IDN,Indonesia,2003.0,0.4764393397854804,73201
IRN,Iran,2003.0,2.1833873071584486,3224
IRQ,Iraq,2003.0,3.4110615705571883,30
IRL,Ireland,2003.0,0.9586766309906642,8450
ISR,Israel,2003.0,0.13385795818178303,418
ITA,Italy,2003.0,0.2372821967758642,8674
CIV,Ivory Coast,2003.0,0.9232958070094128,2104
JAM,Jamaica,2003.0,0.11424786913598833,3317
JPN,Japan,2003.0,0.2711340706661706,56545
KAZ,Kazakhstan,2003.0,3.20479457748127,1894
JOR,Jordan,2003.0,0.1596929695514532,5
KEN,Kenya,2003.0,0.28629627564269683,1546
PRK,North Korea,2003.0,1.567325098780677,1880
KOR,South Korea,2003.0,1.3151497787717312,5278
KWT,Kuwait,2003.0,1.9539690391589575,175
LBN,Lebanon,2003.0,0.14351708595239673,311
LVA,Latvia,2003.0,9.516418850694809,694
LBR,Liberia,2003.0,0.28264626355623973,3085
LBY,Libya,2003.0,0.11291923133032225,5171
LTU,Lithuania,2003.0,9.286494549202922,158
MDG,Madagascar,2003.0,0.24767443055984475,15613
MYS,Malaysia,2003.0,0.6698369484875274,6563
MDV,Maldives,2003.0,0.16472902980423432,11087
MLT,Malta,2003.0,0.13439800986061684,829
MRT,Mauritania,2003.0,5.204840403318567,2231
MUS,Republic of Mauritius,2003.0,0.09679703856845015,16068
,Chagos Archipelago,2003.0,0.11207166425303706,7834
MEX,Mexico,2003.0,0.36929473396920737,41253
MCO,Monaco,2003.0,0.3007535465036236,18
MNE,Montenegro,2003.0,0.24681918845934528,120
MAR,Morocco,2003.0,0.5595222300916106,4113
MOZ,Mozambique,2003.0,0.3093993092691944,7395
OMN,Oman,2003.0,1.9751973345907705,7196
NAM,Namibia,2003.0,2.2770122038552154,7412
NRU,Nauru,2003.0,0.09578412919711317,3761
ABW,Aruba,2003.0,0.1703375330372737,418
BES,Bonaire,2003.0,0.18444131320895632,195
CUW,Curaçao,2003.0,0.17035988498883906,368
BES,Saba,2003.0,0.13592931173636785,144
BES,Sint-Eustatius,2003.0,0.13108159398709576,50
SXM,Sint-Maarten,2003.0,0.13313616898177835,11
NLD,Netherlands,2003.0,4.554495326627476,1354
VUT,Vanuatu,2003.0,0.08863096131148623,7949
COK,Cook Islands,2003.0,0.051219022922154966,24465
NIU,Niue,2003.0,0.05709236264826802,4088
TKL,Tokelau,2003.0,0.08281424432721433,3955
NZL,New Zealand,2003.0,0.2963163022902426,66970
NIC,Nicaragua,2003.0,0.4186691054851864,2817
NGA,Nigeria,2003.0,1.2066591933440682,2150
SJM,Svalbard,2003.0,0.5969084494136967,31868
NOR,Norway,2003.0,1.2442139534353616,29432
SJM,Jan Mayen,2003.0,0.5189987904708123,10726
FSM,Micronesia,2003.0,0.0620700353568851,36154
MHL,Marshall Islands,2003.0,0.04574709573115077,24338
PLW,Palau,2003.0,0.10221141354254898,7489
PAK,Pakistan,2003.0,3.84464284415458,2985
PAN,Panama,2003.0,0.5123082559335538,4121
PNG,Papua New Guinea,2003.0,0.1790396423415845,29166
PER,Peru,2003.0,1.6198025125155648,10582
PHL,Philippines,2003.0,0.179697894946804,24512
POL,Poland,2003.0,7.38668433431861,698
,Azores,2003.0,0.2023820290833125,14636
,Madeira,2003.0,0.11951071134873999,6515
PRT,Portugal,2003.0,0.3249744537317764,4854
GNB,Guinea-Bissau,2003.0,3.059026440833677,1347
,Oecusse,2003.0,0.4061493068148503,31
TLS,East Timor,2003.0,0.2483277864521392,1004
QAT,Qatar,2003.0,1.619692921647774,469
ROU,Romania,2003.0,1.872744231869729,525
RUS,Russia,2003.0,2.3665308636376756,193040
KNA,Saint Kitts and Nevis,2003.0,0.12201696862326518,150
LCA,Saint Lucia,2003.0,0.2226546763824677,234
VCT,Saint Vincent and the Grenadines,2003.0,0.3082459337630395,497
STP,Sao Tome and Principe,2003.0,0.21928519031870525,1653
SAU,Saudi Arabia,2003.0,0.6179266789989326,3151
SEN,Senegal,2003.0,3.257716431033197,2037
SYC,Seychelles,2003.0,0.1821128615103764,16212
SLE,Sierra Leone,2003.0,0.44613412842524164,1995
SGP,Singapore,2003.0,3.4929038837598205,16
VNM,Vietnam,2003.0,0.42210279608998363,9324
SVN,Slovenia,2003.0,0.9783591892517791,8
SOM,Federal Republic of Somalia,2003.0,0.5542243398188547,10093
ZAF,South Africa,2003.0,0.7079454752862604,15374
,Prince Edward Islands,2003.0,0.2074468179638939,8283
,Canary Islands,2003.0,0.1281470445336451,6202
ESP,Spain,2003.0,0.37865423612626026,9235
SDN,Sudan,2003.0,0.43882329936341247,858
SUR,Suriname,2003.0,0.8479305330608803,1665
SWE,Sweden,2003.0,7.187661700361094,3751
SYR,Syria,2003.0,0.1626888716092692,178
THA,Thailand,2003.0,0.6530784253621261,3734
TGO,Togo,2003.0,0.4532672108178158,233
TON,Tonga,2003.0,0.07937382835568321,8578
TTO,Trinidad and Tobago,2003.0,1.4249429177509592,1012
ARE,United Arab Emirates,2003.0,1.7596110922761954,730
TUN,Tunisia,2003.0,0.8342349957998857,1599
TUR,Turkey,2003.0,0.8719173852611887,4491
TKM,Turkmenistan,2003.0,1.8150627185984585,996
TUV,Tuvalu,2003.0,0.08493460768228275,9171
EGY,Egypt,2003.0,0.2519899009394339,3532
SHN,Ascension,2003.0,0.11035403146437302,5448
PCN,Pitcairn,2003.0,0.028016472435836673,11080
SHN,Saint Helena,2003.0,0.09027478551756428,5637
SHN,Tristan da Cunha,2003.0,0.2588113997761149,11599
AIA,Anguilla,2003.0,0.0646812150851084,1207
VGB,British Virgin Islands,2003.0,0.06628350004816184,1099
CYM,Cayman Islands,2003.0,0.08706357999216367,1554
MSR,Montserrat,2003.0,0.12871322861175108,115
TCA,Turks and Caicos Islands,2003.0,0.08409222635355698,1238
GGY,Guernsey,2003.0,1.8915136139015343,89
JEY,Jersey,2003.0,2.8223128329674356,57
GBR,United Kingdom,2003.0,1.4636627744047248,16133
BMU,Bermuda,2003.0,0.09115136044782905,6607
IMN,Isle of Man,2003.0,2.4239044950615245,107
TZA,Tanzania,2003.0,0.22962610700752967,2966
ASM,American Samoa,2003.0,0.05464500770952842,5102
UMI,Palmyra Atoll,2003.0,0.1030519244942669,4332
PRI,Puerto Rico,2003.0,0.12116090782071123,2038
VIR,United States Virgin Islands,2003.0,0.1310411680091269,542
UMI,Johnston Atoll,2003.0,0.04980052655923525,5574
GUM,Guam,2003.0,0.042714862442874535,2640
MNP,Northern Mariana Islands,2003.0,0.0558618802927361,9663
UMI,Jarvis Island,2003.0,0.17774481061365396,3927
UMI,Howland and Baker Islands,2003.0,0.1640880637214067,5261
,Hawaii,2003.0,0.0764851988209817,32406
,Alaska,2003.0,1.2757064824195397,83489
USA,United States,2003.0,1.0591764575777645,36057
URY,Uruguay,2003.0,3.476192227640828,2165
VEN,Venezuela,2003.0,1.2023577640358898,5995
WSM,Samoa,2003.0,0.062384491762825026,1683
YEM,Yemen,2003.0,0.6425911935626508,6648
,Glorioso Islands,2003.0,0.15868883158437785,572
BLZ,Belize,2003.0,0.41350463560705963,28
KOR,South Korea,2003.0,0.419624332668558,1219
PSE,Palestine,2003.0,0.4278906154322223,28
BRB,Barbados,2003.0,0.22943877439780777,5
IRQ,Iraq,2003.0,4.092984526053719,3
,"Abu musa, Greater and Lesser Tunb",2003.0,2.834329862503008,101
FRO,Faeroe,2003.0,1.222707562408204,67
,Doumeira Islands,2003.0,1.2044052620675545,8
FRA,France,2003.0,0.26345915747667425,2
PNG,Papua New Guinea,2003.0,1.5099277797372221,55
FLK,Falkland / Malvinas Islands,2003.0,0.8438265499766097,10575
SGS,South Georgia and the South Sandwich Islands,2003.0,0.7082183479291525,26334
URY,Uruguay,2003.0,4.502316492934116,665
GBR,United Kingdom,2003.0,1.011842432570635,257
MYT,Mayotte,2003.0,0.17722206643465452,887
CRI,Costa Rica,2003.0,0.15661366497669027,273
PER,Peru,2003.0,0.9475429430661466,242
DOM,Dominican Republic,2003.0,0.12861232094634847,189
ECU,Ecuador,2003.0,0.4249924237317222,280
JAM,Jamaica,2003.0,0.10685087288997777,239
NOR,Norway,2003.0,3.332690437980321,8
FRA,France,2003.0,0.5285751496381673,54
GIB,Gibraltar,2003.0,1.0453715906110417,13
HRV,Croatia,2003.0,0.5868509653955697,8
MYS,Malaysia,2003.0,1.5866991133020638,11
EGY,Egypt,2003.0,0.08907314170157124,138
,Matthew and Hunter Islands,2003.0,0.10812964755927237,2508
CAN,Canada,2003.0,1.0269518532910455,237
,Navassa Island,2003.0,0.08403229597480316,205
HND,Honduras,2003.0,0.11375487410248798,37
,Melilla,2003.0,1.0655266143837754,2
,Alhucemas Islands,2003.0,0.89015132188797,1
,Ceuta,2003.0,0.6064632509065712,2
,Peñón de Vélez de la Gomera,2003.0,0.6879711747169495,1
,Chafarinas Islands,2003.0,0.6064513650205401,3
ESH,Western Sahara,2003.0,1.5505040711176663,3794
UMI,Wake Island / Enenkio,2003.0,0.044540054957507076,5210
,Kuril Islands,2003.0,0.9374058794673998,3647
NOR,Norway,2003.0,2.946556266979937,190
UKR,Ukraine,2003.0,2.935765972853291,2396
USA,United States,2003.0,0.8831886725011451,262
ISL,Iceland,2003.0,0.6884342927057555,1568
STP,São Tomé and Principe,2003.0,0.18361391915033493,470
,Halaib Triangle,2003.0,0.17371777218488682,289
,Liancourt Rocks,2003.0,0.5092575217973809,35
TWN,Taiwan,2003.0,0.2546094383737727,4731
PRI,Puerto Rico,2003.0,0.056490161092378546,286
SEN,Senegal,2003.0,1.7061968067522213,831
VEN,Venezuela,2003.0,0.13309970457531778,36
,Ile Tromelin,2003.0,0.0955210584295769,3466
,Senkaku Islands,2003.0,0.22324174474781205,1036
QAT,Qatar,2003.0,1.621422193428077,7
GUY,Guyana,2003.0,0.305106813635635,71
COL,Colombia,2003.0,0.13553392852500565,26
ALB,Albania,2004.0,0.3799907001847458,225
DZA,Algeria,2004.0,0.2839602372356314,2049
AGO,Angola,2004.0,1.6344653242172988,6149
ATG,Antigua and Barbuda,2004.0,0.0740090737331532,1490
AZE,Azerbaijan,2004.0,2.828188263569873,1327
ARG,Argentina,2004.0,1.346331895590491,18891
CXR,Christmas Island,2004.0,0.12513494563178945,4055
CCK,Cocos Islands,2004.0,0.0896032760795925,5760
HMD,Heard and McDonald Islands,2004.0,0.22768467616827628,8379
NFK,Norfolk Island,2004.0,0.15534180430031794,5935
AUS,Australia,2004.0,0.31578775942220216,94009
,Macquarie Island,2004.0,0.18174014737256378,9851
BHS,Bahamas,2004.0,0.2661526001097326,8245
BHR,Bahrain,2004.0,2.1392300678201557,134
BGD,Bangladesh,2004.0,1.8919685500771144,1377
BRB,Barbados,2004.0,0.1646638499442543,2342
BEL,Belgium,2004.0,4.677797229042856,86
,Trindade,2004.0,0.0477024162251418,6067
BRA,Brazil,2004.0,0.49391526420848386,39563
BLZ,Belize,2004.0,0.5749266995321191,464
SLB,Solomon Islands,2004.0,0.10460682068226156,19596
BRN,Brunei,2004.0,0.36154979334701404,584
BGR,Bulgaria,2004.0,1.0917739554095933,610
MMR,Myanmar,2004.0,0.7865888037757712,6146
KHM,Cambodia,2004.0,0.4100741061562525,633
CMR,Cameroon,2004.0,5.975689492139535,187
CAN,Canada,2004.0,1.111247338720077,111625
CPV,Cape Verde,2004.0,0.22752018715706174,10024
LKA,Sri Lanka,2004.0,0.3022464492123535,6541
CHL,Chile,2004.0,0.6739740783549407,39363
CHL,Islas San Félix and San Ambrosio,2004.0,0.12954002745829665,6055
,Easter Island,2004.0,0.029386167674532965,9790
CHN,China,2004.0,1.8950934761411031,13024
CHN,China,2004.0,0.1199657356119083,4309
COL,Colombia,2004.0,0.38012940666085365,8881
,Serrana Bank,2004.0,0.1394091947384048,47
,Quitasueño Bank,2004.0,0.12859910014601414,66
,Serranilla Bank,2004.0,0.1922240269825209,32
,Bajo Nuevo Bank,2004.0,0.12997043665208963,28
COM,Comores,2004.0,0.13898851909227852,2100
COG,Republic of the Congo,2004.0,3.089834547019618,454
COD,Democratic Republic of the Congo,2004.0,3.6021631840299926,205
CRI,Costa Rica,2004.0,0.2661368671377254,7130
HRV,Croatia,2004.0,0.2813295875034582,974
CUB,Cuba,2004.0,0.409333944444456,4848
CYP,Cyprus,2004.0,0.09815705422133965,1509
BEN,Benin,2004.0,0.3693669960445426,461
FRO,Faeroe,2004.0,0.9874285707934964,6923
DNK,Denmark,2004.0,4.261404521870696,2403
GRL,Greenland,2004.0,0.6736308802865496,64333
DMA,Dominica,2004.0,0.12552503389620126,433
DOM,Dominican Republic,2004.0,0.11353116378574205,4594
,Galapagos,2004.0,0.2575114850698721,10153
ECU,Ecuador,2004.0,0.6805469769967715,2857
SLV,El Salvador,2004.0,0.6631449728657073,1207
GNQ,Equatorial Guinea,2004.0,0.44763333223031665,3748
ERI,Eritrea,2004.0,3.267298462575041,1044
EST,Estonia,2004.0,11.060146269732217,952
FJI,Fiji,2004.0,0.08767295119946163,16438
FIN,Finland,2004.0,9.521980656616256,2021
PYF,French Polynesia,2004.0,0.05583168817798787,60121
ATF,Amsterdam and Saint Paul Islands,2004.0,0.19971142106119927,7809
ATF,Crozet Islands,2004.0,0.31145230841219496,9933
ATF,Kerguélen,2004.0,0.33858837931325114,9975
NCL,New Caledonia,2004.0,0.11676907810457395,15177
REU,Réunion,2004.0,0.08452215720459895,4142
ATF,Europa Island,2004.0,0.1358450782380938,1732
ATF,Juan de Nova Island,2004.0,0.12323897313322425,839
ATF,Bassas da India,2004.0,0.13001877364711387,1605
,Clipperton Island,2004.0,0.15181933567033185,5350
GLP,Guadeloupe,2004.0,0.09909005568895327,1226
BLM,Saint-Barthélemy,2004.0,0.10847246221830843,67
MAF,Collectivity of Saint Martin,2004.0,0.14168027160620253,29
SPM,Saint-Pierre and Miquelon,2004.0,0.7442206606727633,266
MTQ,Martinique,2004.0,0.13542092752591012,671
GUF,French Guiana,2004.0,1.7023420996274674,1635
WLF,Wallis and Futuna,2004.0,0.05530523380435793,3146
FRA,France,2004.0,1.0094096428997992,6239
DJI,Djibouti,2004.0,1.2009164008757307,115
GAB,Gabon,2004.0,0.9389854630354304,2460
GEO,Georgia,2004.0,0.9862176500498984,410
GMB,Gambia,2004.0,3.933524729803887,312
DEU,Germany,2004.0,5.358581827277431,1272
GHA,Ghana,2004.0,0.4459415064575615,2787
KIR,Phoenix Group,2004.0,0.14282311564316671,8985
KIR,Line Group,2004.0,0.12839147939802165,19889
KIR,Gilbert Islands,2004.0,0.10152253077773589,12654
GRC,Greece,2004.0,0.1569758931999987,7473
GRD,Grenada,2004.0,0.422821033655162,360
GTM,Guatemala,2004.0,0.585496261034447,1418
GIN,Guinea,2004.0,1.1017466148326438,1284
GUY,Guyana,2004.0,0.998836323432671,1671
HTI,Haiti,2004.0,0.11154522947236646,1417
HND,Honduras,2004.0,0.23663913186665736,2732
ISL,Iceland,2004.0,0.6888379729658388,21243
,Andaman and Nicobar,2004.0,0.1710256443082157,8173
IND,India,2004.0,0.6835285300508902,20633
IDN,Indonesia,2004.0,0.4521463192787333,73258
IRN,Iran,2004.0,2.5060597768100994,3223
IRQ,Iraq,2004.0,3.652292327123482,30
IRL,Ireland,2004.0,0.8877238173962873,8459
ISR,Israel,2004.0,0.12103581520817298,418
ITA,Italy,2004.0,0.28151919940059306,8670
CIV,Ivory Coast,2004.0,0.7419963297347711,2104
JAM,Jamaica,2004.0,0.1107573733003407,3317
JPN,Japan,2004.0,0.2991194268136391,56543
KAZ,Kazakhstan,2004.0,3.5754744627722013,1918
JOR,Jordan,2004.0,0.19531372244541464,5
KEN,Kenya,2004.0,0.23433101373322263,1543
PRK,North Korea,2004.0,1.614874470107186,1878
KOR,South Korea,2004.0,1.3033313279815077,5275
KWT,Kuwait,2004.0,2.173461088712278,174
LBN,Lebanon,2004.0,0.1386557102297298,310
LVA,Latvia,2004.0,9.759901909880963,694
LBR,Liberia,2004.0,0.3629539064572271,3086
LBY,Libya,2004.0,0.1209107715882125,5169
LTU,Lithuania,2004.0,8.532111500457257,159
MDG,Madagascar,2004.0,0.22012144405046502,15614
MYS,Malaysia,2004.0,0.6916823630137678,6571
MDV,Maldives,2004.0,0.16569525362812115,11087
MLT,Malta,2004.0,0.14231507687963826,829
MRT,Mauritania,2004.0,3.922819405528203,2231
MUS,Republic of Mauritius,2004.0,0.0936073101249715,16068
,Chagos Archipelago,2004.0,0.13212941454761434,7834
MEX,Mexico,2004.0,0.3396878151702912,41260
MCO,Monaco,2004.0,0.3359370306897081,18
MNE,Montenegro,2004.0,0.31502736849187696,120
MAR,Morocco,2004.0,0.5077641696190313,4110
MOZ,Mozambique,2004.0,0.27462524594266186,7390
OMN,Oman,2004.0,1.7761003414722265,7196
NAM,Namibia,2004.0,2.113239152994196,7410
NRU,Nauru,2004.0,0.07598335370196575,3761
ABW,Aruba,2004.0,0.17111786479770166,418
BES,Bonaire,2004.0,0.17262152493877977,195
CUW,Curaçao,2004.0,0.16578895685568476,368
BES,Saba,2004.0,0.14582853610651328,144
BES,Sint-Eustatius,2004.0,0.12876639520413796,50
SXM,Sint-Maarten,2004.0,0.14175131334684812,11
NLD,Netherlands,2004.0,3.651166548113634,1346
VUT,Vanuatu,2004.0,0.08776286407695728,7953
COK,Cook Islands,2004.0,0.05017776009146829,24465
NIU,Niue,2004.0,0.06592773469071168,4088
TKL,Tokelau,2004.0,0.0763673859146251,3955
NZL,New Zealand,2004.0,0.3347742100981472,66961
NIC,Nicaragua,2004.0,0.49881821754931416,2816
NGA,Nigeria,2004.0,1.0339412595706619,2168
SJM,Svalbard,2004.0,0.619593129222604,38584
NOR,Norway,2004.0,1.0282543408421636,29444
SJM,Jan Mayen,2004.0,0.6670599727053814,10726
FSM,Micronesia,2004.0,0.06401951920506734,36153
MHL,Marshall Islands,2004.0,0.04496055294609649,24338
PLW,Palau,2004.0,0.09367348164233477,7489
PAK,Pakistan,2004.0,2.4654928172040145,2989
PAN,Panama,2004.0,0.4040998319931033,4134
PNG,Papua New Guinea,2004.0,0.17350177408973064,29158
PER,Peru,2004.0,2.1565638244953185,10581
PHL,Philippines,2004.0,0.18488057641683162,24516
POL,Poland,2004.0,6.893821624960176,698
,Azores,2004.0,0.15820493619008966,14635
,Madeira,2004.0,0.11580202814582362,6514
PRT,Portugal,2004.0,0.32995094546696596,4854
GNB,Guinea-Bissau,2004.0,2.3949289487425567,1340
,Oecusse,2004.0,0.3741609540927475,31
TLS,East Timor,2004.0,0.2633397288972632,999
QAT,Qatar,2004.0,1.5709464266347974,469
ROU,Romania,2004.0,2.9269033869156535,525
RUS,Russia,2004.0,2.419657668000079,192554
KNA,Saint Kitts and Nevis,2004.0,0.1156147321056062,150
LCA,Saint Lucia,2004.0,0.19529021157601553,234
VCT,Saint Vincent and the Grenadines,2004.0,0.2542715533870273,497
STP,Sao Tome and Principe,2004.0,0.18969251765580628,1638
SAU,Saudi Arabia,2004.0,0.6619164917043787,3154
SEN,Senegal,2004.0,2.789106563561779,2036
SYC,Seychelles,2004.0,0.16853760501333598,16212
SLE,Sierra Leone,2004.0,0.6513755142989968,1999
SGP,Singapore,2004.0,3.276087288833499,17
VNM,Vietnam,2004.0,0.4302507289047819,9320
SVN,Slovenia,2004.0,1.10416118398664,8
SOM,Federal Republic of Somalia,2004.0,0.6006421247554681,10096
ZAF,South Africa,2004.0,0.7891499411781415,15375
,Prince Edward Islands,2004.0,0.22691984326083398,8283
,Canary Islands,2004.0,0.12431508015661501,6202
ESP,Spain,2004.0,0.374792005546269,9240
SDN,Sudan,2004.0,0.4130311202714283,859
SUR,Suriname,2004.0,0.9054187701071631,1667
SWE,Sweden,2004.0,7.084080428709526,3757
SYR,Syria,2004.0,0.13885453855574115,178
THA,Thailand,2004.0,0.5985522899101734,3741
TGO,Togo,2004.0,0.7196814871263336,233
TON,Tonga,2004.0,0.07916100237915435,8579
TTO,Trinidad and Tobago,2004.0,1.2967061910762983,1012
ARE,United Arab Emirates,2004.0,1.9711637109630515,731
TUN,Tunisia,2004.0,0.7770016342621174,1598
TUR,Turkey,2004.0,0.8986210863353147,4484
TKM,Turkmenistan,2004.0,2.149369022302263,998
TUV,Tuvalu,2004.0,0.07059978357222506,9171
EGY,Egypt,2004.0,0.2553424647747683,3532
SHN,Ascension,2004.0,0.1131344675017489,5448
PCN,Pitcairn,2004.0,0.02733572357263427,11080
SHN,Saint Helena,2004.0,0.10054604185910541,5637
SHN,Tristan da Cunha,2004.0,0.2757784068364204,11599
AIA,Anguilla,2004.0,0.06519727484472895,1207
VGB,British Virgin Islands,2004.0,0.06882228721272338,1099
CYM,Cayman Islands,2004.0,0.08337181443630219,1554
MSR,Montserrat,2004.0,0.11708213177228784,115
TCA,Turks and Caicos Islands,2004.0,0.07593589504817178,1235
GGY,Guernsey,2004.0,1.2304543053140171,88
JEY,Jersey,2004.0,1.5277950103783653,57
GBR,United Kingdom,2004.0,1.4321811765268688,16133
BMU,Bermuda,2004.0,0.09682621936779923,6607
IMN,Isle of Man,2004.0,2.545188558231921,106
TZA,Tanzania,2004.0,0.2119301917432227,2963
ASM,American Samoa,2004.0,0.046622347121181545,5102
UMI,Palmyra Atoll,2004.0,0.09342407614251234,4332
PRI,Puerto Rico,2004.0,0.11945775118772739,2038
VIR,United States Virgin Islands,2004.0,0.12746731927984767,542
UMI,Johnston Atoll,2004.0,0.048629797784441126,5574
GUM,Guam,2004.0,0.043413406940831546,2640
MNP,Northern Mariana Islands,2004.0,0.05212270952847729,9663
UMI,Jarvis Island,2004.0,0.17704190210502943,3927
UMI,Howland and Baker Islands,2004.0,0.1550499908061546,5261
,Hawaii,2004.0,0.07610845015712535,32408
,Alaska,2004.0,1.2815201228841493,84409
USA,United States,2004.0,1.0455175053390533,36010
URY,Uruguay,2004.0,2.0287490169540803,2156
VEN,Venezuela,2004.0,1.184756366066322,5987
WSM,Samoa,2004.0,0.060069683467188585,1684
YEM,Yemen,2004.0,0.8365148144082573,6644
,Glorioso Islands,2004.0,0.13889745213353413,572
BLZ,Belize,2004.0,0.3865742869295195,28
KOR,South Korea,2004.0,0.46486390363043584,1219
PSE,Palestine,2004.0,0.3961480059615808,28
BRB,Barbados,2004.0,0.2551503215957745,5
IRQ,Iraq,2004.0,4.934901237487793,3
,"Abu musa, Greater and Lesser Tunb",2004.0,2.800627174012914,101
FRO,Faeroe,2004.0,0.9862030861154822,67
,Doumeira Islands,2004.0,1.5912254115531659,8
FRA,France,2004.0,0.25754090565354076,2
PNG,Papua New Guinea,2004.0,1.521411540591984,55
FLK,Falkland / Malvinas Islands,2004.0,0.925762445625008,10578
SGS,South Georgia and the South Sandwich Islands,2004.0,0.5266339144973775,26061
URY,Uruguay,2004.0,2.9369659683031264,665
GBR,United Kingdom,2004.0,1.3390534592308216,257
MYT,Mayotte,2004.0,0.1307391394647003,887
CRI,Costa Rica,2004.0,0.15809839192473674,273
PER,Peru,2004.0,0.9957063346395845,242
DOM,Dominican Republic,2004.0,0.12689120865324324,189
ECU,Ecuador,2004.0,0.3392212618817028,280
JAM,Jamaica,2004.0,0.10034204295105502,239
NOR,Norway,2004.0,2.918626412693758,8
FRA,France,2004.0,0.4369626776937266,54
GIB,Gibraltar,2004.0,1.5321078948138915,13
HRV,Croatia,2004.0,0.7603678568624533,8
MYS,Malaysia,2004.0,1.6597126092129983,11
EGY,Egypt,2004.0,0.0873524444615559,138
,Matthew and Hunter Islands,2004.0,0.11239156301938677,2508
CAN,Canada,2004.0,0.7944840355100145,620
,Navassa Island,2004.0,0.0900922597918979,205
HND,Honduras,2004.0,0.10335840109597542,37
,Melilla,2004.0,0.42183420062065125,1
,Alhucemas Islands,2004.0,0.7079138159751892,1
,Ceuta,2004.0,0.6042254230250482,2
,Peñón de Vélez de la Gomera,2004.0,0.5146933197975159,1
,Chafarinas Islands,2004.0,0.5484835161103143,3
ESH,Western Sahara,2004.0,1.5380824460138456,3795
UMI,Wake Island / Enenkio,2004.0,0.045420201041769276,5210
,Kuril Islands,2004.0,0.9936036702705747,3650
NOR,Norway,2004.0,0.6603090514377691,190
UKR,Ukraine,2004.0,3.682785692755602,2395
USA,United States,2004.0,1.5557258313599904,268
ISL,Iceland,2004.0,0.47340136653152026,1568
STP,São Tomé and Principe,2004.0,0.1822292900992847,471
,Halaib Triangle,2004.0,0.17209487807897403,289
,Liancourt Rocks,2004.0,0.5023780219556082,35
TWN,Taiwan,2004.0,0.2614654122059697,4730
PRI,Puerto Rico,2004.0,0.05876313358608773,286
SEN,Senegal,2004.0,0.7742723863907331,831
VEN,Venezuela,2004.0,0.14538789750198164,36
,Ile Tromelin,2004.0,0.08628710597793397,3466
,Senkaku Islands,2004.0,0.24393341044610928,1036
QAT,Qatar,2004.0,2.017545805414124,7
GUY,Guyana,2004.0,0.2295064590287388,71
COL,Colombia,2004.0,0.13949356240116734,26
ALB,Albania,2005.0,0.3369727775902002,228
DZA,Algeria,2005.0,0.283058985740499,2051
AGO,Angola,2005.0,1.1471198914190008,6147
ATG,Antigua and Barbuda,2005.0,0.07182873170789988,1490
AZE,Azerbaijan,2005.0,2.627829874193174,1328
ARG,Argentina,2005.0,1.3105368976055973,18926
CXR,Christmas Island,2005.0,0.1197136339946465,4055
CCK,Cocos Islands,2005.0,0.08889734495084864,5760
HMD,Heard and McDonald Islands,2005.0,0.19044857202802937,8380
NFK,Norfolk Island,2005.0,0.13081760625966005,5935
AUS,Australia,2005.0,0.3071244018188488,93997
,Macquarie Island,2005.0,0.17815357875906496,9850
BHS,Bahamas,2005.0,0.24585420739486993,8228
BHR,Bahrain,2005.0,2.1825988471317768,133
BGD,Bangladesh,2005.0,1.5804718883288063,1379
BRB,Barbados,2005.0,0.13328539957241173,2342
BEL,Belgium,2005.0,3.700708182286987,86
,Trindade,2005.0,0.048393615219203025,6067
BRA,Brazil,2005.0,0.47794814431829363,39556
BLZ,Belize,2005.0,0.7973490494116416,467
SLB,Solomon Islands,2005.0,0.09941561633566325,19601
BRN,Brunei,2005.0,0.35168218304745247,583
BGR,Bulgaria,2005.0,1.2702557389514266,609
MMR,Myanmar,2005.0,0.7884581241343898,6160
KHM,Cambodia,2005.0,0.45003659547530256,635
CMR,Cameroon,2005.0,4.653475705608554,186
CAN,Canada,2005.0,1.0627392792615231,118444
CPV,Cape Verde,2005.0,0.21333159821462214,10025
LKA,Sri Lanka,2005.0,0.32425157483229816,6540
CHL,Chile,2005.0,0.7938716640057303,39351
CHL,Islas San Félix and San Ambrosio,2005.0,0.12031209186917564,6055
,Easter Island,2005.0,0.024193387175286536,9790
CHN,China,2005.0,1.923710021585064,13020
CHN,China,2005.0,0.11308949801861191,4309
COL,Colombia,2005.0,0.38830985925166694,8886
,Serrana Bank,2005.0,0.13949510897927375,47
,Quitasueño Bank,2005.0,0.12904582977816845,66
,Serranilla Bank,2005.0,0.2071394185981159,32
,Bajo Nuevo Bank,2005.0,0.13565938770925448,28
COM,Comores,2005.0,0.13666726179095154,2099
COG,Republic of the Congo,2005.0,4.3236392920192985,455
COD,Democratic Republic of the Congo,2005.0,3.5513413475716704,204
CRI,Costa Rica,2005.0,0.22707182172917287,7128
HRV,Croatia,2005.0,0.27087676119070675,972
CUB,Cuba,2005.0,0.4786059226665442,4858
CYP,Cyprus,2005.0,0.09843833637235146,1509
BEN,Benin,2005.0,0.4030016399920694,466
FRO,Faeroe,2005.0,0.6756206081937325,6920
DNK,Denmark,2005.0,4.164204200076428,2400
GRL,Greenland,2005.0,0.6246641028026804,61765
DMA,Dominica,2005.0,0.10314072602030867,433
DOM,Dominican Republic,2005.0,0.10810531546563183,4593
,Galapagos,2005.0,0.24645213335557134,10154
ECU,Ecuador,2005.0,0.6264052931198469,2851
SLV,El Salvador,2005.0,0.5139558126167273,1206
GNQ,Equatorial Guinea,2005.0,0.7188300658085216,3758
ERI,Eritrea,2005.0,3.10281299323299,1048
EST,Estonia,2005.0,11.894987215485893,953
FJI,Fiji,2005.0,0.08233963783625384,16438
FIN,Finland,2005.0,9.553828648404313,2016
PYF,French Polynesia,2005.0,0.04652582914727899,60120
ATF,Amsterdam and Saint Paul Islands,2005.0,0.22950374982169816,7809
ATF,Crozet Islands,2005.0,0.2633254864398875,9933
ATF,Kerguélen,2005.0,0.25469192421657105,9979
NCL,New Caledonia,2005.0,0.10525643712253754,15176
REU,Réunion,2005.0,0.08325287937504246,4142
ATF,Europa Island,2005.0,0.14463239139224648,1732
ATF,Juan de Nova Island,2005.0,0.1475285506866029,839
ATF,Bassas da India,2005.0,0.13582529054596504,1605
,Clipperton Island,2005.0,0.15028730831154377,5350
GLP,Guadeloupe,2005.0,0.08357919956809837,1226
BLM,Saint-Barthélemy,2005.0,0.10604164376599526,67
MAF,Collectivity of Saint Martin,2005.0,0.13508587805295572,29
SPM,Saint-Pierre and Miquelon,2005.0,0.6503231175610797,266
MTQ,Martinique,2005.0,0.11411234115666652,671
GUF,French Guiana,2005.0,1.2134968186761408,1635
WLF,Wallis and Futuna,2005.0,0.05710317962239796,3145
FRA,France,2005.0,0.8473688447611953,6243
DJI,Djibouti,2005.0,0.9534412406944399,114
GAB,Gabon,2005.0,2.17412456177794,2467
GEO,Georgia,2005.0,0.9207820546026401,412
GMB,Gambia,2005.0,3.8257657670854055,309
DEU,Germany,2005.0,5.834075797744051,1277
GHA,Ghana,2005.0,0.3841741522937606,2790
KIR,Phoenix Group,2005.0,0.13587207369583648,8985
KIR,Line Group,2005.0,0.1200478668331678,19889
KIR,Gilbert Islands,2005.0,0.1474090935242307,12655
GRC,Greece,2005.0,0.16229363178237297,7499
GRD,Grenada,2005.0,0.3678927728887376,360
GTM,Guatemala,2005.0,0.5404830580528828,1418
GIN,Guinea,2005.0,1.3304953232072607,1284
GUY,Guyana,2005.0,1.156677613865185,1678
HTI,Haiti,2005.0,0.11382496350431046,1417
HND,Honduras,2005.0,0.24319282863505737,2730
ISL,Iceland,2005.0,1.0756943072868697,21252
,Andaman and Nicobar,2005.0,0.1625930343794025,8170
IND,India,2005.0,0.7076671494468116,20641
IDN,Indonesia,2005.0,0.4313871138030516,73244
IRN,Iran,2005.0,2.726020444043481,3230
IRQ,Iraq,2005.0,3.5377222913094064,31
IRL,Ireland,2005.0,0.8228000313317487,8451
ISR,Israel,2005.0,0.12405394640875274,418
ITA,Italy,2005.0,0.28986153860334457,8669
CIV,Ivory Coast,2005.0,0.9819423693019327,2104
JAM,Jamaica,2005.0,0.10647262919784252,3317
JPN,Japan,2005.0,0.2693754483222585,56528
KAZ,Kazakhstan,2005.0,3.779668101120167,1911
JOR,Jordan,2005.0,0.1560077465956028,5
KEN,Kenya,2005.0,0.23592684558038873,1544
PRK,North Korea,2005.0,1.3972477021764653,1880
KOR,South Korea,2005.0,1.2673989398393568,5268
KWT,Kuwait,2005.0,2.1359737244789403,177
LBN,Lebanon,2005.0,0.12243273604358154,310
LVA,Latvia,2005.0,11.100254504074599,694
LBR,Liberia,2005.0,0.3511937251546273,3081
LBY,Libya,2005.0,0.11092794327815816,5167
LTU,Lithuania,2005.0,9.411935202090765,159
MDG,Madagascar,2005.0,0.21827057667666538,15612
MYS,Malaysia,2005.0,0.6112740383613362,6579
MDV,Maldives,2005.0,0.18001280133614772,11087
MLT,Malta,2005.0,0.1381546947878384,829
MRT,Mauritania,2005.0,3.787187370085002,2232
MUS,Republic of Mauritius,2005.0,0.0924693326698719,16069
,Chagos Archipelago,2005.0,0.11975229476554658,7834
MEX,Mexico,2005.0,0.36121128255764334,41252
MCO,Monaco,2005.0,0.3558210414983714,18
MNE,Montenegro,2005.0,0.2573654477235102,121
MAR,Morocco,2005.0,0.5344190355439556,4115
MOZ,Mozambique,2005.0,0.28497555122959445,7395
OMN,Oman,2005.0,1.495971919408051,7198
NAM,Namibia,2005.0,1.9990673546332,7412
NRU,Nauru,2005.0,0.10292020779009782,3761
ABW,Aruba,2005.0,0.15583335650746988,418
BES,Bonaire,2005.0,0.1705896075662332,194
CUW,Curaçao,2005.0,0.15776189362043466,368
BES,Saba,2005.0,0.12324832255679223,144
BES,Sint-Eustatius,2005.0,0.11771044544333979,50
SXM,Sint-Maarten,2005.0,0.13449188528309095,11
NLD,Netherlands,2005.0,3.843106727450813,1355
VUT,Vanuatu,2005.0,0.08801735459557827,7950
COK,Cook Islands,2005.0,0.04746871172679268,24465
NIU,Niue,2005.0,0.061679287070477304,4088
TKL,Tokelau,2005.0,0.07168071420494931,3955
NZL,New Zealand,2005.0,0.30898911999441214,66967
NIC,Nicaragua,2005.0,0.42395433997926746,2817
NGA,Nigeria,2005.0,0.928426275566367,2163
SJM,Svalbard,2005.0,0.6021584281613399,34402
NOR,Norway,2005.0,0.8258424326475678,29413
SJM,Jan Mayen,2005.0,0.5323790427459434,10725
FSM,Micronesia,2005.0,0.0588975744371535,36154
MHL,Marshall Islands,2005.0,0.04503634158092644,24338
PLW,Palau,2005.0,0.10174491300652774,7490
PAK,Pakistan,2005.0,3.1748765780639037,2988
PAN,Panama,2005.0,0.42880920979099346,4128
PNG,Papua New Guinea,2005.0,0.1630241181528626,29157
PER,Peru,2005.0,1.6969172399304497,10582
PHL,Philippines,2005.0,0.17094489138851526,24505
POL,Poland,2005.0,8.292349348320057,697
,Azores,2005.0,0.15424328741286036,14634
,Madeira,2005.0,0.12917719438867392,6515
PRT,Portugal,2005.0,0.37728602532654376,4850
GNB,Guinea-Bissau,2005.0,2.914322103222923,1343
,Oecusse,2005.0,0.3763642328933677,31
TLS,East Timor,2005.0,0.2466253602895073,1003
QAT,Qatar,2005.0,1.579295391999077,470
ROU,Romania,2005.0,2.981924151686263,526
RUS,Russia,2005.0,2.030271820638605,218383
KNA,Saint Kitts and Nevis,2005.0,0.10755844703425246,150
LCA,Saint Lucia,2005.0,0.15941695040577036,233
VCT,Saint Vincent and the Grenadines,2005.0,0.20512834311137737,497
STP,Sao Tome and Principe,2005.0,0.242689769221147,1654
SAU,Saudi Arabia,2005.0,0.5855567757710723,3156
SEN,Senegal,2005.0,2.490059092687043,2038
SYC,Seychelles,2005.0,0.15417206319982957,16212
SLE,Sierra Leone,2005.0,0.529359642594502,1995
SGP,Singapore,2005.0,2.7586867328247298,14
VNM,Vietnam,2005.0,0.4421168670581701,9330
SVN,Slovenia,2005.0,1.147932972636581,8
SOM,Federal Republic of Somalia,2005.0,0.5911726919084153,10098
ZAF,South Africa,2005.0,0.7033906351810131,15372
,Prince Edward Islands,2005.0,0.17246534317133475,8283
,Canary Islands,2005.0,0.15697336741977583,6203
ESP,Spain,2005.0,0.4092926380395428,9246
SDN,Sudan,2005.0,0.4484428434329699,860
SUR,Suriname,2005.0,0.89240064924269,1666
SWE,Sweden,2005.0,7.36705936104136,3751
SYR,Syria,2005.0,0.1287136667882805,178
THA,Thailand,2005.0,0.6080164577829373,3735
TGO,Togo,2005.0,0.2671947602403528,233
TON,Tonga,2005.0,0.07621212214244504,8579
TTO,Trinidad and Tobago,2005.0,1.4560097658261815,1015
ARE,United Arab Emirates,2005.0,1.6709381930903044,731
TUN,Tunisia,2005.0,0.7694034812872442,1598
TUR,Turkey,2005.0,0.7412646522887695,4494
TKM,Turkmenistan,2005.0,2.397090235055373,999
TUV,Tuvalu,2005.0,0.07954433351669041,9171
EGY,Egypt,2005.0,0.24714079935682204,3528
SHN,Ascension,2005.0,0.12009007843703579,5448
PCN,Pitcairn,2005.0,0.026322468261481727,11080
SHN,Saint Helena,2005.0,0.09604825692143885,5637
SHN,Tristan da Cunha,2005.0,0.26719681892979497,11599
AIA,Anguilla,2005.0,0.06457571382319623,1207
VGB,British Virgin Islands,2005.0,0.06584983514900959,1099
CYM,Cayman Islands,2005.0,0.08701255899586614,1554
MSR,Montserrat,2005.0,0.10808958833548188,115
TCA,Turks and Caicos Islands,2005.0,0.08790461330883814,1239
GGY,Guernsey,2005.0,1.1779710328489337,89
JEY,Jersey,2005.0,1.3003382410787512,57
GBR,United Kingdom,2005.0,1.2261206746946847,16123
BMU,Bermuda,2005.0,0.0953053350046706,6607
IMN,Isle of Man,2005.0,2.5883063895918847,106
TZA,Tanzania,2005.0,0.18474635191482927,2963
ASM,American Samoa,2005.0,0.043861248810121004,5102
UMI,Palmyra Atoll,2005.0,0.10868132473744845,4332
PRI,Puerto Rico,2005.0,0.10161965889940344,2038
VIR,United States Virgin Islands,2005.0,0.10358739877215256,542
UMI,Johnston Atoll,2005.0,0.04496615880737861,5574
GUM,Guam,2005.0,0.04458723184356912,2640
MNP,Northern Mariana Islands,2005.0,0.0502865357151637,9663
UMI,Jarvis Island,2005.0,0.171245610664085,3927
UMI,Howland and Baker Islands,2005.0,0.1745482170302003,5261
,Hawaii,2005.0,0.07514761940230932,32408
,Alaska,2005.0,1.2335746922907478,80121
USA,United States,2005.0,1.0722215276448104,36040
URY,Uruguay,2005.0,2.539792227464373,2167
VEN,Venezuela,2005.0,1.2877181111619842,5995
WSM,Samoa,2005.0,0.05458277971488666,1684
YEM,Yemen,2005.0,0.6036192478205754,6649
,Glorioso Islands,2005.0,0.13739003484469287,572
BLZ,Belize,2005.0,0.3632283546840008,28
KOR,South Korea,2005.0,0.34638440040250945,1219
PSE,Palestine,2005.0,0.442790395716674,28
BRB,Barbados,2005.0,0.20754898893715712,5
IRQ,Iraq,2005.0,4.504733552103457,3
,"Abu musa, Greater and Lesser Tunb",2005.0,2.8529403521788996,101
FRO,Faeroe,2005.0,0.8870659843212533,67
,Doumeira Islands,2005.0,1.4156695013071834,8
FRA,France,2005.0,0.4930306842078023,2
PNG,Papua New Guinea,2005.0,1.5296454134078643,55
FLK,Falkland / Malvinas Islands,2005.0,0.7077183891446652,10574
SGS,South Georgia and the South Sandwich Islands,2005.0,0.5579319458792451,26547
URY,Uruguay,2005.0,3.466377996647567,665
GBR,United Kingdom,2005.0,0.9047385578302466,257
MYT,Mayotte,2005.0,0.14348688099272813,887
CRI,Costa Rica,2005.0,0.18004579623036046,273
PER,Peru,2005.0,0.7936109297915156,242
DOM,Dominican Republic,2005.0,0.12376428178347983,189
ECU,Ecuador,2005.0,0.3761246351403879,280
JAM,Jamaica,2005.0,0.10274621675750423,239
NOR,Norway,2005.0,2.8822145272485957,8
FRA,France,2005.0,0.5188193329000819,54
GIB,Gibraltar,2005.0,0.8779568872910596,13
HRV,Croatia,2005.0,0.6678957146807358,8
MYS,Malaysia,2005.0,1.3154976408384003,11
EGY,Egypt,2005.0,0.08127858608867844,138
,Matthew and Hunter Islands,2005.0,0.09360767007170305,2508
CAN,Canada,2005.0,1.4988086787110386,350
,Navassa Island,2005.0,0.0978987874657063,205
HND,Honduras,2005.0,0.11494288535733323,37
,Melilla,2005.0,0.4633377194404602,1
,Alhucemas Islands,2005.0,0.856478214263916,1
,Ceuta,2005.0,0.525991009629291,2
,Peñón de Vélez de la Gomera,2005.0,0.5749891400337219,1
,Chafarinas Islands,2005.0,0.6906195296181573,3
ESH,Western Sahara,2005.0,1.5289908971277495,3793
UMI,Wake Island / Enenkio,2005.0,0.043652071175399564,5210
,Kuril Islands,2005.0,0.8915249220993356,3646
NOR,Norway,2005.0,1.7461910006469898,190
UKR,Ukraine,2005.0,4.404376088394927,2412
USA,United States,2005.0,0.6845214043812573,268
ISL,Iceland,2005.0,0.5700140188527765,1568
STP,São Tomé and Principe,2005.0,0.158540314755345,471
,Halaib Triangle,2005.0,0.1688761306822365,289
,Liancourt Rocks,2005.0,0.7147387659189189,35
TWN,Taiwan,2005.0,0.25181637686426034,4727
PRI,Puerto Rico,2005.0,0.05487360706875534,286
SEN,Senegal,2005.0,1.237712273697517,831
VEN,Venezuela,2005.0,0.11842002588705515,36
,Ile Tromelin,2005.0,0.0820030524913629,3466
,Senkaku Islands,2005.0,0.237635981681647,1036
QAT,Qatar,2005.0,1.7183247034502498,7
GUY,Guyana,2005.0,0.19906042630971424,71
COL,Colombia,2005.0,0.11831009672426382,26
ALB,Albania,2006.0,0.34965034750621704,226
DZA,Algeria,2006.0,0.29881246138413153,2053
AGO,Angola,2006.0,1.5233176405636712,6155
ATG,Antigua and Barbuda,2006.0,0.07310627173872834,1490
AZE,Azerbaijan,2006.0,3.416468000609423,1327
ARG,Argentina,2006.0,1.38046243641141,18928
CXR,Christmas Island,2006.0,0.1709990230056012,4055
CCK,Cocos Islands,2006.0,0.10744613688167187,5760
HMD,Heard and McDonald Islands,2006.0,0.2487084830238643,8379
NFK,Norfolk Island,2006.0,0.1375726178147698,5935
AUS,Australia,2006.0,0.3137096268685551,93993
,Macquarie Island,2006.0,0.16358791405370246,9850
BHS,Bahamas,2006.0,0.25571083409925877,8250
BHR,Bahrain,2006.0,2.2662086717041845,134
BGD,Bangladesh,2006.0,1.3726666942379615,1366
BRB,Barbados,2006.0,0.14980659219484113,2342
BEL,Belgium,2006.0,4.009846338252211,85
,Trindade,2006.0,0.04663829231875636,6067
BRA,Brazil,2006.0,0.5543206307521482,39583
BLZ,Belize,2006.0,0.7719129753732294,470
SLB,Solomon Islands,2006.0,0.09844806151613499,19598
BRN,Brunei,2006.0,0.5050237319301405,583
BGR,Bulgaria,2006.0,1.4708909354360555,611
MMR,Myanmar,2006.0,0.7179381693103442,6156
KHM,Cambodia,2006.0,0.3956227716389797,635
CMR,Cameroon,2006.0,5.533240653375489,194
CAN,Canada,2006.0,1.1473184097177151,122663
CPV,Cape Verde,2006.0,0.21506459723247617,10025
LKA,Sri Lanka,2006.0,0.3105167529382041,6545
CHL,Chile,2006.0,0.6966319187856453,39318
CHL,Islas San Félix and San Ambrosio,2006.0,0.11896134749600802,6055
,Easter Island,2006.0,0.029113266525664577,9790
CHN,China,2006.0,2.0952903451358895,13024
CHN,China,2006.0,0.12768297845991683,4309
COL,Colombia,2006.0,0.4575575406267385,8877
,Serrana Bank,2006.0,0.13512351265753608,47
,Quitasueño Bank,2006.0,0.12828497529294744,66
,Serranilla Bank,2006.0,0.18282010984542066,32
,Bajo Nuevo Bank,2006.0,0.1260707750561324,28
COM,Comores,2006.0,0.13714195790121989,2100
COG,Republic of the Congo,2006.0,9.488699291126455,458
COD,Democratic Republic of the Congo,2006.0,6.770948844373069,207
CRI,Costa Rica,2006.0,0.2819915240797783,7131
HRV,Croatia,2006.0,0.26211772591839316,979
CUB,Cuba,2006.0,0.4964708827213009,4859
CYP,Cyprus,2006.0,0.10550093570155786,1509
BEN,Benin,2006.0,0.588676063083988,466
FRO,Faeroe,2006.0,0.6975431470962066,6923
DNK,Denmark,2006.0,4.822229783662843,2392
GRL,Greenland,2006.0,0.691604617029041,60962
DMA,Dominica,2006.0,0.1205501683942209,432
DOM,Dominican Republic,2006.0,0.10619933515496394,4594
,Galapagos,2006.0,0.25204494504476344,10154
ECU,Ecuador,2006.0,0.7746845013974932,2852
SLV,El Salvador,2006.0,0.5326373077007113,1208
GNQ,Equatorial Guinea,2006.0,0.5660516594728411,3767
ERI,Eritrea,2006.0,2.9651244833053974,1043
EST,Estonia,2006.0,12.335692013626415,954
FJI,Fiji,2006.0,0.08494809290756686,16435
FIN,Finland,2006.0,10.696677334950241,2010
PYF,French Polynesia,2006.0,0.054452181487556144,60121
ATF,Amsterdam and Saint Paul Islands,2006.0,0.18801558154104175,7809
ATF,Crozet Islands,2006.0,0.2545044740215198,9933
ATF,Kerguélen,2006.0,0.43882682218247915,9977
NCL,New Caledonia,2006.0,0.10504912795170429,15177
REU,Réunion,2006.0,0.09004498645132125,4143
ATF,Europa Island,2006.0,0.1360907159205934,1732
ATF,Juan de Nova Island,2006.0,0.14269327942517154,839
ATF,Bassas da India,2006.0,0.1380319273993726,1605
,Clipperton Island,2006.0,0.14725479066435906,5350
GLP,Guadeloupe,2006.0,0.08923552123660834,1226
BLM,Saint-Barthélemy,2006.0,0.10830326615272703,67
MAF,Collectivity of Saint Martin,2006.0,0.137455673200613,29
SPM,Saint-Pierre and Miquelon,2006.0,0.8452252141478328,267
MTQ,Martinique,2006.0,0.12853762853146325,671
GUF,French Guiana,2006.0,1.4529432411817718,1634
WLF,Wallis and Futuna,2006.0,0.046722386614391986,3146
FRA,France,2006.0,0.9014131575390899,6238
DJI,Djibouti,2006.0,0.9294537791632039,114
GAB,Gabon,2006.0,2.0720142808358095,2470
GEO,Georgia,2006.0,0.9879642694837764,411
GMB,Gambia,2006.0,4.323863219939066,310
DEU,Germany,2006.0,6.240047080542613,1279
GHA,Ghana,2006.0,0.35165908557009606,2789
KIR,Phoenix Group,2006.0,0.12696745360920106,8985
KIR,Line Group,2006.0,0.1260585948924419,19889
KIR,Gilbert Islands,2006.0,0.12276624161282691,12656
GRC,Greece,2006.0,0.17904052776571378,7481
GRD,Grenada,2006.0,0.5916913208430541,360
GTM,Guatemala,2006.0,0.5386723209153279,1417
GIN,Guinea,2006.0,1.6087225049209486,1288
GUY,Guyana,2006.0,1.2486000916879403,1671
HTI,Haiti,2006.0,0.10781017070535451,1415
HND,Honduras,2006.0,0.24176741814922165,2729
ISL,Iceland,2006.0,0.7338658476268056,21239
,Andaman and Nicobar,2006.0,0.16537982464389234,8168
IND,India,2006.0,0.6115102772529796,20634
IDN,Indonesia,2006.0,0.49862460455450264,73255
IRN,Iran,2006.0,2.673636150258209,3232
IRQ,Iraq,2006.0,4.062871148016013,29
IRL,Ireland,2006.0,0.7057926203353836,8447
ISR,Israel,2006.0,0.1296979689946405,418
ITA,Italy,2006.0,0.25886320717619254,8675
CIV,Ivory Coast,2006.0,0.5323086275718719,2105
JAM,Jamaica,2006.0,0.10423368831743146,3317
JPN,Japan,2006.0,0.2915896192587245,56531
KAZ,Kazakhstan,2006.0,3.8230718335212552,1901
JOR,Jordan,2006.0,0.16187348379538613,5
KEN,Kenya,2006.0,0.20298413177264765,1545
PRK,North Korea,2006.0,1.4871704851000527,1880
KOR,South Korea,2006.0,1.1877697876241304,5271
KWT,Kuwait,2006.0,2.7764103779094187,172
LBN,Lebanon,2006.0,0.12626689030500854,311
LVA,Latvia,2006.0,10.187981379795051,695
LBR,Liberia,2006.0,0.24872243483108067,3081
LBY,Libya,2006.0,0.11212560875921321,5168
LTU,Lithuania,2006.0,8.520805681948298,157
MDG,Madagascar,2006.0,0.2171898987478759,15617
MYS,Malaysia,2006.0,0.6388989916509328,6579
MDV,Maldives,2006.0,0.15701462015396056,11087
MLT,Malta,2006.0,0.11876317306265922,829
MRT,Mauritania,2006.0,4.236582005359979,2234
MUS,Republic of Mauritius,2006.0,0.10474850416628943,16069
,Chagos Archipelago,2006.0,0.12605220924548008,7834
MEX,Mexico,2006.0,0.3692338907398495,41261
MCO,Monaco,2006.0,0.3401562478202601,18
MNE,Montenegro,2006.0,0.3052475069477078,121
MAR,Morocco,2006.0,0.46860527806525754,4112
MOZ,Mozambique,2006.0,0.2899448963786045,7388
OMN,Oman,2006.0,2.0310395728204687,7197
NAM,Namibia,2006.0,1.73291224078275,7414
NRU,Nauru,2006.0,0.11797158668196467,3761
ABW,Aruba,2006.0,0.15968898904891252,418
BES,Bonaire,2006.0,0.1789121182698551,194
CUW,Curaçao,2006.0,0.16751059608567842,369
BES,Saba,2006.0,0.13682953316095017,144
BES,Sint-Eustatius,2006.0,0.12436967173705879,50
SXM,Sint-Maarten,2006.0,0.13921496447544454,11
NLD,Netherlands,2006.0,3.688341610437705,1349
VUT,Vanuatu,2006.0,0.09739750531706745,7952
COK,Cook Islands,2006.0,0.04278970784906118,24465
NIU,Niue,2006.0,0.05557767978867372,4088
TKL,Tokelau,2006.0,0.054475072753505105,3955
NZL,New Zealand,2006.0,0.3053867218491893,66973
NIC,Nicaragua,2006.0,0.42479939579379666,2811
NGA,Nigeria,2006.0,1.009247823546228,2167
SJM,Svalbard,2006.0,0.7019680742228391,40234
NOR,Norway,2006.0,1.1936171629316223,29411
SJM,Jan Mayen,2006.0,0.594093122465129,10727
FSM,Micronesia,2006.0,0.05785927343157327,36154
MHL,Marshall Islands,2006.0,0.04759096606153267,24338
PLW,Palau,2006.0,0.08246620159120605,7489
PAK,Pakistan,2006.0,2.96840885248354,2987
PAN,Panama,2006.0,0.6556303119930086,4126
PNG,Papua New Guinea,2006.0,0.18370893822945739,29160
PER,Peru,2006.0,1.4900597913545355,10576
PHL,Philippines,2006.0,0.16533885456571923,24504
POL,Poland,2006.0,7.5802759516927525,694
,Azores,2006.0,0.16186245529941906,14635
,Madeira,2006.0,0.12544515626530783,6514
PRT,Portugal,2006.0,0.3593860469741209,4854
GNB,Guinea-Bissau,2006.0,2.69286554372023,1346
,Oecusse,2006.0,0.3771589541428702,31
TLS,East Timor,2006.0,0.23457305131186723,1000
QAT,Qatar,2006.0,1.5044171518528464,471
ROU,Romania,2006.0,2.902088113398194,523
RUS,Russia,2006.0,2.181539000958738,217570
KNA,Saint Kitts and Nevis,2006.0,0.11474782353420274,150
LCA,Saint Lucia,2006.0,0.17027154727522298,233
VCT,Saint Vincent and the Grenadines,2006.0,0.261921432832241,497
STP,Sao Tome and Principe,2006.0,0.19749214237612964,1651
SAU,Saudi Arabia,2006.0,0.5906732151855606,3150
SEN,Senegal,2006.0,3.4002953913592973,2037
SYC,Seychelles,2006.0,0.14171803179387948,16212
SLE,Sierra Leone,2006.0,0.5605288153827617,1999
SGP,Singapore,2006.0,3.5178382297679254,15
VNM,Vietnam,2006.0,0.4312525636174996,9323
SVN,Slovenia,2006.0,0.7884799682758225,8
SOM,Federal Republic of Somalia,2006.0,0.4554283252834157,10091
ZAF,South Africa,2006.0,0.7435707326985955,15373
,Prince Edward Islands,2006.0,0.17678301966244922,8283
,Canary Islands,2006.0,0.13629346998408767,6203
ESP,Spain,2006.0,0.4385050640662697,9241
SDN,Sudan,2006.0,0.34569313973924654,859
SUR,Suriname,2006.0,1.017721051027256,1673
SWE,Sweden,2006.0,7.517912221983655,3733
SYR,Syria,2006.0,0.13268534831142986,178
THA,Thailand,2006.0,0.5640695373695698,3735
TGO,Togo,2006.0,0.35871899311614147,233
TON,Tonga,2006.0,0.0803627265915204,8579
TTO,Trinidad and Tobago,2006.0,1.5422193897905778,1013
ARE,United Arab Emirates,2006.0,1.7164548868326912,732
TUN,Tunisia,2006.0,0.8130022924503633,1598
TUR,Turkey,2006.0,0.8720361642667356,4493
TKM,Turkmenistan,2006.0,2.940131517953445,995
TUV,Tuvalu,2006.0,0.06138563589197732,9171
EGY,Egypt,2006.0,0.2451974150674219,3528
SHN,Ascension,2006.0,0.09366104056070355,5448
PCN,Pitcairn,2006.0,0.026454943748982374,11080
SHN,Saint Helena,2006.0,0.08584865128689642,5637
SHN,Tristan da Cunha,2006.0,0.2612844028624312,11599
AIA,Anguilla,2006.0,0.06835763518129155,1207
VGB,British Virgin Islands,2006.0,0.06924574670667245,1099
CYM,Cayman Islands,2006.0,0.07918715157172491,1554
MSR,Montserrat,2006.0,0.11404625372011515,115
TCA,Turks and Caicos Islands,2006.0,0.08116032390121238,1238
GGY,Guernsey,2006.0,1.0629183980763632,88
JEY,Jersey,2006.0,1.3731289270924476,57
GBR,United Kingdom,2006.0,1.2381718957221994,16124
BMU,Bermuda,2006.0,0.10583220696073266,6607
IMN,Isle of Man,2006.0,2.5185592637678553,105
TZA,Tanzania,2006.0,0.1719121729685828,2965
ASM,American Samoa,2006.0,0.036317547674710376,5102
UMI,Palmyra Atoll,2006.0,0.1068070120836169,4332
PRI,Puerto Rico,2006.0,0.11903259036677473,2038
VIR,United States Virgin Islands,2006.0,0.12665290520850367,542
UMI,Johnston Atoll,2006.0,0.05129239051458751,5574
GUM,Guam,2006.0,0.039904224017168206,2640
MNP,Northern Mariana Islands,2006.0,0.05023282628318511,9663
UMI,Jarvis Island,2006.0,0.17063033188349014,3927
UMI,Howland and Baker Islands,2006.0,0.1390335583162951,5261
,Hawaii,2006.0,0.07079699260449702,32407
,Alaska,2006.0,1.387251921426515,78156
USA,United States,2006.0,1.064247908584282,36042
URY,Uruguay,2006.0,2.4829168890109123,2169
VEN,Venezuela,2006.0,1.341315811284324,5985
WSM,Samoa,2006.0,0.049896559560678164,1684
YEM,Yemen,2006.0,0.6224536307353484,6645
,Glorioso Islands,2006.0,0.14904205607817492,572
BLZ,Belize,2006.0,0.501753864604195,28
KOR,South Korea,2006.0,0.35432087571388876,1219
PSE,Palestine,2006.0,0.3982958043447679,28
BRB,Barbados,2006.0,0.23856214481621543,5
IRQ,Iraq,2006.0,4.826520660649176,3
,"Abu musa, Greater and Lesser Tunb",2006.0,2.339529273929719,101
FRO,Faeroe,2006.0,0.9927590435527026,67
,Doumeira Islands,2006.0,1.87991288615935,8
FRA,France,2006.0,0.25433675449953147,2
PNG,Papua New Guinea,2006.0,1.6286724157561314,55
FLK,Falkland / Malvinas Islands,2006.0,0.8838027918509912,10575
SGS,South Georgia and the South Sandwich Islands,2006.0,0.4486010912244317,26291
URY,Uruguay,2006.0,2.9733961374978706,665
GBR,United Kingdom,2006.0,0.6618007487274,257
MYT,Mayotte,2006.0,0.14476318528243673,887
CRI,Costa Rica,2006.0,0.1938072148902932,273
PER,Peru,2006.0,1.0036772470350697,242
DOM,Dominican Republic,2006.0,0.12294773476023176,189
ECU,Ecuador,2006.0,0.4606334574429729,280
JAM,Jamaica,2006.0,0.09928791972349985,239
NOR,Norway,2006.0,3.5101633785674293,8
FRA,France,2006.0,0.46645917021108746,54
GIB,Gibraltar,2006.0,1.0760462179216732,13
HRV,Croatia,2006.0,0.5574343900124614,8
MYS,Malaysia,2006.0,1.1233488097525481,11
EGY,Egypt,2006.0,0.07891564468836336,138
,Matthew and Hunter Islands,2006.0,0.10772782674936336,2508
CAN,Canada,2006.0,2.520007225453907,422
,Navassa Island,2006.0,0.0831347456025084,205
HND,Honduras,2006.0,0.09827871742442293,37
,Melilla,2006.0,0.39644578099250793,1
,Alhucemas Islands,2006.0,0.961622953414917,1
,Ceuta,2006.0,0.5102826019992,2
,Peñón de Vélez de la Gomera,2006.0,0.8580856919288635,1
,Chafarinas Islands,2006.0,0.47872561911741895,3
ESH,Western Sahara,2006.0,1.3502588549554562,3795
UMI,Wake Island / Enenkio,2006.0,0.047390967777921726,5210
,Kuril Islands,2006.0,0.9118716805952505,3645
NOR,Norway,2006.0,1.9889942285616953,190
UKR,Ukraine,2006.0,4.0954320237072315,2391
USA,United States,2006.0,0.8198007671782899,223
ISL,Iceland,2006.0,0.5307631294460834,1568
STP,São Tomé and Principe,2006.0,0.16129116043230485,471
,Halaib Triangle,2006.0,0.17536210302210348,289
,Liancourt Rocks,2006.0,0.5489284623173558,35
TWN,Taiwan,2006.0,0.2577921602946134,4728
PRI,Puerto Rico,2006.0,0.06015048076167875,286
SEN,Senegal,2006.0,2.350261573931566,831
VEN,Venezuela,2006.0,0.1446384302301081,36
,Ile Tromelin,2006.0,0.09994771471549534,3466
,Senkaku Islands,2006.0,0.2153445443834503,1036
QAT,Qatar,2006.0,1.7097985653003842,7
GUY,Guyana,2006.0,0.23292609616651003,71
COL,Colombia,2006.0,0.13284350731212938,26
ALB,Albania,2007.0,0.32803737167810715,226
DZA,Algeria,2007.0,0.3229728314370873,2051
AGO,Angola,2007.0,1.0953035984586086,6144
ATG,Antigua and Barbuda,2007.0,0.08188297918877054,1490
AZE,Azerbaijan,2007.0,2.728604652575873,1329
ARG,Argentina,2007.0,1.4754360367056358,18931
CXR,Christmas Island,2007.0,0.14312576559642703,4055
CCK,Cocos Islands,2007.0,0.10836009320117473,5760
HMD,Heard and McDonald Islands,2007.0,0.20183889599225555,8379
NFK,Norfolk Island,2007.0,0.1372775691193667,5935
AUS,Australia,2007.0,0.30902726765340216,94001
,Macquarie Island,2007.0,0.16846572473213442,9850
BHS,Bahamas,2007.0,0.262535274473582,8253
BHR,Bahrain,2007.0,2.40756096953799,132
BGD,Bangladesh,2007.0,1.7915774240297861,1370
BRB,Barbados,2007.0,0.20541339151189814,2342
BEL,Belgium,2007.0,7.506696034715409,85
,Trindade,2007.0,0.04782311417849499,6067
BRA,Brazil,2007.0,0.5725833458351276,39548
BLZ,Belize,2007.0,0.8156217402474844,467
SLB,Solomon Islands,2007.0,0.09231548916560088,19602
BRN,Brunei,2007.0,0.5524159078899862,583
BGR,Bulgaria,2007.0,0.9711614687022034,609
MMR,Myanmar,2007.0,0.9130653154105488,6171
KHM,Cambodia,2007.0,0.45297114599762994,633
CMR,Cameroon,2007.0,5.55918466688921,194
CAN,Canada,2007.0,0.9586454049435227,132220
CPV,Cape Verde,2007.0,0.2506180117945308,10025
LKA,Sri Lanka,2007.0,0.27064904839942594,6544
CHL,Chile,2007.0,0.6275918355755657,39310
CHL,Islas San Félix and San Ambrosio,2007.0,0.1196589536676579,6055
,Easter Island,2007.0,0.03445931780832499,9790
CHN,China,2007.0,1.9273702089896867,12977
CHN,China,2007.0,0.11670567003954396,4309
COL,Colombia,2007.0,0.4281296039895589,8879
,Serrana Bank,2007.0,0.13544805527217013,47
,Quitasueño Bank,2007.0,0.1394184150957709,66
,Serranilla Bank,2007.0,0.20023813629925152,32
,Bajo Nuevo Bank,2007.0,0.12953315539681232,28
COM,Comores,2007.0,0.1262174703713349,2100
COG,Republic of the Congo,2007.0,6.087993490964598,455
COD,Democratic Republic of the Congo,2007.0,4.894820948614899,204
CRI,Costa Rica,2007.0,0.24691253797744397,7126
HRV,Croatia,2007.0,0.25802334170944163,974
CUB,Cuba,2007.0,0.5316308485957064,4853
CYP,Cyprus,2007.0,0.11010626590902353,1509
BEN,Benin,2007.0,0.461483609190445,467
FRO,Faeroe,2007.0,0.5746051606305153,6921
DNK,Denmark,2007.0,6.267987421484991,2402
GRL,Greenland,2007.0,0.7577142148406406,59185
DMA,Dominica,2007.0,0.13857831832563902,432
DOM,Dominican Republic,2007.0,0.12768884567604555,4595
,Galapagos,2007.0,0.2696984684298238,10153
ECU,Ecuador,2007.0,0.5993463698799751,2852
SLV,El Salvador,2007.0,0.500036617368716,1207
GNQ,Equatorial Guinea,2007.0,0.5296929125923552,3768
ERI,Eritrea,2007.0,2.8482760860396303,1043
EST,Estonia,2007.0,12.582643818913464,955
FJI,Fiji,2007.0,0.08656751539440603,16434
FIN,Finland,2007.0,10.04537598470052,2024
PYF,French Polynesia,2007.0,0.053428224976298476,60121
ATF,Amsterdam and Saint Paul Islands,2007.0,0.20022063632715048,7809
ATF,Crozet Islands,2007.0,0.2912690262844351,9933
ATF,Kerguélen,2007.0,0.33197986466340884,9980
NCL,New Caledonia,2007.0,0.10432425608663286,15178
REU,Réunion,2007.0,0.08398503008572726,4143
ATF,Europa Island,2007.0,0.15224609568959346,1732
ATF,Juan de Nova Island,2007.0,0.13756275986179511,839
ATF,Bassas da India,2007.0,0.1401521191704066,1605
,Clipperton Island,2007.0,0.12630152768819478,5350
GLP,Guadeloupe,2007.0,0.10270262278105664,1226
BLM,Saint-Barthélemy,2007.0,0.11070545191882049,67
MAF,Collectivity of Saint Martin,2007.0,0.14161822617623132,29
SPM,Saint-Pierre and Miquelon,2007.0,0.5481408463701845,268
MTQ,Martinique,2007.0,0.14141740113553222,671
GUF,French Guiana,2007.0,1.436787520058527,1640
WLF,Wallis and Futuna,2007.0,0.04228551336125746,3146
FRA,France,2007.0,1.02416077232924,6246
DJI,Djibouti,2007.0,0.9301571229985398,112
GAB,Gabon,2007.0,1.3183738039126456,2467
GEO,Georgia,2007.0,1.1030645514959754,413
GMB,Gambia,2007.0,3.660180350074788,308
DEU,Germany,2007.0,7.009310126903848,1276
GHA,Ghana,2007.0,0.3272949990901536,2789
KIR,Phoenix Group,2007.0,0.14001245017194175,8985
KIR,Line Group,2007.0,0.13541431181404254,19889
KIR,Gilbert Islands,2007.0,0.15925999362248913,12655
GRC,Greece,2007.0,0.1596954750081833,7480
GRD,Grenada,2007.0,0.4956575445409221,360
GTM,Guatemala,2007.0,0.5832648968054392,1418
GIN,Guinea,2007.0,0.9891668682786667,1289
GUY,Guyana,2007.0,1.2809253204150854,1669
HTI,Haiti,2007.0,0.1168086717885592,1417
HND,Honduras,2007.0,0.23840267577926025,2729
ISL,Iceland,2007.0,0.8495641730454068,21233
,Andaman and Nicobar,2007.0,0.168335868762551,8168
IND,India,2007.0,0.625397083633134,20631
IDN,Indonesia,2007.0,0.4586251751456173,73215
IRN,Iran,2007.0,1.8591564805869785,3231
IRQ,Iraq,2007.0,3.7316088585942944,31
IRL,Ireland,2007.0,0.7749795091260304,8459
ISR,Israel,2007.0,0.12673801976377738,418
ITA,Italy,2007.0,0.24449312796344097,8673
CIV,Ivory Coast,2007.0,0.7875758562156295,2103
JAM,Jamaica,2007.0,0.11183489983109447,3317
JPN,Japan,2007.0,0.23661676671644627,56541
KAZ,Kazakhstan,2007.0,4.295939642805071,1900
JOR,Jordan,2007.0,0.3573697433104882,5
KEN,Kenya,2007.0,0.23018653668143482,1544
PRK,North Korea,2007.0,1.5434863975123014,1881
KOR,South Korea,2007.0,1.351217275892436,5271
KWT,Kuwait,2007.0,2.1666504709028898,174
LBN,Lebanon,2007.0,0.1349389261370883,310
LVA,Latvia,2007.0,10.67355327983696,695
LBR,Liberia,2007.0,0.2948755420216637,3082
LBY,Libya,2007.0,0.11245212623243603,5169
LTU,Lithuania,2007.0,9.034232888426388,159
MDG,Madagascar,2007.0,0.2220892322726176,15618
MYS,Malaysia,2007.0,0.7588555035221557,6581
MDV,Maldives,2007.0,0.15050940640186822,11087
MLT,Malta,2007.0,0.12363006763353337,829
MRT,Mauritania,2007.0,4.927576555257144,2232
MUS,Republic of Mauritius,2007.0,0.08126030259618881,16069
,Chagos Archipelago,2007.0,0.10201570541949023,7834
MEX,Mexico,2007.0,0.39327048770523265,41257
MCO,Monaco,2007.0,0.3136619462189821,18
MNE,Montenegro,2007.0,0.25878993357115915,120
MAR,Morocco,2007.0,0.5631203161156763,4110
MOZ,Mozambique,2007.0,0.28770194948283556,7394
OMN,Oman,2007.0,1.028088900340027,7196
NAM,Namibia,2007.0,2.075785898172037,7413
NRU,Nauru,2007.0,0.13524162959074224,3761
ABW,Aruba,2007.0,0.16416799313928787,418
BES,Bonaire,2007.0,0.173528833262204,194
CUW,Curaçao,2007.0,0.16371623111523798,368
BES,Saba,2007.0,0.1314655373608143,144
BES,Sint-Eustatius,2007.0,0.12063190098406021,50
SXM,Sint-Maarten,2007.0,0.14224878263249738,11
NLD,Netherlands,2007.0,5.076599287359359,1349
VUT,Vanuatu,2007.0,0.09171053237647314,7951
COK,Cook Islands,2007.0,0.04830124825555372,24465
NIU,Niue,2007.0,0.04381843895527351,4088
TKL,Tokelau,2007.0,0.06791105378712933,3955
NZL,New Zealand,2007.0,0.3150043934904131,66977
NIC,Nicaragua,2007.0,0.4123698978708668,2816
NGA,Nigeria,2007.0,0.9558882408466175,2177
SJM,Svalbard,2007.0,0.5282621192906394,36204
NOR,Norway,2007.0,0.8465075708827207,29402
SJM,Jan Mayen,2007.0,1.266238790036994,10727
FSM,Micronesia,2007.0,0.055220350953177705,36154
MHL,Marshall Islands,2007.0,0.04881176678754361,24338
PLW,Palau,2007.0,0.08279271777966707,7489
PAK,Pakistan,2007.0,1.824706154755433,2987
PAN,Panama,2007.0,0.43665956218823165,4125
PNG,Papua New Guinea,2007.0,0.1688773012984796,29158
PER,Peru,2007.0,1.3883994287346122,10586
PHL,Philippines,2007.0,0.15833221548714754,24515
POL,Poland,2007.0,7.846392715897809,700
,Azores,2007.0,0.16273125565191907,14634
,Madeira,2007.0,0.1095662037198051,6513
PRT,Portugal,2007.0,0.3538713354878581,4853
GNB,Guinea-Bissau,2007.0,1.9766809892420782,1343
,Oecusse,2007.0,0.3513603373547319,31
TLS,East Timor,2007.0,0.23985178804533178,1001
QAT,Qatar,2007.0,1.5009948459643525,469
ROU,Romania,2007.0,2.237723842248623,524
RUS,Russia,2007.0,2.071763834130674,227547
KNA,Saint Kitts and Nevis,2007.0,0.11312095999580131,150
LCA,Saint Lucia,2007.0,0.19599629196826876,233
VCT,Saint Vincent and the Grenadines,2007.0,0.2800620618485566,497
STP,Sao Tome and Principe,2007.0,0.22585236571093895,1655
SAU,Saudi Arabia,2007.0,0.5830223565286761,3144
SEN,Senegal,2007.0,3.03671914907409,2037
SYC,Seychelles,2007.0,0.1292930106167311,16212
SLE,Sierra Leone,2007.0,0.6074741957178845,1999
SGP,Singapore,2007.0,2.3325320093073434,14
VNM,Vietnam,2007.0,0.4342463792084902,9325
SVN,Slovenia,2007.0,1.1524916248608714,8
SOM,Federal Republic of Somalia,2007.0,0.390265355632495,10096
ZAF,South Africa,2007.0,0.6903065244591323,15368
,Prince Edward Islands,2007.0,0.1827569862050602,8283
,Canary Islands,2007.0,0.13376068878470257,6204
ESP,Spain,2007.0,0.4102216339767189,9239
SDN,Sudan,2007.0,0.3565680620048135,858
SUR,Suriname,2007.0,0.9968189457897401,1665
SWE,Sweden,2007.0,8.516987284915412,3754
SYR,Syria,2007.0,0.14807013257353688,178
THA,Thailand,2007.0,0.6797613343634379,3737
TGO,Togo,2007.0,0.30969378380307944,233
TON,Tonga,2007.0,0.08121175033028458,8579
TTO,Trinidad and Tobago,2007.0,1.5832769878635249,1012
ARE,United Arab Emirates,2007.0,1.6539123362642576,731
TUN,Tunisia,2007.0,0.7388599248653379,1597
TUR,Turkey,2007.0,0.691403227412587,4501
TKM,Turkmenistan,2007.0,1.9403129894239532,997
TUV,Tuvalu,2007.0,0.06686791545962137,9171
EGY,Egypt,2007.0,0.2695993530619677,3528
SHN,Ascension,2007.0,0.1029659173160665,5448
PCN,Pitcairn,2007.0,0.025483251661698257,11080
SHN,Saint Helena,2007.0,0.08774888705838213,5637
SHN,Tristan da Cunha,2007.0,0.28860032798419866,11599
AIA,Anguilla,2007.0,0.07043230467456574,1207
VGB,British Virgin Islands,2007.0,0.06790550100080774,1099
CYM,Cayman Islands,2007.0,0.08847750626294734,1554
MSR,Montserrat,2007.0,0.11975869370691004,115
TCA,Turks and Caicos Islands,2007.0,0.08461245011338311,1234
GGY,Guernsey,2007.0,1.1153578339585113,89
JEY,Jersey,2007.0,1.5369110385702243,57
GBR,United Kingdom,2007.0,1.338876433273019,16137
BMU,Bermuda,2007.0,0.09743664804206145,6607
IMN,Isle of Man,2007.0,2.7921826471744624,107
TZA,Tanzania,2007.0,0.18108067643843825,2963
ASM,American Samoa,2007.0,0.037803093154767514,5102
UMI,Palmyra Atoll,2007.0,0.12181467243542621,4332
PRI,Puerto Rico,2007.0,0.1179853122141195,2038
VIR,United States Virgin Islands,2007.0,0.12206961243333606,542
UMI,Johnston Atoll,2007.0,0.0479597222784746,5574
GUM,Guam,2007.0,0.03873945730628482,2640
MNP,Northern Mariana Islands,2007.0,0.04579590924306733,9663
UMI,Jarvis Island,2007.0,0.17765652979916044,3927
UMI,Howland and Baker Islands,2007.0,0.17870034972749774,5261
,Hawaii,2007.0,0.07061786129905238,32407
,Alaska,2007.0,1.088989182523219,84754
USA,United States,2007.0,1.0224347987107263,36035
URY,Uruguay,2007.0,2.3941854690254822,2172
VEN,Venezuela,2007.0,1.3522394822742532,5989
WSM,Samoa,2007.0,0.04647338306966232,1684
YEM,Yemen,2007.0,0.4817531625512169,6644
,Glorioso Islands,2007.0,0.13203226976126048,572
BLZ,Belize,2007.0,0.3907767349825201,28
KOR,South Korea,2007.0,0.35671227957669394,1219
PSE,Palestine,2007.0,0.43137092917640324,28
BRB,Barbados,2007.0,0.25168648839290503,5
IRQ,Iraq,2007.0,4.867897686750992,3
,"Abu musa, Greater and Lesser Tunb",2007.0,2.480388450021601,101
FRO,Faeroe,2007.0,0.7303978298983013,67
,Doumeira Islands,2007.0,1.7490044303298313,8
FRA,France,2007.0,0.21532189912760435,2
PNG,Papua New Guinea,2007.0,1.382328074875289,54
FLK,Falkland / Malvinas Islands,2007.0,0.9526136604812362,10572
SGS,South Georgia and the South Sandwich Islands,2007.0,0.31600680976240114,26528
URY,Uruguay,2007.0,3.5505467279685456,665
GBR,United Kingdom,2007.0,0.47555537567761913,257
MYT,Mayotte,2007.0,0.13866812381735244,887
CRI,Costa Rica,2007.0,0.1621271836637699,273
PER,Peru,2007.0,0.615310683521137,242
DOM,Dominican Republic,2007.0,0.12217991335492627,189
ECU,Ecuador,2007.0,0.3462318994113611,280
JAM,Jamaica,2007.0,0.10781260655388238,239
NOR,Norway,2007.0,4.982426202075081,8
FRA,France,2007.0,0.4818151856713389,54
GIB,Gibraltar,2007.0,1.0732551944624518,13
HRV,Croatia,2007.0,0.5961803765967488,8
MYS,Malaysia,2007.0,1.4519751186259309,11
EGY,Egypt,2007.0,0.09136279768625247,138
,Matthew and Hunter Islands,2007.0,0.09422538293753187,2508
CAN,Canada,2007.0,0.6548879568427654,1006
,Navassa Island,2007.0,0.0959040599401399,205
HND,Honduras,2007.0,0.10430980461945034,37
,Melilla,2007.0,0.4811265170574188,1
,Alhucemas Islands,2007.0,0.9415238499641418,1
,Ceuta,2007.0,0.6070762639460356,2
,Peñón de Vélez de la Gomera,2007.0,0.6071541905403137,1
,Chafarinas Islands,2007.0,0.7482525057262845,3
ESH,Western Sahara,2007.0,1.7523452055994164,3794
UMI,Wake Island / Enenkio,2007.0,0.042612939523883904,5210
,Kuril Islands,2007.0,0.7708184641831098,3645
NOR,Norway,2007.0,0.72169932058709,190
UKR,Ukraine,2007.0,4.68006976808045,2393
USA,United States,2007.0,1.298877978317538,268
ISL,Iceland,2007.0,0.4165691074044851,1568
STP,São Tomé and Principe,2007.0,0.1775942417915227,471
,Halaib Triangle,2007.0,0.18116922931627968,289
,Liancourt Rocks,2007.0,0.7268020709355671,35
TWN,Taiwan,2007.0,0.23899926340750888,4726
PRI,Puerto Rico,2007.0,0.059394084863709715,286
SEN,Senegal,2007.0,1.3106034113236091,831
VEN,Venezuela,2007.0,0.1377663711203477,36
,Ile Tromelin,2007.0,0.08190911084994867,3466
,Senkaku Islands,2007.0,0.20662732953256935,1036
QAT,Qatar,2007.0,1.6296281752609967,7
GUY,Guyana,2007.0,0.28285889342414944,71
COL,Colombia,2007.0,0.1274272737799177,26
ALB,Albania,2008.0,0.2952482691748474,225
DZA,Algeria,2008.0,0.2889621514091601,2055
AGO,Angola,2008.0,1.323605695362081,6152
ATG,Antigua and Barbuda,2008.0,0.06583335678464143,1490
AZE,Azerbaijan,2008.0,2.6580355173605774,1327
ARG,Argentina,2008.0,1.5768528061435583,18924
CXR,Christmas Island,2008.0,0.15653940026116003,4055
CCK,Cocos Islands,2008.0,0.10746125965092328,5760
HMD,Heard and McDonald Islands,2008.0,0.21373942176705094,8379
NFK,Norfolk Island,2008.0,0.14644101614777594,5935
AUS,Australia,2008.0,0.3047267869086412,94003
,Macquarie Island,2008.0,0.17096256089654824,9850
BHS,Bahamas,2008.0,0.24616452180882178,8256
BHR,Bahrain,2008.0,2.2161947197364738,132
BGD,Bangladesh,2008.0,1.3938456082690909,1378
BRB,Barbados,2008.0,0.126946514442955,2341
BEL,Belgium,2008.0,6.811507189316872,86
,Trindade,2008.0,0.05089504089320711,6067
BRA,Brazil,2008.0,0.5339407908102389,39612
BLZ,Belize,2008.0,0.7721251621567428,464
SLB,Solomon Islands,2008.0,0.08908989318085539,19599
BRN,Brunei,2008.0,0.4557559161885413,583
BGR,Bulgaria,2008.0,0.920417833752598,610
MMR,Myanmar,2008.0,0.7400200489950077,6162
KHM,Cambodia,2008.0,0.44219994353288244,634
CMR,Cameroon,2008.0,5.456788612484751,195
CAN,Canada,2008.0,1.0175124639316129,129564
CPV,Cape Verde,2008.0,0.2707223630559498,10024
LKA,Sri Lanka,2008.0,0.2978725788913187,6541
CHL,Chile,2008.0,0.6689185862664017,39298
CHL,Islas San Félix and San Ambrosio,2008.0,0.11760117953015906,6055
,Easter Island,2008.0,0.027221604155152512,9790
CHN,China,2008.0,1.9560126679577154,13002
CHN,China,2008.0,0.11364936783924663,4309
COL,Colombia,2008.0,0.39889757656703406,8884
,Serrana Bank,2008.0,0.12461746213422814,47
,Quitasueño Bank,2008.0,0.1330027231061573,66
,Serranilla Bank,2008.0,0.18250184494575045,32
,Bajo Nuevo Bank,2008.0,0.13187256268269038,28
COM,Comores,2008.0,0.12669802437598027,2100
COG,Republic of the Congo,2008.0,4.453250549418121,457
COD,Democratic Republic of the Congo,2008.0,4.080384422262946,205
CRI,Costa Rica,2008.0,0.278054970709215,7129
HRV,Croatia,2008.0,0.25024861190520337,973
CUB,Cuba,2008.0,0.47168498415014437,4847
CYP,Cyprus,2008.0,0.10450641488487854,1509
BEN,Benin,2008.0,0.6214631180456753,468
FRO,Faeroe,2008.0,0.8412343156692048,6923
DNK,Denmark,2008.0,6.186755569274504,2395
GRL,Greenland,2008.0,0.6487970169162787,64364
DMA,Dominica,2008.0,0.10027449341583061,432
DOM,Dominican Republic,2008.0,0.11035365814379959,4594
,Galapagos,2008.0,0.2187122885242817,10153
ECU,Ecuador,2008.0,0.548271431132268,2857
SLV,El Salvador,2008.0,0.5409942875651258,1207
GNQ,Equatorial Guinea,2008.0,0.37513255213804597,3765
ERI,Eritrea,2008.0,2.8035028993913156,1048
EST,Estonia,2008.0,13.370325326886315,952
FJI,Fiji,2008.0,0.07982657653452101,16438
FIN,Finland,2008.0,9.716691730350549,2016
PYF,French Polynesia,2008.0,0.05973835981451764,60120
ATF,Amsterdam and Saint Paul Islands,2008.0,0.21852976010284927,7809
ATF,Crozet Islands,2008.0,0.19873396492506362,9933
ATF,Kerguélen,2008.0,0.2796125254004151,9981
NCL,New Caledonia,2008.0,0.10368275279683233,15177
REU,Réunion,2008.0,0.08601193746932803,4141
ATF,Europa Island,2008.0,0.14413049166286643,1732
ATF,Juan de Nova Island,2008.0,0.1465210795955686,839
ATF,Bassas da India,2008.0,0.13849869523646882,1605
,Clipperton Island,2008.0,0.15796676963866815,5350
GLP,Guadeloupe,2008.0,0.07914777839564575,1226
BLM,Saint-Barthélemy,2008.0,0.10812990768514733,67
MAF,Collectivity of Saint Martin,2008.0,0.13905246226392964,29
SPM,Saint-Pierre and Miquelon,2008.0,0.6550768324684411,267
MTQ,Martinique,2008.0,0.11279996732907975,671
GUF,French Guiana,2008.0,1.307812623705707,1641
WLF,Wallis and Futuna,2008.0,0.045638351989901425,3146
FRA,France,2008.0,1.0100747041406286,6241
DJI,Djibouti,2008.0,0.49216786020225045,114
GAB,Gabon,2008.0,1.6567802149315616,2471
GEO,Georgia,2008.0,1.445023633907708,411
GMB,Gambia,2008.0,2.8771057050511586,310
DEU,Germany,2008.0,7.099831680111697,1270
GHA,Ghana,2008.0,0.5002299919128239,2787
KIR,Phoenix Group,2008.0,0.13829414127189643,8985
KIR,Line Group,2008.0,0.13077761022879697,19889
KIR,Gilbert Islands,2008.0,0.15870191024026448,12655
GRC,Greece,2008.0,0.15707962165160433,7482
GRD,Grenada,2008.0,0.36795344691800047,360
GTM,Guatemala,2008.0,0.5667188051996417,1418
GIN,Guinea,2008.0,1.080968553825845,1282
GUY,Guyana,2008.0,1.4503608501767895,1675
HTI,Haiti,2008.0,0.1079989085025061,1418
HND,Honduras,2008.0,0.2418183530772535,2729
ISL,Iceland,2008.0,0.9501537406744893,21232
,Andaman and Nicobar,2008.0,0.16015972795916564,8167
IND,India,2008.0,0.7001132998574527,20630
IDN,Indonesia,2008.0,0.4348828449483554,73231
IRN,Iran,2008.0,3.0519716106293737,3227
IRQ,Iraq,2008.0,3.1699608280503506,29
IRL,Ireland,2008.0,0.8178241790299707,8449
ISR,Israel,2008.0,0.12263248787038089,418
ITA,Italy,2008.0,0.2673609455596822,8672
CIV,Ivory Coast,2008.0,1.283377954440234,2104
JAM,Jamaica,2008.0,0.10590907457513014,3318
JPN,Japan,2008.0,0.25429459406219873,56531
KAZ,Kazakhstan,2008.0,3.78106501780389,1908
JOR,Jordan,2008.0,0.19945387340508974,5
KEN,Kenya,2008.0,0.1893500460598317,1545
PRK,North Korea,2008.0,1.4186760756189154,1878
KOR,South Korea,2008.0,1.1366622911000792,5260
KWT,Kuwait,2008.0,2.1658260953529527,176
LBN,Lebanon,2008.0,0.1254385572444653,310
LVA,Latvia,2008.0,13.398628864705168,695
LBR,Liberia,2008.0,0.29488693008987094,3082
LBY,Libya,2008.0,0.10839410802186811,5164
LTU,Lithuania,2008.0,15.88229947184149,159
MDG,Madagascar,2008.0,0.20727635323838514,15612
MYS,Malaysia,2008.0,0.7234910568745009,6566
MDV,Maldives,2008.0,0.13913247439020443,11087
MLT,Malta,2008.0,0.11933901604302039,829
MRT,Mauritania,2008.0,4.252746948870363,2231
MUS,Republic of Mauritius,2008.0,0.08354852845520111,16069
,Chagos Archipelago,2008.0,0.10615167775879049,7834
MEX,Mexico,2008.0,0.4468363779420023,41265
MCO,Monaco,2008.0,0.43646314648638007,18
MNE,Montenegro,2008.0,0.24773070038939085,120
MAR,Morocco,2008.0,0.5245258696708779,4112
MOZ,Mozambique,2008.0,0.27035575714581117,7395
OMN,Oman,2008.0,1.952098161527322,7197
NAM,Namibia,2008.0,2.0243953502952157,7414
NRU,Nauru,2008.0,0.16073679751493608,3761
ABW,Aruba,2008.0,0.1591746132586471,418
BES,Bonaire,2008.0,0.1665043214309424,195
CUW,Curaçao,2008.0,0.1601078994012658,368
BES,Saba,2008.0,0.12805399138305326,144
BES,Sint-Eustatius,2008.0,0.11596218851199495,50
SXM,Sint-Maarten,2008.0,0.14029818175188918,11
NLD,Netherlands,2008.0,4.690274339871789,1350
VUT,Vanuatu,2008.0,0.07940542572253254,7950
COK,Cook Islands,2008.0,0.0537277247822557,24465
NIU,Niue,2008.0,0.04549115266793859,4088
TKL,Tokelau,2008.0,0.07986953249624462,3955
NZL,New Zealand,2008.0,0.31724175518780184,66974
NIC,Nicaragua,2008.0,0.43730451618770444,2818
NGA,Nigeria,2008.0,0.8188058612483655,2167
SJM,Svalbard,2008.0,0.7101787726170685,30202
NOR,Norway,2008.0,0.8817973224915034,29432
SJM,Jan Mayen,2008.0,0.9385022189460173,10726
FSM,Micronesia,2008.0,0.06163108546818355,36154
MHL,Marshall Islands,2008.0,0.05749232115476291,24338
PLW,Palau,2008.0,0.07617297353565801,7490
PAK,Pakistan,2008.0,2.4639331539228357,2988
PAN,Panama,2008.0,0.44155809500309295,4126
PNG,Papua New Guinea,2008.0,0.1911528481590516,29156
PER,Peru,2008.0,1.1649943162200929,10590
PHL,Philippines,2008.0,0.1564345452304463,24512
POL,Poland,2008.0,10.991204639451366,694
,Azores,2008.0,0.1560671869110376,14635
,Madeira,2008.0,0.10560786573915637,6514
PRT,Portugal,2008.0,0.33600790974742045,4851
GNB,Guinea-Bissau,2008.0,2.0630999943990918,1342
,Oecusse,2008.0,0.2861416403066531,31
TLS,East Timor,2008.0,0.24897218821704772,1001
QAT,Qatar,2008.0,2.1370256164339008,470
ROU,Romania,2008.0,2.3516846419593933,523
RUS,Russia,2008.0,2.408574812073113,216911
KNA,Saint Kitts and Nevis,2008.0,0.10356631077533823,150
LCA,Saint Lucia,2008.0,0.15866897133204796,233
VCT,Saint Vincent and the Grenadines,2008.0,0.21787467348244888,497
STP,Sao Tome and Principe,2008.0,0.19817443894258463,1653
SAU,Saudi Arabia,2008.0,0.5858523084391916,3154
SEN,Senegal,2008.0,2.509441655096409,2037
SYC,Seychelles,2008.0,0.13256305863689358,16212
SLE,Sierra Leone,2008.0,0.591033855722328,1992
SGP,Singapore,2008.0,2.725379220313496,16
VNM,Vietnam,2008.0,0.4560367103378916,9327
SVN,Slovenia,2008.0,0.8777756940017233,8
SOM,Federal Republic of Somalia,2008.0,0.35012963438118394,10098
ZAF,South Africa,2008.0,0.6638251258540723,15372
,Prince Edward Islands,2008.0,0.1576114125865705,8283
,Canary Islands,2008.0,0.13107085126210066,6203
ESP,Spain,2008.0,0.3697440087660119,9242
SDN,Sudan,2008.0,0.30456000361872654,859
SUR,Suriname,2008.0,0.9582103253613472,1673
SWE,Sweden,2008.0,9.27067284141143,3746
SYR,Syria,2008.0,0.13706708468221393,178
THA,Thailand,2008.0,0.6370235787684212,3744
TGO,Togo,2008.0,0.39793474020188374,233
TON,Tonga,2008.0,0.07122245084606668,8578
TTO,Trinidad and Tobago,2008.0,1.331950368672215,1013
ARE,United Arab Emirates,2008.0,1.8410108046189573,732
TUN,Tunisia,2008.0,0.7593658926861403,1599
TUR,Turkey,2008.0,0.8161444503015637,4493
TKM,Turkmenistan,2008.0,2.433918115402598,994
TUV,Tuvalu,2008.0,0.0760755201439343,9171
EGY,Egypt,2008.0,0.25603053731161696,3534
SHN,Ascension,2008.0,0.10329646491277568,5448
PCN,Pitcairn,2008.0,0.025648250178310305,11080
SHN,Saint Helena,2008.0,0.08322210619399983,5637
SHN,Tristan da Cunha,2008.0,0.2471945986564604,11599
AIA,Anguilla,2008.0,0.05801120904163743,1207
VGB,British Virgin Islands,2008.0,0.06271489648888327,1099
CYM,Cayman Islands,2008.0,0.08386738224714901,1554
MSR,Montserrat,2008.0,0.0969777287064778,115
TCA,Turks and Caicos Islands,2008.0,0.06659425989029075,1229
GGY,Guernsey,2008.0,1.3287241137933787,89
JEY,Jersey,2008.0,1.8223324509403613,57
GBR,United Kingdom,2008.0,1.369335681430217,16111
BMU,Bermuda,2008.0,0.0971329496746307,6607
IMN,Isle of Man,2008.0,2.510996549823233,106
TZA,Tanzania,2008.0,0.15989384964117362,2964
ASM,American Samoa,2008.0,0.04460001552239839,5102
UMI,Palmyra Atoll,2008.0,0.12040769598196423,4332
PRI,Puerto Rico,2008.0,0.1048107909687045,2038
VIR,United States Virgin Islands,2008.0,0.10749248772286242,542
UMI,Johnston Atoll,2008.0,0.05149544258173054,5574
GUM,Guam,2008.0,0.03603456078441556,2640
MNP,Northern Mariana Islands,2008.0,0.042001348944351834,9663
UMI,Jarvis Island,2008.0,0.1733643023080392,3927
UMI,Howland and Baker Islands,2008.0,0.16844770659205552,5261
,Hawaii,2008.0,0.06483166920489546,32408
,Alaska,2008.0,1.202830466081166,84382
USA,United States,2008.0,1.0743010703726228,36056
URY,Uruguay,2008.0,2.2400375290374703,2172
VEN,Venezuela,2008.0,1.2172171232335594,5992
WSM,Samoa,2008.0,0.04831743227812984,1684
YEM,Yemen,2008.0,0.5179805081171609,6642
,Glorioso Islands,2008.0,0.13772322417118282,572
BLZ,Belize,2008.0,0.5175773375116273,28
KOR,South Korea,2008.0,0.3655049202878107,1219
PSE,Palestine,2008.0,0.4354948301083157,28
BRB,Barbados,2008.0,0.19733787148163234,5
IRQ,Iraq,2008.0,4.015087049940359,3
,"Abu musa, Greater and Lesser Tunb",2008.0,4.4641232125954735,101
FRO,Faeroe,2008.0,0.7943094442366863,67
,Doumeira Islands,2008.0,0.9239821512322006,8
FRA,France,2008.0,0.2768293289995905,2
PNG,Papua New Guinea,2008.0,1.7040034203906311,51
FLK,Falkland / Malvinas Islands,2008.0,0.9663171510162178,10574
SGS,South Georgia and the South Sandwich Islands,2008.0,0.5328085455881436,26452
URY,Uruguay,2008.0,3.0154441980945044,665
GBR,United Kingdom,2008.0,0.9894604304417025,257
MYT,Mayotte,2008.0,0.14264181870150885,886
CRI,Costa Rica,2008.0,0.1654726597872912,273
PER,Peru,2008.0,0.6894462731679778,242
DOM,Dominican Republic,2008.0,0.1127632495091863,189
ECU,Ecuador,2008.0,0.3746284754898538,280
JAM,Jamaica,2008.0,0.09898677669928703,239
NOR,Norway,2008.0,4.337743660233777,8
FRA,France,2008.0,0.4423532114804919,54
GIB,Gibraltar,2008.0,1.0723975165193436,13
HRV,Croatia,2008.0,0.5746557795657561,8
MYS,Malaysia,2008.0,1.0300815835333708,11
EGY,Egypt,2008.0,0.08239057754867181,138
,Matthew and Hunter Islands,2008.0,0.10034497877433847,2508
CAN,Canada,2008.0,0.856053077387551,1036
,Navassa Island,2008.0,0.08828052430963393,205
HND,Honduras,2008.0,0.10275103736766877,37
,Melilla,2008.0,0.48793092370033264,1
,Alhucemas Islands,2008.0,0.9312015771865845,1
,Ceuta,2008.0,0.45634789440942847,2
,Peñón de Vélez de la Gomera,2008.0,0.689886748790741,1
,Chafarinas Islands,2008.0,0.617562214533488,3
ESH,Western Sahara,2008.0,1.6402200125763573,3792
UMI,Wake Island / Enenkio,2008.0,0.04010425106615339,5210
,Kuril Islands,2008.0,1.0408638656800295,3646
NOR,Norway,2008.0,0.6873309624579598,190
UKR,Ukraine,2008.0,4.198672395116854,2404
USA,United States,2008.0,0.992321731070498,232
ISL,Iceland,2008.0,0.8091329046942536,1568
STP,São Tomé and Principe,2008.0,0.17000353885756236,465
,Halaib Triangle,2008.0,0.16785028510905925,289
,Liancourt Rocks,2008.0,1.3983757498933742,35
TWN,Taiwan,2008.0,0.2741117769880114,4728
PRI,Puerto Rico,2008.0,0.05245838644854668,286
SEN,Senegal,2008.0,0.7239857704637219,831
VEN,Venezuela,2008.0,0.12449756925618226,36
,Ile Tromelin,2008.0,0.08503213599499108,3466
,Senkaku Islands,2008.0,0.22515184638138244,1036
QAT,Qatar,2008.0,1.4797636179050595,7
GUY,Guyana,2008.0,0.17098886880554778,71
COL,Colombia,2008.0,0.12388516173084921,26
ALB,Albania,2009.0,0.35918782077954386,224
DZA,Algeria,2009.0,0.3390379037345033,2052
AGO,Angola,2009.0,1.2292062145917109,6149
ATG,Antigua and Barbuda,2009.0,0.08622642914358011,1490
AZE,Azerbaijan,2009.0,3.923938585518293,1325
ARG,Argentina,2009.0,1.6537005062800163,18874
CXR,Christmas Island,2009.0,0.12573020360791456,4055
CCK,Cocos Islands,2009.0,0.09528852060985625,5760
HMD,Heard and McDonald Islands,2009.0,0.1908688098345829,8382
NFK,Norfolk Island,2009.0,0.15166535546031837,5935
AUS,Australia,2009.0,0.3180753076387249,93996
,Macquarie Island,2009.0,0.16990231498815586,9850
BHS,Bahamas,2009.0,0.2766631932835589,8291
BHR,Bahrain,2009.0,2.3680681038943803,132
BGD,Bangladesh,2009.0,1.6229481158845183,1362
BRB,Barbados,2009.0,0.21585396932479775,2342
BEL,Belgium,2009.0,6.6782011020949765,85
,Trindade,2009.0,0.04463071169954944,6067
BRA,Brazil,2009.0,0.5426445249300154,39576
BLZ,Belize,2009.0,0.6006370359878322,461
SLB,Solomon Islands,2009.0,0.08373060063120356,19597
BRN,Brunei,2009.0,0.42406501971252486,583
BGR,Bulgaria,2009.0,1.2084275323281801,609
MMR,Myanmar,2009.0,0.7317621180952387,6154
KHM,Cambodia,2009.0,0.44421867411018406,635
CMR,Cameroon,2009.0,5.284960231754237,187
CAN,Canada,2009.0,1.23759149569176,120654
CPV,Cape Verde,2009.0,0.2438129513906404,10026
LKA,Sri Lanka,2009.0,0.27820675931164324,6542
CHL,Chile,2009.0,0.5987287289947761,39248
CHL,Islas San Félix and San Ambrosio,2009.0,0.10453808180622083,6055
,Easter Island,2009.0,0.02759275276415585,9790
CHN,China,2009.0,1.9828476709822087,12882
CHN,China,2009.0,0.1307939490753433,4309
COL,Colombia,2009.0,0.4075979893182121,8883
,Serrana Bank,2009.0,0.1283995918686984,47
,Quitasueño Bank,2009.0,0.12218114019848669,66
,Serranilla Bank,2009.0,0.1792628436822729,32
,Bajo Nuevo Bank,2009.0,0.11510701172710083,28
COM,Comores,2009.0,0.12068817084536565,2099
COG,Republic of the Congo,2009.0,4.458461993904274,457
COD,Democratic Republic of the Congo,2009.0,4.56670409237287,205
CRI,Costa Rica,2009.0,0.271736165652297,7125
HRV,Croatia,2009.0,0.2855865508437152,969
CUB,Cuba,2009.0,0.45880087171388034,4860
CYP,Cyprus,2009.0,0.09155344181606999,1509
BEN,Benin,2009.0,0.33169953309403716,466
FRO,Faeroe,2009.0,0.8648064001460011,6923
DNK,Denmark,2009.0,5.972073048369245,2386
GRL,Greenland,2009.0,0.7099139457871172,60255
DMA,Dominica,2009.0,0.11591491127009232,432
DOM,Dominican Republic,2009.0,0.10624367344284791,4594
,Galapagos,2009.0,0.22984444637199267,10153
ECU,Ecuador,2009.0,0.5645437127439639,2855
SLV,El Salvador,2009.0,0.5093250089749721,1207
GNQ,Equatorial Guinea,2009.0,0.5566892446027004,3762
ERI,Eritrea,2009.0,2.9479149653148045,1042
EST,Estonia,2009.0,13.438912824731087,954
FJI,Fiji,2009.0,0.0824935903491657,16435
FIN,Finland,2009.0,12.222076267456739,2010
PYF,French Polynesia,2009.0,0.06849458408850002,60120
ATF,Amsterdam and Saint Paul Islands,2009.0,0.20654489365048298,7809
ATF,Crozet Islands,2009.0,0.2460820031590136,9933
ATF,Kerguélen,2009.0,0.2994049581538416,9980
NCL,New Caledonia,2009.0,0.10025180113551181,15176
REU,Réunion,2009.0,0.08086103539651524,4142
ATF,Europa Island,2009.0,0.1298245768188582,1732
ATF,Juan de Nova Island,2009.0,0.13094120915586452,839
ATF,Bassas da India,2009.0,0.12499101746760531,1605
,Clipperton Island,2009.0,0.14670683290166153,5350
GLP,Guadeloupe,2009.0,0.10454462414272526,1228
BLM,Saint-Barthélemy,2009.0,0.13293300856718313,67
MAF,Collectivity of Saint Martin,2009.0,0.15057616345627514,29
SPM,Saint-Pierre and Miquelon,2009.0,0.5777420016422145,268
MTQ,Martinique,2009.0,0.13753320476048325,671
GUF,French Guiana,2009.0,2.0726346487383127,1635
WLF,Wallis and Futuna,2009.0,0.049833217478442854,3146
FRA,France,2009.0,0.9628506002489042,6241
DJI,Djibouti,2009.0,0.7277703956169916,113
GAB,Gabon,2009.0,1.5180791453325475,2466
GEO,Georgia,2009.0,1.0519924492413366,411
GMB,Gambia,2009.0,3.251122655120635,312
DEU,Germany,2009.0,7.541588723670375,1271
GHA,Ghana,2009.0,0.4270763848350624,2789
KIR,Phoenix Group,2009.0,0.13321482932139012,8985
KIR,Line Group,2009.0,0.13537659721132744,19889
KIR,Gilbert Islands,2009.0,0.12278507669404888,12655
GRC,Greece,2009.0,0.15032693192547145,7469
GRD,Grenada,2009.0,0.46597695980162923,359
GTM,Guatemala,2009.0,0.49094940625577144,1417
GIN,Guinea,2009.0,1.729234399633652,1289
GUY,Guyana,2009.0,1.0329414461740165,1673
HTI,Haiti,2009.0,0.10493195064853422,1417
HND,Honduras,2009.0,0.22064649570765626,2728
ISL,Iceland,2009.0,0.9308348661594038,21222
,Andaman and Nicobar,2009.0,0.16198619391816227,8169
IND,India,2009.0,0.7068766866127321,20608
IDN,Indonesia,2009.0,0.4001442492020509,73297
IRN,Iran,2009.0,3.1924011052004384,3230
IRQ,Iraq,2009.0,2.803006814819612,29
IRL,Ireland,2009.0,1.0676614018809136,8447
ISR,Israel,2009.0,0.1177939561380742,418
ITA,Italy,2009.0,0.2844019178282,8676
CIV,Ivory Coast,2009.0,0.9233437587938177,2104
JAM,Jamaica,2009.0,0.09732242676679047,3317
JPN,Japan,2009.0,0.2843479735933736,56532
KAZ,Kazakhstan,2009.0,4.220483615260467,1886
JOR,Jordan,2009.0,0.1547360997475111,5
KEN,Kenya,2009.0,0.19012270234369236,1543
PRK,North Korea,2009.0,1.5946697001880181,1879
KOR,South Korea,2009.0,1.338208913001687,5269
KWT,Kuwait,2009.0,1.9790699538477747,176
LBN,Lebanon,2009.0,0.11210803562236228,309
LVA,Latvia,2009.0,11.976773046620721,694
LBR,Liberia,2009.0,0.26929679807040807,3082
LBY,Libya,2009.0,0.10803957775338062,5169
LTU,Lithuania,2009.0,10.623730969680741,155
MDG,Madagascar,2009.0,0.20021600390906216,15614
MYS,Malaysia,2009.0,0.6591291686121223,6579
MDV,Maldives,2009.0,0.1413419261508126,11087
MLT,Malta,2009.0,0.1256714760782443,829
MRT,Mauritania,2009.0,3.429295914480761,2231
MUS,Republic of Mauritius,2009.0,0.08121548503715746,16069
,Chagos Archipelago,2009.0,0.11601545535420472,7834
MEX,Mexico,2009.0,0.359675001701752,41258
MCO,Monaco,2009.0,0.2860921403018077,18
MNE,Montenegro,2009.0,0.26826376845022243,120
MAR,Morocco,2009.0,0.5916901287539333,4111
MOZ,Mozambique,2009.0,0.26081515541392253,7394
OMN,Oman,2009.0,1.7607533183808926,7196
NAM,Namibia,2009.0,2.2050368002393435,7411
NRU,Nauru,2009.0,0.115228897905544,3761
ABW,Aruba,2009.0,0.17272165617135954,418
BES,Bonaire,2009.0,0.1792565862026875,194
CUW,Curaçao,2009.0,0.17158317429272374,368
BES,Saba,2009.0,0.17177818722290697,144
BES,Sint-Eustatius,2009.0,0.14738221814395538,50
SXM,Sint-Maarten,2009.0,0.14716864774963553,11
NLD,Netherlands,2009.0,3.9316468083884533,1342
VUT,Vanuatu,2009.0,0.08168470207550568,7949
COK,Cook Islands,2009.0,0.06443664503332526,24465
NIU,Niue,2009.0,0.05860649958080896,4088
TKL,Tokelau,2009.0,0.08919081233094517,3955
NZL,New Zealand,2009.0,0.3311236319452747,66965
NIC,Nicaragua,2009.0,0.47283606322631566,2818
NGA,Nigeria,2009.0,0.9817596722819947,2176
SJM,Svalbard,2009.0,0.6629510685443152,33939
NOR,Norway,2009.0,0.9810625252245593,29353
SJM,Jan Mayen,2009.0,0.6241589845338383,10726
FSM,Micronesia,2009.0,0.057388002679331605,36154
MHL,Marshall Islands,2009.0,0.05069873511136328,24338
PLW,Palau,2009.0,0.07792364457154524,7489
PAK,Pakistan,2009.0,2.7770590784325484,2987
PAN,Panama,2009.0,0.43924926782275553,4121
PNG,Papua New Guinea,2009.0,0.18547844757243911,29163
PER,Peru,2009.0,1.258755329660272,10587
PHL,Philippines,2009.0,0.16644681210494597,24501
POL,Poland,2009.0,9.561706288302705,692
,Azores,2009.0,0.16257967121681444,14635
,Madeira,2009.0,0.1277944919875372,6515
PRT,Portugal,2009.0,0.6095200064704763,4850
GNB,Guinea-Bissau,2009.0,2.6085201791651773,1347
,Oecusse,2009.0,0.2611602860321033,31
TLS,East Timor,2009.0,0.18333833608488936,998
QAT,Qatar,2009.0,2.059709339762339,470
ROU,Romania,2009.0,2.7751504578313457,524
RUS,Russia,2009.0,2.8771904406808506,219221
KNA,Saint Kitts and Nevis,2009.0,0.13588840571988542,150
LCA,Saint Lucia,2009.0,0.18765947164093172,233
VCT,Saint Vincent and the Grenadines,2009.0,0.24097796292355272,497
STP,Sao Tome and Principe,2009.0,0.2193962831926367,1650
SAU,Saudi Arabia,2009.0,0.6035823746959352,3149
SEN,Senegal,2009.0,2.481554277935153,2036
SYC,Seychelles,2009.0,0.13098410375097105,16212
SLE,Sierra Leone,2009.0,0.5793200042939249,2001
SGP,Singapore,2009.0,3.4567726727042873,16
VNM,Vietnam,2009.0,0.4556734857123146,9322
SVN,Slovenia,2009.0,1.0809542570315616,8
SOM,Federal Republic of Somalia,2009.0,0.41474233028319696,10099
ZAF,South Africa,2009.0,0.705383633766041,15372
,Prince Edward Islands,2009.0,0.18799251151816976,8283
,Canary Islands,2009.0,0.1410729267992468,6202
ESP,Spain,2009.0,0.46899134064608594,9242
SDN,Sudan,2009.0,0.2643220061365338,859
SUR,Suriname,2009.0,1.1105487062704702,1665
SWE,Sweden,2009.0,9.507437917325463,3720
SYR,Syria,2009.0,0.1260020731774495,178
THA,Thailand,2009.0,0.6429487951983126,3745
TGO,Togo,2009.0,0.2872553123132654,233
TON,Tonga,2009.0,0.0724227283942645,8579
TTO,Trinidad and Tobago,2009.0,1.4880928543089906,1013
ARE,United Arab Emirates,2009.0,1.5795719072440155,731
TUN,Tunisia,2009.0,0.7934857344344821,1597
TUR,Turkey,2009.0,0.758777449020753,4490
TKM,Turkmenistan,2009.0,3.6103693025931487,997
TUV,Tuvalu,2009.0,0.07223583975872584,9171
EGY,Egypt,2009.0,0.24781274028864284,3532
SHN,Ascension,2009.0,0.10784813220894683,5448
PCN,Pitcairn,2009.0,0.030535636407117168,11080
SHN,Saint Helena,2009.0,0.08169743015843811,5637
SHN,Tristan da Cunha,2009.0,0.28770267866134125,11599
AIA,Anguilla,2009.0,0.07994169521595723,1207
VGB,British Virgin Islands,2009.0,0.07385875470805835,1099
CYM,Cayman Islands,2009.0,0.0735367928131302,1554
MSR,Montserrat,2009.0,0.13036471406443648,115
TCA,Turks and Caicos Islands,2009.0,0.06940390263151408,1234
GGY,Guernsey,2009.0,1.3005556009631876,89
JEY,Jersey,2009.0,1.4694075959953365,57
GBR,United Kingdom,2009.0,1.5326102265410013,16098
BMU,Bermuda,2009.0,0.09431347064584873,6607
IMN,Isle of Man,2009.0,2.9089464442703346,106
TZA,Tanzania,2009.0,0.16298817620431294,2963
ASM,American Samoa,2009.0,0.04520491626419677,5102
UMI,Palmyra Atoll,2009.0,0.09861380872618383,4332
PRI,Puerto Rico,2009.0,0.11880157129621305,2038
VIR,United States Virgin Islands,2009.0,0.13229130153050472,542
UMI,Johnston Atoll,2009.0,0.053143191392126615,5574
GUM,Guam,2009.0,0.04045880091159513,2640
MNP,Northern Mariana Islands,2009.0,0.04511205398412351,9663
UMI,Jarvis Island,2009.0,0.1626367042901667,3927
UMI,Howland and Baker Islands,2009.0,0.14965909624193113,5261
,Hawaii,2009.0,0.06731251386729958,32409
,Alaska,2009.0,1.5466855393226764,82508
USA,United States,2009.0,1.1018076866941353,36038
URY,Uruguay,2009.0,2.3057068491181463,2148
VEN,Venezuela,2009.0,1.2932327539341784,5983
WSM,Samoa,2009.0,0.050618548449664486,1683
YEM,Yemen,2009.0,0.5428448012760319,6640
,Glorioso Islands,2009.0,0.1253253647124876,572
BLZ,Belize,2009.0,0.36856199179480714,28
KOR,South Korea,2009.0,0.3778142764323402,1219
PSE,Palestine,2009.0,0.37860905234152836,28
BRB,Barbados,2009.0,0.2523412335241957,5
IRQ,Iraq,2009.0,4.209439749303072,3
,"Abu musa, Greater and Lesser Tunb",2009.0,3.9193183162863177,101
FRO,Faeroe,2009.0,1.132418274943916,67
,Doumeira Islands,2009.0,1.1424762320582416,8
FRA,France,2009.0,0.2575151336504452,2
PNG,Papua New Guinea,2009.0,1.441039106930101,55
FLK,Falkland / Malvinas Islands,2009.0,0.9126794612084073,10572
SGS,South Georgia and the South Sandwich Islands,2009.0,0.5638501948672617,26360
URY,Uruguay,2009.0,3.948401293624095,665
GBR,United Kingdom,2009.0,1.0045230985295888,257
MYT,Mayotte,2009.0,0.1346476373558808,887
CRI,Costa Rica,2009.0,0.1768374772272972,273
PER,Peru,2009.0,0.5959907733714191,242
DOM,Dominican Republic,2009.0,0.12213595357987711,189
ECU,Ecuador,2009.0,0.4188893433552253,280
JAM,Jamaica,2009.0,0.09010884786998237,239
NOR,Norway,2009.0,3.8256162450920725,8
FRA,France,2009.0,0.476406823514988,54
GIB,Gibraltar,2009.0,1.3061023893634889,13
HRV,Croatia,2009.0,0.7418001913107358,8
MYS,Malaysia,2009.0,1.1548698590512863,11
EGY,Egypt,2009.0,0.08295972202859182,138
,Matthew and Hunter Islands,2009.0,0.09881724330647577,2508
CAN,Canada,2009.0,1.433045653946389,326
,Navassa Island,2009.0,0.08042008024136985,205
HND,Honduras,2009.0,0.09391774284173582,37
,Melilla,2009.0,0.4873011112213135,1
,Alhucemas Islands,2009.0,0.7269062399864197,1
,Ceuta,2009.0,0.6240163393642592,2
,Peñón de Vélez de la Gomera,2009.0,0.6356645822525024,1
,Chafarinas Islands,2009.0,0.6700547165340848,3
ESH,Western Sahara,2009.0,1.6383016408685638,3795
UMI,Wake Island / Enenkio,2009.0,0.04565077635860724,5210
,Kuril Islands,2009.0,0.9227526677403138,3647
NOR,Norway,2009.0,1.4962159353072675,190
UKR,Ukraine,2009.0,3.9252135810789306,2402
USA,United States,2009.0,1.0923360994892837,268
ISL,Iceland,2009.0,0.6232273191429398,1568
STP,São Tomé and Principe,2009.0,0.17371713856445758,468
,Halaib Triangle,2009.0,0.16313112315398592,289
,Liancourt Rocks,2009.0,0.5805826181962339,35
TWN,Taiwan,2009.0,0.2726226226235599,4729
PRI,Puerto Rico,2009.0,0.055703812454831095,286
SEN,Senegal,2009.0,1.0550582008488922,831
VEN,Venezuela,2009.0,0.13366351263262183,36
,Ile Tromelin,2009.0,0.07854488710788124,3466
,Senkaku Islands,2009.0,0.2373561245786335,1036
QAT,Qatar,2009.0,1.4415264350943047,7
GUY,Guyana,2009.0,0.26624100688441604,71
COL,Colombia,2009.0,0.12907550506553386,26
ALB,Albania,2010.0,0.41519051706993304,227
DZA,Algeria,2010.0,0.3074897781762321,2050
AGO,Angola,2010.0,1.2210716122660583,6154
ATG,Antigua and Barbuda,2010.0,0.1037692039014912,1490
AZE,Azerbaijan,2010.0,3.265408667840931,1327
ARG,Argentina,2010.0,1.721850310216275,18908
CXR,Christmas Island,2010.0,0.09915192202886546,4055
CCK,Cocos Islands,2010.0,0.0850973664734636,5760
HMD,Heard and McDonald Islands,2010.0,0.21461030479952514,8380
NFK,Norfolk Island,2010.0,0.15864495940669154,5935
AUS,Australia,2010.0,0.3201465663059409,93977
,Macquarie Island,2010.0,0.18979915319689117,9850
BHS,Bahamas,2010.0,0.2546568019119779,8263
BHR,Bahrain,2010.0,2.1413799785572065,132
BGD,Bangladesh,2010.0,1.532299365692728,1355
BRB,Barbados,2010.0,0.3106882606729147,2342
BEL,Belgium,2010.0,9.540235018756098,85
,Trindade,2010.0,0.05138023750264139,6067
BRA,Brazil,2010.0,0.5593534979346924,39561
BLZ,Belize,2010.0,0.6649766178272023,469
SLB,Solomon Islands,2010.0,0.10686977688631638,19600
BRN,Brunei,2010.0,0.4172177621337361,584
BGR,Bulgaria,2010.0,1.7534426615510672,610
MMR,Myanmar,2010.0,0.7480670747720948,6150
KHM,Cambodia,2010.0,0.4185798708973585,633
CMR,Cameroon,2010.0,4.448933963363381,194
CAN,Canada,2010.0,1.0482252547134154,129683
CPV,Cape Verde,2010.0,0.15552154156127532,10026
LKA,Sri Lanka,2010.0,0.2928771196542394,6542
CHL,Chile,2010.0,0.6693779775047097,39301
CHL,Islas San Félix and San Ambrosio,2010.0,0.13440765859327677,6055
,Easter Island,2010.0,0.03625023036027292,9790
CHN,China,2010.0,2.045042498895039,12981
CHN,China,2010.0,0.10351862848415133,4309
COL,Colombia,2010.0,0.34945756344315326,8872
,Serrana Bank,2010.0,0.13311817926361835,47
,Quitasueño Bank,2010.0,0.1258993898386017,66
,Serranilla Bank,2010.0,0.19688362916436453,32
,Bajo Nuevo Bank,2010.0,0.13510263171838352,28
COM,Comores,2010.0,0.1322015657979486,2100
COG,Republic of the Congo,2010.0,5.48941791887987,458
COD,Democratic Republic of the Congo,2010.0,4.63511256324327,207
CRI,Costa Rica,2010.0,0.23049052382026017,7126
HRV,Croatia,2010.0,0.3425854634401115,973
CUB,Cuba,2010.0,0.44342016600346673,4861
CYP,Cyprus,2010.0,0.09541001253907715,1510
BEN,Benin,2010.0,0.5699759551431429,465
FRO,Faeroe,2010.0,0.7583406887652306,6920
DNK,Denmark,2010.0,4.281205731781642,2391
GRL,Greenland,2010.0,0.8688802503208303,63625
DMA,Dominica,2010.0,0.16826185766205398,432
DOM,Dominican Republic,2010.0,0.10929445078947013,4595
,Galapagos,2010.0,0.24546243768730572,10153
ECU,Ecuador,2010.0,0.6961580736979841,2854
SLV,El Salvador,2010.0,0.39882314350157305,1206
GNQ,Equatorial Guinea,2010.0,0.6794140898442657,3761
ERI,Eritrea,2010.0,2.5101690910124805,1040
EST,Estonia,2010.0,13.70242034383564,950
FJI,Fiji,2010.0,0.08723668504887311,16438
FIN,Finland,2010.0,11.279344850399822,2002
PYF,French Polynesia,2010.0,0.06063816589532983,60120
ATF,Amsterdam and Saint Paul Islands,2010.0,0.21776048809808352,7809
ATF,Crozet Islands,2010.0,0.2321493124841623,9933
ATF,Kerguélen,2010.0,0.3246374628618084,9980
NCL,New Caledonia,2010.0,0.1237727705089872,15176
REU,Réunion,2010.0,0.09246824426584249,4143
ATF,Europa Island,2010.0,0.14015798957334794,1732
ATF,Juan de Nova Island,2010.0,0.14712198409306917,839
ATF,Bassas da India,2010.0,0.13642568725354082,1605
,Clipperton Island,2010.0,0.1495663972869952,5350
GLP,Guadeloupe,2010.0,0.14076916739377748,1226
BLM,Saint-Barthélemy,2010.0,0.13910746653566755,67
MAF,Collectivity of Saint Martin,2010.0,0.17684710027512027,29
SPM,Saint-Pierre and Miquelon,2010.0,0.7808594595335189,268
MTQ,Martinique,2010.0,0.19825884643859973,672
GUF,French Guiana,2010.0,1.3945356096734487,1636
WLF,Wallis and Futuna,2010.0,0.06165631015961257,3145
FRA,France,2010.0,0.9333755581672123,6239
DJI,Djibouti,2010.0,0.5987708639959627,112
GAB,Gabon,2010.0,2.1824931971042063,2463
GEO,Georgia,2010.0,0.9908975996259236,411
GMB,Gambia,2010.0,2.1916384580448596,312
DEU,Germany,2010.0,6.113291374086856,1266
GHA,Ghana,2010.0,0.3427907769030086,2786
KIR,Phoenix Group,2010.0,0.1476412734509761,8985
KIR,Line Group,2010.0,0.1465626243749865,19889
KIR,Gilbert Islands,2010.0,0.19628252539714627,12656
GRC,Greece,2010.0,0.16982133981637776,7481
GRD,Grenada,2010.0,0.5434254085247905,360
GTM,Guatemala,2010.0,0.45380816286771647,1418
GIN,Guinea,2010.0,1.6720556443767671,1288
GUY,Guyana,2010.0,1.5016069653417543,1678
HTI,Haiti,2010.0,0.11887471880545264,1418
HND,Honduras,2010.0,0.2511786213315549,2728
ISL,Iceland,2010.0,0.932944896429014,21239
,Andaman and Nicobar,2010.0,0.16210487723623926,8172
IND,India,2010.0,0.6973565478654649,20628
IDN,Indonesia,2010.0,0.421035195909387,73286
IRN,Iran,2010.0,2.6013658257077408,3230
IRQ,Iraq,2010.0,2.832945844195728,29
IRL,Ireland,2010.0,0.7788152319858671,8462
ISR,Israel,2010.0,0.12466039565460645,418
ITA,Italy,2010.0,0.33063841796995325,8673
CIV,Ivory Coast,2010.0,0.6673841656575416,2104
JAM,Jamaica,2010.0,0.11551556870578705,3317
JPN,Japan,2010.0,0.27173406389701493,56543
KAZ,Kazakhstan,2010.0,3.405175990224144,1894
JOR,Jordan,2010.0,0.16658245641451616,5
KEN,Kenya,2010.0,0.23063100704918965,1545
PRK,North Korea,2010.0,1.5005862882482142,1878
KOR,South Korea,2010.0,1.2541235218127351,5262
KWT,Kuwait,2010.0,1.9443971422046393,174
LBN,Lebanon,2010.0,0.12028952407348112,310
LVA,Latvia,2010.0,11.608714831552597,694
LBR,Liberia,2010.0,0.3609120921938412,3087
LBY,Libya,2010.0,0.10870384205048075,5170
LTU,Lithuania,2010.0,11.187339588090621,158
MDG,Madagascar,2010.0,0.20989122317608014,15614
MYS,Malaysia,2010.0,0.6741516370306396,6579
MDV,Maldives,2010.0,0.16494134335668215,11087
MLT,Malta,2010.0,0.1355757686173027,829
MRT,Mauritania,2010.0,2.72676191355548,2233
MUS,Republic of Mauritius,2010.0,0.0878701798605293,16069
,Chagos Archipelago,2010.0,0.11575367143818287,7834
MEX,Mexico,2010.0,0.3871098605912561,41267
MCO,Monaco,2010.0,0.35197220361273435,18
MNE,Montenegro,2010.0,0.37097236047100274,121
MAR,Morocco,2010.0,0.3772699156217973,4111
MOZ,Mozambique,2010.0,0.2836361314038405,7394
OMN,Oman,2010.0,1.231571950117512,7195
NAM,Namibia,2010.0,2.074143956902111,7413
NRU,Nauru,2010.0,0.20409384664168326,3761
ABW,Aruba,2010.0,0.18073326364446188,418
BES,Bonaire,2010.0,0.18524280551502542,194
CUW,Curaçao,2010.0,0.18409201738676886,368
BES,Saba,2010.0,0.18214979878701995,144
BES,Sint-Eustatius,2010.0,0.17193381808493557,50
SXM,Sint-Maarten,2010.0,0.1728627333665464,11
NLD,Netherlands,2010.0,4.216268127763058,1342
VUT,Vanuatu,2010.0,0.08081651339036151,7949
COK,Cook Islands,2010.0,0.05630993395094221,24465
NIU,Niue,2010.0,0.039214871759499254,4088
TKL,Tokelau,2010.0,0.08351098485299563,3955
NZL,New Zealand,2010.0,0.3384657889657701,66981
NIC,Nicaragua,2010.0,0.38054521836002275,2821
NGA,Nigeria,2010.0,1.0003065333369785,2163
SJM,Svalbard,2010.0,1.0984984672186853,35294
NOR,Norway,2010.0,1.4264382870496324,29420
SJM,Jan Mayen,2010.0,0.48981449657648113,10727
FSM,Micronesia,2010.0,0.0670217987272607,36154
MHL,Marshall Islands,2010.0,0.055795060401562874,24338
PLW,Palau,2010.0,0.08968003299673821,7490
PAK,Pakistan,2010.0,2.4792750733150086,2989
PAN,Panama,2010.0,0.3478160539076698,4121
PNG,Papua New Guinea,2010.0,0.18415665037279622,29175
PER,Peru,2010.0,1.2294900066018266,10580
PHL,Philippines,2010.0,0.1681474500295872,24528
POL,Poland,2010.0,9.11995797443429,698
,Azores,2010.0,0.18319767162010558,14635
,Madeira,2010.0,0.11877415874138328,6514
PRT,Portugal,2010.0,0.345834237539673,4852
GNB,Guinea-Bissau,2010.0,2.2546071406399517,1348
,Oecusse,2010.0,0.2715271367717184,31
TLS,East Timor,2010.0,0.20591677649624646,999
QAT,Qatar,2010.0,1.411361173785306,470
ROU,Romania,2010.0,3.0352577724621477,525
RUS,Russia,2010.0,2.3667078930027783,219859
KNA,Saint Kitts and Nevis,2010.0,0.1606714736932484,150
LCA,Saint Lucia,2010.0,0.297502764125033,234
VCT,Saint Vincent and the Grenadines,2010.0,0.36426030974278195,497
STP,Sao Tome and Principe,2010.0,0.22037583287245802,1655
SAU,Saudi Arabia,2010.0,0.5592651220954006,3154
SEN,Senegal,2010.0,1.781787853397895,2037
SYC,Seychelles,2010.0,0.15111097395169093,16211
SLE,Sierra Leone,2010.0,0.7660333739985956,2000
SGP,Singapore,2010.0,4.433845328690478,15
VNM,Vietnam,2010.0,0.3956570807484178,9338
SVN,Slovenia,2010.0,1.8639675758713614,8
SOM,Federal Republic of Somalia,2010.0,0.42561751877213455,10098
ZAF,South Africa,2010.0,0.7614027918673099,15373
,Prince Edward Islands,2010.0,0.20636673248779838,8283
,Canary Islands,2010.0,0.10673487938010745,6202
ESP,Spain,2010.0,0.4392577131157584,9243
SDN,Sudan,2010.0,0.304412694283013,858
SUR,Suriname,2010.0,1.0653314616772762,1673
SWE,Sweden,2010.0,8.544261281524562,3723
SYR,Syria,2010.0,0.12808208157276704,178
THA,Thailand,2010.0,0.6155796437976889,3742
TGO,Togo,2010.0,0.3277543703999714,233
TON,Tonga,2010.0,0.07213913142138051,8579
TTO,Trinidad and Tobago,2010.0,1.6167461538444685,1012
ARE,United Arab Emirates,2010.0,1.5180128536855084,732
TUN,Tunisia,2010.0,0.7886265412304815,1598
TUR,Turkey,2010.0,0.969457883477915,4495
TKM,Turkmenistan,2010.0,2.7311059338550896,992
TUV,Tuvalu,2010.0,0.09069816991381872,9171
EGY,Egypt,2010.0,0.2549353232514089,3535
SHN,Ascension,2010.0,0.09645012514534523,5448
PCN,Pitcairn,2010.0,0.02875529926239409,11080
SHN,Saint Helena,2010.0,0.10066925147243724,5637
SHN,Tristan da Cunha,2010.0,0.2709130127763039,11599
AIA,Anguilla,2010.0,0.08149974606407133,1207
VGB,British Virgin Islands,2010.0,0.08037156946337178,1099
CYM,Cayman Islands,2010.0,0.08509062012846427,1554
MSR,Montserrat,2010.0,0.17126552269658682,115
TCA,Turks and Caicos Islands,2010.0,0.08306024765783819,1236
GGY,Guernsey,2010.0,1.4015994900010853,89
JEY,Jersey,2010.0,1.433598470595562,57
GBR,United Kingdom,2010.0,1.4089229952380533,16129
BMU,Bermuda,2010.0,0.11062964495723107,6607
IMN,Isle of Man,2010.0,2.4275616520103123,107
TZA,Tanzania,2010.0,0.19027937839912742,2964
ASM,American Samoa,2010.0,0.04734955177700877,5102
UMI,Palmyra Atoll,2010.0,0.1216291750379002,4332
PRI,Puerto Rico,2010.0,0.13706736944253758,2038
VIR,United States Virgin Islands,2010.0,0.1506737422215936,542
UMI,Johnston Atoll,2010.0,0.05355905626134518,5574
GUM,Guam,2010.0,0.03858433675873321,2640
MNP,Northern Mariana Islands,2010.0,0.046723259388286746,9663
UMI,Jarvis Island,2010.0,0.2213940009418266,3927
UMI,Howland and Baker Islands,2010.0,0.20793491749585183,5261
,Hawaii,2010.0,0.07733968887466822,32410
,Alaska,2010.0,1.2423089868618185,83540
USA,United States,2010.0,1.1363894911063779,36035
URY,Uruguay,2010.0,3.960482987177347,2173
VEN,Venezuela,2010.0,1.4191743629714475,5978
WSM,Samoa,2010.0,0.054966064281975084,1683
YEM,Yemen,2010.0,0.5095429783679083,6644
,Glorioso Islands,2010.0,0.13820952679214335,572
BLZ,Belize,2010.0,0.4273297905591534,28
KOR,South Korea,2010.0,0.4882238673944029,1219
PSE,Palestine,2010.0,0.4216225361808062,28
BRB,Barbados,2010.0,0.44847545394756516,5
IRQ,Iraq,2010.0,4.296015993408535,3
,"Abu musa, Greater and Lesser Tunb",2010.0,2.143986273460505,101
FRO,Faeroe,2010.0,1.1115944804308129,67
,Doumeira Islands,2010.0,0.87724493991274,8
FRA,France,2010.0,0.2940796961757674,2
PNG,Papua New Guinea,2010.0,1.5518162311710784,54
FLK,Falkland / Malvinas Islands,2010.0,1.3022288102841768,10575
SGS,South Georgia and the South Sandwich Islands,2010.0,0.646251402364157,26492
URY,Uruguay,2010.0,5.992961114686255,665
GBR,United Kingdom,2010.0,0.5426521962127318,257
MYT,Mayotte,2010.0,0.14068244827272425,887
CRI,Costa Rica,2010.0,0.14648695751408647,273
PER,Peru,2010.0,0.7803655170472102,242
DOM,Dominican Republic,2010.0,0.13483635544143177,189
ECU,Ecuador,2010.0,0.3387425019140539,280
JAM,Jamaica,2010.0,0.10891471095355747,239
NOR,Norway,2010.0,3.7672427695730457,8
FRA,France,2010.0,0.7154278560470873,54
GIB,Gibraltar,2010.0,0.8859025740951197,13
HRV,Croatia,2010.0,1.2136173663804164,8
MYS,Malaysia,2010.0,1.4285675118541161,11
EGY,Egypt,2010.0,0.09337868560235091,138
,Matthew and Hunter Islands,2010.0,0.11227830458152377,2508
CAN,Canada,2010.0,0.8036759858986288,564
,Navassa Island,2010.0,0.09461695830335487,205
HND,Honduras,2010.0,0.10717936221390334,37
,Melilla,2010.0,0.3626629412174225,1
,Alhucemas Islands,2010.0,0.7247059941291809,1
,Ceuta,2010.0,0.6281883509262748,2
,Peñón de Vélez de la Gomera,2010.0,0.5978171229362488,1
,Chafarinas Islands,2010.0,0.5125023931264878,3
ESH,Western Sahara,2010.0,1.084990844807543,3795
UMI,Wake Island / Enenkio,2010.0,0.05075173268001064,5210
,Kuril Islands,2010.0,0.9856213616301844,3643
NOR,Norway,2010.0,3.2541967713596156,190
UKR,Ukraine,2010.0,3.931342424052114,2398
USA,United States,2010.0,1.597767030737502,268
ISL,Iceland,2010.0,0.3409928739801064,1568
STP,São Tomé and Principe,2010.0,0.1847989273669033,471
,Halaib Triangle,2010.0,0.1882329059942295,289
,Liancourt Rocks,2010.0,0.5216552140771445,35
TWN,Taiwan,2010.0,0.2774554548164683,4729
PRI,Puerto Rico,2010.0,0.06569134793637406,286
SEN,Senegal,2010.0,0.8868626878804083,831
VEN,Venezuela,2010.0,0.1333493446390893,36
,Ile Tromelin,2010.0,0.08906321614693351,3466
,Senkaku Islands,2010.0,0.2574927872480415,1036
QAT,Qatar,2010.0,1.3749751938451635,7
GUY,Guyana,2010.0,0.46482704856708446,71
COL,Colombia,2010.0,0.13050983470169156,26
ALB,Albania,2011.0,0.2932974026665456,226
DZA,Algeria,2011.0,0.26087494827096613,2051
AGO,Angola,2011.0,1.3414375259394085,6152
ATG,Antigua and Barbuda,2011.0,0.07489422866032022,1490
AZE,Azerbaijan,2011.0,1.8394890214465327,1326
ARG,Argentina,2011.0,2.0384733692615997,18910
CXR,Christmas Island,2011.0,0.14207188673067364,4055
CCK,Cocos Islands,2011.0,0.11289291552818288,5760
HMD,Heard and McDonald Islands,2011.0,0.24306048730314947,8379
NFK,Norfolk Island,2011.0,0.146227037942332,5935
AUS,Australia,2011.0,0.32198376912464227,93990
,Macquarie Island,2011.0,0.15423911646660565,9850
BHS,Bahamas,2011.0,0.2530682330213558,8260
BHR,Bahrain,2011.0,2.028464508357028,133
BGD,Bangladesh,2011.0,1.3939359368269928,1365
BRB,Barbados,2011.0,0.13990909506429888,2342
BEL,Belgium,2011.0,7.772603946143072,85
,Trindade,2011.0,0.053827450733656454,6067
BRA,Brazil,2011.0,0.5653052026393942,39532
BLZ,Belize,2011.0,0.9584888062246995,467
SLB,Solomon Islands,2011.0,0.09447643440380536,19603
BRN,Brunei,2011.0,0.42082907532655484,583
BGR,Bulgaria,2011.0,0.960423908250232,611
MMR,Myanmar,2011.0,0.7153561913594552,6158
KHM,Cambodia,2011.0,0.43443617362144826,633
CMR,Cameroon,2011.0,5.8467944146198905,191
CAN,Canada,2011.0,1.00958842136366,132797
CPV,Cape Verde,2011.0,0.17110891931937813,10024
LKA,Sri Lanka,2011.0,0.30853588231149376,6542
CHL,Chile,2011.0,0.7247111796135216,39300
CHL,Islas San Félix and San Ambrosio,2011.0,0.1566813480488009,6055
,Easter Island,2011.0,0.029192033142871512,9790
CHN,China,2011.0,1.972207539023881,12855
CHN,China,2011.0,0.1264193596041211,4309
COL,Colombia,2011.0,0.40716507407597136,8881
,Serrana Bank,2011.0,0.13384569571792412,47
,Quitasueño Bank,2011.0,0.13652925771692,66
,Serranilla Bank,2011.0,0.1957879137353,32
,Bajo Nuevo Bank,2011.0,0.1354769737022528,28
COM,Comores,2011.0,0.11361391491702184,2100
COG,Republic of the Congo,2011.0,5.971005469331742,456
COD,Democratic Republic of the Congo,2011.0,4.282687827624684,207
CRI,Costa Rica,2011.0,0.35494603518639856,7129
HRV,Croatia,2011.0,0.2887965297758462,970
CUB,Cuba,2011.0,0.44932294455358424,4851
CYP,Cyprus,2011.0,0.09538878741350722,1509
BEN,Benin,2011.0,0.36825222474709074,465
FRO,Faeroe,2011.0,0.7348748718037647,6922
DNK,Denmark,2011.0,6.30374790786899,2397
GRL,Greenland,2011.0,0.7381112975524916,57831
DMA,Dominica,2011.0,0.11825182011762847,432
DOM,Dominican Republic,2011.0,0.10216414432549388,4594
,Galapagos,2011.0,0.23984621075007925,10153
ECU,Ecuador,2011.0,0.6528636500684459,2858
SLV,El Salvador,2011.0,0.7342243064768778,1207
GNQ,Equatorial Guinea,2011.0,0.51662517697127,3762
ERI,Eritrea,2011.0,2.1698142898967534,1044
EST,Estonia,2011.0,11.616129935445368,954
FJI,Fiji,2011.0,0.07863704012027521,16438
FIN,Finland,2011.0,9.62927821420722,2007
PYF,French Polynesia,2011.0,0.07227310345845697,60120
ATF,Amsterdam and Saint Paul Islands,2011.0,0.18985241581120568,7809
ATF,Crozet Islands,2011.0,0.3167968241376441,9933
ATF,Kerguélen,2011.0,0.3485813249948755,9985
NCL,New Caledonia,2011.0,0.10906086687841154,15177
REU,Réunion,2011.0,0.0790187782760521,4142
ATF,Europa Island,2011.0,0.14052390531565725,1732
ATF,Juan de Nova Island,2011.0,0.13646346234950443,839
ATF,Bassas da India,2011.0,0.13265153688919237,1605
,Clipperton Island,2011.0,0.16319683015334158,5350
GLP,Guadeloupe,2011.0,0.09127535151915736,1226
BLM,Saint-Barthélemy,2011.0,0.10769389715377391,67
MAF,Collectivity of Saint Martin,2011.0,0.12799567712203566,29
SPM,Saint-Pierre and Miquelon,2011.0,0.8001079283754652,268
MTQ,Martinique,2011.0,0.12030660665131686,671
GUF,French Guiana,2011.0,1.7492950737321418,1634
WLF,Wallis and Futuna,2011.0,0.05524773348619728,3146
FRA,France,2011.0,0.9772570075489585,6244
DJI,Djibouti,2011.0,0.49392815735710555,112
GAB,Gabon,2011.0,1.057252457817407,2460
GEO,Georgia,2011.0,0.8814541820956627,411
GMB,Gambia,2011.0,3.3902673176237776,309
DEU,Germany,2011.0,6.786203125672232,1271
GHA,Ghana,2011.0,0.4788998081558173,2786
KIR,Phoenix Group,2011.0,0.14048537364122107,8985
KIR,Line Group,2011.0,0.13796872075991312,19889
KIR,Gilbert Islands,2011.0,0.1616737960565726,12655
GRC,Greece,2011.0,0.15468196272065188,7476
GRD,Grenada,2011.0,0.4292070428127581,360
GTM,Guatemala,2011.0,0.6642007098206053,1417
GIN,Guinea,2011.0,2.406550727338314,1282
GUY,Guyana,2011.0,1.0515736888173866,1674
HTI,Haiti,2011.0,0.1088712040799654,1417
HND,Honduras,2011.0,0.2500367194387876,2729
ISL,Iceland,2011.0,1.0048455882487437,21238
,Andaman and Nicobar,2011.0,0.15357703129110753,8170
IND,India,2011.0,0.6699460458009197,20614
IDN,Indonesia,2011.0,0.42333453195838694,73223
IRN,Iran,2011.0,1.7939072833938774,3230
IRQ,Iraq,2011.0,2.6069690525265017,29
IRL,Ireland,2011.0,0.7813348626377548,8450
ISR,Israel,2011.0,0.1242166761852713,418
ITA,Italy,2011.0,0.2930412258547958,8673
CIV,Ivory Coast,2011.0,1.037680916429589,2101
JAM,Jamaica,2011.0,0.10378362974879832,3318
JPN,Japan,2011.0,0.2932512549187104,56525
KAZ,Kazakhstan,2011.0,3.441560324975549,1856
JOR,Jordan,2011.0,0.15434270922954266,5
KEN,Kenya,2011.0,0.17184421909429912,1545
PRK,North Korea,2011.0,1.6767114927342661,1884
KOR,South Korea,2011.0,1.2275363965173454,5254
KWT,Kuwait,2011.0,1.8556326059140746,176
LBN,Lebanon,2011.0,0.1255129481188797,310
LVA,Latvia,2011.0,10.56691936891245,692
LBR,Liberia,2011.0,0.26840577048535075,3082
LBY,Libya,2011.0,0.1087764547312334,5168
LTU,Lithuania,2011.0,11.702413065167624,159
MDG,Madagascar,2011.0,0.20136931265016475,15618
MYS,Malaysia,2011.0,0.6450649659579084,6577
MDV,Maldives,2011.0,0.14668826354866538,11087
MLT,Malta,2011.0,0.13745087900150227,829
MRT,Mauritania,2011.0,3.622627461055908,2235
MUS,Republic of Mauritius,2011.0,0.09627945834262659,16069
,Chagos Archipelago,2011.0,0.1390778371437196,7834
MEX,Mexico,2011.0,0.491101015700508,41265
MCO,Monaco,2011.0,0.2622660568982057,18
MNE,Montenegro,2011.0,0.22914681222384478,121
MAR,Morocco,2011.0,0.4811551351325952,4117
MOZ,Mozambique,2011.0,0.2855523970693449,7389
OMN,Oman,2011.0,1.392566755109869,7198
NAM,Namibia,2011.0,1.761363814625635,7415
NRU,Nauru,2011.0,0.1591064101540946,3761
ABW,Aruba,2011.0,0.15581350255732077,418
BES,Bonaire,2011.0,0.17629582850400363,195
CUW,Curaçao,2011.0,0.16555382624823584,368
BES,Saba,2011.0,0.13329305150990317,144
BES,Sint-Eustatius,2011.0,0.12520011157051272,50
SXM,Sint-Maarten,2011.0,0.13675126618492725,11
NLD,Netherlands,2011.0,3.7527897264152474,1348
VUT,Vanuatu,2011.0,0.09008308898079388,7950
COK,Cook Islands,2011.0,0.06924095776048571,24465
NIU,Niue,2011.0,0.04577627295756414,4088
TKL,Tokelau,2011.0,0.0983234200786133,3955
NZL,New Zealand,2011.0,0.3098497399155074,66973
NIC,Nicaragua,2011.0,0.5330172216829383,2819
NGA,Nigeria,2011.0,1.1534647135736404,2131
SJM,Svalbard,2011.0,0.8021688254870595,36072
NOR,Norway,2011.0,1.2328493933439042,29408
SJM,Jan Mayen,2011.0,0.8213022649753987,10727
FSM,Micronesia,2011.0,0.06316567290277213,36152
MHL,Marshall Islands,2011.0,0.05242988652569944,24338
PLW,Palau,2011.0,0.08053580848591213,7489
PAK,Pakistan,2011.0,1.7484426720293331,2987
PAN,Panama,2011.0,0.41287099734048105,4125
PNG,Papua New Guinea,2011.0,0.1852087770982064,29174
PER,Peru,2011.0,1.5386539942770738,10587
PHL,Philippines,2011.0,0.1644035330592582,24500
POL,Poland,2011.0,8.529507371566163,698
,Azores,2011.0,0.1865564465368579,14635
,Madeira,2011.0,0.1344202180679338,6514
PRT,Portugal,2011.0,0.3622570444522419,4853
GNB,Guinea-Bissau,2011.0,3.0219111287652303,1348
,Oecusse,2011.0,0.34070065881007283,31
TLS,East Timor,2011.0,0.23034923440672428,999
QAT,Qatar,2011.0,1.3285618209397183,470
ROU,Romania,2011.0,1.59681029593891,525
RUS,Russia,2011.0,2.137869018244222,230183
KNA,Saint Kitts and Nevis,2011.0,0.11758378716117593,150
LCA,Saint Lucia,2011.0,0.18214441793601754,233
VCT,Saint Vincent and the Grenadines,2011.0,0.24665282874571368,497
STP,Sao Tome and Principe,2011.0,0.1985146758902028,1654
SAU,Saudi Arabia,2011.0,0.5234125545072363,3154
SEN,Senegal,2011.0,2.5260483055338447,2037
SYC,Seychelles,2011.0,0.12091355349858765,16212
SLE,Sierra Leone,2011.0,0.5212505066477393,1997
SGP,Singapore,2011.0,3.095136156026455,15
VNM,Vietnam,2011.0,0.46146938884264616,9320
SVN,Slovenia,2011.0,1.243709750018769,8
SOM,Federal Republic of Somalia,2011.0,0.3624389070027061,10095
ZAF,South Africa,2011.0,0.7655800074749683,15368
,Prince Edward Islands,2011.0,0.24900479731633093,8283
,Canary Islands,2011.0,0.13210017515949754,6203
ESP,Spain,2011.0,0.5232220952804058,9241
SDN,Sudan,2011.0,0.23916832875268276,859
SUR,Suriname,2011.0,0.9114383620200652,1672
SWE,Sweden,2011.0,7.836736891216261,3722
SYR,Syria,2011.0,0.14701785818863403,178
THA,Thailand,2011.0,0.6452290276148592,3733
TGO,Togo,2011.0,0.32223513986786334,233
TON,Tonga,2011.0,0.07656781526572323,8579
TTO,Trinidad and Tobago,2011.0,1.6168611877041723,1011
ARE,United Arab Emirates,2011.0,1.36398835698484,729
TUN,Tunisia,2011.0,0.6994216748928109,1600
TUR,Turkey,2011.0,0.7585504950983765,4490
TKM,Turkmenistan,2011.0,1.820568569007144,990
TUV,Tuvalu,2011.0,0.09481350303026927,9171
EGY,Egypt,2011.0,0.24758238285648054,3531
SHN,Ascension,2011.0,0.10066142385157724,5448
PCN,Pitcairn,2011.0,0.027714227546648398,11080
SHN,Saint Helena,2011.0,0.09420621813833255,5638
SHN,Tristan da Cunha,2011.0,0.2577557862533627,11599
AIA,Anguilla,2011.0,0.06604189637050778,1207
VGB,British Virgin Islands,2011.0,0.06717955457727796,1099
CYM,Cayman Islands,2011.0,0.07942100745103015,1554
MSR,Montserrat,2011.0,0.11565216476924498,115
TCA,Turks and Caicos Islands,2011.0,0.07712939182430505,1235
GGY,Guernsey,2011.0,1.148661776000283,88
JEY,Jersey,2011.0,1.5338504314365204,56
GBR,United Kingdom,2011.0,1.4221175436091962,16107
BMU,Bermuda,2011.0,0.11720771662928546,6607
IMN,Isle of Man,2011.0,2.5322553574470725,106
TZA,Tanzania,2011.0,0.14900958107963036,2965
ASM,American Samoa,2011.0,0.054965960482238244,5102
UMI,Palmyra Atoll,2011.0,0.12170956426711527,4332
PRI,Puerto Rico,2011.0,0.10730306439001087,2038
VIR,United States Virgin Islands,2011.0,0.10701268204050857,542
UMI,Johnston Atoll,2011.0,0.049113462650953225,5574
GUM,Guam,2011.0,0.03617977434535249,2640
MNP,Northern Mariana Islands,2011.0,0.04665083088907309,9663
UMI,Jarvis Island,2011.0,0.17412268411057613,3927
UMI,Howland and Baker Islands,2011.0,0.17042981227481224,5261
,Hawaii,2011.0,0.07025747494331808,32410
,Alaska,2011.0,1.1973952984544594,84426
USA,United States,2011.0,1.072120147782317,36037
URY,Uruguay,2011.0,2.85596848468335,2166
VEN,Venezuela,2011.0,1.3436532555825742,5982
WSM,Samoa,2011.0,0.05952556153510196,1684
YEM,Yemen,2011.0,0.48910646255363044,6642
,Glorioso Islands,2011.0,0.12511869962129685,572
BLZ,Belize,2011.0,0.8762501131272369,28
KOR,South Korea,2011.0,0.34756216699205067,1219
PSE,Palestine,2011.0,0.41217285793249914,28
BRB,Barbados,2011.0,0.21666401176910685,5
IRQ,Iraq,2011.0,3.6854229491689927,3
,"Abu musa, Greater and Lesser Tunb",2011.0,1.6683846803592806,101
FRO,Faeroe,2011.0,0.7833242270736501,67
,Doumeira Islands,2011.0,0.792964207742553,8
FRA,France,2011.0,0.23834440912773358,2
PNG,Papua New Guinea,2011.0,1.6291170583994543,55
FLK,Falkland / Malvinas Islands,2011.0,1.6836253364377463,10575
SGS,South Georgia and the South Sandwich Islands,2011.0,0.5064258048882861,26510
URY,Uruguay,2011.0,4.7862982781990695,665
GBR,United Kingdom,2011.0,0.8976134110890586,257
MYT,Mayotte,2011.0,0.13317528556594566,886
CRI,Costa Rica,2011.0,0.17457820793885376,273
PER,Peru,2011.0,0.8563207071064387,242
DOM,Dominican Republic,2011.0,0.11729974152012505,189
ECU,Ecuador,2011.0,0.4690248396056161,280
JAM,Jamaica,2011.0,0.10549738240960498,239
NOR,Norway,2011.0,4.12668780925111,8
FRA,France,2011.0,0.7299367710854867,54
GIB,Gibraltar,2011.0,0.8089578498474921,13
HRV,Croatia,2011.0,1.0007592969788954,8
MYS,Malaysia,2011.0,1.2680555365936101,11
EGY,Egypt,2011.0,0.0830821200368488,138
,Matthew and Hunter Islands,2011.0,0.09852959155442134,2508
CAN,Canada,2011.0,1.1520636760152376,880
,Navassa Island,2011.0,0.08659377933187008,205
HND,Honduras,2011.0,0.10201283056006279,37
,Melilla,2011.0,0.41399142146110535,1
,Alhucemas Islands,2011.0,0.8388108611106873,1
,Ceuta,2011.0,0.5623341591461846,2
,Peñón de Vélez de la Gomera,2011.0,1.3436490346988041,2
,Chafarinas Islands,2011.0,0.5504639632172055,3
ESH,Western Sahara,2011.0,1.2209462552667183,3793
UMI,Wake Island / Enenkio,2011.0,0.04183511671520983,5210
,Kuril Islands,2011.0,0.9658775220569253,3645
NOR,Norway,2011.0,1.19331749943323,190
UKR,Ukraine,2011.0,3.058490071342688,2401
USA,United States,2011.0,0.6646016487242523,268
ISL,Iceland,2011.0,0.59501337399287,1568
STP,São Tomé and Principe,2011.0,0.1710644208676917,469
,Halaib Triangle,2011.0,0.15998716827359444,288
,Liancourt Rocks,2011.0,0.574693631202874,35
TWN,Taiwan,2011.0,0.2316621950601399,4728
PRI,Puerto Rico,2011.0,0.060081749458173926,286
SEN,Senegal,2011.0,1.0680304101688844,831
VEN,Venezuela,2011.0,0.11416508560028463,36
,Ile Tromelin,2011.0,0.07613903932137331,3466
,Senkaku Islands,2011.0,0.34139845499833726,1036
QAT,Qatar,2011.0,1.2519450093259905,7
GUY,Guyana,2011.0,0.1681101512915491,71
COL,Colombia,2011.0,0.11754712833418923,26
ALB,Albania,2012.0,0.3282711280667971,224
DZA,Algeria,2012.0,0.2708290828489601,2053
AGO,Angola,2012.0,1.2883147326154043,6145
ATG,Antigua and Barbuda,2012.0,0.07136478368675504,1490
AZE,Azerbaijan,2012.0,1.9511763331254595,1326
ARG,Argentina,2012.0,1.632949064704714,18911
CXR,Christmas Island,2012.0,0.14006973536450684,4055
CCK,Cocos Islands,2012.0,0.10135065116269723,5760
HMD,Heard and McDonald Islands,2012.0,0.20061988300753983,8380
NFK,Norfolk Island,2012.0,0.14061098400501565,5935
AUS,Australia,2012.0,0.3063846912453376,94053
,Macquarie Island,2012.0,0.15303744215824214,9848
BHS,Bahamas,2012.0,0.24563370646726765,8263
BHR,Bahrain,2012.0,2.045502330211499,131
BGD,Bangladesh,2012.0,1.6931999154593311,1355
BRB,Barbados,2012.0,0.1215500259180454,2342
BEL,Belgium,2012.0,3.641680992928463,86
,Trindade,2012.0,0.04669685346542409,6067
BRA,Brazil,2012.0,0.5433076741347115,39545
BLZ,Belize,2012.0,0.6575594489207427,464
SLB,Solomon Islands,2012.0,0.0758387977007713,19593
BRN,Brunei,2012.0,0.4343316882918709,583
BGR,Bulgaria,2012.0,0.8474185426426984,609
MMR,Myanmar,2012.0,0.7324887579279338,6157
KHM,Cambodia,2012.0,0.43072028217496444,633
CMR,Cameroon,2012.0,4.104038801342504,194
CAN,Canada,2012.0,0.9791351667722711,133291
CPV,Cape Verde,2012.0,0.2901384290210081,10025
LKA,Sri Lanka,2012.0,0.2814763463850159,6546
CHL,Chile,2012.0,0.5700093305341596,39326
CHL,Islas San Félix and San Ambrosio,2012.0,0.11467689007083746,6055
,Easter Island,2012.0,0.03129525917363228,9790
CHN,China,2012.0,1.9845582348778925,12943
CHN,China,2012.0,0.11765247591684053,4309
COL,Colombia,2012.0,0.43107672245405537,8887
,Serrana Bank,2012.0,0.13156804419252974,47
,Quitasueño Bank,2012.0,0.1321886807711603,66
,Serranilla Bank,2012.0,0.20397364424442582,32
,Bajo Nuevo Bank,2012.0,0.13113294798321054,28
COM,Comores,2012.0,0.1292803973202148,2102
COG,Republic of the Congo,2012.0,7.889057617693744,450
COD,Democratic Republic of the Congo,2012.0,4.564693473022652,203
CRI,Costa Rica,2012.0,0.31426518635338263,7129
HRV,Croatia,2012.0,0.266074280365266,974
CUB,Cuba,2012.0,0.472840881753867,4856
CYP,Cyprus,2012.0,0.09660645319339088,1509
BEN,Benin,2012.0,0.5567950888789608,465
FRO,Faeroe,2012.0,0.6134986385903076,6921
DNK,Denmark,2012.0,4.248860916652981,2402
GRL,Greenland,2012.0,0.6109434524856246,59704
DMA,Dominica,2012.0,0.10057202590003803,433
DOM,Dominican Republic,2012.0,0.11375435718463082,4593
,Galapagos,2012.0,0.23340441964474873,10152
ECU,Ecuador,2012.0,0.6146515104583987,2859
SLV,El Salvador,2012.0,0.6295535939303024,1208
GNQ,Equatorial Guinea,2012.0,0.42538608738990286,3766
ERI,Eritrea,2012.0,2.4817197899481633,1049
EST,Estonia,2012.0,11.006762579681874,955
FJI,Fiji,2012.0,0.08042737264846873,16440
FIN,Finland,2012.0,9.166907109236208,2023
PYF,French Polynesia,2012.0,0.06955564314375869,60121
ATF,Amsterdam and Saint Paul Islands,2012.0,0.19168755296898216,7809
ATF,Crozet Islands,2012.0,0.3148729176807078,9933
ATF,Kerguélen,2012.0,0.27400014770749487,9984
NCL,New Caledonia,2012.0,0.09942158666590091,15185
REU,Réunion,2012.0,0.07837465238128127,4142
ATF,Europa Island,2012.0,0.1344596064300642,1732
ATF,Juan de Nova Island,2012.0,0.1363024912614178,839
ATF,Bassas da India,2012.0,0.12756239083085247,1605
,Clipperton Island,2012.0,0.15359348272310186,5350
GLP,Guadeloupe,2012.0,0.08582022731679946,1226
BLM,Saint-Barthélemy,2012.0,0.1130443257597134,67
MAF,Collectivity of Saint Martin,2012.0,0.1352035773452372,29
SPM,Saint-Pierre and Miquelon,2012.0,0.6190748564597931,268
MTQ,Martinique,2012.0,0.10685709958027474,671
GUF,French Guiana,2012.0,1.4578809083222186,1632
WLF,Wallis and Futuna,2012.0,0.04911011639883389,3145
FRA,France,2012.0,0.9463685982600095,6246
DJI,Djibouti,2012.0,0.4996829718538569,115
GAB,Gabon,2012.0,1.5250540018262795,2456
GEO,Georgia,2012.0,0.8818250098221472,410
GMB,Gambia,2012.0,2.283230454422923,310
DEU,Germany,2012.0,5.124935387200924,1267
GHA,Ghana,2012.0,0.4722164217823276,2789
KIR,Phoenix Group,2012.0,0.13553351205703015,8985
KIR,Line Group,2012.0,0.13763025600339196,19889
KIR,Gilbert Islands,2012.0,0.14049489529774364,12655
GRC,Greece,2012.0,0.157491256637973,7497
GRD,Grenada,2012.0,0.46938821924293234,360
GTM,Guatemala,2012.0,0.5384691582534564,1418
GIN,Guinea,2012.0,0.9851257834460875,1296
GUY,Guyana,2012.0,1.104419089577028,1675
HTI,Haiti,2012.0,0.11218254270758272,1418
HND,Honduras,2012.0,0.2182422055037271,2731
ISL,Iceland,2012.0,0.8966139522665256,21248
,Andaman and Nicobar,2012.0,0.15306714754409761,8172
IND,India,2012.0,0.6639700963708356,20635
IDN,Indonesia,2012.0,0.4106432765481754,73304
IRN,Iran,2012.0,1.6694710901883478,3232
IRQ,Iraq,2012.0,2.620034621805597,31
IRL,Ireland,2012.0,0.8780967063073406,8452
ISR,Israel,2012.0,0.11557663663749548,418
ITA,Italy,2012.0,0.2548718395153499,8671
CIV,Ivory Coast,2012.0,0.8820824116904137,2105
JAM,Jamaica,2012.0,0.10550908701002497,3317
JPN,Japan,2012.0,0.23770680341583902,56527
KAZ,Kazakhstan,2012.0,4.487372088651345,1856
JOR,Jordan,2012.0,0.38911997973918916,5
KEN,Kenya,2012.0,0.20942785320499957,1544
PRK,North Korea,2012.0,1.281532434812122,1878
KOR,South Korea,2012.0,1.120634624235631,5258
KWT,Kuwait,2012.0,1.7959821662223285,176
LBN,Lebanon,2012.0,0.13913551429452742,312
LVA,Latvia,2012.0,8.672583243780455,693
LBR,Liberia,2012.0,0.31879816040324777,3084
LBY,Libya,2012.0,0.1102768730985111,5167
LTU,Lithuania,2012.0,7.944625986702264,158
MDG,Madagascar,2012.0,0.20703632403083194,15645
MYS,Malaysia,2012.0,0.6496107156690298,6586
MDV,Maldives,2012.0,0.12697684145867758,11087
MLT,Malta,2012.0,0.127062366214944,829
MRT,Mauritania,2012.0,4.226916369860862,2232
MUS,Republic of Mauritius,2012.0,0.08608261145751094,16069
,Chagos Archipelago,2012.0,0.0979558786106582,7834
MEX,Mexico,2012.0,0.4155935705821883,41263
MCO,Monaco,2012.0,0.35728469559662174,18
MNE,Montenegro,2012.0,0.25508709660109236,120
MAR,Morocco,2012.0,0.594590440065465,4111
MOZ,Mozambique,2012.0,0.2709472903795403,7398
OMN,Oman,2012.0,1.726908592412189,7198
NAM,Namibia,2012.0,2.113105048069458,7413
NRU,Nauru,2012.0,0.11824110465906691,3761
ABW,Aruba,2012.0,0.158686142036005,418
BES,Bonaire,2012.0,0.16511665734607997,194
CUW,Curaçao,2012.0,0.155917641815173,368
BES,Saba,2012.0,0.1253549757286877,144
BES,Sint-Eustatius,2012.0,0.12153440816083091,50
SXM,Sint-Maarten,2012.0,0.14030265573145181,11
NLD,Netherlands,2012.0,3.090313115958991,1349
VUT,Vanuatu,2012.0,0.0786280613339223,7957
COK,Cook Islands,2012.0,0.062316112338397414,24465
NIU,Niue,2012.0,0.04169087933156574,4088
TKL,Tokelau,2012.0,0.07870088331336093,3955
NZL,New Zealand,2012.0,0.27962556285581436,66985
NIC,Nicaragua,2012.0,0.5689008138224565,2814
NGA,Nigeria,2012.0,1.3686506756788852,2168
SJM,Svalbard,2012.0,0.6570229163409169,35433
NOR,Norway,2012.0,0.8359942138830229,29404
SJM,Jan Mayen,2012.0,0.4932878793612276,10727
FSM,Micronesia,2012.0,0.058066283317210914,36153
MHL,Marshall Islands,2012.0,0.05256471011709115,24338
PLW,Palau,2012.0,0.07737126559902589,7490
PAK,Pakistan,2012.0,1.8297230197122094,2987
PAN,Panama,2012.0,0.4968262480789925,4114
PNG,Papua New Guinea,2012.0,0.1786922621357146,29167
PER,Peru,2012.0,1.1683779501660012,10588
PHL,Philippines,2012.0,0.14925053840925795,24520
POL,Poland,2012.0,7.3090230813184265,698
,Azores,2012.0,0.15530005456928003,14634
,Madeira,2012.0,0.12636812053751814,6514
PRT,Portugal,2012.0,0.3264459040496325,4854
GNB,Guinea-Bissau,2012.0,1.976988158412481,1349
,Oecusse,2012.0,0.33248827411520226,33
TLS,East Timor,2012.0,0.2226568782718215,1002
QAT,Qatar,2012.0,1.4734142838237758,468
ROU,Romania,2012.0,1.8985444087423458,526
RUS,Russia,2012.0,2.1278973632752414,233900
KNA,Saint Kitts and Nevis,2012.0,0.10915180949680842,150
LCA,Saint Lucia,2012.0,0.13699446126116605,233
VCT,Saint Vincent and the Grenadines,2012.0,0.2121878225541829,497
STP,Sao Tome and Principe,2012.0,0.20312486504503324,1654
SAU,Saudi Arabia,2012.0,0.5312453331526301,3152
SEN,Senegal,2012.0,1.8408997664121896,2036
SYC,Seychelles,2012.0,0.13244935718553033,16211
SLE,Sierra Leone,2012.0,0.4603045357487706,1998
SGP,Singapore,2012.0,4.911766003046154,15
VNM,Vietnam,2012.0,0.45659204893371275,9334
SVN,Slovenia,2012.0,1.0495899261583186,8
SOM,Federal Republic of Somalia,2012.0,0.31094144920295846,10097
ZAF,South Africa,2012.0,0.5902374186113035,15370
,Prince Edward Islands,2012.0,0.22312574653651687,8283
,Canary Islands,2012.0,0.15163634648419744,6206
ESP,Spain,2012.0,0.4526971087373069,9244
SDN,Sudan,2012.0,0.32224718602935665,860
SUR,Suriname,2012.0,0.9591897426210322,1673
SWE,Sweden,2012.0,6.9338629213114285,3747
SYR,Syria,2012.0,0.14173546911594292,178
THA,Thailand,2012.0,0.5927951447227953,3742
TGO,Togo,2012.0,0.563174956783579,233
TON,Tonga,2012.0,0.06960182130462503,8579
TTO,Trinidad and Tobago,2012.0,1.6057917764522627,1012
ARE,United Arab Emirates,2012.0,1.5467016142566772,731
TUN,Tunisia,2012.0,0.7671237298655769,1597
TUR,Turkey,2012.0,0.7227247196245677,4499
TKM,Turkmenistan,2012.0,1.7022608816360965,992
TUV,Tuvalu,2012.0,0.06333762986862788,9171
EGY,Egypt,2012.0,0.23858177875919284,3535
SHN,Ascension,2012.0,0.10878128549372343,5448
PCN,Pitcairn,2012.0,0.03184190635974822,11080
SHN,Saint Helena,2012.0,0.08771588412857236,5637
SHN,Tristan da Cunha,2012.0,0.23704662177740826,11599
AIA,Anguilla,2012.0,0.06262010794928739,1207
VGB,British Virgin Islands,2012.0,0.061869447896702436,1099
CYM,Cayman Islands,2012.0,0.0793398570890217,1554
MSR,Montserrat,2012.0,0.10313465589500077,115
TCA,Turks and Caicos Islands,2012.0,0.07363858660782531,1232
GGY,Guernsey,2012.0,1.009419331200311,89
JEY,Jersey,2012.0,1.4286145776745576,57
GBR,United Kingdom,2012.0,1.2316755023794244,16139
BMU,Bermuda,2012.0,0.10041026845734435,6607
IMN,Isle of Man,2012.0,2.091473316110069,106
TZA,Tanzania,2012.0,0.1689673067688318,2966
ASM,American Samoa,2012.0,0.043011126270749094,5102
UMI,Palmyra Atoll,2012.0,0.1294159290382609,4332
PRI,Puerto Rico,2012.0,0.113231272636601,2038
VIR,United States Virgin Islands,2012.0,0.11066295867323023,542
UMI,Johnston Atoll,2012.0,0.052692622169206844,5574
GUM,Guam,2012.0,0.03713751721590702,2640
MNP,Northern Mariana Islands,2012.0,0.045202889568977625,9662
UMI,Jarvis Island,2012.0,0.1676716171724541,3927
UMI,Howland and Baker Islands,2012.0,0.16468727138972886,5261
,Hawaii,2012.0,0.0647860343636044,32409
,Alaska,2012.0,1.1809025790201984,82338
USA,United States,2012.0,0.9505456474844329,36039
URY,Uruguay,2012.0,2.553733130214809,2168
VEN,Venezuela,2012.0,1.3930949009281197,5979
WSM,Samoa,2012.0,0.057534715411119985,1685
YEM,Yemen,2012.0,0.4923062183783813,6652
,Glorioso Islands,2012.0,0.1383900622866848,572
BLZ,Belize,2012.0,0.39352589395648885,28
KOR,South Korea,2012.0,0.42799414174749795,1219
PSE,Palestine,2012.0,0.3438967540593947,28
BRB,Barbados,2012.0,0.16260245383666655,5
IRQ,Iraq,2012.0,3.3899108067802763,3
,"Abu musa, Greater and Lesser Tunb",2012.0,2.514512310394927,101
FRO,Faeroe,2012.0,0.7827932622119855,67
,Doumeira Islands,2012.0,0.900781738933865,8
FRA,France,2012.0,0.30653428664403176,2
PNG,Papua New Guinea,2012.0,1.5701435171191604,55
FLK,Falkland / Malvinas Islands,2012.0,0.9609158006848013,10574
SGS,South Georgia and the South Sandwich Islands,2012.0,0.598314102306049,26199
URY,Uruguay,2012.0,3.3095836352153927,665
GBR,United Kingdom,2012.0,0.5686768457537373,257
MYT,Mayotte,2012.0,0.13600721742154134,887
CRI,Costa Rica,2012.0,0.1594327654192696,273
PER,Peru,2012.0,0.7394436195282997,242
DOM,Dominican Republic,2012.0,0.13459722417108042,189
ECU,Ecuador,2012.0,0.37680215008234424,280
JAM,Jamaica,2012.0,0.09921860797047638,239
NOR,Norway,2012.0,4.239278730842638,8
FRA,France,2012.0,0.6658952305658828,54
GIB,Gibraltar,2012.0,0.9447402657512128,13
HRV,Croatia,2012.0,0.7167200590842044,8
MYS,Malaysia,2012.0,1.7447451486922148,11
EGY,Egypt,2012.0,0.08153653830181033,138
,Matthew and Hunter Islands,2012.0,0.0980331981399275,2508
CAN,Canada,2012.0,0.6102020569192657,1036
,Navassa Island,2012.0,0.08973417936333473,205
HND,Honduras,2012.0,0.10609255776517994,37
,Melilla,2012.0,0.42460334300994873,1
,Alhucemas Islands,2012.0,0.9634684324264526,1
,Ceuta,2012.0,0.8943767910418303,2
,Peñón de Vélez de la Gomera,2012.0,0.724269449710846,1
,Chafarinas Islands,2012.0,0.5165401789877151,3
ESH,Western Sahara,2012.0,1.6456987951763624,3795
UMI,Wake Island / Enenkio,2012.0,0.040778340047513725,5210
,Kuril Islands,2012.0,0.883600947951628,3640
NOR,Norway,2012.0,0.8159737067663291,190
UKR,Ukraine,2012.0,3.3790034531723583,2403
USA,United States,2012.0,0.7252347724872483,240
ISL,Iceland,2012.0,0.4644056877070294,1568
STP,São Tomé and Principe,2012.0,0.16964249373967452,469
,Halaib Triangle,2012.0,0.16928890109183847,288
,Liancourt Rocks,2012.0,0.36922240491702213,35
TWN,Taiwan,2012.0,0.2464977064071073,4727
PRI,Puerto Rico,2012.0,0.05601795990128433,286
SEN,Senegal,2012.0,0.6612250689024743,831
VEN,Venezuela,2012.0,0.14323211150253584,36
,Ile Tromelin,2012.0,0.08467896965928413,3466
,Senkaku Islands,2012.0,0.21166777749220916,1036
QAT,Qatar,2012.0,1.4358453278494352,7
GUY,Guyana,2012.0,0.17695030613740645,71
COL,Colombia,2012.0,0.14371549450600804,26
ALB,Albania,2013.0,0.3573365454240973,226
DZA,Algeria,2013.0,0.31379825580070997,2059
AGO,Angola,2013.0,1.1345966995689385,6144
ATG,Antigua and Barbuda,2013.0,0.07343797586946077,1490
AZE,Azerbaijan,2013.0,1.8455131161952076,1327
ARG,Argentina,2013.0,1.481547848201222,18934
CXR,Christmas Island,2013.0,0.11823801108919336,4055
CCK,Cocos Islands,2013.0,0.0968722911705737,5760
HMD,Heard and McDonald Islands,2013.0,0.2115992015862805,8379
NFK,Norfolk Island,2013.0,0.1389228480131132,5935
AUS,Australia,2013.0,0.3000629395562685,94082
,Macquarie Island,2013.0,0.1601083533173848,9850
BHS,Bahamas,2013.0,0.26492451260040534,8275
BHR,Bahrain,2013.0,1.9994844938366323,133
BGD,Bangladesh,2013.0,1.5502886760780805,1361
BRB,Barbados,2013.0,0.17158671944787235,2342
BEL,Belgium,2013.0,5.771860977015107,86
,Trindade,2013.0,0.048357595790803475,6067
BRA,Brazil,2013.0,0.598814963591734,39595
BLZ,Belize,2013.0,0.8149797081257042,466
SLB,Solomon Islands,2013.0,0.09477891014108389,19607
BRN,Brunei,2013.0,0.39185162908862786,583
BGR,Bulgaria,2013.0,1.1233184129279903,610
MMR,Myanmar,2013.0,0.7139748210308361,6145
KHM,Cambodia,2013.0,0.4895070717095298,635
CMR,Cameroon,2013.0,4.722324537380526,188
CAN,Canada,2013.0,1.0552861261970468,116996
CPV,Cape Verde,2013.0,0.21815101524981617,10026
LKA,Sri Lanka,2013.0,0.32318228427355106,6545
CHL,Chile,2013.0,0.6502136711168399,39384
CHL,Islas San Félix and San Ambrosio,2013.0,0.13584776352314204,6055
,Easter Island,2013.0,0.026285321547673813,9790
CHN,China,2013.0,2.0668074720262415,13016
CHN,China,2013.0,0.11422524365998857,4309
COL,Colombia,2013.0,0.40243459357017974,8877
,Serrana Bank,2013.0,0.1339457263970231,47
,Quitasueño Bank,2013.0,0.13132409311973284,66
,Serranilla Bank,2013.0,0.20479932564784123,32
,Bajo Nuevo Bank,2013.0,0.12878073848127697,28
COM,Comores,2013.0,0.1381134819176789,2099
COG,Republic of the Congo,2013.0,9.165260663658621,457
COD,Democratic Republic of the Congo,2013.0,4.605431590943661,205
CRI,Costa Rica,2013.0,0.32542832749158157,7130
HRV,Croatia,2013.0,0.3220592409859721,982
CUB,Cuba,2013.0,0.46060575423655076,4869
CYP,Cyprus,2013.0,0.09133167761443423,1512
BEN,Benin,2013.0,0.4115311149841911,467
FRO,Faeroe,2013.0,0.5629335944192283,6923
DNK,Denmark,2013.0,4.269295618387929,2431
GRL,Greenland,2013.0,0.6873580085405661,63519
DMA,Dominica,2013.0,0.10585281373644592,433
DOM,Dominican Republic,2013.0,0.09662305221800584,4595
,Galapagos,2013.0,0.24621397456968452,10153
ECU,Ecuador,2013.0,0.7100276324046377,2852
SLV,El Salvador,2013.0,0.7809395678720769,1207
GNQ,Equatorial Guinea,2013.0,0.4432496511646554,3747
ERI,Eritrea,2013.0,2.4757694780454735,1044
EST,Estonia,2013.0,12.758164243811027,953
FJI,Fiji,2013.0,0.08425722142762934,16438
FIN,Finland,2013.0,9.320175043871053,2033
PYF,French Polynesia,2013.0,0.06488130988347485,60122
ATF,Amsterdam and Saint Paul Islands,2013.0,0.18179933907086443,7809
ATF,Crozet Islands,2013.0,0.3034343681947389,9933
ATF,Kerguélen,2013.0,0.2746590534154544,9987
NCL,New Caledonia,2013.0,0.10556930160358512,15177
REU,Réunion,2013.0,0.08699817838024372,4143
ATF,Europa Island,2013.0,0.156944603958949,1732
ATF,Juan de Nova Island,2013.0,0.14362636994506908,839
ATF,Bassas da India,2013.0,0.15174109410188893,1605
,Clipperton Island,2013.0,0.1547234202450953,5350
GLP,Guadeloupe,2013.0,0.08982746025683254,1226
BLM,Saint-Barthélemy,2013.0,0.10714644385631271,67
MAF,Collectivity of Saint Martin,2013.0,0.1421401576587448,29
SPM,Saint-Pierre and Miquelon,2013.0,0.6826818915282081,267
MTQ,Martinique,2013.0,0.1235374287822537,671
GUF,French Guiana,2013.0,1.6316532816418226,1634
WLF,Wallis and Futuna,2013.0,0.04681751207074978,3146
FRA,France,2013.0,0.8959621919759364,6242
DJI,Djibouti,2013.0,0.43283418203158797,114
GAB,Gabon,2013.0,2.281667529938917,2465
GEO,Georgia,2013.0,0.7938637013402712,412
GMB,Gambia,2013.0,3.082088348433983,311
DEU,Germany,2013.0,6.117170116017759,1270
GHA,Ghana,2013.0,0.3816320038969479,2789
KIR,Phoenix Group,2013.0,0.13331747671694089,8985
KIR,Line Group,2013.0,0.12844895316763733,19889
KIR,Gilbert Islands,2013.0,0.15673813993937294,12656
GRC,Greece,2013.0,0.14828749377051317,7517
GRD,Grenada,2013.0,0.3813478013686794,360
GTM,Guatemala,2013.0,0.6809407001766553,1418
GIN,Guinea,2013.0,1.7069190893518378,1285
GUY,Guyana,2013.0,1.4487229962835664,1676
HTI,Haiti,2013.0,0.10493437204835783,1418
HND,Honduras,2013.0,0.25538442480851914,2728
ISL,Iceland,2013.0,0.8606830468060918,21235
,Andaman and Nicobar,2013.0,0.156380330242631,8167
IND,India,2013.0,0.7035986359799599,20627
IDN,Indonesia,2013.0,0.39633042203728613,73265
IRN,Iran,2013.0,1.6637253068708107,3230
IRQ,Iraq,2013.0,2.7345662636903936,29
IRL,Ireland,2013.0,0.6026700499327401,8448
ISR,Israel,2013.0,0.1345324270231779,418
ITA,Italy,2013.0,0.32465355073443913,8672
CIV,Ivory Coast,2013.0,0.6399154751697025,2105
JAM,Jamaica,2013.0,0.10440632207439461,3317
JPN,Japan,2013.0,0.258239464767609,56526
KAZ,Kazakhstan,2013.0,4.736074027693101,1883
JOR,Jordan,2013.0,0.16959759125342735,5
KEN,Kenya,2013.0,0.2257806528712355,1551
PRK,North Korea,2013.0,1.6175254880315437,1882
KOR,South Korea,2013.0,1.243022684527224,5264
KWT,Kuwait,2013.0,1.7634277288626956,176
LBN,Lebanon,2013.0,0.12745567104152156,310
LVA,Latvia,2013.0,10.045088561746555,694
LBR,Liberia,2013.0,0.3531247763141255,3086
LBY,Libya,2013.0,0.10717571815452054,5168
LTU,Lithuania,2013.0,8.442619523233677,158
MDG,Madagascar,2013.0,0.2130931177900253,15620
MYS,Malaysia,2013.0,0.6119004948235092,6572
MDV,Maldives,2013.0,0.14627077967106503,11087
MLT,Malta,2013.0,0.13177288020190406,829
MRT,Mauritania,2013.0,3.744775232140313,2232
MUS,Republic of Mauritius,2013.0,0.089091525079024,16069
,Chagos Archipelago,2013.0,0.11043973773228571,7834
MEX,Mexico,2013.0,0.3443109999858031,41277
MCO,Monaco,2013.0,0.25876514622528396,18
MNE,Montenegro,2013.0,0.2812359409594424,120
MAR,Morocco,2013.0,0.49202137869360585,4113
MOZ,Mozambique,2013.0,0.2914236412213279,7413
OMN,Oman,2013.0,1.1979068432897317,7202
NAM,Namibia,2013.0,1.8076207507330158,7411
NRU,Nauru,2013.0,0.14799984941123764,3761
ABW,Aruba,2013.0,0.15621473512678163,418
BES,Bonaire,2013.0,0.17593438132279834,195
CUW,Curaçao,2013.0,0.15850003118545766,368
BES,Saba,2013.0,0.13325893780016843,144
BES,Sint-Eustatius,2013.0,0.11417655797256984,50
SXM,Sint-Maarten,2013.0,0.1405964305071294,11
NLD,Netherlands,2013.0,3.9487732186339484,1353
VUT,Vanuatu,2013.0,0.07596205574930058,7951
COK,Cook Islands,2013.0,0.05069660229684003,24465
NIU,Niue,2013.0,0.039440603966407,4088
TKL,Tokelau,2013.0,0.06720756178176228,3955
NZL,New Zealand,2013.0,0.304604263068505,66976
NIC,Nicaragua,2013.0,0.5217419154084348,2815
NGA,Nigeria,2013.0,0.9422985021962462,2167
SJM,Svalbard,2013.0,0.7377212005616927,38142
NOR,Norway,2013.0,0.9366852499777558,29498
SJM,Jan Mayen,2013.0,0.7430607265946287,10727
FSM,Micronesia,2013.0,0.052774166679925266,36154
MHL,Marshall Islands,2013.0,0.05101770005250849,24338
PLW,Palau,2013.0,0.08017394408997269,7491
PAK,Pakistan,2013.0,2.0548469195423587,2987
PAN,Panama,2013.0,0.44321375254092193,4123
PNG,Papua New Guinea,2013.0,0.17681182752472616,29152
PER,Peru,2013.0,1.4657002477957832,10585
PHL,Philippines,2013.0,0.1520353682866379,24539
POL,Poland,2013.0,8.1496398774834,699
,Azores,2013.0,0.15836014435206772,14636
,Madeira,2013.0,0.11799137259323139,6514
PRT,Portugal,2013.0,0.3620500653261484,4853
GNB,Guinea-Bissau,2013.0,2.7822828303781124,1345
,Oecusse,2013.0,0.2653858650337015,31
TLS,East Timor,2013.0,0.20790374944149792,1003
QAT,Qatar,2013.0,1.2494941579760386,470
ROU,Romania,2013.0,2.44990807490764,525
RUS,Russia,2013.0,2.249242492282436,218683
KNA,Saint Kitts and Nevis,2013.0,0.10745202485279529,150
LCA,Saint Lucia,2013.0,0.1559983448941638,233
VCT,Saint Vincent and the Grenadines,2013.0,0.19928259296588516,497
STP,Sao Tome and Principe,2013.0,0.22152803106935529,1655
SAU,Saudi Arabia,2013.0,0.5359622748723736,3156
SEN,Senegal,2013.0,2.8096909039786935,2036
SYC,Seychelles,2013.0,0.14939151031935327,16212
SLE,Sierra Leone,2013.0,0.5826231418437496,2000
SGP,Singapore,2013.0,2.888622097805653,15
VNM,Vietnam,2013.0,0.4376693792235397,9335
SVN,Slovenia,2013.0,1.210030354314567,8
SOM,Federal Republic of Somalia,2013.0,0.3655333896690115,10101
ZAF,South Africa,2013.0,0.6660786584930113,15371
,Prince Edward Islands,2013.0,0.2171773204461681,8283
,Canary Islands,2013.0,0.1348056229173018,6202
ESP,Spain,2013.0,0.40708643024318053,9239
SDN,Sudan,2013.0,0.34208680321057827,858
SUR,Suriname,2013.0,1.0963274005517976,1667
SWE,Sweden,2013.0,6.915738236733684,3770
SYR,Syria,2013.0,0.13641792683008555,178
THA,Thailand,2013.0,0.5644918867069625,3741
TGO,Togo,2013.0,0.2333945229363541,233
TON,Tonga,2013.0,0.0734742653104732,8579
TTO,Trinidad and Tobago,2013.0,1.3947428832219104,1014
ARE,United Arab Emirates,2013.0,1.5745236621637337,730
TUN,Tunisia,2013.0,0.6930822541522472,1598
TUR,Turkey,2013.0,0.6917468790254578,4517
TKM,Turkmenistan,2013.0,1.7356409146745375,990
TUV,Tuvalu,2013.0,0.07198559902890668,9171
EGY,Egypt,2013.0,0.24697326324085359,3532
SHN,Ascension,2013.0,0.10122917150001058,5448
PCN,Pitcairn,2013.0,0.03071767155333355,11080
SHN,Saint Helena,2013.0,0.09328281894327692,5637
SHN,Tristan da Cunha,2013.0,0.2682288550818889,11599
AIA,Anguilla,2013.0,0.06637502568079563,1207
VGB,British Virgin Islands,2013.0,0.06695664804151048,1099
CYM,Cayman Islands,2013.0,0.07791619830549103,1554
MSR,Montserrat,2013.0,0.1018023761123548,115
TCA,Turks and Caicos Islands,2013.0,0.09073753811785075,1243
GGY,Guernsey,2013.0,1.2415723413597446,89
JEY,Jersey,2013.0,1.4711112390739634,57
GBR,United Kingdom,2013.0,1.1062285947059673,16140
BMU,Bermuda,2013.0,0.09000398367950264,6607
IMN,Isle of Man,2013.0,1.6068291105795391,106
TZA,Tanzania,2013.0,0.18477786558145365,2965
ASM,American Samoa,2013.0,0.03866293451050503,5102
UMI,Palmyra Atoll,2013.0,0.11657396023670677,4332
PRI,Puerto Rico,2013.0,0.12072842428141105,2039
VIR,United States Virgin Islands,2013.0,0.12469338403684906,542
UMI,Johnston Atoll,2013.0,0.04784782686851508,5574
GUM,Guam,2013.0,0.03820747367445045,2640
MNP,Northern Mariana Islands,2013.0,0.046443295499798254,9663
UMI,Jarvis Island,2013.0,0.16705733968133019,3927
UMI,Howland and Baker Islands,2013.0,0.16801530360480743,5261
,Hawaii,2013.0,0.06813154739210978,32409
,Alaska,2013.0,1.2739012269068035,79466
USA,United States,2013.0,1.0352479954540021,36061
URY,Uruguay,2013.0,2.7540975276396353,2174
VEN,Venezuela,2013.0,1.3201785358742275,5980
WSM,Samoa,2013.0,0.048059596449642625,1683
YEM,Yemen,2013.0,0.44142041956052064,6642
,Glorioso Islands,2013.0,0.14011699580223635,572
BLZ,Belize,2013.0,0.47549411903926375,28
KOR,South Korea,2013.0,0.31263816822109836,1219
PSE,Palestine,2013.0,0.5008743342360165,28
BRB,Barbados,2013.0,0.2555728713279874,5
IRQ,Iraq,2013.0,3.7163329850072446,3
,"Abu musa, Greater and Lesser Tunb",2013.0,2.1705466859385183,101
FRO,Faeroe,2013.0,0.7912425580032738,67
,Doumeira Islands,2013.0,0.6999189421414691,8
FRA,France,2013.0,0.2805671113640515,2
PNG,Papua New Guinea,2013.0,1.6765212577032107,55
FLK,Falkland / Malvinas Islands,2013.0,0.8776184525352719,10576
SGS,South Georgia and the South Sandwich Islands,2013.0,0.5779441328458067,26480
URY,Uruguay,2013.0,3.4323069141486693,665
GBR,United Kingdom,2013.0,0.339862804508488,257
MYT,Mayotte,2013.0,0.14683838434509378,887
CRI,Costa Rica,2013.0,0.17274127701973754,273
PER,Peru,2013.0,0.7854626552216668,242
DOM,Dominican Republic,2013.0,0.11952089193309552,189
ECU,Ecuador,2013.0,0.4313431169928898,280
JAM,Jamaica,2013.0,0.09563930087364397,239
NOR,Norway,2013.0,3.491637242358664,8
FRA,France,2013.0,0.4219135574828226,54
GIB,Gibraltar,2013.0,0.7113182043701515,13
HRV,Croatia,2013.0,0.7959226534630242,8
MYS,Malaysia,2013.0,1.613310617313051,11
EGY,Egypt,2013.0,0.08143040290327741,138
,Matthew and Hunter Islands,2013.0,0.09275536190372459,2508
CAN,Canada,2013.0,3.2331222382125686,533
,Navassa Island,2013.0,0.08422125481802971,205
HND,Honduras,2013.0,0.10205204051279812,37
,Melilla,2013.0,0.46023204922676086,1
,Alhucemas Islands,2013.0,0.5454690456390381,1
,Ceuta,2013.0,0.44914244309715606,2
,Peñón de Vélez de la Gomera,2013.0,0.5793398022651672,1
,Chafarinas Islands,2013.0,0.7084054046207006,3
ESH,Western Sahara,2013.0,1.4730226223099718,3795
UMI,Wake Island / Enenkio,2013.0,0.044151274116273856,5210
,Kuril Islands,2013.0,0.862296089292607,3644
NOR,Norway,2013.0,2.3179284929932895,190
UKR,Ukraine,2013.0,3.0303045546649465,2404
USA,United States,2013.0,1.7002395200878977,221
ISL,Iceland,2013.0,0.6815352005690973,1568
STP,São Tomé and Principe,2013.0,0.16355641286531802,471
,Halaib Triangle,2013.0,0.1700196306149794,289
,Liancourt Rocks,2013.0,0.46829614575648765,35
TWN,Taiwan,2013.0,0.27027619079356924,4732
PRI,Puerto Rico,2013.0,0.05388545829288937,286
SEN,Senegal,2013.0,0.9801337608661579,831
VEN,Venezuela,2013.0,0.13083327483961743,36
,Ile Tromelin,2013.0,0.09091569987939731,3466
,Senkaku Islands,2013.0,0.24955378432328845,1036
QAT,Qatar,2013.0,1.437977354125221,7
GUY,Guyana,2013.0,0.22286098683795036,71
COL,Colombia,2013.0,0.12244463048989788,26
ALB,Albania,2014.0,0.32634311579381103,227
DZA,Algeria,2014.0,0.3325745505147953,2055
AGO,Angola,2014.0,1.1045657959269317,6149
ATG,Antigua and Barbuda,2014.0,0.07495878729064606,1490
AZE,Azerbaijan,2014.0,2.2001374362088306,1325
ARG,Argentina,2014.0,1.6252158012978524,18906
CXR,Christmas Island,2014.0,0.10628480674958003,4055
CCK,Cocos Islands,2014.0,0.08583377958270236,5760
HMD,Heard and McDonald Islands,2014.0,0.18557861682494275,8379
NFK,Norfolk Island,2014.0,0.13931653616322892,5935
AUS,Australia,2014.0,0.3034665050556121,93989
,Macquarie Island,2014.0,0.17651482415217376,9850
BHS,Bahamas,2014.0,0.2701815123414114,8285
BHR,Bahrain,2014.0,2.1044236275797656,132
BGD,Bangladesh,2014.0,1.6483653378975531,1364
BRB,Barbados,2014.0,0.1824134561266464,2342
BEL,Belgium,2014.0,5.055428458023417,84
,Trindade,2014.0,0.043180480659413344,6067
BRA,Brazil,2014.0,0.5607752644639689,39518
BLZ,Belize,2014.0,0.664890476281754,464
SLB,Solomon Islands,2014.0,0.08793096030392854,19596
BRN,Brunei,2014.0,0.37195157837779236,583
BGR,Bulgaria,2014.0,1.139707700122514,608
MMR,Myanmar,2014.0,0.7261797142209061,6146
KHM,Cambodia,2014.0,0.4192279714454729,635
CMR,Cameroon,2014.0,5.30319107022033,188
CAN,Canada,2014.0,1.0124096291994058,119410
CPV,Cape Verde,2014.0,0.30108081011810883,10025
LKA,Sri Lanka,2014.0,0.2874794617140894,6547
CHL,Chile,2014.0,0.7024365608077138,39326
CHL,Islas San Félix and San Ambrosio,2014.0,0.14521686845104748,6055
,Easter Island,2014.0,0.030449749660591288,9790
CHN,China,2014.0,1.9693084428704437,12896
CHN,China,2014.0,0.11901932997339346,4309
COL,Colombia,2014.0,0.35761534947384854,8869
,Serrana Bank,2014.0,0.12980362499790518,47
,Quitasueño Bank,2014.0,0.13664343707708687,66
,Serranilla Bank,2014.0,0.20094950419952753,32
,Bajo Nuevo Bank,2014.0,0.13881101643020005,28
COM,Comores,2014.0,0.12044160537396005,2098
COG,Republic of the Congo,2014.0,8.652685207954953,455
COD,Democratic Republic of the Congo,2014.0,3.615581903885815,205
CRI,Costa Rica,2014.0,0.231642454616428,7127
HRV,Croatia,2014.0,0.2870269529739451,979
CUB,Cuba,2014.0,0.47353430602913926,4863
CYP,Cyprus,2014.0,0.09403424044297969,1509
BEN,Benin,2014.0,0.44249569498234453,463
FRO,Faeroe,2014.0,0.7537460291200494,6923
DNK,Denmark,2014.0,4.954885270476836,2397
GRL,Greenland,2014.0,0.825049850150145,63146
DMA,Dominica,2014.0,0.11776335395069706,432
DOM,Dominican Republic,2014.0,0.10616418905023955,4593
,Galapagos,2014.0,0.21518210271916158,10152
ECU,Ecuador,2014.0,0.7493218063066267,2862
SLV,El Salvador,2014.0,0.440717445410121,1207
GNQ,Equatorial Guinea,2014.0,0.5800354945082197,3767
ERI,Eritrea,2014.0,2.9834554750256226,1042
EST,Estonia,2014.0,11.57958170123937,959
FJI,Fiji,2014.0,0.08082733498618387,16438
FIN,Finland,2014.0,9.987540964119498,2027
PYF,French Polynesia,2014.0,0.06004612765650639,60121
ATF,Amsterdam and Saint Paul Islands,2014.0,0.18022587182845523,7809
ATF,Crozet Islands,2014.0,0.23442165341804966,9933
ATF,Kerguélen,2014.0,0.32270223163795936,9976
NCL,New Caledonia,2014.0,0.11042419400495924,15176
REU,Réunion,2014.0,0.08623310289988231,4143
ATF,Europa Island,2014.0,0.13962106350486145,1732
ATF,Juan de Nova Island,2014.0,0.13212691135418006,839
ATF,Bassas da India,2014.0,0.12833256536139692,1605
,Clipperton Island,2014.0,0.16875167023965815,5350
GLP,Guadeloupe,2014.0,0.09519631962930619,1226
BLM,Saint-Barthélemy,2014.0,0.11532009495749261,67
MAF,Collectivity of Saint Martin,2014.0,0.13985190276461829,29
SPM,Saint-Pierre and Miquelon,2014.0,0.6414707470664709,268
MTQ,Martinique,2014.0,0.1272679041288613,671
GUF,French Guiana,2014.0,1.9721919697075103,1634
WLF,Wallis and Futuna,2014.0,0.04935321587485048,3146
FRA,France,2014.0,0.9048323622722289,6250
DJI,Djibouti,2014.0,0.4697629865796359,113
GAB,Gabon,2014.0,2.284124924779272,2449
GEO,Georgia,2014.0,0.9098120700807483,410
GMB,Gambia,2014.0,4.475015635129518,312
DEU,Germany,2014.0,5.774341456116959,1270
GHA,Ghana,2014.0,0.48440433705785524,2790
KIR,Phoenix Group,2014.0,0.12990767732930694,8985
KIR,Line Group,2014.0,0.11893694133213673,19889
KIR,Gilbert Islands,2014.0,0.10241760062263858,12655
GRC,Greece,2014.0,0.14512407842562872,7485
GRD,Grenada,2014.0,0.41607082606369183,360
GTM,Guatemala,2014.0,0.5069178844701402,1419
GIN,Guinea,2014.0,2.194784566391943,1284
GUY,Guyana,2014.0,0.9626345033784349,1667
HTI,Haiti,2014.0,0.10587145646294951,1417
HND,Honduras,2014.0,0.2513804802384931,2729
ISL,Iceland,2014.0,0.9598720387744138,21227
,Andaman and Nicobar,2014.0,0.17421098934073898,8168
IND,India,2014.0,0.6475187430842588,20616
IDN,Indonesia,2014.0,0.3948952744104432,73243
IRN,Iran,2014.0,1.6757212957484018,3226
IRQ,Iraq,2014.0,2.6752724875744622,29
IRL,Ireland,2014.0,0.635914324312592,8453
ISR,Israel,2014.0,0.11350026160021087,418
ITA,Italy,2014.0,0.31855665833748964,8671
CIV,Ivory Coast,2014.0,0.5968010418274486,2104
JAM,Jamaica,2014.0,0.11206883612624204,3317
JPN,Japan,2014.0,0.34054123148015164,56540
KAZ,Kazakhstan,2014.0,4.218177098898497,1841
JOR,Jordan,2014.0,0.16388366263646348,5
KEN,Kenya,2014.0,0.22314225595036222,1546
PRK,North Korea,2014.0,1.3001587018438656,1880
KOR,South Korea,2014.0,1.1846716060093387,5265
KWT,Kuwait,2014.0,1.7175344966064185,174
LBN,Lebanon,2014.0,0.12243717613171021,310
LVA,Latvia,2014.0,9.538613213966588,695
LBR,Liberia,2014.0,0.3565709213593342,3089
LBY,Libya,2014.0,0.10822920803736934,5168
LTU,Lithuania,2014.0,9.093422061601567,159
MDG,Madagascar,2014.0,0.20249714119354306,15614
MYS,Malaysia,2014.0,0.5900523919958441,6583
MDV,Maldives,2014.0,0.153067260595191,11087
MLT,Malta,2014.0,0.1335533627495526,829
MRT,Mauritania,2014.0,3.8487556576424438,2233
MUS,Republic of Mauritius,2014.0,0.0839632467490689,16069
,Chagos Archipelago,2014.0,0.10454574851996384,7834
MEX,Mexico,2014.0,0.3228160504655565,41262
MCO,Monaco,2014.0,0.2892871610184578,18
MNE,Montenegro,2014.0,0.2637544708688535,120
MAR,Morocco,2014.0,0.5791347339579023,4114
MOZ,Mozambique,2014.0,0.2884252409953803,7394
OMN,Oman,2014.0,1.4580668904242906,7197
NAM,Namibia,2014.0,1.857135939452141,7415
NRU,Nauru,2014.0,0.06486378765719646,3761
ABW,Aruba,2014.0,0.1750688276855465,418
BES,Bonaire,2014.0,0.1820876171918879,194
CUW,Curaçao,2014.0,0.1705268836187824,368
BES,Saba,2014.0,0.1407657012988668,144
BES,Sint-Eustatius,2014.0,0.13165042714709174,50
SXM,Sint-Maarten,2014.0,0.14681351164502088,11
NLD,Netherlands,2014.0,3.29970410802673,1352
VUT,Vanuatu,2014.0,0.07258373564851295,7950
COK,Cook Islands,2014.0,0.05269909444351449,24465
NIU,Niue,2014.0,0.04683213396575055,4088
TKL,Tokelau,2014.0,0.07313084765039492,3955
NZL,New Zealand,2014.0,0.2808507626059657,66973
NIC,Nicaragua,2014.0,0.4275024514890742,2817
NGA,Nigeria,2014.0,1.0480334096004085,2165
SJM,Svalbard,2014.0,0.6769521030254863,30795
NOR,Norway,2014.0,0.9135785658228198,29446
SJM,Jan Mayen,2014.0,0.5622941551957376,10727
FSM,Micronesia,2014.0,0.053678889181831065,36153
MHL,Marshall Islands,2014.0,0.04207798921184831,24338
PLW,Palau,2014.0,0.08551738024793588,7490
PAK,Pakistan,2014.0,2.1311689269670158,2988
PAN,Panama,2014.0,0.4154950430317923,4127
PNG,Papua New Guinea,2014.0,0.16305140688332942,29157
PER,Peru,2014.0,1.5638411538677082,10582
PHL,Philippines,2014.0,0.1583112278435031,24522
POL,Poland,2014.0,7.765946768316182,697
,Azores,2014.0,0.21221886325879052,14635
,Madeira,2014.0,0.12414246138249756,6513
PRT,Portugal,2014.0,0.3349995025386604,4849
GNB,Guinea-Bissau,2014.0,3.180992131881462,1345
,Oecusse,2014.0,0.38415998123846873,31
TLS,East Timor,2014.0,0.21049698746023354,1002
QAT,Qatar,2014.0,1.27587346494092,471
ROU,Romania,2014.0,2.3684097795273895,524
RUS,Russia,2014.0,2.24872672679536,222792
KNA,Saint Kitts and Nevis,2014.0,0.12087936458527554,150
LCA,Saint Lucia,2014.0,0.1664854353648017,234
VCT,Saint Vincent and the Grenadines,2014.0,0.21358319964895037,497
STP,Sao Tome and Principe,2014.0,0.17966456909078513,1654
SAU,Saudi Arabia,2014.0,0.5641783103062734,3151
SEN,Senegal,2014.0,3.7070344329931038,2038
SYC,Seychelles,2014.0,0.14275974361862795,16212
SLE,Sierra Leone,2014.0,0.6832265227530199,1997
SGP,Singapore,2014.0,2.5201195433912944,12
VNM,Vietnam,2014.0,0.44671778287629843,9340
SVN,Slovenia,2014.0,1.36585727913616,8
SOM,Federal Republic of Somalia,2014.0,0.3530192979055268,10098
ZAF,South Africa,2014.0,0.7288593104559843,15370
,Prince Edward Islands,2014.0,0.19132755463991707,8283
,Canary Islands,2014.0,0.13798172713785017,6203
ESP,Spain,2014.0,0.3783906335528665,9238
SDN,Sudan,2014.0,0.3091619663996011,859
SUR,Suriname,2014.0,1.085420766514747,1668
SWE,Sweden,2014.0,8.10750910211288,3745
SYR,Syria,2014.0,0.12360896708495135,178
THA,Thailand,2014.0,0.55075029811532,3744
TGO,Togo,2014.0,0.2800125467846083,233
TON,Tonga,2014.0,0.07473609185661327,8579
TTO,Trinidad and Tobago,2014.0,1.3886226604262464,1013
ARE,United Arab Emirates,2014.0,1.548658283901168,727
TUN,Tunisia,2014.0,0.7335987903980818,1601
TUR,Turkey,2014.0,0.8090714200241769,4489
TKM,Turkmenistan,2014.0,1.6407230654947096,986
TUV,Tuvalu,2014.0,0.07076206780678265,9171
EGY,Egypt,2014.0,0.24134990804615025,3530
SHN,Ascension,2014.0,0.10824170645207282,5448
PCN,Pitcairn,2014.0,0.03063285346773297,11080
SHN,Saint Helena,2014.0,0.08997442517552479,5637
SHN,Tristan da Cunha,2014.0,0.2450832935521609,11599
AIA,Anguilla,2014.0,0.06246905396018747,1207
VGB,British Virgin Islands,2014.0,0.06395069380168338,1099
CYM,Cayman Islands,2014.0,0.0850728329233859,1554
MSR,Montserrat,2014.0,0.11891828710053298,115
TCA,Turks and Caicos Islands,2014.0,0.09229670626956789,1245
GGY,Guernsey,2014.0,1.3467757325740133,88
JEY,Jersey,2014.0,1.7761284752244126,57
GBR,United Kingdom,2014.0,1.1910754008980515,16130
BMU,Bermuda,2014.0,0.08392212224369208,6607
IMN,Isle of Man,2014.0,2.043930555127143,106
TZA,Tanzania,2014.0,0.17499476898733163,2963
ASM,American Samoa,2014.0,0.03941101810109059,5102
UMI,Palmyra Atoll,2014.0,0.08860715786139418,4332
PRI,Puerto Rico,2014.0,0.11202527140466403,2038
VIR,United States Virgin Islands,2014.0,0.11636798616978714,542
UMI,Johnston Atoll,2014.0,0.04823311148994523,5574
GUM,Guam,2014.0,0.03576014760151941,2640
MNP,Northern Mariana Islands,2014.0,0.044978647965137626,9663
UMI,Jarvis Island,2014.0,0.16221559386108592,3927
UMI,Howland and Baker Islands,2014.0,0.14667316019227508,5261
,Hawaii,2014.0,0.07148150350723827,32406
,Alaska,2014.0,1.3256272672502718,83513
USA,United States,2014.0,0.9891664632199947,36060
URY,Uruguay,2014.0,3.908238800046594,2161
VEN,Venezuela,2014.0,1.267278590341684,5988
WSM,Samoa,2014.0,0.04764060963800121,1683
YEM,Yemen,2014.0,0.46675796997434366,6646
,Glorioso Islands,2014.0,0.12042827361701063,572
BLZ,Belize,2014.0,0.4137035058798917,28
KOR,South Korea,2014.0,0.36765512712127496,1219
PSE,Palestine,2014.0,0.3350468642321272,28
BRB,Barbados,2014.0,0.21979618784535693,5
IRQ,Iraq,2014.0,3.4603638130685557,3
,"Abu musa, Greater and Lesser Tunb",2014.0,1.9781255703621956,101
FRO,Faeroe,2014.0,1.0316152632150533,67
,Doumeira Islands,2014.0,0.7268608758980084,8
FRA,France,2014.0,0.19849631518347938,2
PNG,Papua New Guinea,2014.0,1.801089332817247,54
FLK,Falkland / Malvinas Islands,2014.0,0.8380090194116615,10571
SGS,South Georgia and the South Sandwich Islands,2014.0,0.3928210741575598,26215
URY,Uruguay,2014.0,6.43549782464871,665
GBR,United Kingdom,2014.0,0.5002804616932912,257
MYT,Mayotte,2014.0,0.12483283120848329,887
CRI,Costa Rica,2014.0,0.13705678861168413,273
PER,Peru,2014.0,1.1580397626503753,242
DOM,Dominican Republic,2014.0,0.12841818081819015,189
ECU,Ecuador,2014.0,0.3666778704080678,280
JAM,Jamaica,2014.0,0.10805879326771772,239
NOR,Norway,2014.0,5.1977648350022605,8
FRA,France,2014.0,0.36151667502848034,54
GIB,Gibraltar,2014.0,0.872970077712921,13
HRV,Croatia,2014.0,1.0341553683750904,8
MYS,Malaysia,2014.0,1.050199296111949,11
EGY,Egypt,2014.0,0.08262852177966863,138
,Matthew and Hunter Islands,2014.0,0.09547597032210321,2508
CAN,Canada,2014.0,1.2856210163955413,674
,Navassa Island,2014.0,0.08570649321524053,205
HND,Honduras,2014.0,0.10065677976592678,37
,Melilla,2014.0,0.41024768352508545,1
,Alhucemas Islands,2014.0,0.693436861038208,1
,Ceuta,2014.0,0.5319771844407787,2
,Peñón de Vélez de la Gomera,2014.0,0.621558169523875,2
,Chafarinas Islands,2014.0,0.5259358972311019,3
ESH,Western Sahara,2014.0,1.5543394066969707,3794
UMI,Wake Island / Enenkio,2014.0,0.04305699894964532,5210
,Kuril Islands,2014.0,1.2053305068714846,3641
NOR,Norway,2014.0,2.0582950069398382,190
UKR,Ukraine,2014.0,3.0308785908069558,2401
USA,United States,2014.0,0.6599056851242875,268
ISL,Iceland,2014.0,0.6521322931335409,1568
STP,São Tomé and Principe,2014.0,0.1680620569801468,471
,Halaib Triangle,2014.0,0.1690789318562189,289
,Liancourt Rocks,2014.0,0.5208368316708941,35
TWN,Taiwan,2014.0,0.26152532379124277,4730
PRI,Puerto Rico,2014.0,0.05520842706132032,286
SEN,Senegal,2014.0,1.5821543995267415,831
VEN,Venezuela,2014.0,0.13670899530901823,36
,Ile Tromelin,2014.0,0.08001801775183766,3466
,Senkaku Islands,2014.0,0.2741416381296662,1036
QAT,Qatar,2014.0,1.2771601594320616,7
GUY,Guyana,2014.0,0.21858242070388584,71
COL,Colombia,2014.0,0.12725007164150023,26
ALB,Albania,2015.0,0.3229235153744793,225
DZA,Algeria,2015.0,0.2700665722302169,2053
AGO,Angola,2015.0,1.3355836330201492,6147
ATG,Antigua and Barbuda,2015.0,0.07502120151316995,1490
AZE,Azerbaijan,2015.0,2.2306054361515955,1324
ARG,Argentina,2015.0,1.553737551254972,18902
CXR,Christmas Island,2015.0,0.12555698126277767,4055
CCK,Cocos Islands,2015.0,0.08499843433239943,5760
HMD,Heard and McDonald Islands,2015.0,0.18480953675979997,8379
NFK,Norfolk Island,2015.0,0.14287472402812038,5935
AUS,Australia,2015.0,0.3066251572618873,93984
,Macquarie Island,2015.0,0.17277075940602005,9850
BHS,Bahamas,2015.0,0.2743284437567922,8273
BHR,Bahrain,2015.0,1.9982914149623594,132
BGD,Bangladesh,2015.0,1.272606813048577,1331
BRB,Barbados,2015.0,0.17734173395562308,2342
BEL,Belgium,2015.0,7.202312208198225,85
,Trindade,2015.0,0.04300318398296334,6067
BRA,Brazil,2015.0,0.5394715314866424,39514
BLZ,Belize,2015.0,0.7625375239620827,468
SLB,Solomon Islands,2015.0,0.11581755356620924,19599
BRN,Brunei,2015.0,0.43941623826086146,583
BGR,Bulgaria,2015.0,0.9576997567227743,610
MMR,Myanmar,2015.0,0.7551081247215065,6146
KHM,Cambodia,2015.0,0.4185188561031884,634
CMR,Cameroon,2015.0,5.7464939799762345,187
CAN,Canada,2015.0,1.140183443289868,129752
CPV,Cape Verde,2015.0,0.2916729086556815,10023
LKA,Sri Lanka,2015.0,0.23488247307975763,6546
CHL,Chile,2015.0,0.7165265781402208,39321
CHL,Islas San Félix and San Ambrosio,2015.0,0.13707611632845731,6055
,Easter Island,2015.0,0.0295489883648925,9790
CHN,China,2015.0,1.9495475004928617,12991
CHN,China,2015.0,0.10576025091029696,4309
COL,Colombia,2015.0,0.394944770889107,8876
,Serrana Bank,2015.0,0.14266861157442218,47
,Quitasueño Bank,2015.0,0.1432400949835033,66
,Serranilla Bank,2015.0,0.1881205074247777,32
,Bajo Nuevo Bank,2015.0,0.14120112497726253,28
COM,Comores,2015.0,0.12089470977320628,2099
COG,Republic of the Congo,2015.0,4.638264981786468,456
COD,Democratic Republic of the Congo,2015.0,4.353158117918631,205
CRI,Costa Rica,2015.0,0.1869521244063437,7125
HRV,Croatia,2015.0,0.28575421596190925,975
CUB,Cuba,2015.0,0.4628124954889979,4861
CYP,Cyprus,2015.0,0.10082908475769246,1511
BEN,Benin,2015.0,0.28926056720382115,465
FRO,Faeroe,2015.0,0.6297110032344309,6923
DNK,Denmark,2015.0,5.843346278280774,2387
GRL,Greenland,2015.0,0.8770539158628629,59601
DMA,Dominica,2015.0,0.1301465583262683,433
DOM,Dominican Republic,2015.0,0.11030714301578055,4594
,Galapagos,2015.0,0.20580865363654596,10152
ECU,Ecuador,2015.0,0.630259809299725,2855
SLV,El Salvador,2015.0,0.36855758281631484,1208
GNQ,Equatorial Guinea,2015.0,0.6660364127926727,3763
ERI,Eritrea,2015.0,2.384167686174368,1044
EST,Estonia,2015.0,12.337156754273915,958
FJI,Fiji,2015.0,0.08944013486539538,16436
FIN,Finland,2015.0,11.129204968475198,2036
PYF,French Polynesia,2015.0,0.05881489012679361,60120
ATF,Amsterdam and Saint Paul Islands,2015.0,0.19613561734148677,7809
ATF,Crozet Islands,2015.0,0.2306059432220538,9933
ATF,Kerguélen,2015.0,0.2909976515967965,9976
NCL,New Caledonia,2015.0,0.11095145365803835,15178
REU,Réunion,2015.0,0.0822310215890414,4142
ATF,Europa Island,2015.0,0.1428960751239768,1732
ATF,Juan de Nova Island,2015.0,0.14533195824874776,839
ATF,Bassas da India,2015.0,0.1377582911641076,1605
,Clipperton Island,2015.0,0.11807917242767849,5350
GLP,Guadeloupe,2015.0,0.10082336365528687,1226
BLM,Saint-Barthélemy,2015.0,0.11379961781240636,67
MAF,Collectivity of Saint Martin,2015.0,0.14881043489677492,29
SPM,Saint-Pierre and Miquelon,2015.0,0.5742460462007043,268
MTQ,Martinique,2015.0,0.14025467905277078,671
GUF,French Guiana,2015.0,1.5374515710847652,1634
WLF,Wallis and Futuna,2015.0,0.05997646881181788,3145
FRA,France,2015.0,1.0366528502265486,6239
DJI,Djibouti,2015.0,0.398098718506793,113
GAB,Gabon,2015.0,1.9385762064949157,2472
GEO,Georgia,2015.0,0.9528410227925471,410
GMB,Gambia,2015.0,3.036299867281463,307
DEU,Germany,2015.0,6.073711288315131,1279
GHA,Ghana,2015.0,0.4065964953466135,2783
KIR,Phoenix Group,2015.0,0.09598954228150598,8985
KIR,Line Group,2015.0,0.10207344699036468,19889
KIR,Gilbert Islands,2015.0,0.08375767899152187,12655
GRC,Greece,2015.0,0.18194985944664424,7480
GRD,Grenada,2015.0,0.4306775410635811,359
GTM,Guatemala,2015.0,0.3822618065392756,1417
GIN,Guinea,2015.0,2.8891486523719085,1287
GUY,Guyana,2015.0,0.9731549537474421,1666
HTI,Haiti,2015.0,0.1154943702630329,1417
HND,Honduras,2015.0,0.25106764105700047,2731
ISL,Iceland,2015.0,0.886000143689543,21231
,Andaman and Nicobar,2015.0,0.15323112688089602,8172
IND,India,2015.0,0.5625306710852234,20602
IDN,Indonesia,2015.0,0.4527645730121833,73261
IRN,Iran,2015.0,1.8709007511333,3227
IRQ,Iraq,2015.0,2.6347179900355293,29
IRL,Ireland,2015.0,0.883743151651942,8454
ISR,Israel,2015.0,0.13364913187559785,418
ITA,Italy,2015.0,0.2856164931077242,8673
CIV,Ivory Coast,2015.0,0.7229902781437498,2094
JAM,Jamaica,2015.0,0.11744038204365803,3317
JPN,Japan,2015.0,0.3175871531748676,56549
KAZ,Kazakhstan,2015.0,4.777207565053856,1811
JOR,Jordan,2015.0,0.1647447943687439,5
KEN,Kenya,2015.0,0.20522849471189888,1544
PRK,North Korea,2015.0,1.449538420866682,1882
KOR,South Korea,2015.0,1.2582204116399487,5265
KWT,Kuwait,2015.0,1.8550391191749258,174
LBN,Lebanon,2015.0,0.12555811465135036,310
LVA,Latvia,2015.0,11.088094525655606,695
LBR,Liberia,2015.0,0.319828322823813,3079
LBY,Libya,2015.0,0.11442423225219618,5171
LTU,Lithuania,2015.0,10.703363865115476,159
MDG,Madagascar,2015.0,0.2083398808180854,15613
MYS,Malaysia,2015.0,0.6915662175277273,6594
MDV,Maldives,2015.0,0.13488595884639146,11087
MLT,Malta,2015.0,0.13895272595453023,829
MRT,Mauritania,2015.0,3.95962265596892,2232
MUS,Republic of Mauritius,2015.0,0.08535483861280935,16069
,Chagos Archipelago,2015.0,0.09306241629237937,7834
MEX,Mexico,2015.0,0.29080999611947245,41266
MCO,Monaco,2015.0,0.23431390671396413,18
MNE,Montenegro,2015.0,0.2556563817889133,121
MAR,Morocco,2015.0,0.5134092537656179,4116
MOZ,Mozambique,2015.0,0.2834919814756134,7398
OMN,Oman,2015.0,2.1280300275794897,7197
NAM,Namibia,2015.0,1.9163534383873015,7410
NRU,Nauru,2015.0,0.0780906206026905,3761
ABW,Aruba,2015.0,0.18268434798200664,418
BES,Bonaire,2015.0,0.1854072933297718,194
CUW,Curaçao,2015.0,0.17767496385158565,368
BES,Saba,2015.0,0.1416218157676287,144
BES,Sint-Eustatius,2015.0,0.13126246585735124,50
SXM,Sint-Maarten,2015.0,0.14567320970341613,11
NLD,Netherlands,2015.0,3.762915519791765,1347
VUT,Vanuatu,2015.0,0.08656803428887097,7949
COK,Cook Islands,2015.0,0.05015325697668881,24465
NIU,Niue,2015.0,0.05478181019128251,4088
TKL,Tokelau,2015.0,0.06668968050535397,3955
NZL,New Zealand,2015.0,0.30343998313875314,66979
NIC,Nicaragua,2015.0,0.3702291318485808,2817
NGA,Nigeria,2015.0,0.9415555382362547,2175
SJM,Svalbard,2015.0,0.745485171868953,36069
NOR,Norway,2015.0,1.0059890001031775,29395
SJM,Jan Mayen,2015.0,0.7857499408194437,10725
FSM,Micronesia,2015.0,0.06851551546636811,36154
MHL,Marshall Islands,2015.0,0.046713659786846676,24338
PLW,Palau,2015.0,0.089063626209036,7490
PAK,Pakistan,2015.0,3.3725694576071596,2985
PAN,Panama,2015.0,0.49042999196316966,4114
PNG,Papua New Guinea,2015.0,0.18181208310495706,29164
PER,Peru,2015.0,1.1959503470619555,10589
PHL,Philippines,2015.0,0.16494021136407042,24526
POL,Poland,2015.0,8.84940638376901,700
,Azores,2015.0,0.20698336373649728,14635
,Madeira,2015.0,0.1408518762333545,6514
PRT,Portugal,2015.0,0.4132177398479727,4854
GNB,Guinea-Bissau,2015.0,3.9649363209556174,1343
,Oecusse,2015.0,0.49533677568877427,31
TLS,East Timor,2015.0,0.2362323439926803,1002
QAT,Qatar,2015.0,1.3335168722224016,469
ROU,Romania,2015.0,2.0988780969855925,527
RUS,Russia,2015.0,2.35949381378837,237457
KNA,Saint Kitts and Nevis,2015.0,0.12231316502111662,150
LCA,Saint Lucia,2015.0,0.15985414295967595,233
VCT,Saint Vincent and the Grenadines,2015.0,0.2207920704021415,497
STP,Sao Tome and Principe,2015.0,0.258403784129816,1656
SAU,Saudi Arabia,2015.0,0.6049629084690653,3143
SEN,Senegal,2015.0,3.1550799233485476,2035
SYC,Seychelles,2015.0,0.13174659615916462,16212
SLE,Sierra Leone,2015.0,0.6626261412093595,2000
SGP,Singapore,2015.0,3.28043518081169,16
VNM,Vietnam,2015.0,0.45279327335205655,9335
SVN,Slovenia,2015.0,1.1839515916077676,8
SOM,Federal Republic of Somalia,2015.0,0.34758224007251093,10101
ZAF,South Africa,2015.0,0.7716793813388708,15370
,Prince Edward Islands,2015.0,0.18602353471774424,8283
,Canary Islands,2015.0,0.1564117568539125,6202
ESP,Spain,2015.0,0.5075718587841671,9244
SDN,Sudan,2015.0,0.43151472505495025,859
SUR,Suriname,2015.0,1.0395653085051706,1661
SWE,Sweden,2015.0,8.893197397527539,3753
SYR,Syria,2015.0,0.1368035065060763,178
THA,Thailand,2015.0,0.549406604219552,3746
TGO,Togo,2015.0,0.24108926505365008,233
TON,Tonga,2015.0,0.0837802036366204,8578
TTO,Trinidad and Tobago,2015.0,1.3625274674920147,1013
ARE,United Arab Emirates,2015.0,1.6404835165460494,731
TUN,Tunisia,2015.0,0.7230653429541506,1598
TUR,Turkey,2015.0,0.9118019981261403,4488
TKM,Turkmenistan,2015.0,1.8874167271688052,988
TUV,Tuvalu,2015.0,0.07304334181445198,9171
EGY,Egypt,2015.0,0.2533406156686008,3531
SHN,Ascension,2015.0,0.11174968223472909,5448
PCN,Pitcairn,2015.0,0.027783245991877824,11080
SHN,Saint Helena,2015.0,0.08853261894091495,5637
SHN,Tristan da Cunha,2015.0,0.2605223029174501,11599
AIA,Anguilla,2015.0,0.06207667129754585,1207
VGB,British Virgin Islands,2015.0,0.061906506161477956,1099
CYM,Cayman Islands,2015.0,0.08887194145594393,1554
MSR,Montserrat,2015.0,0.12398199008704505,115
TCA,Turks and Caicos Islands,2015.0,0.08089744158362266,1242
GGY,Guernsey,2015.0,1.194321638248416,89
JEY,Jersey,2015.0,1.636144960247567,57
GBR,United Kingdom,2015.0,1.2321144243317046,16128
BMU,Bermuda,2015.0,0.08515023902300262,6607
IMN,Isle of Man,2015.0,2.375752692176642,107
TZA,Tanzania,2015.0,0.15997789469735887,2965
ASM,American Samoa,2015.0,0.04953692498483313,5102
UMI,Palmyra Atoll,2015.0,0.06577317515833313,4332
PRI,Puerto Rico,2015.0,0.11588931836666445,2038
VIR,United States Virgin Islands,2015.0,0.10840415576044408,542
UMI,Johnston Atoll,2015.0,0.04674189502333654,5574
GUM,Guam,2015.0,0.0419041707304593,2640
MNP,Northern Mariana Islands,2015.0,0.048864931498872485,9663
UMI,Jarvis Island,2015.0,0.12448863421556634,3927
UMI,Howland and Baker Islands,2015.0,0.09107246346804108,5261
,Hawaii,2015.0,0.07164410451754268,32407
,Alaska,2015.0,1.2131803946526827,81153
USA,United States,2015.0,1.0147505338206149,36049
URY,Uruguay,2015.0,3.2704588787745554,2160
VEN,Venezuela,2015.0,1.174110338294482,5963
WSM,Samoa,2015.0,0.06153381662639048,1684
YEM,Yemen,2015.0,0.4287726841459057,6648
,Glorioso Islands,2015.0,0.12483546660502243,572
BLZ,Belize,2015.0,0.48405855387911834,28
KOR,South Korea,2015.0,0.4378910410388831,1219
PSE,Palestine,2015.0,0.4063163498390872,28
BRB,Barbados,2015.0,0.2137412414174949,5
IRQ,Iraq,2015.0,3.6681605629298994,3
,"Abu musa, Greater and Lesser Tunb",2015.0,2.228212066794248,101
FRO,Faeroe,2015.0,0.7467509666992704,67
,Doumeira Islands,2015.0,0.6417739714118815,8
FRA,France,2015.0,0.2890883385023074,2
PNG,Papua New Guinea,2015.0,1.3820905987085355,54
FLK,Falkland / Malvinas Islands,2015.0,0.9070456442165247,10574
SGS,South Georgia and the South Sandwich Islands,2015.0,0.4398977430526651,26487
URY,Uruguay,2015.0,5.898151788326614,665
GBR,United Kingdom,2015.0,0.6035270298977835,257
MYT,Mayotte,2015.0,0.13826392009335037,887
CRI,Costa Rica,2015.0,0.1290739460612451,273
PER,Peru,2015.0,0.7607082882006792,242
DOM,Dominican Republic,2015.0,0.13976474219234425,189
ECU,Ecuador,2015.0,0.4331222982283215,280
JAM,Jamaica,2015.0,0.10916117919118944,239
NOR,Norway,2015.0,3.9907670050674344,8
FRA,France,2015.0,0.3854379218704013,54
GIB,Gibraltar,2015.0,0.8109465346918073,13
HRV,Croatia,2015.0,0.954846205189824,8
MYS,Malaysia,2015.0,1.3408458321415195,11
EGY,Egypt,2015.0,0.08918761202912664,138
,Matthew and Hunter Islands,2015.0,0.10407510494439855,2508
CAN,Canada,2015.0,0.3850575490826676,995
,Navassa Island,2015.0,0.0917259749968524,205
HND,Honduras,2015.0,0.10941869936389188,37
,Melilla,2015.0,0.5276505947113037,1
,Alhucemas Islands,2015.0,0.6443909406661987,1
,Ceuta,2015.0,0.45158862938051636,2
,Peñón de Vélez de la Gomera,2015.0,0.5983718633651733,1
,Chafarinas Islands,2015.0,0.5934099164274004,3
ESH,Western Sahara,2015.0,1.8513830653635013,3794
UMI,Wake Island / Enenkio,2015.0,0.04286971362601309,5210
,Kuril Islands,2015.0,1.0670151483191126,3644
NOR,Norway,2015.0,0.9575962489796839,190
UKR,Ukraine,2015.0,2.928129604922978,2393
USA,United States,2015.0,0.7811489884185321,268
ISL,Iceland,2015.0,0.5788204044683012,1568
STP,São Tomé and Principe,2015.0,0.16741480404149614,471
,Halaib Triangle,2015.0,0.17200983607048598,289
,Liancourt Rocks,2015.0,0.6456692229221919,35
TWN,Taiwan,2015.0,0.25566000433865876,4730
PRI,Puerto Rico,2015.0,0.04944226776741296,286
SEN,Senegal,2015.0,1.9095681393192767,831
VEN,Venezuela,2015.0,0.1506107048011268,36
,Ile Tromelin,2015.0,0.07029045325626117,3466
,Senkaku Islands,2015.0,0.2965302692777715,1036
QAT,Qatar,2015.0,1.3806103948909458,7
GUY,Guyana,2015.0,0.19588139902218757,71
COL,Colombia,2015.0,0.1474232883009405,26
ALB,Albania,2016.0,0.3713602472289261,225
DZA,Algeria,2016.0,0.25971882678513086,2053
AGO,Angola,2016.0,1.3542814634137041,6150
ATG,Antigua and Barbuda,2016.0,0.07088485841254398,1490
AZE,Azerbaijan,2016.0,3.2938107872550457,1325
ARG,Argentina,2016.0,2.170514914016032,18910
CXR,Christmas Island,2016.0,0.0889143067413655,4055
CCK,Cocos Islands,2016.0,0.08336738482582813,5760
HMD,Heard and McDonald Islands,2016.0,0.23655539567547557,8379
NFK,Norfolk Island,2016.0,0.12932609606735593,5935
AUS,Australia,2016.0,0.3097672096572673,93979
,Macquarie Island,2016.0,0.15228629255592405,9850
BHS,Bahamas,2016.0,0.2576584047474274,8266
BHR,Bahrain,2016.0,2.1939890090875607,133
BGD,Bangladesh,2016.0,1.4028782637570583,1332
BRB,Barbados,2016.0,0.21318170726864774,2342
BEL,Belgium,2016.0,5.4330066132149915,86
,Trindade,2016.0,0.0620404625231853,6067
BRA,Brazil,2016.0,0.660638125710455,39518
BLZ,Belize,2016.0,0.6062769643899469,467
SLB,Solomon Islands,2016.0,0.08625504225843701,19599
BRN,Brunei,2016.0,0.32068260087957334,583
BGR,Bulgaria,2016.0,0.8992224851689351,609
MMR,Myanmar,2016.0,0.7454002979889188,6153
KHM,Cambodia,2016.0,0.44158653492948624,635
CMR,Cameroon,2016.0,5.551137934815681,186
CAN,Canada,2016.0,1.0742064518809045,131283
CPV,Cape Verde,2016.0,0.2695321409465708,10024
LKA,Sri Lanka,2016.0,0.3277714955632563,6545
CHL,Chile,2016.0,0.7023646947383125,39352
CHL,Islas San Félix and San Ambrosio,2016.0,0.11476505635364836,6055
,Easter Island,2016.0,0.02907602657592192,9790
CHN,China,2016.0,1.9846409874241837,12950
CHN,China,2016.0,0.10838267073964118,4309
COL,Colombia,2016.0,0.3815725447133212,8878
,Serrana Bank,2016.0,0.13477395830458266,47
,Quitasueño Bank,2016.0,0.13930376412690051,66
,Serranilla Bank,2016.0,0.20796983538077912,32
,Bajo Nuevo Bank,2016.0,0.13049167737441977,28
COM,Comores,2016.0,0.13272229399860483,2099
COG,Republic of the Congo,2016.0,6.611182796622613,458
COD,Democratic Republic of the Congo,2016.0,4.878993464094083,205
CRI,Costa Rica,2016.0,0.22364377149513712,7127
HRV,Croatia,2016.0,0.2867034455173591,972
CUB,Cuba,2016.0,0.4884429700813291,4856
CYP,Cyprus,2016.0,0.09714663448751679,1509
BEN,Benin,2016.0,0.3937982349613523,466
FRO,Faeroe,2016.0,0.6414923301308922,6923
DNK,Denmark,2016.0,4.394526817579033,2401
GRL,Greenland,2016.0,0.8150390523279438,63565
DMA,Dominica,2016.0,0.14157396510871637,433
DOM,Dominican Republic,2016.0,0.11070771724962451,4595
,Galapagos,2016.0,0.2802750353432904,10153
ECU,Ecuador,2016.0,0.6579006886610371,2849
SLV,El Salvador,2016.0,0.34800890252148864,1208
GNQ,Equatorial Guinea,2016.0,0.5412745863047967,3769
ERI,Eritrea,2016.0,2.5353499696449697,1047
EST,Estonia,2016.0,11.40699943613664,958
FJI,Fiji,2016.0,0.09299988360656868,16439
FIN,Finland,2016.0,10.154163002167586,2008
PYF,French Polynesia,2016.0,0.04772678782954344,60121
ATF,Amsterdam and Saint Paul Islands,2016.0,0.1977619236764642,7809
ATF,Crozet Islands,2016.0,0.33817624908361743,9933
ATF,Kerguélen,2016.0,0.3107836312094371,9984
NCL,New Caledonia,2016.0,0.09446045158681786,15178
REU,Réunion,2016.0,0.08373368889404087,4143
ATF,Europa Island,2016.0,0.13997479051609027,1732
ATF,Juan de Nova Island,2016.0,0.149577575688925,839
ATF,Bassas da India,2016.0,0.13807362007329324,1605
,Clipperton Island,2016.0,0.09684257388645541,5350
GLP,Guadeloupe,2016.0,0.0977653445996754,1226
BLM,Saint-Barthélemy,2016.0,0.1108529994834431,67
MAF,Collectivity of Saint Martin,2016.0,0.14644561398610545,29
SPM,Saint-Pierre and Miquelon,2016.0,0.694531775451451,266
MTQ,Martinique,2016.0,0.1611231404444523,671
GUF,French Guiana,2016.0,1.4892156454444196,1640
WLF,Wallis and Futuna,2016.0,0.06295828794513424,3145
FRA,France,2016.0,0.8387758226111468,6243
DJI,Djibouti,2016.0,0.5460478716415169,114
GAB,Gabon,2016.0,2.3806819493132307,2462
GEO,Georgia,2016.0,0.8667423955286765,410
GMB,Gambia,2016.0,2.7237975415006557,311
DEU,Germany,2016.0,5.360274838220079,1280
GHA,Ghana,2016.0,0.3585767525514974,2788
KIR,Phoenix Group,2016.0,0.11672705402772249,8985
KIR,Line Group,2016.0,0.10722478913013815,19889
KIR,Gilbert Islands,2016.0,0.1332677581898514,12655
GRC,Greece,2016.0,0.15940307476988935,7482
GRD,Grenada,2016.0,0.5771589989218061,360
GTM,Guatemala,2016.0,0.4372544692140743,1418
GIN,Guinea,2016.0,2.710596858838218,1284
GUY,Guyana,2016.0,1.15172556801533,1665
HTI,Haiti,2016.0,0.11449945822718727,1418
HND,Honduras,2016.0,0.2517776104154699,2731
ISL,Iceland,2016.0,0.936304253454,21236
,Andaman and Nicobar,2016.0,0.1591198062134829,8169
IND,India,2016.0,0.8778921439743099,20597
IDN,Indonesia,2016.0,0.39532638775793105,73303
IRN,Iran,2016.0,1.889479788773397,3227
IRQ,Iraq,2016.0,2.833637247449063,29
IRL,Ireland,2016.0,0.7336316185761529,8454
ISR,Israel,2016.0,0.1357037038751056,418
ITA,Italy,2016.0,0.26436615027871746,8670
CIV,Ivory Coast,2016.0,1.1830046819697273,2105
JAM,Jamaica,2016.0,0.10831702203287577,3317
JPN,Japan,2016.0,0.28226804214233836,56531
KAZ,Kazakhstan,2016.0,5.261463261245035,1832
JOR,Jordan,2016.0,0.1842176753282547,5
KEN,Kenya,2016.0,0.23120699520569057,1545
PRK,North Korea,2016.0,1.477771404676932,1879
KOR,South Korea,2016.0,1.3218329565204157,5267
KWT,Kuwait,2016.0,2.047035625943028,174
LBN,Lebanon,2016.0,0.123971090429985,311
LVA,Latvia,2016.0,10.126216926055742,694
LBR,Liberia,2016.0,0.46574540079448135,3082
LBY,Libya,2016.0,0.11715917521088233,5170
LTU,Lithuania,2016.0,8.865883924403944,159
MDG,Madagascar,2016.0,0.21376483392257153,15615
MYS,Malaysia,2016.0,0.5648912773855757,6581
MDV,Maldives,2016.0,0.15944972904530322,11087
MLT,Malta,2016.0,0.1380904134520451,829
MRT,Mauritania,2016.0,3.455413911992357,2233
MUS,Republic of Mauritius,2016.0,0.08459605180773087,16069
,Chagos Archipelago,2016.0,0.1053699591123159,7834
MEX,Mexico,2016.0,0.28002771948627575,41264
MCO,Monaco,2016.0,0.2921193824642347,18
MNE,Montenegro,2016.0,0.2904002847665515,120
MAR,Morocco,2016.0,0.4899932451179113,4117
MOZ,Mozambique,2016.0,0.28199871420870654,7400
OMN,Oman,2016.0,1.5079491710130206,7198
NAM,Namibia,2016.0,2.17832822925147,7409
NRU,Nauru,2016.0,0.12234788021521377,3761
ABW,Aruba,2016.0,0.1680212677355678,418
BES,Bonaire,2016.0,0.1711181658872704,194
CUW,Curaçao,2016.0,0.16226742270751873,368
BES,Saba,2016.0,0.1493263733395116,144
BES,Sint-Eustatius,2016.0,0.13691832042682328,50
SXM,Sint-Maarten,2016.0,0.1398112739058078,11
NLD,Netherlands,2016.0,3.4387530546089873,1353
VUT,Vanuatu,2016.0,0.08380567050358985,7953
COK,Cook Islands,2016.0,0.04252428590376667,24465
NIU,Niue,2016.0,0.045412689366531686,4088
TKL,Tokelau,2016.0,0.058409427266568205,3955
NZL,New Zealand,2016.0,0.30824157724502754,66971
NIC,Nicaragua,2016.0,0.3587059720972569,2817
NGA,Nigeria,2016.0,1.2646010232585148,2165
SJM,Svalbard,2016.0,0.867976739094172,37180
NOR,Norway,2016.0,0.9079948682083955,29444
SJM,Jan Mayen,2016.0,0.865444571895903,10727
FSM,Micronesia,2016.0,0.06004547543876385,36153
MHL,Marshall Islands,2016.0,0.048713541858940966,24338
PLW,Palau,2016.0,0.09735325390042847,7489
PAK,Pakistan,2016.0,2.5867939367875605,2988
PAN,Panama,2016.0,0.49701680343288224,4129
PNG,Papua New Guinea,2016.0,0.1580285365487988,29164
PER,Peru,2016.0,1.3976871451757527,10588
PHL,Philippines,2016.0,0.17272999118601254,24521
POL,Poland,2016.0,7.555372723898118,697
,Azores,2016.0,0.20730471701603675,14634
,Madeira,2016.0,0.11919364924264568,6513
PRT,Portugal,2016.0,0.34966637611164353,4855
GNB,Guinea-Bissau,2016.0,2.867280379851221,1348
,Oecusse,2016.0,0.3081475371379709,31
TLS,East Timor,2016.0,0.19452620367365392,1002
QAT,Qatar,2016.0,1.357436743510173,470
ROU,Romania,2016.0,2.1082221093225204,524
RUS,Russia,2016.0,2.275859244764552,231650
KNA,Saint Kitts and Nevis,2016.0,0.12519502592421403,150
LCA,Saint Lucia,2016.0,0.2090281187401013,234
VCT,Saint Vincent and the Grenadines,2016.0,0.28026860648498964,497
STP,Sao Tome and Principe,2016.0,0.18542878473145125,1654
SAU,Saudi Arabia,2016.0,0.5667302635756915,3153
SEN,Senegal,2016.0,2.6504638128694014,2037
SYC,Seychelles,2016.0,0.15672805748611884,16212
SLE,Sierra Leone,2016.0,0.8546721922133641,1995
SGP,Singapore,2016.0,2.441016694764111,15
VNM,Vietnam,2016.0,0.44877956209464454,9332
SVN,Slovenia,2016.0,1.2578330882278406,8
SOM,Federal Republic of Somalia,2016.0,0.4088036943228223,10098
ZAF,South Africa,2016.0,0.6920700249826696,15370
,Prince Edward Islands,2016.0,0.20598849761047716,8283
,Canary Islands,2016.0,0.1498396027949845,6202
ESP,Spain,2016.0,0.3702393459807717,9238
SDN,Sudan,2016.0,0.27152937074836125,859
SUR,Suriname,2016.0,1.1873886084969059,1670
SWE,Sweden,2016.0,8.034514482364104,3746
SYR,Syria,2016.0,0.12100442978785542,178
THA,Thailand,2016.0,0.5890798568983256,3738
TGO,Togo,2016.0,0.29930526934827145,233
TON,Tonga,2016.0,0.07707259712532047,8579
TTO,Trinidad and Tobago,2016.0,1.5942848059342998,1012
ARE,United Arab Emirates,2016.0,1.5081485578247358,729
TUN,Tunisia,2016.0,0.6646745476726272,1598
TUR,Turkey,2016.0,0.7100369623696177,4495
TKM,Turkmenistan,2016.0,2.0437821663900215,984
TUV,Tuvalu,2016.0,0.06619184894116242,9171
EGY,Egypt,2016.0,0.26552916773981244,3530
SHN,Ascension,2016.0,0.10744296593802216,5448
PCN,Pitcairn,2016.0,0.02671364851900722,11080
SHN,Saint Helena,2016.0,0.09552582639665469,5637
SHN,Tristan da Cunha,2016.0,0.26313693254233467,11599
AIA,Anguilla,2016.0,0.06327507762092599,1207
VGB,British Virgin Islands,2016.0,0.06373358351530281,1099
CYM,Cayman Islands,2016.0,0.085356115111233,1554
MSR,Montserrat,2016.0,0.12519008149866487,115
TCA,Turks and Caicos Islands,2016.0,0.07291219292029041,1235
GGY,Guernsey,2016.0,1.1806635799642342,89
JEY,Jersey,2016.0,1.6722281173907165,57
GBR,United Kingdom,2016.0,1.1807209118236073,16123
BMU,Bermuda,2016.0,0.07680975176966262,6607
IMN,Isle of Man,2016.0,1.9995712864455917,106
TZA,Tanzania,2016.0,0.19196023306724128,2963
ASM,American Samoa,2016.0,0.04621400995822118,5102
UMI,Palmyra Atoll,2016.0,0.08284128906800832,4332
PRI,Puerto Rico,2016.0,0.1127612991613219,2038
VIR,United States Virgin Islands,2016.0,0.1257651432348949,542
UMI,Johnston Atoll,2016.0,0.05003752300328339,5574
GUM,Guam,2016.0,0.04083262904490048,2640
MNP,Northern Mariana Islands,2016.0,0.044734860758347914,9663
UMI,Jarvis Island,2016.0,0.17179577739750115,3927
UMI,Howland and Baker Islands,2016.0,0.1536538466193202,5261
,Hawaii,2016.0,0.07280369054612142,32413
,Alaska,2016.0,1.1644680490898662,84398
USA,United States,2016.0,1.0563732617260086,36045
URY,Uruguay,2016.0,3.0509231782368196,2173
VEN,Venezuela,2016.0,1.1620238181832363,5988
WSM,Samoa,2016.0,0.061007766370106936,1684
YEM,Yemen,2016.0,0.6442389704102517,6640
,Glorioso Islands,2016.0,0.1382661638177268,572
BLZ,Belize,2016.0,0.4534912031366925,28
KOR,South Korea,2016.0,0.4395486273962408,1219
PSE,Palestine,2016.0,0.5042428820450553,28
BRB,Barbados,2016.0,0.31356782968995606,5
IRQ,Iraq,2016.0,3.9653964664625083,3
,"Abu musa, Greater and Lesser Tunb",2016.0,2.2715219911364977,101
FRO,Faeroe,2016.0,0.6451374458180856,67
,Doumeira Islands,2016.0,0.7631426002161112,8
FRA,France,2016.0,0.23350169859937767,2
PNG,Papua New Guinea,2016.0,1.3818262257398524,51
FLK,Falkland / Malvinas Islands,2016.0,1.0184847052845367,10573
SGS,South Georgia and the South Sandwich Islands,2016.0,0.5729504854812655,26285
URY,Uruguay,2016.0,4.440318945967795,665
GBR,United Kingdom,2016.0,0.4143254055391589,257
MYT,Mayotte,2016.0,0.1430260967699345,887
CRI,Costa Rica,2016.0,0.14722712271809651,273
PER,Peru,2016.0,0.9468629911145757,242
DOM,Dominican Republic,2016.0,0.12253708046453983,189
ECU,Ecuador,2016.0,0.40681826492068024,280
JAM,Jamaica,2016.0,0.09817251074407539,239
NOR,Norway,2016.0,3.2173298101247467,8
FRA,France,2016.0,0.37827517766325125,54
GIB,Gibraltar,2016.0,0.7879512481263414,13
HRV,Croatia,2016.0,0.98989975781968,8
MYS,Malaysia,2016.0,1.8413586231700163,11
EGY,Egypt,2016.0,0.08757661252110288,138
,Matthew and Hunter Islands,2016.0,0.1004940344020904,2508
CAN,Canada,2016.0,0.24316265733243567,1036
,Navassa Island,2016.0,0.09353731538795815,205
HND,Honduras,2016.0,0.10567000407851145,37
,Melilla,2016.0,0.5006420016288757,1
,Alhucemas Islands,2016.0,0.7890387773513794,1
,Ceuta,2016.0,0.6155692909074866,2
,Peñón de Vélez de la Gomera,2016.0,2.6074389268954596,2
,Chafarinas Islands,2016.0,0.5945896870560117,3
ESH,Western Sahara,2016.0,1.6515296259809205,3794
UMI,Wake Island / Enenkio,2016.0,0.04216626290101288,5210
,Kuril Islands,2016.0,0.942355659441996,3643
NOR,Norway,2016.0,2.3305000496122594,190
UKR,Ukraine,2016.0,2.9986454697875677,2402
USA,United States,2016.0,1.0727659600748602,268
ISL,Iceland,2016.0,0.7154265772857596,1568
STP,São Tomé and Principe,2016.0,0.20516015734327836,471
,Halaib Triangle,2016.0,0.1716190385473225,289
,Liancourt Rocks,2016.0,0.56322055107955,35
TWN,Taiwan,2016.0,0.2587714973980931,4729
PRI,Puerto Rico,2016.0,0.05209001563611152,286
SEN,Senegal,2016.0,0.8757881747406989,831
VEN,Venezuela,2016.0,0.12701055165283173,36
,Ile Tromelin,2016.0,0.07169752276169233,3466
,Senkaku Islands,2016.0,0.24610542998405777,1036
QAT,Qatar,2016.0,1.3061583747368046,7
GUY,Guyana,2016.0,0.24842739938181613,71
COL,Colombia,2016.0,0.12811732746914736,26
ALB,Albania,2017.0,0.31671707185794423,226
DZA,Algeria,2017.0,0.25053458336790074,2057
AGO,Angola,2017.0,1.112569354275922,6150
ATG,Antigua and Barbuda,2017.0,0.07195977227608064,1490
AZE,Azerbaijan,2017.0,3.296721228359656,1323
ARG,Argentina,2017.0,1.7442078408709658,18910
CXR,Christmas Island,2017.0,0.14556875114696805,4055
CCK,Cocos Islands,2017.0,0.1070386919467238,5760
HMD,Heard and McDonald Islands,2017.0,0.22550253350249896,8379
NFK,Norfolk Island,2017.0,0.14416190079689972,5935
AUS,Australia,2017.0,0.322626453058896,94001
,Macquarie Island,2017.0,0.17468917363446987,9851
BHS,Bahamas,2017.0,0.23873472328999917,8252
BHR,Bahrain,2017.0,2.359287229585913,132
BGD,Bangladesh,2017.0,1.534599121210491,1377
BRB,Barbados,2017.0,0.16447602199999478,2342
BEL,Belgium,2017.0,5.936193471737815,86
,Trindade,2017.0,0.056383293178232215,6067
BRA,Brazil,2017.0,0.5443163979161354,39591
BLZ,Belize,2017.0,0.6814610819691261,468
SLB,Solomon Islands,2017.0,0.08985184894220367,19599
BRN,Brunei,2017.0,0.44921849430356,583
BGR,Bulgaria,2017.0,0.9289666483906729,609
MMR,Myanmar,2017.0,0.7326606294310782,6147
KHM,Cambodia,2017.0,0.45562370391700924,634
CMR,Cameroon,2017.0,5.378151848173755,183
CAN,Canada,2017.0,1.152381281907225,121676
CPV,Cape Verde,2017.0,0.2966146572188606,10025
LKA,Sri Lanka,2017.0,0.3114506865521129,6547
CHL,Chile,2017.0,0.7232646136254481,39366
CHL,Islas San Félix and San Ambrosio,2017.0,0.11797161399863564,6055
,Easter Island,2017.0,0.031244282771051665,9790
CHN,China,2017.0,1.9324211127629387,12988
CHN,China,2017.0,0.10918138929155266,4309
COL,Colombia,2017.0,0.4663768635142428,8885
,Serrana Bank,2017.0,0.13363464089661858,47
,Quitasueño Bank,2017.0,0.14510742617222055,66
,Serranilla Bank,2017.0,0.19457268355370952,32
,Bajo Nuevo Bank,2017.0,0.1326960930907664,28
COM,Comores,2017.0,0.13123899913183829,2100
COG,Republic of the Congo,2017.0,7.087284932419533,457
COD,Democratic Republic of the Congo,2017.0,4.987388990551281,205
CRI,Costa Rica,2017.0,0.25161456053898024,7127
HRV,Croatia,2017.0,0.2688188294229241,975
CUB,Cuba,2017.0,0.5067606170618091,4857
CYP,Cyprus,2017.0,0.10668549372474248,1509
BEN,Benin,2017.0,0.35058719594517745,466
FRO,Faeroe,2017.0,0.7799359620761611,6922
DNK,Denmark,2017.0,4.9062861394045285,2390
GRL,Greenland,2017.0,0.7343639718453899,66272
DMA,Dominica,2017.0,0.12475406943637721,432
DOM,Dominican Republic,2017.0,0.12155236844832366,4594
,Galapagos,2017.0,0.24885251102384226,10154
ECU,Ecuador,2017.0,0.6743692535539457,2853
SLV,El Salvador,2017.0,0.4810482534734831,1207
GNQ,Equatorial Guinea,2017.0,0.6072478543494187,3761
ERI,Eritrea,2017.0,2.7971627801163317,1048
EST,Estonia,2017.0,11.367614224238135,958
FJI,Fiji,2017.0,0.0843914622768285,16434
FIN,Finland,2017.0,9.991072149758626,2018
PYF,French Polynesia,2017.0,0.05306611509426578,60120
ATF,Amsterdam and Saint Paul Islands,2017.0,0.21247443555305603,7809
ATF,Crozet Islands,2017.0,0.32397660182884697,9933
ATF,Kerguélen,2017.0,0.2896720791580421,9981
NCL,New Caledonia,2017.0,0.10916001865248265,15176
REU,Réunion,2017.0,0.08021521523792215,4142
ATF,Europa Island,2017.0,0.14040455048986675,1732
ATF,Juan de Nova Island,2017.0,0.1375344727671093,839
ATF,Bassas da India,2017.0,0.13215681033896923,1605
,Clipperton Island,2017.0,0.12342041901632869,5350
GLP,Guadeloupe,2017.0,0.08995420816204783,1228
BLM,Saint-Barthélemy,2017.0,0.11690508824737594,67
MAF,Collectivity of Saint Martin,2017.0,0.14447835358765182,29
SPM,Saint-Pierre and Miquelon,2017.0,0.7337542696713973,268
MTQ,Martinique,2017.0,0.1320410345450444,671
GUF,French Guiana,2017.0,1.9539857780333212,1635
WLF,Wallis and Futuna,2017.0,0.044848000935394115,3146
FRA,France,2017.0,0.870479494451241,6244
DJI,Djibouti,2017.0,0.5779431924758174,116
GAB,Gabon,2017.0,2.34990461320495,2464
GEO,Georgia,2017.0,0.9595825942505912,412
GMB,Gambia,2017.0,4.898368856615266,310
DEU,Germany,2017.0,5.6747168603156295,1262
GHA,Ghana,2017.0,0.49723520853098835,2782
KIR,Phoenix Group,2017.0,0.12887783929979846,8985
KIR,Line Group,2017.0,0.11934563965511093,19889
KIR,Gilbert Islands,2017.0,0.14640623200765468,12655
GRC,Greece,2017.0,0.16092346582028033,7487
GRD,Grenada,2017.0,0.6157159022125525,360
GTM,Guatemala,2017.0,0.4851779605594399,1417
GIN,Guinea,2017.0,1.8491305384625252,1284
GUY,Guyana,2017.0,1.3239067399300215,1675
HTI,Haiti,2017.0,0.10902071207393321,1417
HND,Honduras,2017.0,0.25820760748886284,2729
ISL,Iceland,2017.0,0.8996687118569144,21230
,Andaman and Nicobar,2017.0,0.16949999886467598,8168
IND,India,2017.0,0.7900432444759704,20613
IDN,Indonesia,2017.0,0.436059459747908,73223
IRN,Iran,2017.0,2.60771742485151,3223
IRQ,Iraq,2017.0,2.6877212363279726,28
IRL,Ireland,2017.0,0.8369484838066762,8452
ISR,Israel,2017.0,0.1252667836071143,418
ITA,Italy,2017.0,0.25450512875354697,8671
CIV,Ivory Coast,2017.0,0.8684603271303121,2102
JAM,Jamaica,2017.0,0.10629211464091293,3318
JPN,Japan,2017.0,0.3104481958442813,56539
KAZ,Kazakhstan,2017.0,5.786143643680257,1828
JOR,Jordan,2017.0,0.18554218324331134,5
KEN,Kenya,2017.0,0.24459103862104942,1544
PRK,North Korea,2017.0,1.5710723374632551,1879
KOR,South Korea,2017.0,1.2620549941209687,5267
KWT,Kuwait,2017.0,2.1394421925613245,173
LBN,Lebanon,2017.0,0.13504285475065037,311
LVA,Latvia,2017.0,11.182104191453883,693
LBR,Liberia,2017.0,0.452433361611899,3080
LBY,Libya,2017.0,0.11037840526837076,5171
LTU,Lithuania,2017.0,11.293915293418642,159
MDG,Madagascar,2017.0,0.21895741420669754,15613
MYS,Malaysia,2017.0,0.6566109558573997,6592
MDV,Maldives,2017.0,0.17036722179154978,11087
MLT,Malta,2017.0,0.11742424541625537,829
MRT,Mauritania,2017.0,4.709508245230879,2232
MUS,Republic of Mauritius,2017.0,0.09012649719907936,16069
,Chagos Archipelago,2017.0,0.13089567795774962,7834
MEX,Mexico,2017.0,0.31914939204854653,41270
MCO,Monaco,2017.0,0.2428426348918941,18
MNE,Montenegro,2017.0,0.23175822311327846,120
MAR,Morocco,2017.0,0.5791926567367592,4116
MOZ,Mozambique,2017.0,0.2790334260466217,7393
OMN,Oman,2017.0,2.1779770173014588,7197
NAM,Namibia,2017.0,2.0848977892636293,7411
NRU,Nauru,2017.0,0.1310060463187292,3761
ABW,Aruba,2017.0,0.17461066724371554,418
BES,Bonaire,2017.0,0.18688135238240772,194
CUW,Curaçao,2017.0,0.17338507925526275,368
BES,Saba,2017.0,0.14651380338451356,144
BES,Sint-Eustatius,2017.0,0.14054181203760402,50
SXM,Sint-Maarten,2017.0,0.15414422070512185,11
NLD,Netherlands,2017.0,3.455254340861703,1351
VUT,Vanuatu,2017.0,0.0853005527663269,7950
COK,Cook Islands,2017.0,0.04286680492509546,24465
NIU,Niue,2017.0,0.04889637569112238,4088
TKL,Tokelau,2017.0,0.05172148784929133,3955
NZL,New Zealand,2017.0,0.3018794627785755,66969
NIC,Nicaragua,2017.0,0.48242182371237896,2811
NGA,Nigeria,2017.0,1.0300275872267703,2158
SJM,Svalbard,2017.0,0.7390033996937333,32515
NOR,Norway,2017.0,1.0060607658871659,29416
SJM,Jan Mayen,2017.0,0.5974287939297797,10726
FSM,Micronesia,2017.0,0.053855590986602773,36154
MHL,Marshall Islands,2017.0,0.04421264368676267,24338
PLW,Palau,2017.0,0.08411368522776311,7489
PAK,Pakistan,2017.0,3.9026623557187388,2988
PAN,Panama,2017.0,0.5011834950436477,4131
PNG,Papua New Guinea,2017.0,0.16809682768754886,29162
PER,Peru,2017.0,1.3772370264945508,10585
PHL,Philippines,2017.0,0.1490161603376959,24492
POL,Poland,2017.0,7.790830353570769,696
,Azores,2017.0,0.1798581925914715,14636
,Madeira,2017.0,0.12853997811179294,6514
PRT,Portugal,2017.0,0.3432293160502894,4854
GNB,Guinea-Bissau,2017.0,2.7712754842446103,1344
,Oecusse,2017.0,0.3409777024574782,31
TLS,East Timor,2017.0,0.21927360857486922,999
QAT,Qatar,2017.0,1.4468849756475544,471
ROU,Romania,2017.0,1.83453634461934,523
RUS,Russia,2017.0,2.2675374552097143,222573
KNA,Saint Kitts and Nevis,2017.0,0.12686981390948912,150
LCA,Saint Lucia,2017.0,0.19591328223087426,234
VCT,Saint Vincent and the Grenadines,2017.0,0.311480585731559,497
STP,Sao Tome and Principe,2017.0,0.22189742349841446,1654
SAU,Saudi Arabia,2017.0,0.6171227495621674,3151
SEN,Senegal,2017.0,3.458664988845518,2036
SYC,Seychelles,2017.0,0.1539890276954188,16212
SLE,Sierra Leone,2017.0,0.6269503850270688,1991
SGP,Singapore,2017.0,3.4923565749404504,16
VNM,Vietnam,2017.0,0.5012475043885695,9324
SVN,Slovenia,2017.0,2.092243833581047,8
SOM,Federal Republic of Somalia,2017.0,0.43612154308305445,10096
ZAF,South Africa,2017.0,0.7103810985817443,15370
,Prince Edward Islands,2017.0,0.20730763387645396,8283
,Canary Islands,2017.0,0.15248378220241401,6205
ESP,Spain,2017.0,0.3749493992753028,9237
SDN,Sudan,2017.0,0.47960004869623646,858
SUR,Suriname,2017.0,1.1129625350144439,1668
SWE,Sweden,2017.0,8.404123874967999,3740
SYR,Syria,2017.0,0.13159781054342884,178
THA,Thailand,2017.0,0.5802684146794956,3737
TGO,Togo,2017.0,0.27117674452727714,233
TON,Tonga,2017.0,0.08257819266135842,8579
TTO,Trinidad and Tobago,2017.0,1.5831304685968557,1013
ARE,United Arab Emirates,2017.0,1.8796516768061926,729
TUN,Tunisia,2017.0,0.7529101284475205,1601
TUR,Turkey,2017.0,0.7857265633193429,4492
TKM,Turkmenistan,2017.0,2.0203530947829877,989
TUV,Tuvalu,2017.0,0.051078271618148215,9171
EGY,Egypt,2017.0,0.24031854708061937,3532
SHN,Ascension,2017.0,0.11523981748972717,5448
PCN,Pitcairn,2017.0,0.02249395119389998,11080
SHN,Saint Helena,2017.0,0.09616735169032362,5637
SHN,Tristan da Cunha,2017.0,0.25307320605192907,11599
AIA,Anguilla,2017.0,0.06643414217928385,1207
VGB,British Virgin Islands,2017.0,0.06682079974583637,1099
CYM,Cayman Islands,2017.0,0.07982470057682876,1554
MSR,Montserrat,2017.0,0.12301976505657494,115
TCA,Turks and Caicos Islands,2017.0,0.07132557250488829,1230
GGY,Guernsey,2017.0,1.0237902132298162,88
JEY,Jersey,2017.0,1.4194234752051669,57
GBR,United Kingdom,2017.0,1.2297569139701658,16123
BMU,Bermuda,2017.0,0.08604863578656066,6607
IMN,Isle of Man,2017.0,2.4947078392617437,105
TZA,Tanzania,2017.0,0.1950459586791995,2965
ASM,American Samoa,2017.0,0.033937674012869935,5102
UMI,Palmyra Atoll,2017.0,0.10531565003147972,4332
PRI,Puerto Rico,2017.0,0.12486685097491834,2038
VIR,United States Virgin Islands,2017.0,0.1224829876306063,542
UMI,Johnston Atoll,2017.0,0.0455022238832308,5574
GUM,Guam,2017.0,0.03584442252002477,2640
MNP,Northern Mariana Islands,2017.0,0.04440907897969219,9663
UMI,Jarvis Island,2017.0,0.1727817997681826,3927
UMI,Howland and Baker Islands,2017.0,0.17235585098303446,5261
,Hawaii,2017.0,0.06640966892671152,32408
,Alaska,2017.0,1.3120440352169433,83854
USA,United States,2017.0,1.0667245829129317,36060
URY,Uruguay,2017.0,3.2806456371026593,2159
VEN,Venezuela,2017.0,1.447392452798884,5983
WSM,Samoa,2017.0,0.04643304016379966,1684
YEM,Yemen,2017.0,0.5618330580086653,6646
,Glorioso Islands,2017.0,0.13238724572392407,572
BLZ,Belize,2017.0,0.48018946441472765,28
KOR,South Korea,2017.0,0.4371653164604301,1219
PSE,Palestine,2017.0,0.3349453174832861,28
BRB,Barbados,2017.0,0.19980800122463058,5
IRQ,Iraq,2017.0,3.825292924176092,3
,"Abu musa, Greater and Lesser Tunb",2017.0,3.5231501328347097,101
FRO,Faeroe,2017.0,1.0565504833028105,67
,Doumeira Islands,2017.0,0.9167560838342672,8
FRA,France,2017.0,0.2561159962371214,2
PNG,Papua New Guinea,2017.0,1.6330403720973852,55
FLK,Falkland / Malvinas Islands,2017.0,0.8742916513672362,10583
SGS,South Georgia and the South Sandwich Islands,2017.0,0.36664326435475997,26433
URY,Uruguay,2017.0,5.854420442085081,665
GBR,United Kingdom,2017.0,0.6517108493504943,257
MYT,Mayotte,2017.0,0.13703508574025577,886
CRI,Costa Rica,2017.0,0.16909120978804143,273
PER,Peru,2017.0,0.9784837363236341,242
DOM,Dominican Republic,2017.0,0.12876790506343366,189
ECU,Ecuador,2017.0,0.47747470479962933,280
JAM,Jamaica,2017.0,0.10117844972664267,239
NOR,Norway,2017.0,3.56966053862009,8
FRA,France,2017.0,0.44700236701337553,54
GIB,Gibraltar,2017.0,0.864741676451824,13
HRV,Croatia,2017.0,1.1145375911146402,8
MYS,Malaysia,2017.0,1.4011677119466994,11
EGY,Egypt,2017.0,0.0871827900637671,138
,Matthew and Hunter Islands,2017.0,0.09505570926780324,2508
CAN,Canada,2017.0,0.9007609123563297,882
,Navassa Island,2017.0,0.08519651028558471,205
HND,Honduras,2017.0,0.10385735949585397,37
,Melilla,2017.0,0.3849108815193176,1
,Alhucemas Islands,2017.0,0.5507711172103882,1
,Ceuta,2017.0,0.46897264537603955,2
,Peñón de Vélez de la Gomera,2017.0,0.560566246509552,1
,Chafarinas Islands,2017.0,0.5988444838258955,3
ESH,Western Sahara,2017.0,1.7199285690173054,3793
UMI,Wake Island / Enenkio,2017.0,0.039571837417270495,5210
,Kuril Islands,2017.0,1.0067047533079172,3643
NOR,Norway,2017.0,1.043194942074596,190
UKR,Ukraine,2017.0,2.7449033579770714,2398
USA,United States,2017.0,0.7597749972475787,268
ISL,Iceland,2017.0,0.5689874457704952,1568
STP,São Tomé and Principe,2017.0,0.19924424632892254,469
,Halaib Triangle,2017.0,0.17306444458400677,289
,Liancourt Rocks,2017.0,0.5238169199660717,35
TWN,Taiwan,2017.0,0.23121241094635434,4731
PRI,Puerto Rico,2017.0,0.05619587526052911,286
SEN,Senegal,2017.0,1.1496414379983098,831
VEN,Venezuela,2017.0,0.1504520941795334,36
,Ile Tromelin,2017.0,0.0836956967055507,3466
,Senkaku Islands,2017.0,0.22497982195777785,1036
QAT,Qatar,2017.0,1.4339916998206979,7
GUY,Guyana,2017.0,0.22754571399507095,71
COL,Colombia,2017.0,0.13874325674877228,26
ALB,Albania,2018.0,0.32683432570129556,223
DZA,Algeria,2018.0,0.3528920017561879,2055
AGO,Angola,2018.0,1.1917155738341916,6153
ATG,Antigua and Barbuda,2018.0,0.07451277222995327,1490
AZE,Azerbaijan,2018.0,2.9708909537792088,1325
ARG,Argentina,2018.0,1.4240521999120126,18899
CXR,Christmas Island,2018.0,0.16302167737784665,4055
CCK,Cocos Islands,2018.0,0.11779795558671204,5760
HMD,Heard and McDonald Islands,2018.0,0.22217590561569514,8379
NFK,Norfolk Island,2018.0,0.14572639074950458,5935
AUS,Australia,2018.0,0.31683952517265196,93995
,Macquarie Island,2018.0,0.1956621869330921,9850
BHS,Bahamas,2018.0,0.22018786375073993,8269
BHR,Bahrain,2018.0,1.9371566559958278,132
BGD,Bangladesh,2018.0,1.3292269957933902,1348
BRB,Barbados,2018.0,0.16049116070499686,2342
BEL,Belgium,2018.0,5.256429780295032,86
,Trindade,2018.0,0.04048278363105198,6067
BRA,Brazil,2018.0,0.49774583616771456,39515
BLZ,Belize,2018.0,0.704444484456527,469
SLB,Solomon Islands,2018.0,0.08297623600906412,19595
BRN,Brunei,2018.0,0.43009226751663676,583
BGR,Bulgaria,2018.0,1.3400891347439798,611
MMR,Myanmar,2018.0,0.6929184040736901,6140
KHM,Cambodia,2018.0,0.4111079389463474,633
CMR,Cameroon,2018.0,6.2857221424021255,193
CAN,Canada,2018.0,1.1647055888166278,115294
CPV,Cape Verde,2018.0,0.35344942492269465,10024
LKA,Sri Lanka,2018.0,0.30221331000442175,6540
CHL,Chile,2018.0,0.6712164171242369,39348
CHL,Islas San Félix and San Ambrosio,2018.0,0.12729044112117552,6055
,Easter Island,2018.0,0.026690984667125703,9790
CHN,China,2018.0,1.784775044808503,12996
CHN,China,2018.0,0.11121603014520633,4309
COL,Colombia,2018.0,0.44507610024004396,8884
,Serrana Bank,2018.0,0.1407737225578415,47
,Quitasueño Bank,2018.0,0.1389243673383377,66
,Serranilla Bank,2018.0,0.1891378382796366,32
,Bajo Nuevo Bank,2018.0,0.1326872885011021,28
COM,Comores,2018.0,0.12778024694464216,2100
COG,Republic of the Congo,2018.0,6.015067184312094,458
COD,Democratic Republic of the Congo,2018.0,4.1289466902030325,205
CRI,Costa Rica,2018.0,0.23143459512353332,7127
HRV,Croatia,2018.0,0.2711071743442849,975
CUB,Cuba,2018.0,0.4870738641221852,4863
CYP,Cyprus,2018.0,0.09609000244945927,1509
BEN,Benin,2018.0,0.8932210379571349,468
FRO,Faeroe,2018.0,0.7916129243183696,6922
DNK,Denmark,2018.0,4.9370494317939455,2402
GRL,Greenland,2018.0,0.8104314277135166,64329
DMA,Dominica,2018.0,0.1184170106516735,432
DOM,Dominican Republic,2018.0,0.11000155692836065,4594
,Galapagos,2018.0,0.24231869075655948,10153
ECU,Ecuador,2018.0,0.7588248514939359,2858
SLV,El Salvador,2018.0,0.5075913569466542,1208
GNQ,Equatorial Guinea,2018.0,0.6482431509526725,3768
ERI,Eritrea,2018.0,2.167521025950366,1044
EST,Estonia,2018.0,14.225194235709342,954
FJI,Fiji,2018.0,0.09128666629264588,16436
FIN,Finland,2018.0,11.672527180158351,2008
PYF,French Polynesia,2018.0,0.05513727602044952,60120
ATF,Amsterdam and Saint Paul Islands,2018.0,0.18647593185494388,7809
ATF,Crozet Islands,2018.0,0.23203738929515513,9933
ATF,Kerguélen,2018.0,0.36638646494617844,9979
NCL,New Caledonia,2018.0,0.1052567368623663,15176
REU,Réunion,2018.0,0.08650905677784683,4143
ATF,Europa Island,2018.0,0.14035285730943792,1732
ATF,Juan de Nova Island,2018.0,0.14563258072463414,839
ATF,Bassas da India,2018.0,0.14077777591701093,1605
,Clipperton Island,2018.0,0.17219274833245368,5350
GLP,Guadeloupe,2018.0,0.09294303949179114,1226
BLM,Saint-Barthélemy,2018.0,0.1079490353657709,67
MAF,Collectivity of Saint Martin,2018.0,0.14106072937742017,29
SPM,Saint-Pierre and Miquelon,2018.0,0.5961717688468438,268
MTQ,Martinique,2018.0,0.1238731617210356,671
GUF,French Guiana,2018.0,1.8055978282847969,1630
WLF,Wallis and Futuna,2018.0,0.04449055589207242,3145
FRA,France,2018.0,0.9425237028871262,6245
DJI,Djibouti,2018.0,0.5366386763987788,113
GAB,Gabon,2018.0,1.7538218220393065,2465
GEO,Georgia,2018.0,0.8624571106868667,411
GMB,Gambia,2018.0,5.60813897163621,309
DEU,Germany,2018.0,6.012873905988362,1279
GHA,Ghana,2018.0,0.45491629844377235,2791
KIR,Phoenix Group,2018.0,0.13078631275674546,8985
KIR,Line Group,2018.0,0.11743631073086779,19889
KIR,Gilbert Islands,2018.0,0.12249565400644227,12655
GRC,Greece,2018.0,0.16978016874100157,7475
GRD,Grenada,2018.0,0.5075074377816438,360
GTM,Guatemala,2018.0,0.5016562358993891,1418
GIN,Guinea,2018.0,2.6240021348328906,1288
GUY,Guyana,2018.0,1.2725392020215311,1669
HTI,Haiti,2018.0,0.11610284147947604,1418
HND,Honduras,2018.0,0.23896375126255262,2728
ISL,Iceland,2018.0,0.8759939020493414,21227
,Andaman and Nicobar,2018.0,0.1662955183404343,8167
IND,India,2018.0,0.6900618465977246,20593
IDN,Indonesia,2018.0,0.4210889950381837,73228
IRN,Iran,2018.0,2.1565999235823226,3222
IRQ,Iraq,2018.0,2.5912382009965396,30
IRL,Ireland,2018.0,0.7412202957181466,8458
ISR,Israel,2018.0,0.11339978884070742,418
ITA,Italy,2018.0,0.29939952639834216,8670
CIV,Ivory Coast,2018.0,0.7463125846933882,2104
JAM,Jamaica,2018.0,0.11099068818107169,3317
JPN,Japan,2018.0,0.2823824820999714,56539
KAZ,Kazakhstan,2018.0,4.511437742107621,1817
JOR,Jordan,2018.0,0.16149522698842564,5
KEN,Kenya,2018.0,0.25811585723442093,1545
PRK,North Korea,2018.0,1.4349514516214774,1881
KOR,South Korea,2018.0,1.0748491022441247,5266
KWT,Kuwait,2018.0,1.889884441819209,174
LBN,Lebanon,2018.0,0.12510028565437395,309
LVA,Latvia,2018.0,12.281456354357863,693
LBR,Liberia,2018.0,0.3234176214457976,3086
LBY,Libya,2018.0,0.10994693688748415,5172
LTU,Lithuania,2018.0,10.769660726842067,159
MDG,Madagascar,2018.0,0.21612980574955187,15618
MYS,Malaysia,2018.0,0.6518697323992801,6580
MDV,Maldives,2018.0,0.15359868084584857,11086
MLT,Malta,2018.0,0.12579361285060428,829
MRT,Mauritania,2018.0,4.130707722238575,2232
MUS,Republic of Mauritius,2018.0,0.08478231503492852,16069
,Chagos Archipelago,2018.0,0.11178418657093783,7834
MEX,Mexico,2018.0,0.32270082742803885,41257
MCO,Monaco,2018.0,0.285130253983439,18
MNE,Montenegro,2018.0,0.26428963361420815,120
MAR,Morocco,2018.0,0.5079530799654424,4112
MOZ,Mozambique,2018.0,0.2970931511357544,7395
OMN,Oman,2018.0,1.513470866341815,7196
NAM,Namibia,2018.0,1.8912130857717395,7414
NRU,Nauru,2018.0,0.07687905988804428,3761
ABW,Aruba,2018.0,0.1823785542957643,418
BES,Bonaire,2018.0,0.20369534635563077,194
CUW,Curaçao,2018.0,0.18675447837981002,368
BES,Saba,2018.0,0.14197457792458448,144
BES,Sint-Eustatius,2018.0,0.1288224670175397,50
SXM,Sint-Maarten,2018.0,0.1402313006717597,11
NLD,Netherlands,2018.0,3.542836869392835,1348
VUT,Vanuatu,2018.0,0.09997484018886657,7951
COK,Cook Islands,2018.0,0.04854904153505964,24465
NIU,Niue,2018.0,0.05087400114242982,4088
TKL,Tokelau,2018.0,0.0655635884257335,3955
NZL,New Zealand,2018.0,0.3093266482420097,66975
NIC,Nicaragua,2018.0,0.46750084980922185,2812
NGA,Nigeria,2018.0,1.6237617240419409,2160
SJM,Svalbard,2018.0,1.2366869142728534,42073
NOR,Norway,2018.0,1.6415062466088286,29413
SJM,Jan Mayen,2018.0,0.8815175887224068,10726
FSM,Micronesia,2018.0,0.060885164314527875,36154
MHL,Marshall Islands,2018.0,0.046194898768719864,24338
PLW,Palau,2018.0,0.08734554074586859,7490
PAK,Pakistan,2018.0,3.326182517485794,2986
PAN,Panama,2018.0,0.6486707812728205,4128
PNG,Papua New Guinea,2018.0,0.15522475606400526,29153
PER,Peru,2018.0,1.7796138986920833,10586
PHL,Philippines,2018.0,0.14765028291885843,24502
POL,Poland,2018.0,8.677335514552333,702
,Azores,2018.0,0.1528666659446501,14635
,Madeira,2018.0,0.13543945984144495,6514
PRT,Portugal,2018.0,0.38180998844176417,4853
GNB,Guinea-Bissau,2018.0,3.159088062253406,1346
,Oecusse,2018.0,0.37045179715342264,31
TLS,East Timor,2018.0,0.22122219433637635,1001
QAT,Qatar,2018.0,1.3806994999659896,470
ROU,Romania,2018.0,2.167806078246077,525
RUS,Russia,2018.0,2.38400900786656,237485
KNA,Saint Kitts and Nevis,2018.0,0.12069290090659468,150
LCA,Saint Lucia,2018.0,0.153779991588718,234
VCT,Saint Vincent and the Grenadines,2018.0,0.21466384789430257,497
STP,Sao Tome and Principe,2018.0,0.19652493968639276,1655
SAU,Saudi Arabia,2018.0,0.5009172314974587,3142
SEN,Senegal,2018.0,3.9135938116254656,2038
SYC,Seychelles,2018.0,0.17268252304934334,16211
SLE,Sierra Leone,2018.0,0.6011558718911446,1997
SGP,Singapore,2018.0,2.789273000669422,17
VNM,Vietnam,2018.0,0.47094520610607843,9333
SVN,Slovenia,2018.0,0.9732059779021661,8
SOM,Federal Republic of Somalia,2018.0,0.4962323602458348,10097
ZAF,South Africa,2018.0,0.7093324742084942,15371
,Prince Edward Islands,2018.0,0.2594775581639031,8283
,Canary Islands,2018.0,0.15883547982994006,6204
ESP,Spain,2018.0,0.4502977572729783,9241
SDN,Sudan,2018.0,0.29501843033006064,859
SUR,Suriname,2018.0,1.1720690466382246,1669
SWE,Sweden,2018.0,8.904351221082763,3736
SYR,Syria,2018.0,0.13659304347143283,178
THA,Thailand,2018.0,0.562094494650543,3744
TGO,Togo,2018.0,0.41421143229668494,233
TON,Tonga,2018.0,0.07964044395851613,8578
TTO,Trinidad and Tobago,2018.0,1.6177331681584053,1011
ARE,United Arab Emirates,2018.0,1.6220581857957748,731
TUN,Tunisia,2018.0,0.7620786798699635,1601
TUR,Turkey,2018.0,0.8538353137935017,4493
TKM,Turkmenistan,2018.0,1.9515819851010148,985
TUV,Tuvalu,2018.0,0.06034710923001271,9171
EGY,Egypt,2018.0,0.23420404114974638,3531
SHN,Ascension,2018.0,0.09646895119081786,5448
PCN,Pitcairn,2018.0,0.025881678384568802,11080
SHN,Saint Helena,2018.0,0.09445018927411927,5637
SHN,Tristan da Cunha,2018.0,0.2400520986015494,11599
AIA,Anguilla,2018.0,0.06371313748889469,1207
VGB,British Virgin Islands,2018.0,0.06518342064624158,1099
CYM,Cayman Islands,2018.0,0.08354986263996143,1554
MSR,Montserrat,2018.0,0.11892283605353055,115
TCA,Turks and Caicos Islands,2018.0,0.06407328119010824,1234
GGY,Guernsey,2018.0,1.0734818426053958,89
JEY,Jersey,2018.0,1.5204898579696577,57
GBR,United Kingdom,2018.0,1.2150429712167738,16135
BMU,Bermuda,2018.0,0.07952463268907824,6607
IMN,Isle of Man,2018.0,2.0500827215614206,107
TZA,Tanzania,2018.0,0.20654853026985262,2962
ASM,American Samoa,2018.0,0.047436992804921065,5102
UMI,Palmyra Atoll,2018.0,0.0850132784978131,4332
PRI,Puerto Rico,2018.0,0.13459360337289314,2038
VIR,United States Virgin Islands,2018.0,0.14582735172436279,542
UMI,Johnston Atoll,2018.0,0.053404652706783295,5574
GUM,Guam,2018.0,0.039984319988069,2640
MNP,Northern Mariana Islands,2018.0,0.04444192343900342,9663
UMI,Jarvis Island,2018.0,0.16244727835228656,3927
UMI,Howland and Baker Islands,2018.0,0.15326890915180807,5261
,Hawaii,2018.0,0.07213702949790933,32409
,Alaska,2018.0,1.2813449546498825,83609
USA,United States,2018.0,1.0402242728783866,36048
URY,Uruguay,2018.0,2.2082277796757595,2164
VEN,Venezuela,2018.0,1.427637491600322,5978
WSM,Samoa,2018.0,0.051948878732355215,1683
YEM,Yemen,2018.0,0.576734115553923,6648
,Glorioso Islands,2018.0,0.13815109148164742,572
BLZ,Belize,2018.0,0.47523188688141804,28
KOR,South Korea,2018.0,0.40808458338890397,1219
PSE,Palestine,2018.0,0.34560197562876876,28
BRB,Barbados,2018.0,0.5186290315953381,5
IRQ,Iraq,2018.0,3.552218333534572,3
,"Abu musa, Greater and Lesser Tunb",2018.0,2.811035229823711,101
FRO,Faeroe,2018.0,1.04904501200639,67
,Doumeira Islands,2018.0,0.7837375899422265,8
FRA,France,2018.0,0.26443208787423456,2
PNG,Papua New Guinea,2018.0,1.4672608109256233,55
FLK,Falkland / Malvinas Islands,2018.0,0.9939418959600559,10578
SGS,South Georgia and the South Sandwich Islands,2018.0,0.41116067347802976,26500
URY,Uruguay,2018.0,3.48667219615835,665
GBR,United Kingdom,2018.0,0.6642783410414876,257
MYT,Mayotte,2018.0,0.13484752336018802,887
CRI,Costa Rica,2018.0,0.17019214874811028,273
PER,Peru,2018.0,0.8836312685584812,242
DOM,Dominican Republic,2018.0,0.1253961309740676,189
ECU,Ecuador,2018.0,0.37287391139103954,280
JAM,Jamaica,2018.0,0.10079599515714897,239
NOR,Norway,2018.0,2.9632406089616863,8
FRA,France,2018.0,0.3670238581098881,54
GIB,Gibraltar,2018.0,0.8642693434793925,13
HRV,Croatia,2018.0,0.6329454901413274,8
MYS,Malaysia,2018.0,1.1151947736042984,11
EGY,Egypt,2018.0,0.08454419543140249,138
,Matthew and Hunter Islands,2018.0,0.09958831823464116,2508
CAN,Canada,2018.0,0.3276573238050535,1033
,Navassa Island,2018.0,0.09504221477335413,205
HND,Honduras,2018.0,0.11019062395116558,37
,Melilla,2018.0,0.4260948896408081,1
,Alhucemas Islands,2018.0,0.7022695541381836,1
,Ceuta,2018.0,0.5625057609184929,2
,Peñón de Vélez de la Gomera,2018.0,0.6980384588241577,1
,Chafarinas Islands,2018.0,0.5780307286315495,3
ESH,Western Sahara,2018.0,1.3857762173036223,3795
UMI,Wake Island / Enenkio,2018.0,0.0432600615844547,5210
,Kuril Islands,2018.0,1.7695300681759718,3647
NOR,Norway,2018.0,3.719304055516706,190
UKR,Ukraine,2018.0,2.7711450566195874,2400
USA,United States,2018.0,0.5280436502155424,268
ISL,Iceland,2018.0,0.9009480148202089,1568
STP,São Tomé and Principe,2018.0,0.18739487718368722,471
,Halaib Triangle,2018.0,0.17890263658497543,289
,Liancourt Rocks,2018.0,0.627380454910627,35
TWN,Taiwan,2018.0,0.22901296153714015,4730
PRI,Puerto Rico,2018.0,0.04966790541276462,286
SEN,Senegal,2018.0,1.9321573705320738,831
VEN,Venezuela,2018.0,0.14879104533876103,36
,Ile Tromelin,2018.0,0.08786732782934079,3466
,Senkaku Islands,2018.0,0.29857006420610105,1036
QAT,Qatar,2018.0,1.19681453468776,7
GUY,Guyana,2018.0,0.19750153189269742,71
COL,Colombia,2018.0,0.13369467634527635,26
ALB,Albania,2019.0,0.3083828080051472,226
DZA,Algeria,2019.0,0.30304566541391154,2053
AGO,Angola,2019.0,1.087675131479018,6152
ATG,Antigua and Barbuda,2019.0,0.07284098930574694,1490
AZE,Azerbaijan,2019.0,1.9255886921227672,1323
ARG,Argentina,2019.0,1.6989718212054186,18909
CXR,Christmas Island,2019.0,0.17218803587691356,4055
CCK,Cocos Islands,2019.0,0.10732906783124616,5760
HMD,Heard and McDonald Islands,2019.0,0.20073631355595323,8379
NFK,Norfolk Island,2019.0,0.14582365178436454,5935
AUS,Australia,2019.0,0.3342393844076671,93982
,Macquarie Island,2019.0,0.20310185918424695,9850
BHS,Bahamas,2019.0,0.24219938512676994,8265
BHR,Bahrain,2019.0,2.1750191304313464,133
BGD,Bangladesh,2019.0,1.7497749460417507,1371
BRB,Barbados,2019.0,0.18595403395088642,2342
BEL,Belgium,2019.0,5.609062318823232,85
,Trindade,2019.0,0.05365547843481699,6067
BRA,Brazil,2019.0,0.5805752198778689,39514
BLZ,Belize,2019.0,0.5446797951240869,467
SLB,Solomon Islands,2019.0,0.09049571230202785,19595
BRN,Brunei,2019.0,0.3301300266909729,584
BGR,Bulgaria,2019.0,0.9663151960572497,612
MMR,Myanmar,2019.0,0.7888612465088565,6143
KHM,Cambodia,2019.0,0.4935224060298901,634
CMR,Cameroon,2019.0,6.777447016994884,190
CAN,Canada,2019.0,1.1521279292194373,126425
CPV,Cape Verde,2019.0,0.27168232055874525,10024
LKA,Sri Lanka,2019.0,0.256644902428524,6540
CHL,Chile,2019.0,0.7503549576610343,39316
CHL,Islas San Félix and San Ambrosio,2019.0,0.15106672023068524,6055
,Easter Island,2019.0,0.03359780968192989,9790
CHN,China,2019.0,1.907935358570396,13000
CHN,China,2019.0,0.1238668020574977,4309
COL,Colombia,2019.0,0.5274573523375119,8880
,Serrana Bank,2019.0,0.13685559194356686,47
,Quitasueño Bank,2019.0,0.1375223954540056,66
,Serranilla Bank,2019.0,0.1832308428365106,32
,Bajo Nuevo Bank,2019.0,0.12868107837253284,28
COM,Comores,2019.0,0.1302051213017871,2100
COG,Republic of the Congo,2019.0,5.75526525955784,458
COD,Democratic Republic of the Congo,2019.0,4.426611762220378,205
CRI,Costa Rica,2019.0,0.20453524549104424,7127
HRV,Croatia,2019.0,0.27882084691042286,975
CUB,Cuba,2019.0,0.4480457910284282,4861
CYP,Cyprus,2019.0,0.10351986459450713,1509
BEN,Benin,2019.0,0.5409469872393391,466
FRO,Faeroe,2019.0,0.838235974824937,6922
DNK,Denmark,2019.0,5.186435815077534,2391
GRL,Greenland,2019.0,0.8746833537416734,62229
DMA,Dominica,2019.0,0.12490977252906912,432
DOM,Dominican Republic,2019.0,0.095764407601442,4595
,Galapagos,2019.0,0.251440562395952,10153
ECU,Ecuador,2019.0,0.745359594627775,2856
SLV,El Salvador,2019.0,0.41379925900555564,1207
GNQ,Equatorial Guinea,2019.0,0.5655294584714089,3766
ERI,Eritrea,2019.0,2.0424702394002283,1047
EST,Estonia,2019.0,14.995156154413372,956
FJI,Fiji,2019.0,0.08159082435381973,16438
FIN,Finland,2019.0,12.411503870944662,2013
PYF,French Polynesia,2019.0,0.06253668210248303,60121
ATF,Amsterdam and Saint Paul Islands,2019.0,0.2080347421015307,7809
ATF,Crozet Islands,2019.0,0.3536708313264747,9933
ATF,Kerguélen,2019.0,0.313481626791848,9984
NCL,New Caledonia,2019.0,0.10722204155308361,15177
REU,Réunion,2019.0,0.09170443127900377,4142
ATF,Europa Island,2019.0,0.14528964456668683,1732
ATF,Juan de Nova Island,2019.0,0.14275515900829722,839
ATF,Bassas da India,2019.0,0.1490503126480489,1605
,Clipperton Island,2019.0,0.13726600089389485,5350
GLP,Guadeloupe,2019.0,0.0993029838065344,1226
BLM,Saint-Barthélemy,2019.0,0.0999275619947671,67
MAF,Collectivity of Saint Martin,2019.0,0.12514038670687355,29
SPM,Saint-Pierre and Miquelon,2019.0,0.6583972277988089,267
MTQ,Martinique,2019.0,0.13827382478530423,671
GUF,French Guiana,2019.0,1.5956282363809062,1638
WLF,Wallis and Futuna,2019.0,0.04255213772754538,3146
FRA,France,2019.0,1.0070798128881617,6235
DJI,Djibouti,2019.0,0.8536491916069847,114
GAB,Gabon,2019.0,2.094436064165275,2469
GEO,Georgia,2019.0,1.0608368970820894,413
GMB,Gambia,2019.0,3.7079491389772525,312
DEU,Germany,2019.0,5.988831971684854,1274
GHA,Ghana,2019.0,0.4046808677785114,2789
KIR,Phoenix Group,2019.0,0.1328387963610684,8985
KIR,Line Group,2019.0,0.12311392701042773,19889
KIR,Gilbert Islands,2019.0,0.09028813833853164,12655
GRC,Greece,2019.0,0.16946808521315807,7487
GRD,Grenada,2019.0,0.467529438922815,360
GTM,Guatemala,2019.0,0.4144364024703867,1419
GIN,Guinea,2019.0,2.179370627843492,1288
GUY,Guyana,2019.0,1.2864634227266523,1673
HTI,Haiti,2019.0,0.10561567900079231,1417
HND,Honduras,2019.0,0.24260403627853938,2728
ISL,Iceland,2019.0,0.9990378504990151,21233
,Andaman and Nicobar,2019.0,0.17989678369353662,8173
IND,India,2019.0,0.6703048570753145,20603
IDN,Indonesia,2019.0,0.4772309488833439,73258
IRN,Iran,2019.0,1.9346906760990206,3230
IRQ,Iraq,2019.0,3.6408651893586987,31
IRL,Ireland,2019.0,0.7921758772637374,8447
ISR,Israel,2019.0,0.1293051406881189,418
ITA,Italy,2019.0,0.28950294581896874,8671
CIV,Ivory Coast,2019.0,0.6901692620690462,2103
JAM,Jamaica,2019.0,0.10411751789307545,3317
JPN,Japan,2019.0,0.28730566809201236,56547
KAZ,Kazakhstan,2019.0,4.620991933616156,1820
JOR,Jordan,2019.0,0.166162271637183,5
KEN,Kenya,2019.0,0.21564487221083625,1544
PRK,North Korea,2019.0,1.6672007120122385,1881
KOR,South Korea,2019.0,1.2144951189184148,5262
KWT,Kuwait,2019.0,2.089893553789676,174
LBN,Lebanon,2019.0,0.143470710236164,310
LVA,Latvia,2019.0,12.173943501421993,696
LBR,Liberia,2019.0,0.36054177014955213,3085
LBY,Libya,2019.0,0.11663577429731824,5167
LTU,Lithuania,2019.0,10.352109278117792,158
MDG,Madagascar,2019.0,0.22547386208497092,15615
MYS,Malaysia,2019.0,0.627664756892821,6590
MDV,Maldives,2019.0,0.1425420458612651,11087
MLT,Malta,2019.0,0.13357837793969563,829
MRT,Mauritania,2019.0,4.7873059656309085,2232
MUS,Republic of Mauritius,2019.0,0.08114153912946685,16069
,Chagos Archipelago,2019.0,0.08954017274769113,7834
MEX,Mexico,2019.0,0.3042334872724575,41264
MCO,Monaco,2019.0,0.3284948074827828,18
MNE,Montenegro,2019.0,0.2412638672970477,120
MAR,Morocco,2019.0,0.6046199095644125,4115
MOZ,Mozambique,2019.0,0.2877597714610016,7395
OMN,Oman,2019.0,1.7704327276800966,7196
NAM,Namibia,2019.0,2.498498254822597,7411
NRU,Nauru,2019.0,0.05790904695693054,3761
ABW,Aruba,2019.0,0.17009501651708278,418
BES,Bonaire,2019.0,0.18929571165662246,194
CUW,Curaçao,2019.0,0.17722304669334837,368
BES,Saba,2019.0,0.12509422581874124,144
BES,Sint-Eustatius,2019.0,0.12037448218905607,50
SXM,Sint-Maarten,2019.0,0.13747014676446392,11
NLD,Netherlands,2019.0,3.8285849641668626,1346
VUT,Vanuatu,2019.0,0.09165301655078814,7952
COK,Cook Islands,2019.0,0.050113522989460875,24465
NIU,Niue,2019.0,0.051123294226461446,4088
TKL,Tokelau,2019.0,0.0674236818847329,3955
NZL,New Zealand,2019.0,0.3638603464426144,66963
NIC,Nicaragua,2019.0,0.3827960723948103,2822
NGA,Nigeria,2019.0,1.1394766563164047,2170
SJM,Svalbard,2019.0,1.0371745190099457,30507
NOR,Norway,2019.0,1.3574286206067,29408
SJM,Jan Mayen,2019.0,1.555666605239711,10726
FSM,Micronesia,2019.0,0.058407034880951524,36154
MHL,Marshall Islands,2019.0,0.04123495368564989,24338
PLW,Palau,2019.0,0.09377393736650014,7489
PAK,Pakistan,2019.0,2.294170931397621,2988
PAN,Panama,2019.0,0.7363182605437106,4127
PNG,Papua New Guinea,2019.0,0.16991383763506887,29147
PER,Peru,2019.0,1.586203946135952,10582
PHL,Philippines,2019.0,0.1656586832049738,24516
POL,Poland,2019.0,8.874520600212978,701
,Azores,2019.0,0.17108977990483312,14634
,Madeira,2019.0,0.10854024676461875,6514
PRT,Portugal,2019.0,0.3574690931311613,4854
GNB,Guinea-Bissau,2019.0,2.6487391647322234,1349
,Oecusse,2019.0,0.45834256025685927,31
TLS,East Timor,2019.0,0.26421621542562196,1002
QAT,Qatar,2019.0,1.326861358111641,467
ROU,Romania,2019.0,2.0562974142858943,527
RUS,Russia,2019.0,2.672674158893408,236049
KNA,Saint Kitts and Nevis,2019.0,0.11104923128955199,150
LCA,Saint Lucia,2019.0,0.17827338256664702,234
VCT,Saint Vincent and the Grenadines,2019.0,0.23752410452778905,497
STP,Sao Tome and Principe,2019.0,0.22466990088995833,1655
SAU,Saudi Arabia,2019.0,0.5025644114066096,3147
SEN,Senegal,2019.0,3.403779774006776,2036
SYC,Seychelles,2019.0,0.1524399811516577,16212
SLE,Sierra Leone,2019.0,0.7815498799209688,1999
SGP,Singapore,2019.0,2.656376302676293,16
VNM,Vietnam,2019.0,0.4596707201767478,9329
SVN,Slovenia,2019.0,1.5865721354819602,8
SOM,Federal Republic of Somalia,2019.0,0.37423830442925765,10094
ZAF,South Africa,2019.0,0.7411805131034191,15370
,Prince Edward Islands,2019.0,0.19790220777912984,8283
,Canary Islands,2019.0,0.1453799967453847,6204
ESP,Spain,2019.0,0.4064310622235247,9246
SDN,Sudan,2019.0,0.2514709018989569,858
SUR,Suriname,2019.0,1.1411650034027585,1667
SWE,Sweden,2019.0,9.970690602072844,3741
SYR,Syria,2019.0,0.15411472816698848,178
THA,Thailand,2019.0,0.5534508642156954,3741
TGO,Togo,2019.0,0.30859711174750687,233
TON,Tonga,2019.0,0.08047090942007908,8579
TTO,Trinidad and Tobago,2019.0,1.6874151615680941,1012
ARE,United Arab Emirates,2019.0,1.6046461698703816,729
TUN,Tunisia,2019.0,0.7795074587816317,1599
TUR,Turkey,2019.0,0.7689660214213853,4493
TKM,Turkmenistan,2019.0,1.7847472833118074,985
TUV,Tuvalu,2019.0,0.06563811230559574,9171
EGY,Egypt,2019.0,0.2656150142661987,3532
SHN,Ascension,2019.0,0.10716709726270021,5448
PCN,Pitcairn,2019.0,0.0316898918531762,11080
SHN,Saint Helena,2019.0,0.09042100506170866,5637
SHN,Tristan da Cunha,2019.0,0.2905732734552963,11599
AIA,Anguilla,2019.0,0.06210278243897252,1207
VGB,British Virgin Islands,2019.0,0.061785902553486274,1099
CYM,Cayman Islands,2019.0,0.08219208542744841,1554
MSR,Montserrat,2019.0,0.11077382800314041,115
TCA,Turks and Caicos Islands,2019.0,0.09548055261199896,1250
GGY,Guernsey,2019.0,1.1726789724650575,89
JEY,Jersey,2019.0,1.462644747669663,57
GBR,United Kingdom,2019.0,1.298946239089028,16107
BMU,Bermuda,2019.0,0.08565449347520222,6607
IMN,Isle of Man,2019.0,2.1322794635630102,106
TZA,Tanzania,2019.0,0.1897098314744839,2965
ASM,American Samoa,2019.0,0.047535217149562534,5102
UMI,Palmyra Atoll,2019.0,0.09509584035756319,4332
PRI,Puerto Rico,2019.0,0.11494710389637969,2038
VIR,United States Virgin Islands,2019.0,0.11343109985890659,542
UMI,Johnston Atoll,2019.0,0.0492886247696998,5574
GUM,Guam,2019.0,0.040978600394740966,2640
MNP,Northern Mariana Islands,2019.0,0.04521664145003409,9663
UMI,Jarvis Island,2019.0,0.16798324111692894,3927
UMI,Howland and Baker Islands,2019.0,0.14684782001139673,5261
,Hawaii,2019.0,0.06671285793141064,32411
,Alaska,2019.0,1.2877647263387544,84923
USA,United States,2019.0,1.1668585297768823,36036
URY,Uruguay,2019.0,3.804990041780974,2165
VEN,Venezuela,2019.0,1.4781579627235575,5988
WSM,Samoa,2019.0,0.04811247945582771,1683
YEM,Yemen,2019.0,0.4557312978944642,6647
,Glorioso Islands,2019.0,0.12721113471983067,572
BLZ,Belize,2019.0,0.3395883530741784,28
KOR,South Korea,2019.0,0.40669785568762234,1219
PSE,Palestine,2019.0,0.37385054242251897,28
BRB,Barbados,2019.0,0.2837785030233449,5
IRQ,Iraq,2019.0,4.303939539453258,3
,"Abu musa, Greater and Lesser Tunb",2019.0,2.0205362720600157,101
FRO,Faeroe,2019.0,1.2017723059702934,67
,Doumeira Islands,2019.0,0.8852658791931961,8
FRA,France,2019.0,0.3234079784866589,2
PNG,Papua New Guinea,2019.0,1.784345775002456,55
FLK,Falkland / Malvinas Islands,2019.0,0.960453611680781,10573
SGS,South Georgia and the South Sandwich Islands,2019.0,0.5471278077181605,26495
URY,Uruguay,2019.0,6.209388649630923,665
GBR,United Kingdom,2019.0,0.6862927580677864,257
MYT,Mayotte,2019.0,0.1317508479456414,887
CRI,Costa Rica,2019.0,0.21109824711199918,273
PER,Peru,2019.0,0.8563209422393359,242
DOM,Dominican Republic,2019.0,0.13002775745106887,189
ECU,Ecuador,2019.0,0.7969919252267486,280
JAM,Jamaica,2019.0,0.09642249668347946,239
NOR,Norway,2019.0,3.736513205936977,8
FRA,France,2019.0,0.8574193440599349,54
GIB,Gibraltar,2019.0,0.8741414359345062,13
HRV,Croatia,2019.0,1.1497844295719495,8
MYS,Malaysia,2019.0,1.0956804504868582,11
EGY,Egypt,2019.0,0.09525668966831305,138
,Matthew and Hunter Islands,2019.0,0.0845125723073189,2508
CAN,Canada,2019.0,0.30058784909887526,1036
,Navassa Island,2019.0,0.08262043103159361,205
HND,Honduras,2019.0,0.10530104248229588,37
,Melilla,2019.0,0.43324142694473267,1
,Alhucemas Islands,2019.0,0.7594478130340576,1
,Ceuta,2019.0,0.49243870247965277,2
,Peñón de Vélez de la Gomera,2019.0,1.008481373389562,2
,Chafarinas Islands,2019.0,0.5242911203040018,3
ESH,Western Sahara,2019.0,1.7227345300190635,3794
UMI,Wake Island / Enenkio,2019.0,0.040221517647945675,5210
,Kuril Islands,2019.0,1.5475147036777022,3645
NOR,Norway,2019.0,0.707724562102662,190
UKR,Ukraine,2019.0,2.6117845096521823,2404
USA,United States,2019.0,0.9939180601501681,268
ISL,Iceland,2019.0,0.6525970338579927,1568
STP,São Tomé and Principe,2019.0,0.19799557010052682,471
,Halaib Triangle,2019.0,0.1719134004543708,289
,Liancourt Rocks,2019.0,0.5356023967995012,35
TWN,Taiwan,2019.0,0.25120625338964764,4728
PRI,Puerto Rico,2019.0,0.05383653058628323,286
SEN,Senegal,2019.0,0.9996610782999517,831
VEN,Venezuela,2019.0,0.14146693727324033,36
,Ile Tromelin,2019.0,0.07270651600852934,3466
,Senkaku Islands,2019.0,0.27744253408191466,1036
QAT,Qatar,2019.0,1.5992600616842214,7
GUY,Guyana,2019.0,0.24422792806635404,71
COL,Colombia,2019.0,0.12976648377686592,26
ALB,Albania,2020.0,0.3340637717331537,227
DZA,Algeria,2020.0,0.2516852901858294,2054
AGO,Angola,2020.0,1.1860999603158513,6151
ATG,Antigua and Barbuda,2020.0,0.06753160080351969,1490
AZE,Azerbaijan,2020.0,1.7730032170059982,1322
ARG,Argentina,2020.0,1.873523680200525,18902
CXR,Christmas Island,2020.0,0.13217270406343368,4055
CCK,Cocos Islands,2020.0,0.08783933785481537,5760
HMD,Heard and McDonald Islands,2020.0,0.23177131807527057,8379
NFK,Norfolk Island,2020.0,0.15335800932697422,5935
AUS,Australia,2020.0,0.3503299392441528,93996
,Macquarie Island,2020.0,0.1980362139174126,9850
BHS,Bahamas,2020.0,0.22367603229515035,8263
BHR,Bahrain,2020.0,2.277887791278546,132
BGD,Bangladesh,2020.0,1.764843086561106,1342
BRB,Barbados,2020.0,0.15142105022122465,2342
BEL,Belgium,2020.0,7.38294986131913,86
,Trindade,2020.0,0.05343385071493905,6067
BRA,Brazil,2020.0,0.5405412083283296,39536
BLZ,Belize,2020.0,0.885573989100365,467
SLB,Solomon Islands,2020.0,0.09496355522858652,19599
BRN,Brunei,2020.0,0.4863617485512545,583
BGR,Bulgaria,2020.0,0.8450657141213102,609
MMR,Myanmar,2020.0,0.9933627757440212,6155
KHM,Cambodia,2020.0,0.47071187782507523,633
CMR,Cameroon,2020.0,5.127848158375406,200
CAN,Canada,2020.0,1.1655771331067375,123137
CPV,Cape Verde,2020.0,0.3005835490233674,10024
LKA,Sri Lanka,2020.0,0.3608857982513942,6542
CHL,Chile,2020.0,0.8661552833007345,39276
CHL,Islas San Félix and San Ambrosio,2020.0,0.1401099781703311,6055
,Easter Island,2020.0,0.03378463362421798,9790
CHN,China,2020.0,1.8751034903839843,13024
CHN,China,2020.0,0.10494112187795708,4309
COL,Colombia,2020.0,0.43270741998467893,8881
,Serrana Bank,2020.0,0.1316112205335089,47
,Quitasueño Bank,2020.0,0.13308994521334547,66
,Serranilla Bank,2020.0,0.20079657477496868,32
,Bajo Nuevo Bank,2020.0,0.12458811311832979,28
COM,Comores,2020.0,0.1299631965943932,2097
COG,Republic of the Congo,2020.0,9.653467125140478,455
COD,Democratic Republic of the Congo,2020.0,5.7867654814376355,205
CRI,Costa Rica,2020.0,0.24641868017972068,7126
HRV,Croatia,2020.0,0.3251957470281261,974
CUB,Cuba,2020.0,0.42402011758606606,4853
CYP,Cyprus,2020.0,0.10817474445298789,1509
BEN,Benin,2020.0,0.4051772053031089,468
FRO,Faeroe,2020.0,0.811310612046694,6924
DNK,Denmark,2020.0,5.260097727892462,2396
GRL,Greenland,2020.0,0.7084370483422219,62116
DMA,Dominica,2020.0,0.11113144703340432,432
DOM,Dominican Republic,2020.0,0.1025541084117877,4592
,Galapagos,2020.0,0.2703854024881077,10153
ECU,Ecuador,2020.0,0.6790175397064442,2858
SLV,El Salvador,2020.0,0.46098637054504016,1207
GNQ,Equatorial Guinea,2020.0,0.6473730395411561,3766
ERI,Eritrea,2020.0,2.390795272264945,1049
EST,Estonia,2020.0,13.235838426499823,957
FJI,Fiji,2020.0,0.0856751103929673,16435
FIN,Finland,2020.0,11.022066085224612,2034
PYF,French Polynesia,2020.0,0.056024237972550794,60121
ATF,Amsterdam and Saint Paul Islands,2020.0,0.229304596679424,7809
ATF,Crozet Islands,2020.0,0.27896302880231627,9933
ATF,Kerguélen,2020.0,0.3426485688662784,9977
NCL,New Caledonia,2020.0,0.10510002438894396,15176
REU,Réunion,2020.0,0.09154770097820027,4143
ATF,Europa Island,2020.0,0.16531247113842198,1732
ATF,Juan de Nova Island,2020.0,0.14528835508391436,839
ATF,Bassas da India,2020.0,0.1399823593815585,1605
,Clipperton Island,2020.0,0.12883656545607042,5350
GLP,Guadeloupe,2020.0,0.0876574354407185,1226
BLM,Saint-Barthélemy,2020.0,0.10862608605175605,67
MAF,Collectivity of Saint Martin,2020.0,0.13254856672655382,29
SPM,Saint-Pierre and Miquelon,2020.0,0.7185658402014559,268
MTQ,Martinique,2020.0,0.12082723906286347,672
GUF,French Guiana,2020.0,1.5190915658672421,1637
WLF,Wallis and Futuna,2020.0,0.050332334160711284,3145
FRA,France,2020.0,1.1539868491989467,6237
DJI,Djibouti,2020.0,0.6748186520910623,114
GAB,Gabon,2020.0,2.2216444492915284,2459
GEO,Georgia,2020.0,0.846656618729005,410
GMB,Gambia,2020.0,3.4477279229430895,311
DEU,Germany,2020.0,6.354342669099929,1278
GHA,Ghana,2020.0,0.37355194091688687,2790
KIR,Phoenix Group,2020.0,0.14195367693922037,8985
KIR,Line Group,2020.0,0.12777475598890928,19889
KIR,Gilbert Islands,2020.0,0.16407051186930183,12655
GRC,Greece,2020.0,0.16505252221617323,7486
GRD,Grenada,2020.0,0.44332586053744427,360
GTM,Guatemala,2020.0,0.4539606418235651,1419
GIN,Guinea,2020.0,1.0120486560790172,1286
GUY,Guyana,2020.0,1.361331793545839,1677
HTI,Haiti,2020.0,0.10200387680434259,1417
HND,Honduras,2020.0,0.31438604464900916,2729
ISL,Iceland,2020.0,0.8567044920283248,21231
,Andaman and Nicobar,2020.0,0.2077047444565247,8174
IND,India,2020.0,0.663254908411759,20613
IDN,Indonesia,2020.0,0.42511083088187035,73244
IRN,Iran,2020.0,1.4168404171566338,3221
IRQ,Iraq,2020.0,2.9816874778276548,29
IRL,Ireland,2020.0,0.9177763665767458,8457
ISR,Israel,2020.0,0.15226722821848684,418
ITA,Italy,2020.0,0.2775726738384682,8676
CIV,Ivory Coast,2020.0,0.7987477768086062,2104
JAM,Jamaica,2020.0,0.10709956844236976,3317
JPN,Japan,2020.0,0.27399787180488444,56541
KAZ,Kazakhstan,2020.0,4.817585716662921,1802
JOR,Jordan,2020.0,0.15007775127887724,5
KEN,Kenya,2020.0,0.2010549523342789,1543
PRK,North Korea,2020.0,1.5044360419930594,1882
KOR,South Korea,2020.0,1.2596882972816366,5266
KWT,Kuwait,2020.0,2.00052088068044,176
LBN,Lebanon,2020.0,0.15449289081043546,311
LVA,Latvia,2020.0,11.248083022990881,696
LBR,Liberia,2020.0,0.34606217756238655,3087
LBY,Libya,2020.0,0.10985339894295301,5170
LTU,Lithuania,2020.0,10.619787022426049,159
MDG,Madagascar,2020.0,0.2376138966485054,15611
MYS,Malaysia,2020.0,0.7591466278317403,6582
MDV,Maldives,2020.0,0.14448766259557166,11087
MLT,Malta,2020.0,0.12385891505797825,829
MRT,Mauritania,2020.0,3.6621321496121815,2231
MUS,Republic of Mauritius,2020.0,0.08186975823181238,16069
,Chagos Archipelago,2020.0,0.09428822656201163,7834
MEX,Mexico,2020.0,0.33951123695547103,41267
MCO,Monaco,2020.0,0.32990481686673473,18
MNE,Montenegro,2020.0,0.26282537560106956,120
MAR,Morocco,2020.0,0.5402224250746461,4115
MOZ,Mozambique,2020.0,0.2923960213815247,7393
OMN,Oman,2020.0,1.8262121089940058,7197
NAM,Namibia,2020.0,2.3403037202782997,7414
NRU,Nauru,2020.0,0.15836540277858746,3761
ABW,Aruba,2020.0,0.14274273639390833,418
BES,Bonaire,2020.0,0.1557813058434235,194
CUW,Curaçao,2020.0,0.1447124516104742,368
BES,Saba,2020.0,0.12284520266434776,144
BES,Sint-Eustatius,2020.0,0.12073061991423334,50
SXM,Sint-Maarten,2020.0,0.13318137672472324,11
NLD,Netherlands,2020.0,4.020753946282464,1352
VUT,Vanuatu,2020.0,0.08837369192037106,7948
COK,Cook Islands,2020.0,0.04806165022534294,24465
NIU,Niue,2020.0,0.053291299905207264,4088
TKL,Tokelau,2020.0,0.06828705563501633,3955
NZL,New Zealand,2020.0,0.34096381853660834,66979
NIC,Nicaragua,2020.0,0.42928918806476196,2817
NGA,Nigeria,2020.0,1.0300162504356947,2169
SJM,Svalbard,2020.0,0.7227839624973429,36460
NOR,Norway,2020.0,1.067358377649519,29389
SJM,Jan Mayen,2020.0,1.1319968804528686,10725
FSM,Micronesia,2020.0,0.06163649463040268,36154
MHL,Marshall Islands,2020.0,0.04811764200779286,24338
PLW,Palau,2020.0,0.08285466369931153,7490
PAK,Pakistan,2020.0,2.120033005218189,2990
PAN,Panama,2020.0,0.5026506574924041,4125
PNG,Papua New Guinea,2020.0,0.1772633781048757,29165
PER,Peru,2020.0,1.6883503212232793,10586
PHL,Philippines,2020.0,0.1489101171380934,24527
POL,Poland,2020.0,9.173648894165702,695
,Azores,2020.0,0.18002305741663616,14636
,Madeira,2020.0,0.11103703221945493,6515
PRT,Portugal,2020.0,0.2985497945067384,4851
GNB,Guinea-Bissau,2020.0,1.8318376252569337,1347
,Oecusse,2020.0,0.3285387962549777,31
TLS,East Timor,2020.0,0.22775661455117785,1001
QAT,Qatar,2020.0,1.3424028841861142,471
ROU,Romania,2020.0,1.8448180689469018,525
RUS,Russia,2020.0,2.139158251892892,251295
KNA,Saint Kitts and Nevis,2020.0,0.10990335910675862,150
LCA,Saint Lucia,2020.0,0.16004303012104126,233
VCT,Saint Vincent and the Grenadines,2020.0,0.2300653942486897,497
STP,Sao Tome and Principe,2020.0,0.23581610200790218,1653
SAU,Saudi Arabia,2020.0,0.5677776997751588,3153
SEN,Senegal,2020.0,2.088811885317943,2037
SYC,Seychelles,2020.0,0.1390136543412632,16212
SLE,Sierra Leone,2020.0,0.4747702834497461,2001
SGP,Singapore,2020.0,2.2963060823684387,15
VNM,Vietnam,2020.0,0.43630927069166403,9329
SVN,Slovenia,2020.0,2.2053901172579735,8
SOM,Federal Republic of Somalia,2020.0,0.3556618583189664,10096
ZAF,South Africa,2020.0,0.8494632591851484,15368
,Prince Edward Islands,2020.0,0.21975562360793932,8283
,Canary Islands,2020.0,0.14255983791994797,6202
ESP,Spain,2020.0,0.383399640844977,9244
SDN,Sudan,2020.0,0.2755028519876736,859
SUR,Suriname,2020.0,1.0497971427407136,1668
SWE,Sweden,2020.0,8.996341844666938,3741
SYR,Syria,2020.0,0.14375248772675844,178
THA,Thailand,2020.0,0.6373238144341803,3745
TGO,Togo,2020.0,0.2778972754692198,233
TON,Tonga,2020.0,0.08157002953742193,8578
TTO,Trinidad and Tobago,2020.0,1.514343701331453,1011
ARE,United Arab Emirates,2020.0,1.3951323570328664,732
TUN,Tunisia,2020.0,0.6758597607398935,1600
TUR,Turkey,2020.0,0.7155916848936925,4490
TKM,Turkmenistan,2020.0,1.5197593197932706,985
TUV,Tuvalu,2020.0,0.07545974786789612,9171
EGY,Egypt,2020.0,0.2822597332296648,3530
SHN,Ascension,2020.0,0.10878560415643379,5448
PCN,Pitcairn,2020.0,0.030762570653651622,11080
SHN,Saint Helena,2020.0,0.08678066455639313,5637
SHN,Tristan da Cunha,2020.0,0.29712065108726554,11599
AIA,Anguilla,2020.0,0.059859897250616946,1207
VGB,British Virgin Islands,2020.0,0.062486925608819986,1099
CYM,Cayman Islands,2020.0,0.085236640659777,1554
MSR,Montserrat,2020.0,0.10742809688679492,115
TCA,Turks and Caicos Islands,2020.0,0.07361175504683132,1234
GGY,Guernsey,2020.0,1.4140904619015322,89
JEY,Jersey,2020.0,1.8547545557165235,57
GBR,United Kingdom,2020.0,1.4150339036863584,16133
BMU,Bermuda,2020.0,0.08682030711294784,6607
IMN,Isle of Man,2020.0,2.410687187998697,106
TZA,Tanzania,2020.0,0.19706396543113272,2964
ASM,American Samoa,2020.0,0.04656426067939157,5102
UMI,Palmyra Atoll,2020.0,0.10576047225906443,4332
PRI,Puerto Rico,2020.0,0.10440500962833718,2038
VIR,United States Virgin Islands,2020.0,0.10717473939643833,542
UMI,Johnston Atoll,2020.0,0.046860487554991115,5574
GUM,Guam,2020.0,0.033279782615639485,2640
MNP,Northern Mariana Islands,2020.0,0.04247901206673092,9663
UMI,Jarvis Island,2020.0,0.17734749028391872,3927
UMI,Howland and Baker Islands,2020.0,0.1778706957269123,5261
,Hawaii,2020.0,0.06509003764585154,32410
,Alaska,2020.0,1.3364631465526289,81937
USA,United States,2020.0,1.0812465155776705,36062
URY,Uruguay,2020.0,2.668354616877991,2164
VEN,Venezuela,2020.0,1.417881333686079,5992
WSM,Samoa,2020.0,0.05655097078637372,1684
YEM,Yemen,2020.0,0.7534539586752743,6643
,Glorioso Islands,2020.0,0.13764586672312976,572
BLZ,Belize,2020.0,0.5140253324796777,28
KOR,South Korea,2020.0,0.4263639542120052,1219
PSE,Palestine,2020.0,0.5087718698364881,28
BRB,Barbados,2020.0,0.19258160081696626,5
IRQ,Iraq,2020.0,3.927388600681139,3
,"Abu musa, Greater and Lesser Tunb",2020.0,1.164773237762769,101
FRO,Faeroe,2020.0,0.7985586826258682,67
,Doumeira Islands,2020.0,1.4723191793418766,8
FRA,France,2020.0,0.258358409378066,2
PNG,Papua New Guinea,2020.0,1.3571038524241905,55
FLK,Falkland / Malvinas Islands,2020.0,1.0877196294339018,10572
SGS,South Georgia and the South Sandwich Islands,2020.0,0.5654249593695573,26555
URY,Uruguay,2020.0,3.83538738087273,665
GBR,United Kingdom,2020.0,0.54791065294925,257
MYT,Mayotte,2020.0,0.14796482447476256,887
CRI,Costa Rica,2020.0,0.15625566331288127,273
PER,Peru,2020.0,0.7953282652551544,242
DOM,Dominican Republic,2020.0,0.11787936994859169,189
ECU,Ecuador,2020.0,0.4925609457585426,280
JAM,Jamaica,2020.0,0.09653295100932746,239
NOR,Norway,2020.0,3.558195211872551,8
FRA,France,2020.0,0.29128794253751555,54
GIB,Gibraltar,2020.0,1.0690211075687739,13
HRV,Croatia,2020.0,1.1377045109581487,8
MYS,Malaysia,2020.0,1.0544564818778235,11
EGY,Egypt,2020.0,0.09698588704464951,138
,Matthew and Hunter Islands,2020.0,0.09334223599976468,2508
CAN,Canada,2020.0,5.562416084687641,227
,Navassa Island,2020.0,0.08127106575900764,205
HND,Honduras,2020.0,0.11150415949047539,37
,Melilla,2020.0,0.33639419078826904,1
,Alhucemas Islands,2020.0,0.61395663022995,1
,Ceuta,2020.0,0.4621056123920109,2
,Peñón de Vélez de la Gomera,2020.0,0.5322273373603821,1
,Chafarinas Islands,2020.0,0.3769235872560078,3
ESH,Western Sahara,2020.0,1.8387111363773345,3794
UMI,Wake Island / Enenkio,2020.0,0.037268682558234255,5210
,Kuril Islands,2020.0,1.2663715709664776,3646
NOR,Norway,2020.0,2.7968889951224885,190
UKR,Ukraine,2020.0,2.6368387975609386,2407
USA,United States,2020.0,0.5934880886013124,265
ISL,Iceland,2020.0,0.6283795886176152,1568
STP,São Tomé and Principe,2020.0,0.20501981638401898,471
,Halaib Triangle,2020.0,0.17296246161925197,289
,Liancourt Rocks,2020.0,0.6383692059531092,35
TWN,Taiwan,2020.0,0.23109711061297433,4730
PRI,Puerto Rico,2020.0,0.0549419792884064,286
SEN,Senegal,2020.0,0.4851136657976469,831
VEN,Venezuela,2020.0,0.12156967557945139,36
,Ile Tromelin,2020.0,0.07770972615239922,3466
,Senkaku Islands,2020.0,0.2290663404893347,1036
QAT,Qatar,2020.0,1.4887456241810675,7
GUY,Guyana,2020.0,0.26064802437149215,71
COL,Colombia,2020.0,0.1177941331505195,26
ALB,Albania,2021.0,0.39387022125073784,224
DZA,Algeria,2021.0,0.34310262478710135,2051
AGO,Angola,2021.0,1.0264929911241634,6144
ATG,Antigua and Barbuda,2021.0,0.07863585721590241,1490
AZE,Azerbaijan,2021.0,1.9644264370122748,1323
ARG,Argentina,2021.0,1.8404719057170524,18860
CXR,Christmas Island,2021.0,0.10713027269510869,4055
CCK,Cocos Islands,2021.0,0.09885904693718253,5760
HMD,Heard and McDonald Islands,2021.0,0.22732959463135546,8379
NFK,Norfolk Island,2021.0,0.13021456265991455,5935
AUS,Australia,2021.0,0.3098778547908352,93965
,Macquarie Island,2021.0,0.17914799543892207,9850
BHS,Bahamas,2021.0,0.23297584525901605,8287
BHR,Bahrain,2021.0,2.2692961446916873,132
BGD,Bangladesh,2021.0,1.3937180694927882,1349
BRB,Barbados,2021.0,0.1728944934004173,2342
BEL,Belgium,2021.0,6.962171315240593,86
,Trindade,2021.0,0.05332828085824564,6067
BRA,Brazil,2021.0,0.5666326393521385,39546
BLZ,Belize,2021.0,0.7754557816536685,467
SLB,Solomon Islands,2021.0,0.0918589623495144,19598
BRN,Brunei,2021.0,0.4223656546140255,583
BGR,Bulgaria,2021.0,1.2149231261173543,612
MMR,Myanmar,2021.0,0.7181875026319955,6157
KHM,Cambodia,2021.0,0.5656646650046446,633
CMR,Cameroon,2021.0,5.911576368058105,196
CAN,Canada,2021.0,1.1974039164474721,111844
CPV,Cape Verde,2021.0,0.28067110427476916,10024
LKA,Sri Lanka,2021.0,0.33837759666010786,6540
CHL,Chile,2021.0,0.7725284032935172,39303
CHL,Islas San Félix and San Ambrosio,2021.0,0.13852468593053105,6055
,Easter Island,2021.0,0.0282436518542528,9790
CHN,China,2021.0,2.012723207440569,13079
CHN,China,2021.0,0.10721457093429423,4309
COL,Colombia,2021.0,0.40940338046723157,8880
,Serrana Bank,2021.0,0.12984312040648105,47
,Quitasueño Bank,2021.0,0.1313659921314718,66
,Serranilla Bank,2021.0,0.19618077341782741,32
,Bajo Nuevo Bank,2021.0,0.13746077150569677,28
COM,Comores,2021.0,0.11868563329139167,2099
COG,Republic of the Congo,2021.0,4.12204728556044,456
COD,Democratic Republic of the Congo,2021.0,5.144250232374708,204
CRI,Costa Rica,2021.0,0.25717125218519166,7125
HRV,Croatia,2021.0,0.3166052633113752,976
CUB,Cuba,2021.0,0.41690330705238166,4855
CYP,Cyprus,2021.0,0.09963404472022125,1511
BEN,Benin,2021.0,0.34558668756808775,465
FRO,Faeroe,2021.0,0.544907724418072,6920
DNK,Denmark,2021.0,4.84929252721138,2392
GRL,Greenland,2021.0,0.8068398211435345,62448
DMA,Dominica,2021.0,0.1236596822560565,432
DOM,Dominican Republic,2021.0,0.11139867450976852,4593
,Galapagos,2021.0,0.24952398385418406,10153
ECU,Ecuador,2021.0,0.6834546028945236,2850
SLV,El Salvador,2021.0,0.4789787368474841,1207
GNQ,Equatorial Guinea,2021.0,0.39004653450287663,3771
ERI,Eritrea,2021.0,2.634584691887948,1045
EST,Estonia,2021.0,12.163120238793653,952
FJI,Fiji,2021.0,0.08031815822433597,16436
FIN,Finland,2021.0,10.803757182607773,1996
PYF,French Polynesia,2021.0,0.05892801625436552,60121
ATF,Amsterdam and Saint Paul Islands,2021.0,0.1908103090196164,7809
ATF,Crozet Islands,2021.0,0.31713240631257833,9933
ATF,Kerguélen,2021.0,0.2981529225604877,9980
NCL,New Caledonia,2021.0,0.09749560840806316,15176
REU,Réunion,2021.0,0.07400908561287764,4143
ATF,Europa Island,2021.0,0.12923805695240215,1732
ATF,Juan de Nova Island,2021.0,0.1344924180896013,839
ATF,Bassas da India,2021.0,0.13023334106741766,1605
,Clipperton Island,2021.0,0.16602852440297872,5350
GLP,Guadeloupe,2021.0,0.09780655561478978,1226
BLM,Saint-Barthélemy,2021.0,0.12310968754675886,67
MAF,Collectivity of Saint Martin,2021.0,0.1424934733292537,29
SPM,Saint-Pierre and Miquelon,2021.0,0.7751767922544281,267
MTQ,Martinique,2021.0,0.1421985722075066,671
GUF,French Guiana,2021.0,1.570879137256834,1637
WLF,Wallis and Futuna,2021.0,0.05481254699264236,3145
FRA,France,2021.0,0.9622487560101847,6244
DJI,Djibouti,2021.0,0.5882525977658538,112
GAB,Gabon,2021.0,1.05877548997906,2460
GEO,Georgia,2021.0,1.269248056230124,410
GMB,Gambia,2021.0,1.8503248430221142,311
DEU,Germany,2021.0,5.765952111799398,1274
GHA,Ghana,2021.0,0.2654247577455679,2787
KIR,Phoenix Group,2021.0,0.14257032112515605,8985
KIR,Line Group,2021.0,0.1365976245338678,19889
KIR,Gilbert Islands,2021.0,0.16763100045814985,12655
GRC,Greece,2021.0,0.20942065720328829,7473
GRD,Grenada,2021.0,1.005378488873005,359
GTM,Guatemala,2021.0,0.4608528613767751,1418
GIN,Guinea,2021.0,1.0480851345595148,1288
GUY,Guyana,2021.0,1.3973975599928674,1672
HTI,Haiti,2021.0,0.11112593333866422,1414
HND,Honduras,2021.0,0.2506865423290231,2730
ISL,Iceland,2021.0,0.831088444969558,21224
,Andaman and Nicobar,2021.0,0.1731785824746858,8168
IND,India,2021.0,0.660363881095556,20593
IDN,Indonesia,2021.0,0.40658052223307944,73198
IRN,Iran,2021.0,2.019896927969542,3229
IRQ,Iraq,2021.0,2.640800562502435,29
IRL,Ireland,2021.0,0.8428332634845385,8458
ISR,Israel,2021.0,0.14278601931086138,418
ITA,Italy,2021.0,0.3045380145447232,8672
CIV,Ivory Coast,2021.0,0.6255234707438032,2105
JAM,Jamaica,2021.0,0.11515608439236291,3317
JPN,Japan,2021.0,0.3632702868461056,56540
KAZ,Kazakhstan,2021.0,3.9382741934917833,1789
JOR,Jordan,2021.0,0.16394581964382757,5
KEN,Kenya,2021.0,0.20819730857313865,1543
PRK,North Korea,2021.0,1.6096020505742492,1879
KOR,South Korea,2021.0,1.275577015258205,5264
KWT,Kuwait,2021.0,2.0367933701378225,176
LBN,Lebanon,2021.0,0.12604386101272738,310
LVA,Latvia,2021.0,11.559767648508027,694
LBR,Liberia,2021.0,0.29346287904373153,3079
LBY,Libya,2021.0,0.12163539048670034,5162
LTU,Lithuania,2021.0,11.302638810252036,158
MDG,Madagascar,2021.0,0.19893258479398776,15611
MYS,Malaysia,2021.0,0.6872886107905003,6578
MDV,Maldives,2021.0,0.15022848671455705,11087
MLT,Malta,2021.0,0.14804801504524343,829
MRT,Mauritania,2021.0,4.467547620433592,2231
MUS,Republic of Mauritius,2021.0,0.08555390098283208,16069
,Chagos Archipelago,2021.0,0.1213147893144157,7834
MEX,Mexico,2021.0,0.39215473952714,41262
MCO,Monaco,2021.0,0.29027420073849347,18
MNE,Montenegro,2021.0,0.32829544910326186,120
MAR,Morocco,2021.0,0.6036750212655665,4115
MOZ,Mozambique,2021.0,0.2877968596514538,7391
OMN,Oman,2021.0,1.9030639757240277,7196
NAM,Namibia,2021.0,1.7521075633567313,7411
NRU,Nauru,2021.0,0.16689029684052298,3761
ABW,Aruba,2021.0,0.19492625416694978,418
BES,Bonaire,2021.0,0.23212019911673712,194
CUW,Curaçao,2021.0,0.20713858269928848,368
BES,Saba,2021.0,0.13375596842381646,144
BES,Sint-Eustatius,2021.0,0.1278911361826168,50
SXM,Sint-Maarten,2021.0,0.14079949924970242,11
NLD,Netherlands,2021.0,3.587336997652226,1343
VUT,Vanuatu,2021.0,0.09155591878181536,7949
COK,Cook Islands,2021.0,0.05458148219298235,24465
NIU,Niue,2021.0,0.06224801580718151,4088
TKL,Tokelau,2021.0,0.08608248857145032,3955
NZL,New Zealand,2021.0,0.29583239737691475,66961
NIC,Nicaragua,2021.0,0.42280862395073476,2818
NGA,Nigeria,2021.0,0.9050097874988307,2173
SJM,Svalbard,2021.0,0.6432385655422134,31277
NOR,Norway,2021.0,0.9625661303245341,29386
SJM,Jan Mayen,2021.0,0.7412953761419947,10726
FSM,Micronesia,2021.0,0.07156348176953686,36154
MHL,Marshall Islands,2021.0,0.06327516544920259,24338
PLW,Palau,2021.0,0.08312252153558762,7489
PAK,Pakistan,2021.0,2.5320753959074707,2988
PAN,Panama,2021.0,0.41498346195164576,4116
PNG,Papua New Guinea,2021.0,0.18848864497536544,29158
PER,Peru,2021.0,1.62930231444151,10583
PHL,Philippines,2021.0,0.15468609633260982,24476
POL,Poland,2021.0,8.88776898544974,697
,Azores,2021.0,0.2122665334843732,14635
,Madeira,2021.0,0.13153370187393693,6516
PRT,Portugal,2021.0,0.32115314898593744,4850
GNB,Guinea-Bissau,2021.0,1.5675247064419362,1348
,Oecusse,2021.0,0.2752027791637152,31
TLS,East Timor,2021.0,0.1763784580732998,1002
QAT,Qatar,2021.0,1.329666181345762,469
ROU,Romania,2021.0,2.210623458462431,524
RUS,Russia,2021.0,2.425687852283917,197316
KNA,Saint Kitts and Nevis,2021.0,0.11692577621919285,150
LCA,Saint Lucia,2021.0,0.20585512093169728,233
VCT,Saint Vincent and the Grenadines,2021.0,0.32928169589278655,497
STP,Sao Tome and Principe,2021.0,0.19794476819768625,1656
SAU,Saudi Arabia,2021.0,0.5869378559771846,3150
SEN,Senegal,2021.0,1.869826773691543,2036
SYC,Seychelles,2021.0,0.1399611183750049,16212
SLE,Sierra Leone,2021.0,0.49470733183594867,2000
SGP,Singapore,2021.0,3.89807437468912,15
VNM,Vietnam,2021.0,0.47284717455952674,9319
SVN,Slovenia,2021.0,2.633461724144752,8
SOM,Federal Republic of Somalia,2021.0,0.4209461745357347,10099
ZAF,South Africa,2021.0,0.6798643849916362,15373
,Prince Edward Islands,2021.0,0.20140884134585466,8283
,Canary Islands,2021.0,0.14584469410558182,6202
ESP,Spain,2021.0,0.4246810956914575,9235
SDN,Sudan,2021.0,0.34834036729054163,857
SUR,Suriname,2021.0,1.2769598126785513,1665
SWE,Sweden,2021.0,9.249332908347924,3734
SYR,Syria,2021.0,0.13955011168637346,178
THA,Thailand,2021.0,0.620129582356634,3742
TGO,Togo,2021.0,0.24900872652502729,233
TON,Tonga,2021.0,0.077354487892989,8579
TTO,Trinidad and Tobago,2021.0,2.2223705714043063,1011
ARE,United Arab Emirates,2021.0,1.3643755759968699,727
TUN,Tunisia,2021.0,0.649949582411393,1599
TUR,Turkey,2021.0,0.9602437073192702,4483
TKM,Turkmenistan,2021.0,1.5925627584047721,981
TUV,Tuvalu,2021.0,0.08237992087828487,9171
EGY,Egypt,2021.0,0.27118573574624955,3531
SHN,Ascension,2021.0,0.0928076604682132,5448
PCN,Pitcairn,2021.0,0.02314074842276706,11080
SHN,Saint Helena,2021.0,0.08516919730933682,5637
SHN,Tristan da Cunha,2021.0,0.2472442537473943,11599
AIA,Anguilla,2021.0,0.06587946239826152,1207
VGB,British Virgin Islands,2021.0,0.06566991913992014,1099
CYM,Cayman Islands,2021.0,0.08495736843731642,1554
MSR,Montserrat,2021.0,0.11788129325051916,115
TCA,Turks and Caicos Islands,2021.0,0.09731948896249981,1248
GGY,Guernsey,2021.0,1.203874468370939,88
JEY,Jersey,2021.0,1.4745953890416037,57
GBR,United Kingdom,2021.0,1.3077159703607373,16129
BMU,Bermuda,2021.0,0.10073692373802048,6607
IMN,Isle of Man,2021.0,2.43629526263588,106
TZA,Tanzania,2021.0,0.1749171431813944,2964
ASM,American Samoa,2021.0,0.04486242447005348,5102
UMI,Palmyra Atoll,2021.0,0.12287204150651262,4332
PRI,Puerto Rico,2021.0,0.13363841602350635,2039
VIR,United States Virgin Islands,2021.0,0.1212387667803014,542
UMI,Johnston Atoll,2021.0,0.05367538505498169,5574
GUM,Guam,2021.0,0.03632641523244085,2640
MNP,Northern Mariana Islands,2021.0,0.044427038569273256,9663
UMI,Jarvis Island,2021.0,0.17968728438106968,3927
UMI,Howland and Baker Islands,2021.0,0.16989779896077276,5261
,Hawaii,2021.0,0.06678682481189836,32409
,Alaska,2021.0,1.4073303557931973,79749
USA,United States,2021.0,1.1197013744178559,36039
URY,Uruguay,2021.0,2.162569664958238,2133
VEN,Venezuela,2021.0,1.6932021480785997,5972
WSM,Samoa,2021.0,0.07044259135820684,1683
YEM,Yemen,2021.0,0.5294454572425498,6657
,Glorioso Islands,2021.0,0.12813503038945992,572
BLZ,Belize,2021.0,0.4276897523329158,28
KOR,South Korea,2021.0,0.38014235616714004,1219
PSE,Palestine,2021.0,0.5286109659681975,28
BRB,Barbados,2021.0,0.2798659049084621,5
IRQ,Iraq,2021.0,3.318615503933119,3
,"Abu musa, Greater and Lesser Tunb",2021.0,1.4060687738429454,101
FRO,Faeroe,2021.0,0.6951359159469144,67
,Doumeira Islands,2021.0,1.1290195637030511,8
FRA,France,2021.0,0.2946809957276529,2
PNG,Papua New Guinea,2021.0,1.8690633307423508,53
FLK,Falkland / Malvinas Islands,2021.0,0.8469927553187552,10580
SGS,South Georgia and the South Sandwich Islands,2021.0,0.6577205070877122,26502
URY,Uruguay,2021.0,2.8343500976111065,665
GBR,United Kingdom,2021.0,0.52442771022302,257
MYT,Mayotte,2021.0,0.12489103085054556,885
CRI,Costa Rica,2021.0,0.1864185572390098,273
PER,Peru,2021.0,0.8966369225762338,242
DOM,Dominican Republic,2021.0,0.1429894574764193,189
ECU,Ecuador,2021.0,0.3560142755715698,280
JAM,Jamaica,2021.0,0.10699846310417799,239
NOR,Norway,2021.0,4.015830127941156,8
FRA,France,2021.0,0.3588165986757459,54
GIB,Gibraltar,2021.0,0.7309406619301367,13
HRV,Croatia,2021.0,1.1197169362925565,8
MYS,Malaysia,2021.0,1.6284527057095577,11
EGY,Egypt,2021.0,0.10027820272176877,138
,Matthew and Hunter Islands,2021.0,0.0950699271655343,2508
CAN,Canada,2021.0,1.881521398705431,260
,Navassa Island,2021.0,0.07918229615797898,205
HND,Honduras,2021.0,0.11102574373004397,37
,Melilla,2021.0,0.4654049575328827,1
,Alhucemas Islands,2021.0,1.326956868171692,1
,Ceuta,2021.0,0.42856232627578406,2
,Peñón de Vélez de la Gomera,2021.0,0.9696210622787476,1
,Chafarinas Islands,2021.0,0.5818236629168193,3
ESH,Western Sahara,2021.0,1.7515650678103634,3793
UMI,Wake Island / Enenkio,2021.0,0.04125504198434158,5210
,Kuril Islands,2021.0,1.5258561380477738,3644
NOR,Norway,2021.0,0.62042893423014,190
UKR,Ukraine,2021.0,2.479452920034234,2395
USA,United States,2021.0,0.6903865854528728,255
ISL,Iceland,2021.0,0.49691406168593716,1568
STP,São Tomé and Principe,2021.0,0.15615904130717817,471
,Halaib Triangle,2021.0,0.17851412309185563,288
,Liancourt Rocks,2021.0,0.5003916237141904,35
TWN,Taiwan,2021.0,0.26213614393508916,4730
PRI,Puerto Rico,2021.0,0.05704882869061351,286
SEN,Senegal,2021.0,0.4353295181059943,831
VEN,Venezuela,2021.0,0.160573981068144,36
,Ile Tromelin,2021.0,0.07556735801989757,3466
,Senkaku Islands,2021.0,0.2682977587133889,1036
QAT,Qatar,2021.0,1.291285699546927,7
GUY,Guyana,2021.0,0.22109831442469266,71
COL,Colombia,2021.0,0.1642917401226061,26
