ID,lon,lat,iso2,iso3
1,-149.6301,-80.1845,NZ,NZL
2,-162.6335,-78.8931,NZ,NZL
3,-155.1533,-77.2406,NZ,NZL
4,-168.942,-84.6648,NZ,NZL
5,-147.9296,-79.8897,NZ,NZL
6,-162.1209,-78.9963,NZ,NZL
7,-150.7684,-77.7707,NZ,NZL
8,-153.4955,-81.5913,NZ,NZL
9,-146.9817,-77.4922,NZ,NZL
10,-147.6803,-76.1729,NZ,NZL
11,-155.5893,-81.1611,NZ,NZL
12,-155.485,-78.7218,NZ,NZL
13,-162.9411,-79.4185,NZ,NZL
14,-145.1364,-77.2592,NZ,NZL
15,-161.2964,-79.7302,NZ,NZL
16,-156.7977,-84.6819,NZ,NZL
17,-160.5183,-79.3019,NZ,NZL
18,-157.1186,-77.3998,NZ,NZL
19,-153.076,-77.5862,NZ,NZL
20,-162.7614,-83.8878,NZ,NZL
21,-145.6527,-76.8948,NZ,NZL
22,-160.4489,-83.5531,NZ,NZL
23,-148.248,-77.6402,NZ,NZL
24,-159.9336,-85.1857,NZ,NZL
25,-148.8235,-76.3172,NZ,NZL
26,-165.2227,-84.8816,NZ,NZL
27,-176.4713,-84.5694,NZ,NZL
28,-154.4812,-79.0489,NZ,NZL
29,-155.9471,-84.9369,NZ,NZL
30,-145.5404,-76.3069,NZ,NZL
31,-154.149,-78.0823,NZ,NZL
32,-147.6283,-80.8817,NZ,NZL
33,-150.4595,-80.253,NZ,NZL
34,-154.1083,-82.0459,NZ,NZL
35,-171.5063,-84.5552,NZ,NZL
36,-162.8223,-84.2946,NZ,NZL
37,-163.4095,-78.9287,NZ,NZL
38,-153.7266,-78.9906,NZ,NZL
39,-148.5106,-80.9552,NZ,NZL
40,-163.1826,-81.3728,NZ,NZL
41,-166.9718,-84.9077,NZ,NZL
42,-156.4584,-77.3484,NZ,NZL
43,-145.6237,-76.7475,NZ,NZL
44,-171.1359,-83.1085,NZ,NZL
45,-151.3273,-77.6897,NZ,NZL
46,-163.5753,-83.3708,NZ,NZL
47,-149.625,-77.9299,NZ,NZL
48,-154.8445,-78.1396,NZ,NZL
49,-154.5085,-77.1842,NZ,NZL
50,-147.6113,-77.567,NZ,NZL
51,-148.249,-76.2457,NZ,NZL
52,-159.5985,-84.6245,NZ,NZL
53,-145.7442,-77.3383,NZ,NZL
54,-168.1977,-83.5956,NZ,NZL
55,-157.7836,-77.4497,NZ,NZL
56,-161.8096,-83.5929,NZ,NZL
57,-148.8919,-77.712,NZ,NZL
58,-149.8436,-80.4875,NZ,NZL
59,-156.4691,-83.4124,NZ,NZL
60,-157.8298,-77.9704,NZ,NZL
61,-149.4036,-76.3873,NZ,NZL
62,-154.2862,-81.4991,NZ,NZL
63,-149.9162,-79.4999,NZ,NZL
64,-155.3866,-78.0503,NZ,NZL
65,-163.9796,-79.2073,NZ,NZL
66,-145.5139,-76.1606,NZ,NZL
67,-173.1595,-84.5644,NZ,NZL
68,-160.2084,-79.5458,NZ,NZL
69,-147.5525,-80.7288,NZ,NZL
70,-168.9752,-83.4751,NZ,NZL
71,-155.004,-85.1914,NZ,NZL
72,-153.8962,-81.8943,NZ,NZL
73,-147.8567,-79.7383,NZ,NZL
74,-163.1356,-78.7892,NZ,NZL
75,-155.6526,-77.1522,NZ,NZL
76,-161.8619,-78.8555,NZ,NZL
77,-164.9103,-83.4023,NZ,NZL
78,-153.4803,-77.3561,NZ,NZL
79,-146.9349,-77.3442,NZ,NZL
80,-151.8716,-79.2503,NZ,NZL
81,-146.04,-76.0925,NZ,NZL
82,-155.3184,-78.5761,NZ,NZL
83,-152.5777,-82.3823,NZ,NZL
84,-153.7326,-78.3156,NZ,NZL
85,-144.4017,-75.8548,NZ,NZL
86,-163.466,-79.3132,NZ,NZL
87,-153.8744,-78.462,NZ,NZL
88,-145.1127,-77.1111,NZ,NZL
89,-161.0636,-79.2008,NZ,NZL
90,-153.6075,-77.5011,NZ,NZL
91,-148.3306,-80.6498,NZ,NZL
92,-157.7775,-83.4628,NZ,NZL
93,-171.8033,-82.9848,NZ,NZL
94,-148.5549,-79.6601,NZ,NZL
95,-147.207,-76.3905,NZ,NZL
96,-154.3803,-82.9007,NZ,NZL
97,-161.1752,-85.076,NZ,NZL
98,-156.0846,-78.1044,NZ,NZL
99,-159.1045,-83.5097,NZ,NZL
100,-155.559,-84.7829,NZ,NZL
101,-178.8001,-84.4304,NZ,NZL
102,-177.1892,-84.4365,NZ,NZL
103,-151.2387,-81.1622,NZ,NZL
104,-159.0483,-79.7454,NZ,NZL
105,-148.6826,-77.2697,NZ,NZL
106,-167.0509,-83.3129,NZ,NZL
107,-156.7883,-78.1568,NZ,NZL
108,-156.7997,-85.2447,NZ,NZL
109,-163.8112,-84.1814,NZ,NZL
110,-156.2994,-77.2056,NZ,NZL
111,-145.5953,-76.6004,NZ,NZL
112,-151.2259,-77.5432,NZ,NZL
113,-158.6326,-85.2932,NZ,NZL
114,-147.5564,-77.4191,NZ,NZL
115,-162.6616,-83.0789,NZ,NZL
116,-156.0504,-78.6304,NZ,NZL
117,-161.8566,-79.627,NZ,NZL
118,-151.7472,-79.1015,NZ,NZL
119,-158.1481,-77.7338,NZ,NZL
120,-144.9419,-75.9353,NZ,NZL
121,-160.8101,-81.5485,NZ,NZL
122,-148.0047,-80.0414,NZ,NZL
123,-152.3867,-82.2294,NZ,NZL
124,-156.1585,-83.2605,NZ,NZL
125,-157.6078,-77.3077,NZ,NZL
126,-145.488,-76.0145,NZ,NZL
127,-152.016,-81.0751,NZ,NZL
128,-163.6854,-83.7753,NZ,NZL
129,-154.593,-78.5199,NZ,NZL
130,-159.9617,-79.4023,NZ,NZL
131,-158.269,-77.3563,NZ,NZL
132,-173.0765,-82.9944,NZ,NZL
133,-145.8091,-77.6351,NZ,NZL
134,-155.8128,-81.3106,NZ,NZL
135,-152.9842,-82.6884,NZ,NZL
136,-162.7083,-83.4825,NZ,NZL
137,-162.3601,-84.9643,NZ,NZL
138,-158.3371,-77.876,NZ,NZL
139,-155.074,-78.9588,NZ,NZL
140,-155.0585,-81.4055,NZ,NZL
141,-150.5794,-79.4179,NZ,NZL
142,-151.8501,-82.6258,NZ,NZL
143,-152.3687,-79.0165,NZ,NZL
144,-159.8828,-79.7901,NZ,NZL
145,-168.3836,-83.3351,NZ,NZL
146,-161.5019,-81.4431,NZ,NZL
147,-149.7351,-80.3359,NZ,NZL
148,-153.2583,-82.1384,NZ,NZL
149,-167.9807,-84.7869,NZ,NZL
150,-161.5977,-79.0989,NZ,NZL
151,-169.7232,-83.3537,NZ,NZL
152,-150.201,-77.8508,NZ,NZL
153,-165.7266,-83.2872,NZ,NZL
154,-146.0084,-75.9466,NZ,NZL
155,-153.6921,-81.7428,NZ,NZL
156,-163.3741,-84.442,NZ,NZL
157,-160.7179,-84.5163,NZ,NZL
158,-153.5945,-78.1694,NZ,NZL
159,-165.9766,-83.6902,NZ,NZL
160,-148.8118,-80.1139,NZ,NZL
161,-154.635,-83.0533,NZ,NZL
162,-162.3271,-84.5548,NZ,NZL
163,-145.1607,-77.4075,NZ,NZL
164,-152.9471,-81.1376,NZ,NZL
165,-145.0895,-76.9632,NZ,NZL
166,-148.3067,-76.3913,NZ,NZL
167,-156.7912,-81.3634,NZ,NZL
168,-154.1366,-82.7481,NZ,NZL
169,-164.1259,-84.9981,NZ,NZL
170,-157.3136,-78.064,NZ,NZL
171,-149.2414,-79.5807,NZ,NZL
172,-153.8904,-81.1977,NZ,NZL
173,-154.6253,-85.0365,NZ,NZL
174,-147.7313,-76.3186,NZ,NZL
175,-145.1856,-77.556,NZ,NZL
176,-154.9093,-78.8124,NZ,NZL
177,-145.5675,-76.4535,NZ,NZL
178,-170.6276,-84.6809,NZ,NZL
179,-153.1192,-79.0782,NZ,NZL
180,-149.4065,-81.0264,NZ,NZL
181,-162.5198,-81.4809,NZ,NZL
182,-163.2732,-84.0348,NZ,NZL
183,-163.6908,-79.068,NZ,NZL
184,-170.443,-83.2315,NZ,NZL
185,-153.9983,-77.2706,NZ,NZL
186,-146.1391,-76.5314,NZ,NZL
187,-151.7705,-77.4616,NZ,NZL
188,-148.1233,-77.3449,NZ,NZL
189,-151.2311,-79.3347,NZ,NZL
190,-157.9636,-77.5917,NZ,NZL
191,-167.389,-83.7151,NZ,NZL
192,-163.4783,-82.9679,NZ,NZL
193,-151.6678,-82.4722,NZ,NZL
194,-155.8618,-83.1086,NZ,NZL
195,-162.4048,-79.5231,NZ,NZL
196,-157.1068,-83.1607,NZ,NZL
197,-158.089,-77.2149,NZ,NZL
198,-152.4202,-77.5247,NZ,NZL
199,-149.0943,-80.5694,NZ,NZL
200,-148.888,-76.4627,NZ,NZL
201,-164.5749,-83.6615,NZ,NZL
202,-148.9653,-77.8599,NZ,NZL
203,-173.6966,-82.8683,NZ,NZL
204,-146.3993,-77.5642,NZ,NZL
205,-156.5493,-81.2145,NZ,NZL
206,-154.8457,-81.2554,NZ,NZL
207,-146.6763,-76.4615,NZ,NZL
208,-152.307,-77.3791,NZ,NZL
209,-160.7238,-79.8326,NZ,NZL
210,-174.8154,-84.5692,NZ,NZL
211,-158.4316,-84.7308,NZ,NZL
212,-150.3159,-81.0955,NZ,NZL
213,-159.6345,-79.646,NZ,NZL
214,-125.9689,-74.8124,PN,PCN
215,-129.587,-74.9152,PN,PCN
216,-126.9113,-73.5743,PN,PCN
217,-126.0331,-73.4781,PN,PCN
218,-120.4389,-74.8181,CL,CHL
219,-135.4417,-74.6504,PN,PCN
220,-110.9446,-75.286,CL,CHL
221,-126.3919,-73.5961,PN,PCN
222,-114.0109,-74.003,CL,CHL
223,-118.0394,-74.5686,CL,CHL
224,-124.2609,-74.8701,CL,CHL
225,-137.2108,-75.1897,NZ,NZL
226,-132.2243,-74.8914,PN,PCN
227,-110.4755,-74.7269,CL,CHL
228,-142.8166,-75.6063,NZ,NZL
229,-122.3027,-73.9874,CL,CHL
230,-114.2956,-74.6792,CL,CHL
231,-120.663,-74.0157,CL,CHL
232,-134.2935,-74.8796,PN,PCN
233,-122.6474,-74.1126,CL,CHL
234,-111.4313,-74.3482,CL,CHL
235,-111.5545,-75.302,CL,CHL
236,-141.7589,-75.7267,NZ,NZL
237,-116.3139,-74.5654,CL,CHL
238,-121.6293,-73.7355,CL,CHL
239,-112.517,-74.917,CL,CHL
240,-110.7376,-74.8711,CL,CHL
241,-124.2833,-74.0691,CL,CHL
242,-130.0075,-75.0274,PN,PCN
243,-137.7455,-75.1407,NZ,NZL
244,-135.8909,-74.7503,PN,PCN
245,-126.1927,-73.3396,PN,PCN
246,-114.0056,-74.5402,CL,CHL
247,-119.2434,-73.8974,CL,CHL
248,-109.1189,-75.2281,CL,CHL
249,-124.0972,-74.2076,CL,CHL
250,-120.0949,-74.6886,CL,CHL
251,-120.9961,-74.1438,CL,CHL
252,-127.6544,-74.7422,PN,PCN
253,-122.5032,-73.8505,CL,CHL
254,-121.3346,-74.2714,CL,CHL
255,-126.7041,-73.3184,PN,PCN
256,-122.7442,-74.7766,CL,CHL
257,-113.4005,-75.0698,CL,CHL
258,-124.6442,-74.1908,PN,PCN
259,-138.224,-75.2359,NZ,NZL
260,-134.8299,-74.8377,PN,PCN
261,-126.5333,-74.7903,PN,PCN
262,-114.0083,-74.2713,CL,CHL
263,-121.0177,-74.8099,CL,CHL
264,-119.5631,-74.0277,CL,CHL
265,-110.5418,-74.457,CL,CHL
266,-123.0414,-73.8379,CL,CHL
267,-122.1654,-73.7252,CL,CHL
268,-140.7069,-75.6964,NZ,NZL
269,-118.9422,-74.6987,CL,CHL
270,-118.2892,-74.4344,CL,CHL
271,-124.4539,-74.7304,CL,CHL
272,-126.0681,-73.8744,PN,PCN
273,-121.8905,-74.2614,CL,CHL
274,-128.6161,-74.8309,PN,PCN
275,-118.6129,-74.5668,CL,CHL
276,-127.4182,-74.4846,PN,PCN
277,-128.0565,-74.858,PN,PCN
278,-125.3469,-73.6361,PN,PCN
279,-111.7389,-74.2215,CL,CHL
280,-111.8813,-75.1739,CL,CHL
281,-108.1521,-75.3293,CL,CHL
282,-120.8793,-73.88,CL,CHL
283,-127.0637,-73.4351,PN,PCN
284,-121.5949,-74.8003,CL,CHL
285,-142.2904,-75.667,NZ,NZL
286,-124.466,-73.9307,CL,CHL
287,-139.241,-75.2776,NZ,NZL
288,-113.1107,-74.9292,CL,CHL
289,-111.3303,-74.888,CL,CHL
290,-136.2747,-74.994,PN,PCN
291,-130.5668,-74.9953,PN,PCN
292,-114.2932,-74.4102,CL,CHL
293,-115.1605,-74.5558,CL,CHL
294,-140.2301,-75.4605,NZ,NZL
295,-114.5683,-74.0119,CL,CHL
296,-109.7267,-75.249,CL,CHL
297,-124.8326,-74.8523,PN,PCN
298,-123.1112,-74.9016,CL,CHL
299,-113.7284,-74.1321,CL,CHL
300,-122.2384,-74.3875,CL,CHL
301,-136.2022,-75.1389,PN,PCN
302,-114.853,-74.1498,CL,CHL
303,-132.7698,-74.8543,PN,PCN
304,-129.0274,-74.9448,PN,PCN
305,-126.2315,-73.7352,PN,PCN
306,-133.2092,-74.9599,PN,PCN
307,-143.3391,-75.6903,NZ,NZL
308,-116.8898,-74.568,CL,CHL
309,-141.2219,-75.7852,NZ,NZL
310,-124.8248,-74.052,PN,PCN
311,-131.1227,-74.962,PN,PCN
312,-139.7325,-75.3696,NZ,NZL
313,-111.9235,-74.9033,CL,CHL
314,-113.9999,-75.0796,CL,CHL
315,-111.6032,-75.0311,CL,CHL
316,-111.1183,-74.4747,CL,CHL
317,-134.9149,-74.6935,PN,PCN
318,-110.3353,-75.2683,CL,CHL
319,-138.7554,-75.1846,NZ,NZL
320,-143.86,-75.6274,NZ,NZL
321,-125.8705,-73.6167,PN,PCN
322,-119.7899,-73.893,CL,CHL
323,-110.8597,-74.3313,CL,CHL
324,-140.7336,-75.5503,NZ,NZL
325,-114.5756,-74.28,CL,CHL
326,-122.7,-73.7136,CL,CHL
327,-136.6717,-75.2375,PN,PCN
328,-118.8571,-74.432,CL,CHL
329,-122.4448,-74.25,CL,CHL
330,-133.7532,-74.9204,PN,PCN
331,-108.7641,-75.3527,CL,CHL
332,-124.6452,-73.7924,PN,PCN
333,-127.9657,-74.4594,PN,PCN
334,-143.8674,-75.7732,NZ,NZL
335,-121.4221,-73.8715,CL,CHL
336,-125.0021,-73.9132,PN,PCN
337,-136.3458,-74.8493,PN,PCN
338,-111.3817,-74.6178,CL,CHL
339,-130.6968,-74.8521,PN,PCN
340,-111.6501,-74.7607,CL,CHL
341,-114.8655,-74.4181,CL,CHL
342,-119.5191,-74.6944,CL,CHL
343,-115.7374,-74.5613,CL,CHL
344,-125.4019,-74.833,PN,PCN
345,-123.6871,-74.8866,CL,CHL
346,-125.5361,-73.8944,PN,PCN
347,-114.0028,-74.8096,CL,CHL
348,-110.2183,-74.5825,CL,CHL
349,-142.3,-75.5212,NZ,NZL
350,-127.0952,-74.7669,PN,PCN
351,-114.2982,-74.9489,CL,CHL
352,-122.1704,-74.7892,CL,CHL
353,-117.4651,-74.569,CL,CHL
354,-139.7689,-75.224,NZ,NZL
355,-125.3642,-74.0335,PN,PCN
356,-131.6753,-74.9273,PN,PCN
357,-136.8065,-74.9474,PN,PCN
358,-99.6933,-72.1191,CL,CHL
359,-80.8684,-73.7225,AR,ARG
360,-75.2653,-73.7585,AR,ARG
361,-88.615,-72.799,CL,CHL
362,-79.5562,-73.1086,AR,ARG
363,-81.5713,-77.7861,AR,ARG
364,-88.7273,-73.2844,CL,CHL
365,-107.7856,-75.4526,CL,CHL
366,-74.7759,-72.8943,AR,ARG
367,-76.4555,-76.4101,AR,ARG
368,-99.8273,-72.2733,CL,CHL
369,-74.97,-77.6169,AR,ARG
370,-79.0967,-80.2435,AR,ARG
371,-99.7773,-73.2611,CL,CHL
372,-100.4418,-74.4568,CL,CHL
373,-75.4547,-73.4334,AR,ARG
374,-82.6739,-79.1238,AR,ARG
375,-98.6144,-75.3162,CL,CHL
376,-77.3459,-73.6883,AR,ARG
377,-101.5798,-73.1319,CL,CHL
378,-98.9063,-75.0507,CL,CHL
379,-74.1809,-80.8865,AR,ARG
380,-94.0785,-73.395,CL,CHL
381,-86.8207,-73.461,CL,CHL
382,-102.9059,-75.1994,CL,CHL
383,-80.3389,-79.3469,AR,ARG
384,-76.2596,-80.6043,AR,ARG
385,-95.0454,-72.6239,CL,CHL
386,-76.8157,-79.9463,AR,ARG
387,-93.5611,-73.3326,CL,CHL
388,-105.331,-75.339,CL,CHL
389,-98.2085,-73.1136,CL,CHL
390,-102.3052,-75.1604,CL,CHL
391,-90.1901,-73.343,CL,CHL
392,-98.2181,-72.5408,CL,CHL
393,-101.6906,-73.7035,CL,CHL
394,-100.3051,-73.3075,CL,CHL
395,-100.371,-73.8812,CL,CHL
396,-81.3885,-78.4474,AR,ARG
397,-78.8187,-79.3209,AR,ARG
398,-101.0377,-75.5008,CL,CHL
399,-83.3609,-73.8516,CL,CHL
400,-75.5466,-73.2709,AR,ARG
401,-99.2155,-75.3648,CL,CHL
402,-84.191,-78.6353,AR,ARG
403,-96.4829,-73.3711,CL,CHL
404,-102.6573,-72.7975,CL,CHL
405,-79.5048,-73.2717,AR,ARG
406,-96.7237,-72.3809,CL,CHL
407,-99.4634,-72.3799,CL,CHL
408,-92.0998,-73.2978,CL,CHL
409,-74.6786,-73.0563,AR,ARG
410,-100.0501,-72.0125,CL,CHL
411,-90.9082,-72.6794,CL,CHL
412,-102.823,-72.9494,CL,CHL
413,-98.729,-73.1641,CL,CHL
414,-79.3228,-78.33,AR,ARG
415,-95.4409,-73.2572,CL,CHL
416,-84.2076,-78.3047,AR,ARG
417,-74.5793,-73.2184,AR,ARG
418,-90.6981,-73.4139,CL,CHL
419,-73.8176,-76.638,AR,ARG
420,-72.1965,-72.3906,AR,ARG
421,-82.1102,-78.3729,AR,ARG
422,-77.27,-73.8514,AR,ARG
423,-101.7392,-73.2852,CL,CHL
424,-102.2357,-73.7448,CL,CHL
425,-75.1488,-76.5274,AR,ARG
426,-81.8381,-73.9086,AR,ARG
427,-91.0255,-73.0008,CL,CHL
428,-104.9188,-73.0957,CL,CHL
429,-80.2693,-79.5122,AR,ARG
430,-99.3408,-74.942,CL,CHL
431,-104.1142,-75.2724,CL,CHL
432,-77.4203,-73.5252,AR,ARG
433,-79.1645,-78.6603,AR,ARG
434,-97.2193,-72.4355,CL,CHL
435,-76.547,-80.2754,AR,ARG
436,-85.8441,-73.4616,CL,CHL
437,-75.6842,-77.559,AR,ARG
438,-83.8772,-73.6123,CL,CHL
439,-89.1432,-73.0355,CL,CHL
440,-101.0328,-72.1036,CL,CHL
441,-100.534,-73.0442,CL,CHL
442,-101.2463,-74.2348,CL,CHL
443,-76.9437,-79.7816,AR,ARG
444,-80.2427,-77.7651,AR,ARG
445,-80.052,-78.2607,AR,ARG
446,-89.1856,-73.1972,CL,CHL
447,-72.4266,-80.8315,AR,ARG
448,-72.0776,-72.5512,AR,ARG
449,-72.6136,-76.579,AR,ARG
450,-83.8681,-73.7757,CL,CHL
451,-89.0609,-72.7125,CL,CHL
452,-74.563,-78.1085,AR,ARG
453,-73.7177,-73.7573,AR,ARG
454,-80.0609,-73.0422,AR,ARG
455,-96.8335,-72.5377,CL,CHL
456,-87.7654,-73.2936,CL,CHL
457,-105.9422,-75.3698,CL,CHL
458,-100.1862,-72.1662,CL,CHL
459,-75.7188,-73.8649,AR,ARG
460,-73.6689,-77.5641,AR,ARG
461,-90.9663,-72.84,CL,CHL
462,-100.8471,-74.3461,CL,CHL
463,-75.2038,-73.0019,AR,ARG
464,-77.4978,-77.8685,AR,ARG
465,-72.9438,-77.6168,AR,ARG
466,-75.2958,-72.8398,AR,ARG
467,-77.8793,-73.6268,AR,ARG
468,-101.9442,-73.0209,CL,CHL
469,-74.4862,-76.5835,AR,ARG
470,-77.6788,-79.8823,AR,ARG
471,-102.4075,-73.8979,CL,CHL
472,-87.2957,-73.3778,CL,CHL
473,-98.999,-73.4759,CL,CHL
474,-98.7136,-72.0212,CL,CHL
475,-74.976,-80.9928,AR,ARG
476,-103.5089,-75.2367,CL,CHL
477,-97.2934,-73.1654,CL,CHL
478,-96.9962,-72.1227,CL,CHL
479,-100.6831,-73.1984,CL,CHL
480,-101.4672,-75.388,CL,CHL
481,-76.0749,-73.2142,AR,ARG
482,-76.6064,-77.1705,AR,ARG
483,-97.1068,-72.2791,CL,CHL
484,-85.8337,-73.2987,CL,CHL
485,-80.1173,-78.0954,AR,ARG
486,-80.435,-73.4644,AR,ARG
487,-96.8909,-73.2686,CL,CHL
488,-80.0146,-73.2053,AR,ARG
489,-95.8405,-72.4252,CL,CHL
490,-98.5942,-72.4362,CL,CHL
491,-92.5365,-73.2038,CL,CHL
492,-77.0056,-76.5133,AR,ARG
493,-99.2024,-72.0708,CL,CHL
494,-91.3368,-72.5884,CL,CHL
495,-103.1739,-72.8366,CL,CHL
496,-74.2696,-73.7049,AR,ARG
497,-79.9674,-73.3686,AR,ARG
498,-99.459,-74.5202,CL,CHL
499,-99.1155,-73.0578,CL,CHL
500,-94.5042,-73.2969,CL,CHL
501,-102.6088,-73.6319,CL,CHL
502,-76.4861,-79.3503,AR,ARG
503,-91.1473,-73.3226,CL,CHL
504,-99.2794,-73.7876,CL,CHL
505,-82.7052,-78.9584,AR,ARG
506,-82.8219,-78.2967,AR,ARG
507,-102.1058,-73.1737,CL,CHL
508,-78.4082,-73.5641,AR,ARG
509,-72.2941,-73.5835,AR,ARG
510,-75.8052,-76.4696,AR,ARG
511,-82.3556,-73.8362,CL,CHL
512,-99.1378,-73.6318,CL,CHL
513,-76.1083,-80.7687,AR,ARG
514,-102.7828,-73.7846,CL,CHL
515,-76.0463,-77.9922,AR,ARG
516,-104.5099,-75.1548,CL,CHL
517,-81.0132,-79.6053,AR,ARG
518,-77.4407,-80.212,AR,ARG
519,-76.3911,-77.4992,AR,ARG
520,-80.5971,-78.6855,AR,ARG
521,-79.8445,-78.7564,AR,ARG
522,-72.7114,-72.3429,AR,ARG
523,-101.0122,-74.5009,CL,CHL
524,-73.1979,-80.9416,AR,ARG
525,-100.9204,-73.9258,CL,CHL
526,-84.37,-73.6988,CL,CHL
527,-77.1877,-79.4522,AR,ARG
528,-76.5001,-77.3349,AR,ARG
529,-99.8199,-75.4117,CL,CHL
530,-101.527,-72.1472,CL,CHL
531,-101.0558,-73.0887,CL,CHL
532,-101.0818,-74.0803,CL,CHL
533,-77.4737,-76.7797,AR,ARG
534,-101.8897,-75.2745,CL,CHL
535,-82.868,-73.7627,CL,CHL
536,-75.3085,-78.0513,AR,ARG
537,-80.9326,-77.6938,AR,ARG
538,-107.1697,-75.4266,CL,CHL
539,-73.8331,-72.0826,AR,ARG
540,-74.7158,-73.8135,AR,ARG
541,-74.3872,-77.5095,AR,ARG
542,-91.3986,-72.7487,CL,CHL
543,-77.8368,-78.4634,AR,ARG
544,-81.8168,-79.531,AR,ARG
545,-80.5199,-73.1378,AR,ARG
546,-99.6122,-74.6764,CL,CHL
547,-99.874,-74.4111,CL,CHL
548,-78.2115,-77.8039,AR,ARG
549,-106.5551,-75.3991,CL,CHL
550,-75.0143,-73.3264,AR,ARG
551,-99.7685,-74.8326,CL,CHL
552,-78.2126,-80.3112,AR,ARG
553,-99.3909,-73.3688,CL,CHL
554,-83.4687,-78.715,AR,ARG
555,-78.9904,-73.3369,AR,ARG
556,-73.2851,-76.5277,AR,ARG
557,-101.8712,-72.0375,CL,CHL
558,-73.5201,-77.7274,AR,ARG
559,-86.325,-73.3805,CL,CHL
560,-90.1377,-73.1816,CL,CHL
561,-97.8584,-72.0737,CL,CHL
562,-98.465,-75.1587,CL,CHL
563,-78.4278,-79.9812,AR,ARG
564,-72.8458,-73.5348,AR,ARG
565,-94.5489,-72.5638,CL,CHL
566,-75.9515,-80.933,AR,ARG
567,-93.0471,-73.2688,CL,CHL
568,-79.5379,-79.4174,AR,ARG
569,-89.6859,-73.2707,CL,CHL
570,-97.7175,-72.4888,CL,CHL
571,-76.7263,-73.9115,AR,ARG
572,-72.5977,-72.5037,AR,ARG
573,-76.3562,-79.5148,AR,ARG
574,-76.2656,-73.8073,AR,ARG
575,-88.6517,-72.9607,CL,CHL
576,-97.485,-72.1767,CL,CHL
577,-101.2101,-73.2425,CL,CHL
578,-80.8269,-78.0243,AR,ARG
579,-101.3084,-73.8149,CL,CHL
580,-77.3816,-76.9442,AR,ARG
581,-95.9604,-73.3148,CL,CHL
582,-96.2306,-72.325,CL,CHL
583,-88.2638,-73.3706,CL,CHL
584,-77.287,-77.1087,AR,ARG
585,-80.9076,-73.559,AR,ARG
586,-102.3033,-72.9094,CL,CHL
587,-77.7364,-78.6282,AR,ARG
588,-73.279,-73.6465,AR,ARG
589,-83.5237,-78.2189,AR,ARG
590,-77.5636,-76.6153,AR,ARG
591,-74.9168,-73.4887,AR,ARG
592,-81.907,-79.2,AR,ARG
593,-79.1908,-80.0783,AR,ARG
594,-99.6358,-73.1061,CL,CHL
595,-78.5844,-78.3976,AR,ARG
596,-95.0228,-73.357,CL,CHL
597,-83.4493,-78.8804,AR,ARG
598,-78.917,-77.7376,AR,ARG
599,-91.6576,-73.3911,CL,CHL
600,-81.8626,-79.3655,AR,ARG
601,-78.9325,-73.5001,AR,ARG
602,-73.3673,-77.8906,AR,ARG
603,-99.8239,-73.8351,CL,CHL
604,-81.3507,-73.8162,AR,ARG
605,-102.6337,-73.2141,CL,CHL
606,-101.8568,-73.8571,CL,CHL
607,-76.7761,-77.9312,AR,ARG
608,-81.5274,-77.9514,AR,ARG
609,-97.8139,-73.2183,CL,CHL
610,-76.4057,-80.4399,AR,ARG
611,-105.1127,-75.1879,CL,CHL
612,-81.3395,-78.6128,AR,ARG
613,-78.4036,-78.7276,AR,ARG
614,-80.946,-73.3956,AR,ARG
615,-76.2222,-79.6793,AR,ARG
616,-85.358,-73.5417,CL,CHL
617,-84.8666,-73.6208,CL,CHL
618,-78.0086,-79.3876,AR,ARG
619,-76.8881,-73.5855,AR,ARG
620,-88.6892,-73.1225,CL,CHL
621,-100.6812,-72.212,CL,CHL
622,-96.5099,-72.0674,CL,CHL
623,-100.1583,-73.1529,CL,CHL
624,-79.5442,-77.8347,AR,ARG
625,-101.4722,-73.969,CL,CHL
626,-75.6368,-73.1085,AR,ARG
627,-100.4273,-75.4571,CL,CHL
628,-102.9917,-73.1013,CL,CHL
629,-73.96,-78.0002,AR,ARG
630,-75.4833,-80.5008,AR,ARG
631,-96.3357,-72.4821,CL,CHL
632,-99.0947,-72.486,CL,CHL
633,-84.1994,-78.47,AR,ARG
634,-74.3332,-72.031,AR,ARG
635,-61.3138,-73.0537,AR,ARG
636,-42.7493,-82.1611,GS,SGS
637,-68.5832,-72.0906,AR,ARG
638,-50.1745,-78.664,GS,SGS
639,-61.5224,-72.1734,AR,ARG
640,-43.4709,-79.8271,GS,SGS
641,-71.8686,-73.4697,AR,ARG
642,-62.4737,-74.9128,AR,ARG
643,-61.2192,-80.0646,AR,ARG
644,-65.6309,-80.5282,AR,ARG
645,-65.2701,-81.5668,AR,ARG
646,-44.3125,-78.9689,GS,SGS
647,-64.9495,-75.6945,AR,ARG
648,-41.6361,-81.6876,GS,SGS
649,-66.6527,-72.0726,AR,ARG
650,-60.8312,-80.2182,AR,ARG
651,-70.5097,-72.0894,AR,ARG
652,-47.8289,-80.5214,GS,SGS
653,-62.6378,-80.6149,AR,ARG
654,-67.528,-78.5326,AR,ARG
655,-45.4121,-78.7082,GS,SGS
656,-37.4797,-81.0828,GS,SGS
657,-51.0745,-79.9831,FK,FLK
658,-63.2093,-82.3484,AR,ARG
659,-61.0864,-73.2066,AR,ARG
660,-49.0538,-81.9902,GS,SGS
661,-45.0351,-78.1072,GS,SGS
662,-45.4464,-80.3248,GS,SGS
663,-39.5772,-81.1708,GS,SGS
664,-70.7395,-76.5607,AR,ARG
665,-60.431,-80.3713,AR,ARG
666,-46.835,-77.8661,GS,SGS
667,-66.0143,-81.6911,AR,ARG
668,-66.9582,-76.0402,AR,ARG
669,-49.6899,-78.8029,GS,SGS
670,-55.0914,-82.5914,AR,ARG
671,-61.3081,-72.3261,AR,ARG
672,-70.2336,-76.4439,AR,ARG
673,-60.9572,-74.3771,AR,ARG
674,-53.2243,-82.1615,FK,FLK
675,-68.9774,-73.2469,AR,ARG
676,-60.6421,-72.7834,AR,ARG
677,-63.3367,-74.7341,AR,ARG
678,-70.1036,-78.8501,AR,ARG
679,-66.7193,-81.3744,AR,ARG
680,-51.5139,-80.1318,FK,FLK
681,-70.6327,-72.5259,AR,ARG
682,-63.4434,-75.4631,AR,ARG
683,-44.0466,-79.2554,GS,SGS
684,-71.0218,-72.0463,AR,ARG
685,-62.2508,-80.7698,AR,ARG
686,-61.8095,-74.2045,AR,ARG
687,-49.0992,-78.2094,GS,SGS
688,-57.1788,-83.0114,AR,ARG
689,-68.5738,-76.2476,AR,ARG
690,-67.6407,-73.0411,AR,ARG
691,-51.3369,-80.7102,FK,FLK
692,-44.8261,-82.502,GS,SGS
693,-71.5799,-79.5194,AR,ARG
694,-62.7464,-82.5033,AR,ARG
695,-61.8793,-73.0345,AR,ARG
696,-70.8979,-73.4,AR,ARG
697,-63.0125,-80.4595,AR,ARG
698,-63.7344,-74.8647,AR,ARG
699,-44.5146,-78.2374,GS,SGS
700,-49.8294,-79.5333,GS,SGS
701,-58.8964,-83.5702,AR,ARG
702,-53.4369,-80.4302,FK,FLK
703,-50.2489,-82.0024,GS,SGS
704,-43.9827,-78.3667,GS,SGS
705,-61.4207,-72.6133,AR,ARG
706,-60.0181,-80.5239,AR,ARG
707,-65.6415,-81.8489,AR,ARG
708,-43.15,-82.318,GS,SGS
709,-67.0498,-72.6362,AR,ARG
710,-69.66,-79.1728,AR,ARG
711,-71.4086,-72.1619,AR,ARG
712,-66.8481,-72.3544,AR,ARG
713,-65.9368,-79.9289,AR,ARG
714,-62.06,-72.154,AR,ARG
715,-66.6798,-72.5119,AR,ARG
716,-57.9295,-83.1489,AR,ARG
717,-68.9136,-78.6139,AR,ARG
718,-43.7913,-79.9847,GS,SGS
719,-66.3733,-81.5329,AR,ARG
720,-61.2318,-82.2422,AR,ARG
721,-60.1781,-73.0874,AR,ARG
722,-62.182,-74.3379,AR,ARG
723,-64.3253,-75.2805,AR,ARG
724,-43.4594,-79.3836,GS,SGS
725,-65.3873,-75.822,AR,ARG
726,-46.4352,-80.348,GS,SGS
727,-41.9931,-81.8459,GS,SGS
728,-71.157,-72.4821,AR,ARG
729,-70.8944,-72.2061,AR,ARG
730,-50.7833,-82.1509,FK,FLK
731,-63.6422,-80.5888,AR,ARG
732,-68.4448,-78.935,AR,ARG
733,-55.7611,-82.7325,AR,ARG
734,-63.0688,-82.7868,AR,ARG
735,-61.5198,-83.2487,AR,ARG
736,-60.9667,-73.6475,AR,ARG
737,-68.0994,-78.6542,AR,ARG
738,-44.2701,-78.5245,GS,SGS
739,-69.3344,-72.3309,AR,ARG
740,-60.0989,-79.796,AR,ARG
741,-52.3716,-80.7163,FK,FLK
742,-46.0935,-82.5261,GS,SGS
743,-44.1216,-80.142,GS,SGS
744,-63.9967,-82.4761,AR,ARG
745,-40.6404,-81.2104,GS,SGS
746,-71.4487,-73.355,AR,ARG
747,-60.1895,-80.8112,AR,ARG
748,-68.4062,-81.0169,AR,ARG
749,-70.6918,-80.768,AR,ARG
750,-70.062,-79.4513,AR,ARG
751,-61.2,-72.7661,AR,ARG
752,-60.366,-83.5532,AR,ARG
753,-61.4175,-80.3516,AR,ARG
754,-47.6295,-77.8861,GS,SGS
755,-67.6267,-76.0042,AR,ARG
756,-63.0368,-81.6252,AR,ARG
757,-42.3639,-82.0037,GS,SGS
758,-71.2538,-76.6763,AR,ARG
759,-61.5706,-74.3584,AR,ARG
760,-69.5298,-73.207,AR,ARG
761,-62.3252,-74.6254,AR,ARG
762,-36.0954,-78.7322,GS,SGS
763,-49.9505,-79.2438,GS,SGS
764,-70.5049,-79.128,AR,ARG
765,-48.8414,-80.5377,GS,SGS
766,-50.0653,-78.954,GS,SGS
767,-61.6375,-72.4603,AR,ARG
768,-68.6825,-78.7745,AR,ARG
769,-43.16,-79.669,GS,SGS
770,-53.8241,-82.3058,FK,FLK
771,-60.9754,-72.9188,AR,ARG
772,-52.4894,-80.1376,FK,FLK
773,-64.096,-75.4371,AR,ARG
774,-49.4486,-78.3614,GS,SGS
775,-60.6518,-79.9308,AR,ARG
776,-64.98,-80.4026,AR,ARG
777,-46.8719,-82.3942,GS,SGS
778,-40.9604,-81.3699,GS,SGS
779,-47.9515,-78.0401,GS,SGS
780,-69.2464,-76.2072,AR,ARG
781,-62.5747,-82.9414,AR,ARG
782,-61.7818,-73.4755,AR,ARG
783,-68.1905,-73.0049,AR,ARG
784,-66.9682,-78.4099,AR,ARG
785,-59.8565,-80.2363,AR,ARG
786,-62.0588,-83.0953,AR,ARG
787,-63.9995,-80.4324,AR,ARG
788,-50.4509,-79.1045,FK,FLK
789,-70.7167,-78.9662,AR,ARG
790,-69.8573,-72.2907,AR,ARG
791,-67.1458,-79.7346,AR,ARG
792,-63.5424,-82.6317,AR,ARG
793,-62.2267,-73.1678,AR,ARG
794,-68.1042,-81.1769,AR,ARG
795,-70.4383,-80.9296,AR,ARG
796,-50.2327,-79.6839,GS,SGS
797,-67.7913,-81.3366,AR,ARG
798,-70.1757,-81.091,AR,ARG
799,-60.5138,-73.2237,AR,ARG
800,-60.6121,-80.6585,AR,ARG
801,-66.4168,-81.9723,AR,ARG
802,-61.3268,-74.512,AR,ARG
803,-64.1577,-81.5976,AR,ARG
804,-67.4249,-72.7598,AR,ARG
805,-62.085,-74.7799,AR,ARG
806,-49.4372,-79.3822,GS,SGS
807,-70.2867,-79.2897,AR,ARG
808,-66.2363,-79.7704,AR,ARG
809,-60.7467,-73.0713,AR,ARG
810,-58.7099,-83.2851,AR,ARG
811,-60.2602,-80.0838,AR,ARG
812,-64.64,-80.5599,AR,ARG
813,-46.043,-77.8438,GS,SGS
814,-62.5606,-74.4707,AR,ARG
815,-66.0507,-75.7904,AR,ARG
816,-47.428,-80.3684,GS,SGS
817,-70.2425,-72.4087,AR,ARG
818,-69.9947,-72.1313,AR,ARG
819,-43.7664,-79.5415,GS,SGS
820,-66.039,-82.1304,AR,ARG
821,-52.0033,-82.158,FK,FLK
822,-45.105,-78.5517,GS,SGS
823,-61.6791,-73.9167,AR,ARG
824,-61.5531,-73.629,AR,ARG
825,-71.1374,-79.2432,AR,ARG
826,-50.6476,-79.8338,FK,FLK
827,-61.32,-73.7824,AR,ARG
828,-64.1387,-74.9946,AR,ARG
829,-47.1408,-82.1086,GS,SGS
830,-36.4465,-81.0345,GS,SGS
831,-69.7174,-72.45,AR,ARG
832,-45.0896,-80.169,GS,SGS
833,-62.5959,-72.1332,AR,ARG
834,-61.9766,-82.3735,AR,ARG
835,-39.2881,-81.0101,GS,SGS
836,-62.0063,-73.3217,AR,ARG
837,-70.4857,-73.2833,AR,ARG
838,-61.2228,-80.792,AR,ARG
839,-63.9118,-75.151,AR,ARG
840,-53.932,-80.5753,FK,FLK
841,-47.8623,-81.9747,GS,SGS
842,-67.6887,-79.4154,AR,ARG
843,-58.079,-83.4344,AR,ARG
844,-69.1453,-81.1353,AR,ARG
845,-53.4069,-80.7194,FK,FLK
846,-66.5006,-75.9157,AR,ARG
847,-70.7093,-79.5672,AR,ARG
848,-67.4214,-79.5752,AR,ARG
849,-54.4461,-82.4491,AR,ARG
850,-70.0553,-76.6052,AR,ARG
851,-62.0195,-80.4838,AR,ARG
852,-69.736,-76.3261,AR,ARG
853,-67.2581,-72.9179,AR,ARG
854,-62.9454,-74.6027,AR,ARG
855,-69.0461,-79.0546,AR,ARG
856,-49.8566,-80.5511,GS,SGS
857,-71.6783,-72.437,AR,ARG
858,-66.4853,-72.2297,AR,ARG
859,-69.5027,-78.7326,AR,ARG
860,-69.934,-73.3257,AR,ARG
861,-65.9536,-80.3701,AR,ARG
862,-45.5445,-77.9759,GS,SGS
863,-44.8686,-78.8391,GS,SGS
864,-60.7641,-72.3435,AR,ARG
865,-52.9562,-80.2843,FK,FLK
866,-70.1052,-72.5683,AR,ARG
867,-64.5191,-75.5662,AR,ARG
868,-49.8069,-78.5129,GS,SGS
869,-60.9834,-72.1913,AR,ARG
870,-65.6459,-82.288,AR,ARG
871,-61.4431,-74.0704,AR,ARG
872,-48.7584,-78.0568,GS,SGS
873,-56.4565,-82.8725,AR,ARG
874,-68.0963,-76.1264,AR,ARG
875,-65.2366,-82.4453,AR,ARG
876,-62.3808,-83.3786,AR,ARG
877,-41.2921,-81.5289,GS,SGS
878,-71.673,-80.7197,AR,ARG
879,-70.9266,-79.4053,AR,ARG
880,-61.8261,-83.5322,AR,ARG
881,-68.5813,-73.1263,AR,ARG
882,-43.7435,-79.0976,GS,SGS
883,-50.3034,-80.701,GS,SGS
884,-46.3949,-82.2411,GS,SGS
885,-38.254,-80.9668,GS,SGS
886,-43.5669,-82.4744,GS,SGS
887,-68.9564,-72.2111,AR,ARG
888,-71.5543,-72.5974,AR,ARG
889,-71.9365,-76.6285,AR,ARG
890,-20.4064,-75.6063,GS,SGS
891,-32.1214,-80.4824,GS,SGS
892,-18.1343,-75.3973,GS,SGS
893,-12.5374,-72.7272,GS,SGS
894,-17.3936,-74.3644,GS,SGS
895,-18.1931,-75.2296,GS,SGS
896,-29.7236,-79.5214,GS,SGS
897,-11.2805,-72.399,GS,SGS
898,-17.3296,-74.5318,GS,SGS
899,-31.3168,-80.5852,GS,SGS
900,-35.2127,-80.8196,GS,SGS
901,-23.9317,-75.7937,GS,SGS
902,-33.46,-77.4658,GS,SGS
903,-28.9695,-79.6191,GS,SGS
904,-14.4795,-73.7556,GS,SGS
905,-35.7397,-78.4034,GS,SGS
906,-23.337,-75.8784,GS,SGS
907,-17.7821,-74.7973,GS,SGS
908,-31.7782,-79.0517,GS,SGS
909,-29.3422,-80.2861,GS,SGS
910,-31.906,-77.1782,GS,SGS
911,-21.2294,-74.0137,GS,SGS
912,-25.0178,-80.2463,GS,SGS
913,-35.2415,-77.909,GS,SGS
914,-14.7739,-74.1923,GS,SGS
915,-22.4688,-79.9958,GS,SGS
916,-25.8547,-80.1583,GS,SGS
917,-26.3763,-76.1141,GS,SGS
918,-11.6941,-72.5092,GS,SGS
919,-17.7205,-74.9648,GS,SGS
920,-28.9309,-76.4092,GS,SGS
921,-15.2805,-73.1943,GS,SGS
922,-25.7392,-79.6562,GS,SGS
923,-30.4196,-76.8817,GS,SGS
924,-15.2589,-74.2958,GS,SGS
925,-13.4026,-72.9419,GS,SGS
926,-29.533,-79.1876,GS,SGS
927,-27.0047,-76.1903,GS,SGS
928,-10.5866,-72.013,GS,SGS
929,-20.6872,-74.0919,GS,SGS
930,-30.2562,-80.354,GS,SGS
931,-20.9778,-75.6972,GS,SGS
932,-16.06,-73.7311,GS,SGS
933,-35.4244,-80.9833,GS,SGS
934,-35.8124,-79.1734,GS,SGS
935,-15.5068,-73.7961,GS,SGS
936,-35.1394,-79.285,GS,SGS
937,-24.5324,-75.876,GS,SGS
938,-34.1922,-77.5233,GS,SGS
939,-17.2642,-74.6992,GS,SGS
940,-24.9413,-79.7441,GS,SGS
941,-33.2407,-80.7077,GS,SGS
942,-35.9151,-78.5679,GS,SGS
943,-18.6826,-75.4935,GS,SGS
944,-32.615,-77.2399,GS,SGS
945,-13.9352,-72.8824,GS,SGS
946,-21.5564,-75.7867,GS,SGS
947,-14.3884,-73.9217,GS,SGS
948,-35.4031,-78.074,GS,SGS
949,-26.7317,-80.2353,GS,SGS
950,-29.6268,-79.3546,GS,SGS
951,-32.6051,-79.1134,GS,SGS
952,-25.1401,-75.9569,GS,SGS
953,-15.7402,-73.2964,GS,SGS
954,-26.5734,-79.7336,GS,SGS
955,-29.6624,-76.6466,GS,SGS
956,-28.9985,-76.5771,GS,SGS
957,-22.157,-75.7064,GS,SGS
958,-35.5691,-78.2388,GS,SGS
959,-34.2209,-80.765,GS,SGS
960,-27.64,-76.2649,GS,SGS
961,-28.1269,-79.5478,GS,SGS
962,-10.9868,-72.1244,GS,SGS
963,-23.3043,-80.0814,GS,SGS
964,-13.8435,-73.048,GS,SGS
965,-33.3307,-77.2997,GS,SGS
966,-20.6586,-74.2602,GS,SGS
967,-31.5644,-79.8194,GS,SGS
968,-12.1131,-72.6186,GS,SGS
969,-31.2037,-77.1146,GS,SGS
970,-18.2506,-75.0619,GS,SGS
971,-15.9849,-73.8979,GS,SGS
972,-27.6222,-80.3101,GS,SGS
973,-24.119,-79.6626,GS,SGS
974,-31.1059,-76.9474,GS,SGS
975,-35.0083,-80.6558,GS,SGS
976,-20.7426,-73.7555,GS,SGS
977,-10.8722,-72.288,GS,SGS
978,-16.8233,-74.4328,GS,SGS
979,-30.3736,-80.5201,GS,SGS
980,-34.1241,-79.0649,GS,SGS
981,-34.3351,-77.6889,GS,SGS
982,-15.1728,-74.4623,GS,SGS
983,-16.2057,-73.3975,GS,SGS
984,-35.4511,-78.8446,GS,SGS
985,-27.3569,-79.6417,GS,SGS
986,-19.2382,-75.5885,GS,SGS
987,-30.9605,-78.9878,GS,SGS
988,-14.8265,-73.0912,GS,SGS
989,-28.4409,-80.2158,GS,SGS
990,-20.6294,-74.4284,GS,SGS
991,-20.7152,-73.9237,GS,SGS
992,-30.806,-79.9213,GS,SGS
993,-34.4819,-77.8544,GS,SGS
994,-14.2954,-74.0877,GS,SGS
995,-16.1336,-73.5643,GS,SGS
996,-23.3078,-79.7465,GS,SGS
997,-25.7547,-76.0363,GS,SGS
998,-22.4841,-79.8284,GS,SGS
999,-16.2484,-74.4996,GS,SGS
1000,-33.4411,-79.1729,GS,SGS
1001,-30.3331,-76.7143,GS,SGS
1002,-28.2821,-76.3379,GS,SGS
1003,-15.0348,-73.6933,GS,SGS
1004,-22.7434,-75.7931,GS,SGS
1005,-15.6689,-74.565,GS,SGS
1006,-33.0721,-80.5428,GS,SGS
1007,-34.7941,-78.9555,GS,SGS
1008,-12.9672,-72.835,GS,SGS
1009,-30.2531,-79.0885,GS,SGS
1010,-24.1539,-80.165,GS,SGS
1011,-14.29,-73.1531,GS,SGS
1012,-19.8012,-75.6821,GS,SGS
1013,70.3006,-72.1703,TF,ATF
1014,67.0623,-72.6066,TF,ATF
1015,66.8674,-73.2937,TF,ATF
1016,68.1341,-72.8816,TF,ATF
1017,70.083,-72.3123,TF,ATF
1018,67.4005,-73.2951,TF,ATF
1019,66.5697,-72.8802,TF,ATF
1020,67.9345,-73.295,TF,ATF
1021,66.3353,-73.291,TF,ATF
1022,68.3717,-72.7428,TF,ATF
1023,67.0351,-72.3308,TF,ATF
1024,67.0088,-72.0547,TF,ATF
1025,69.8623,-72.4538,TF,ATF
1026,66.3181,-73.0163,TF,ATF
1027,69.1219,-72.5999,TF,ATF
1028,71.0179,-72.0189,TF,ATF
1029,66.7939,-72.4681,TF,ATF
1030,69.3493,-72.4595,TF,ATF
1031,68.4198,-73.0184,TF,ATF
1032,67.273,-72.193,TF,ATF
1033,68.1789,-73.157,TF,ATF
1034,66.8177,-72.7437,TF,ATF
1035,66.063,-73.1519,TF,ATF
1036,70.8069,-72.1619,TF,ATF
1037,68.6059,-72.6036,TF,ATF
1038,164.0285,-74.5155,AQ,ATA
1039,162.7843,-82.6376,AQ,ATA
1040,163.8448,-77.7883,AQ,ATA
1041,162.1801,-76.9643,AQ,ATA
1042,163.3443,-82.1184,AQ,ATA
1043,169.4277,-72.7466,AQ,ATA
1044,160.9085,-78.6425,AQ,ATA
1045,158.8164,-80.1934,AQ,ATA
1046,173.0726,-83.7988,AQ,ATA
1047,165.1959,-73.5162,AQ,ATA
1048,159.9229,-81.096,AQ,ATA
1049,162.6895,-74.5979,AQ,ATA
1050,165.7002,-78.4413,AQ,ATA
1051,162.4243,-82.2071,AQ,ATA
1052,165.0847,-78.3783,AQ,ATA
1053,164.4858,-78.3114,AQ,ATA
1054,166.1951,-82.7899,AQ,ATA
1055,167.637,-77.4924,AQ,ATA
1056,176.9067,-84.1283,AQ,ATA
1057,167.539,-73.023,AQ,ATA
1058,163.3332,-78.6283,AQ,ATA
1059,160.7779,-75.5125,AQ,ATA
1060,164.4286,-74.1318,AQ,ATA
1061,166.4218,-73.4231,AQ,ATA
1062,161.6823,-82.5814,AQ,ATA
1063,169.7236,-72.5111,AQ,ATA
1064,162.1845,-76.8118,AQ,ATA
1065,162.3133,-82.0642,AQ,ATA
1066,158.0493,-80.2702,AQ,ATA
1067,171.6725,-83.7674,AQ,ATA
1068,166.3545,-73.1212,AQ,ATA
1069,163.1311,-74.368,AQ,ATA
1070,165.2438,-73.8194,AQ,ATA
1071,168.5993,-72.6197,AQ,ATA
1072,169.1799,-73.1314,AQ,ATA
1073,160.1277,-79.4781,AQ,ATA
1074,165.9978,-82.6469,AQ,ATA
1075,166.8393,-83.2199,AQ,ATA
1076,160.9299,-78.4904,AQ,ATA
1077,175.4038,-84.1066,AQ,ATA
1078,162.7304,-78.7095,AQ,ATA
1079,164.4389,-78.0087,AQ,ATA
1080,160.6136,-80.733,AQ,ATA
1081,160.5189,-82.3786,AQ,ATA
1082,161.7305,-75.6678,AQ,ATA
1083,164.8941,-74.3553,AQ,ATA
1084,159.7623,-80.6738,AQ,ATA
1085,169.9506,-72.1273,AQ,ATA
1086,169.6645,-72.3624,AQ,ATA
1087,161.0453,-81.5801,AQ,ATA
1088,159.4835,-79.8375,AQ,ATA
1089,164.4639,-74.4358,AQ,ATA
1090,169.6062,-72.2137,AQ,ATA
1091,166.5569,-77.5173,AQ,ATA
1092,159.5709,-80.1151,AQ,ATA
1093,166.3218,-72.9702,AQ,ATA
1094,160.864,-78.9465,AQ,ATA
1095,165.6251,-73.5868,AQ,ATA
1096,168.5489,-72.4702,AQ,ATA
1097,162.2012,-76.2017,AQ,ATA
1098,159.8676,-80.955,AQ,ATA
1099,163.1365,-74.5205,AQ,ATA
1100,165.6499,-78.293,AQ,ATA
1101,164.8686,-82.5986,AQ,ATA
1102,162.1888,-76.6593,AQ,ATA
1103,161.7391,-75.515,AQ,ATA
1104,167.9602,-73.0889,AQ,ATA
1105,159.7122,-80.5337,AQ,ATA
1106,162.7123,-77.19,AQ,ATA
1107,163.7556,-82.5476,AQ,ATA
1108,167.8393,-83.1206,AQ,ATA
1109,168.2065,-77.5534,AQ,ATA
1110,162.124,-78.6378,AQ,ATA
1111,161.2918,-75.1318,AQ,ATA
1112,162.7107,-77.0378,AQ,ATA
1113,163.9264,-78.5459,AQ,ATA
1114,170.1358,-72.5727,AQ,ATA
1115,162.209,-75.8965,AQ,ATA
1116,168.1412,-77.4035,AQ,ATA
1117,160.0392,-81.379,AQ,ATA
1118,163.2701,-77.5661,AQ,ATA
1119,164.8723,-74.2035,AQ,ATA
1120,166.851,-73.4911,AQ,ATA
1121,161.2656,-75.4378,AQ,ATA
1122,170.073,-72.4242,AQ,ATA
1123,162.2065,-81.9215,AQ,ATA
1124,170.9741,-83.4834,AQ,ATA
1125,160.3128,-80.0352,AQ,ATA
1126,171.3152,-83.6253,AQ,ATA
1127,168.3336,-73.0041,AQ,ATA
1128,162.2052,-76.0491,AQ,ATA
1129,159.98,-81.2374,AQ,ATA
1130,160.1902,-79.1751,AQ,ATA
1131,160.9671,-81.4382,AQ,ATA
1132,165.6528,-73.7382,AQ,ATA
1133,162.193,-76.5068,AQ,ATA
1134,169.5458,-73.0446,AQ,ATA
1135,161.5371,-78.4128,AQ,ATA
1136,158.8863,-80.4727,AQ,ATA
1137,160.1572,-79.327,AQ,ATA
1138,166.6152,-83.0764,AQ,ATA
1139,164.3781,-73.6759,AQ,ATA
1140,158.0721,-80.4099,AQ,ATA
1141,163.2539,-77.2621,AQ,ATA
1142,166.7037,-72.8882,AQ,ATA
1143,162.2128,-75.7438,AQ,ATA
1144,168.7808,-77.6129,AQ,ATA
1145,104.7883,-84.4199,TF,ATF
1146,161.7559,-75.2093,AQ,ATA
1147,163.2619,-77.4141,AQ,ATA
1148,166.8132,-73.3404,AQ,ATA
1149,164.5102,-78.4626,AQ,ATA
1150,164.4114,-73.9798,AQ,ATA
1151,166.7761,-73.1896,AQ,ATA
1152,164.9162,-74.5071,AQ,ATA
1153,167.0717,-77.4302,AQ,ATA
1154,160.8865,-78.7945,AQ,ATA
1155,163.2784,-77.718,AQ,ATA
1156,159.4423,-79.6991,AQ,ATA
1157,169.0125,-72.6836,AQ,ATA
1158,169.6569,-83.4468,AQ,ATA
1159,167.1247,-77.5806,AQ,ATA
1160,161.4959,-78.8687,AQ,ATA
1161,163.5687,-74.29,AQ,ATA
1162,162.7325,-78.8611,AQ,ATA
1163,168.3563,-83.4068,AQ,ATA
1164,160.3306,-75.28,AQ,ATA
1165,159.5265,-79.9762,AQ,ATA
1166,166.0258,-73.5052,AQ,ATA
1167,162.7033,-76.2761,AQ,ATA
1168,162.2272,-75.1329,AQ,ATA
1169,165.1207,-78.5285,AQ,ATA
1170,166.0569,-73.6564,AQ,ATA
1171,164.8301,-73.8999,AQ,ATA
1172,168.9054,-72.3851,AQ,ATA
1173,161.4825,-82.2939,AQ,ATA
1174,166.4007,-82.933,AQ,ATA
1175,164.7029,-82.4556,AQ,ATA
1176,167.0734,-83.3636,AQ,ATA
1177,177.4394,-84.2669,AQ,ATA
1178,163.8925,-78.2431,AQ,ATA
1179,167.1598,-73.1066,AQ,ATA
1180,166.521,-78.6206,AQ,ATA
1181,162.7077,-76.7332,AQ,ATA
1182,162.234,-74.8274,AQ,ATA
1183,168.7081,-77.4634,AQ,ATA
1184,162.1297,-78.486,AQ,ATA
1185,173.4833,-83.9399,AQ,ATA
1186,159.4438,-79.5542,AQ,ATA
1187,164.3946,-73.8278,AQ,ATA
1188,160.3077,-75.4332,AQ,ATA
1189,162.1036,-81.7791,AQ,ATA
1190,167.2411,-73.4076,AQ,ATA
1191,167.0199,-77.2796,AQ,ATA
1192,169.3135,-72.4486,AQ,ATA
1193,163.8603,-77.9399,AQ,ATA
1194,169.4862,-72.8956,AQ,ATA
1195,167.4056,-78.1685,AQ,ATA
1196,166.206,-78.2067,AQ,ATA
1197,162.6992,-75.8187,AQ,ATA
1198,164.0147,-74.3634,AQ,ATA
1199,160.4876,-80.4529,AQ,ATA
1200,162.2307,-74.9802,AQ,ATA
1201,174.9347,-83.9667,AQ,ATA
1202,166.3943,-78.4867,AQ,ATA
1203,162.2202,-75.4384,AQ,ATA
1204,168.7556,-73.0682,AQ,ATA
1205,160.2222,-79.0232,AQ,ATA
1206,162.7047,-76.4285,AQ,ATA
1207,163.8762,-78.0915,AQ,ATA
1208,167.1202,-72.9561,AQ,ATA
1209,160.5985,-82.5226,AQ,ATA
1210,162.2373,-74.6746,AQ,ATA
1211,167.6968,-77.6426,AQ,ATA
1212,164.7893,-73.5963,AQ,ATA
1213,160.814,-75.2063,AQ,ATA
1214,159.8141,-80.8143,AQ,ATA
1215,163.944,-78.6973,AQ,ATA
1216,178.9937,-84.2831,AQ,ATA
1217,161.1264,-81.7223,AQ,ATA
1218,-72.2657,-71.6357,AR,ARG
1219,-75.0841,-69.8366,AR,ARG
1220,-73.5372,-71.8113,AR,ARG
1221,-75.0482,-70.7441,AR,ARG
1222,-74.1175,-70.8482,AR,ARG
1223,-75.8143,-70.9571,AR,ARG
1224,-74.6415,-69.8886,AR,ARG
1225,-74.2219,-71.4389,AR,ARG
1226,-73.2499,-71.5397,AR,ARG
1227,-75.3706,-70.1032,AR,ARG
1228,-75.0088,-71.6556,AR,ARG
1229,-72.2428,-69.7023,AR,ARG
1230,-73.0403,-71.8608,AR,ARG
1231,-74.2085,-70.688,AR,ARG
1232,-74.8299,-71.9781,AR,ARG
1233,-74.5215,-71.7087,AR,ARG
1234,-96.4058,-71.9108,CL,CHL
1235,-76.2774,-70.9014,AR,ARG
1236,-73.352,-71.3793,AR,ARG
1237,-75.3481,-71.0117,AR,ARG
1238,-72.3771,-71.4756,AR,ARG
1239,-72.1112,-71.2023,AR,ARG
1240,-73.6383,-71.6506,AR,ARG
1241,-101.3797,-71.9947,CL,CHL
1242,-96.8876,-71.9663,CL,CHL
1243,-73.743,-70.7384,AR,ARG
1244,-75.4293,-70.851,AR,ARG
1245,-74.4961,-70.9571,AR,ARG
1246,-72.866,-71.428,AR,ARG
1247,-100.4022,-71.9054,CL,CHL
1248,-75.0042,-69.9963,AR,ARG
1249,-72.5939,-71.1556,AR,ARG
1250,-72.7865,-69.4977,AR,ARG
1251,-72.6508,-71.7486,AR,ARG
1252,-76.2034,-71.0624,AR,ARG
1253,-74.1273,-71.5997,AR,ARG
1254,-72.0064,-54.0968,CL,CHL
1255,-98.591,-71.8663,CL,CHL
1256,-74.9202,-71.8168,AR,ARG
1257,-73.9329,-71.9215,AR,ARG
1258,-74.9642,-70.9046,AR,ARG
1259,-72.2294,-54.0437,CL,CHL
1260,-75.4479,-69.9433,AR,ARG
1261,-72.3437,-69.5438,AR,ARG
1262,-100.89,-71.9507,CL,CHL
1263,-74.923,-70.1561,AR,ARG
1264,-98.227,-71.9703,CL,CHL
1265,-74.5844,-70.7967,AR,ARG
1266,-65.5925,-67.7771,AR,ARG
1267,-71.558,-69.4748,AR,ARG
1268,-62.3336,-64.8333,AR,ARG
1269,-62.2213,-69.3949,AR,ARG
1270,-71.2964,-54.4033,CL,CHL
1271,-70.6689,-68.9713,AR,ARG
1272,-64.5036,-66.8418,AR,ARG
1273,-68.3036,-66.8571,AR,ARG
1274,-65.7364,-68.0556,AR,ARG
1275,-37.4623,-54.0428,GS,SGS
1276,-66.9764,-54.8671,AR,ARG
1277,-61.6023,-71.0091,AR,ARG
1278,-36.8125,-54.2009,GS,SGS
1279,-64.0336,-65.732,AR,ARG
1280,-70.807,-54.4724,CL,CHL
1281,-66.8607,-67.6901,AR,ARG
1282,-59.6437,-63.9551,FK,FLK
1283,-66.1318,-66.7371,AR,ARG
1284,-58.6487,-63.5625,FK,FLK
1285,-67.0798,-68.831,AR,ARG
1286,-68.0667,-67.1647,AR,ARG
1287,-70.2312,-69.0118,AR,ARG
1288,-70.434,-54.2633,CL,CHL
1289,-58.779,-62.1795,FK,FLK
1290,-60.2788,-62.6889,AR,ARG
1291,-62.807,-65.0917,AR,ARG
1292,-66.0173,-54.8193,AR,ARG
1293,-62.4426,-69.9629,AR,ARG
1294,-57.9951,-64.1313,FK,FLK
1295,-58.9035,-63.9739,FK,FLK
1296,-62.3014,-64.1348,AR,ARG
1297,-68.5304,-67.5593,AR,ARG
1298,-68.5219,-69.5961,AR,ARG
1299,-66.9787,-71.7583,AR,ARG
1300,-58.1613,-63.9891,FK,FLK
1301,-67.2476,-67.2294,AR,ARG
1302,-65.4478,-68.3622,AR,ARG
1303,-70.6397,-71.9299,AR,ARG
1304,-68.6519,-69.4396,AR,ARG
1305,-66.8011,-69.141,AR,ARG
1306,-67.1375,-71.6012,AR,ARG
1307,-63.6067,-66.1809,AR,ARG
1308,-64.5421,-65.9857,AR,ARG
1309,-63.6896,-68.4626,AR,ARG
1310,-37.0708,-54.2444,GS,SGS
1311,-69.4309,-54.3758,AR,ARG
1312,-63.5039,-64.3535,AR,ARG
1313,-68.1195,-70.066,AR,ARG
1314,-71.7938,-69.7472,AR,ARG
1315,-60.013,-63.9442,AR,ARG
1316,-61.9402,-71.8676,AR,ARG
1317,-65.1508,-68.669,AR,ARG
1318,-67.0752,-55.1126,AR,ARG
1319,-65.1959,-66.0869,AR,ARG
1320,-67.0198,-67.9669,AR,ARG
1321,-66.1862,-54.5533,AR,ARG
1322,-36.6743,-54.4454,GS,SGS
1323,-66.7832,-54.3782,AR,ARG
1324,-68.0118,-54.773,AR,ARG
1325,-71.5993,-54.0504,CL,CHL
1326,-68.9438,-67.524,AR,ARG
1327,-67.8404,-70.3794,AR,ARG
1328,-65.042,-67.0949,AR,ARG
1329,-60.5996,-64.0644,AR,ARG
1330,-71.7668,-69.1589,AR,ARG
1331,-69.0073,-55.183,AR,ARG
1332,-65.592,-67.3464,AR,ARG
1333,-55.2677,-61.1166,FK,FLK
1334,-69.6932,-70.8236,AR,ARG
1335,-68.5258,-54.7229,AR,ARG
1336,-70.1733,-54.8008,CL,CHL
1337,-66.7514,-68.2752,AR,ARG
1338,-63.6759,-65.3281,AR,ARG
1339,-71.1542,-54.1534,CL,CHL
1340,-70.1942,-70.1912,AR,ARG
1341,-66.4226,-67.2899,AR,ARG
1342,-61.6916,-70.5713,AR,ARG
1343,-59.1665,-64.386,FK,FLK
1344,-61.7223,-64.7201,AR,ARG
1345,-68.4871,-55.2359,AR,ARG
1346,-69.2593,-70.27,AR,ARG
1347,-62.468,-71.8472,AR,ARG
1348,-71.1045,-68.9297,AR,ARG
1349,-68.5849,-71.0583,AR,ARG
1350,-60.9801,-62.6642,AR,ARG
1351,-64.9125,-66.8171,AR,ARG
1352,-62.3096,-65.9619,AR,ARG
1353,-62.1071,-70.99,AR,ARG
1354,-71.1283,-70.6991,AR,ARG
1355,-68.3773,-54.9917,AR,ARG
1356,-66.4445,-54.5324,AR,ARG
1357,-36.2729,-54.6456,GS,SGS
1358,-68.517,-70.6224,AR,ARG
1359,-61.0419,-64.3275,AR,ARG
1360,-68.2691,-54.7482,AR,ARG
1361,-63.6052,-64.6284,AR,ARG
1362,-71.6511,-71.8418,AR,ARG
1363,-68.0721,-55.5323,AR,ARG
1364,-57.918,-63.5761,FK,FLK
1365,-64.0935,-66.8654,AR,ARG
1366,-67.2566,-55.224,AR,ARG
1367,-70.8064,-54.982,CL,CHL
1368,-62.8057,-66.2218,AR,ARG
1369,-63.0474,-65.2205,AR,ARG
1370,-68.474,-67.1308,AR,ARG
1371,-65.4941,-54.859,AR,ARG
1372,-58.24,-62.053,FK,FLK
1373,-70.8914,-71.017,AR,ARG
1374,-65.3247,-66.3632,AR,ARG
1375,-67.3368,-55.0895,AR,ARG
1376,-62.2766,-65.2577,AR,ARG
1377,-71.8917,-54.5504,CL,CHL
1378,-69.4994,-54.2422,AR,ARG
1379,-61.5089,-71.4475,AR,ARG
1380,-69.9995,-69.3259,AR,ARG
1381,-56.9886,-63.4491,FK,FLK
1382,-61.4018,-71.1612,AR,ARG
1383,-57.1563,-63.3088,FK,FLK
1384,-69.9196,-71.1004,AR,ARG
1385,-64.9361,-65.9614,AR,ARG
1386,-68.9963,-54.2956,AR,ARG
1387,-61.9767,-65.5529,AR,ARG
1388,-70.9329,-54.7115,CL,CHL
1389,-68.3357,-55.5068,AR,ARG
1390,-62.801,-69.6584,AR,ARG
1391,-65.182,-66.9432,AR,ARG
1392,-58.6947,-63.8394,FK,FLK
1393,-63.2067,-66.2019,AR,ARG
1394,-70.5563,-54.5022,CL,CHL
1395,-69.6382,-69.7977,AR,ARG
1396,-62.558,-70.2472,AR,ARG
1397,-70.6582,-70.15,AR,ARG
1398,-58.953,-64.2516,FK,FLK
1399,-62.3887,-64.4103,AR,ARG
1400,-68.2366,-67.4392,AR,ARG
1401,-69.7606,-69.6403,AR,ARG
1402,-71.9992,-71.3621,AR,ARG
1403,-68.3644,-71.8111,AR,ARG
1404,-63.6508,-68.8965,AR,ARG
1405,-69.2664,-55.1558,AR,ARG
1406,-67.4081,-67.5051,AR,ARG
1407,-70.174,-70.7833,AR,ARG
1408,-66.9707,-69.4198,AR,ARG
1409,-62.4609,-65.8135,AR,ARG
1410,-55.5161,-63.1781,FK,FLK
1411,-63.8133,-68.7441,AR,ARG
1412,-70.4272,-54.7715,CL,CHL
1413,-70.7446,-54.0994,CL,CHL
1414,-67.1183,-54.2236,AR,ARG
1415,-66.8358,-67.2602,AR,ARG
1416,-62.1849,-70.5522,AR,ARG
1417,-68.7475,-55.2097,AR,ARG
1418,-61.6192,-71.7339,AR,ARG
1419,-70.3443,-68.8549,AR,ARG
1420,-57.2467,-64.1419,FK,FLK
1421,-64.2386,-66.7146,AR,ARG
1422,-68.0199,-66.7369,AR,ARG
1423,-67.552,-70.693,AR,ARG
1424,-68.6358,-54.966,AR,ARG
1425,-64.1207,-66.4366,AR,ARG
1426,-69.4076,-54.8857,AR,ARG
1427,-63.7833,-65.6047,AR,ARG
1428,-63.9792,-64.6072,AR,ARG
1429,-66.5734,-67.5668,AR,ARG
1430,-58.2836,-63.5698,FK,FLK
1431,-63.2303,-64.6486,AR,ARG
1432,-63.3185,-69.2013,AR,ARG
1433,-65.3155,-67.2209,AR,ARG
1434,-70.6524,-70.7418,AR,ARG
1435,-66.7758,-68.7076,AR,ARG
1436,-67.1011,-71.1635,AR,ARG
1437,-68.1181,-55.0169,AR,ARG
1438,-65.7559,-54.8394,AR,ARG
1439,-36.0124,-54.6,GS,SGS
1440,-70.6804,-54.7418,CL,CHL
1441,-58.5846,-62.0465,FK,FLK
1442,-60.0737,-62.5576,FK,FLK
1443,-67.5979,-55.0658,AR,ARG
1444,-61.6547,-65.1441,AR,ARG
1445,-66.9135,-68.553,AR,ARG
1446,-62.5691,-64.9627,AR,ARG
1447,-70.4201,-70.4665,AR,ARG
1448,-65.733,-67.6243,AR,ARG
1449,-59.9184,-64.3655,AR,ARG
1450,-71.6632,-69.3168,AR,ARG
1451,-62.4779,-64.6862,AR,ARG
1452,-71.3368,-54.2528,CL,CHL
1453,-68.7306,-71.9321,AR,ARG
1454,-57.3531,-63.4452,FK,FLK
1455,-57.9561,-63.8534,FK,FLK
1456,-69.5626,-70.9819,AR,ARG
1457,-70.5515,-55.0122,CL,CHL
1458,-62.9761,-69.506,AR,ARG
1459,-69.3835,-55.3994,AR,ARG
1460,-65.159,-68.236,AR,ARG
1461,-69.7825,-55.0999,AR,ARG
1462,-57.5187,-63.3045,FK,FLK
1463,-70.4068,-71.0593,AR,ARG
1464,-64.2866,-65.859,AR,ARG
1465,-71.6663,-54.6022,CL,CHL
1466,-37.0094,-54.1006,GS,SGS
1467,-69.2481,-54.2691,AR,ARG
1468,-71.2697,-71.7267,AR,ARG
1469,-62.0413,-69.5464,AR,ARG
1470,-59.0633,-63.831,FK,FLK
1471,-66.4941,-69.0169,AR,ARG
1472,-62.5563,-66.092,AR,ARG
1473,-68.186,-67.0108,AR,ARG
1474,-70.1187,-54.4261,CL,CHL
1475,-65.4565,-66.6398,AR,ARG
1476,-68.2989,-71.3738,AR,ARG
1477,-66.728,-67.8438,AR,ARG
1478,-71.1199,-70.1077,AR,ARG
1479,-57.4507,-64.2789,FK,FLK
1480,-68.6485,-67.4048,AR,ARG
1481,-60.738,-64.6183,AR,ARG
1482,-67.2936,-71.444,AR,ARG
1483,-55.8777,-63.178,FK,FLK
1484,-36.6143,-54.301,GS,SGS
1485,-69.1083,-54.5366,AR,ARG
1486,-63.4314,-65.2004,AR,ARG
1487,-68.2558,-69.9093,AR,ARG
1488,-69.8671,-54.4545,AR,ARG
1489,-67.3726,-54.2011,AR,ARG
1490,-66.1426,-67.166,AR,ARG
1491,-62.3986,-69.2433,AR,ARG
1492,-65.3004,-68.5156,AR,ARG
1493,-61.0933,-71.752,AR,ARG
1494,-70.7722,-70.5832,AR,ARG
1495,-71.7833,-54.1493,CL,CHL
1496,-36.2143,-54.5006,GS,SGS
1497,-66.8635,-54.2456,AR,ARG
1498,-45.7892,-60.5998,GS,SGS
1499,-71.5792,-70.0642,AR,ARG
1500,-67.9811,-70.2227,AR,ARG
1501,-57.7173,-63.4404,FK,FLK
1502,-68.0648,-69.6315,AR,ARG
1503,-63.7765,-69.1785,AR,ARG
1504,-61.3536,-66.1437,AR,ARG
1505,-65.3202,-54.7452,AR,ARG
1506,-62.0396,-65.1276,AR,ARG
1507,-62.9499,-64.944,AR,ARG
1508,-69.732,-54.7232,AR,ARG
1509,-59.3275,-64.2424,FK,FLK
1510,-71.5601,-54.2013,CL,CHL
1511,-68.861,-55.4541,AR,ARG
1512,-69.3876,-70.1125,AR,ARG
1513,-68.7243,-70.9006,AR,ARG
1514,-61.7553,-66.1275,AR,ARG
1515,-65.5931,-68.2089,AR,ARG
1516,-37.2672,-54.1437,GS,SGS
1517,-56.0672,-63.3162,FK,FLK
1518,-62.3,-70.8373,AR,ARG
1519,-66.1021,-54.6862,AR,ARG
1520,-68.6538,-70.465,AR,ARG
1521,-66.7023,-54.511,AR,ARG
1522,-61.4932,-64.5895,AR,ARG
1523,-67.9354,-54.9072,AR,ARG
1524,-63.5355,-65.4769,AR,ARG
1525,-67.6973,-70.5362,AR,ARG
1526,-71.7692,-71.6818,AR,ARG
1527,-62.5093,-69.5268,AR,ARG
1528,-70.7674,-71.7704,AR,ARG
1529,-55.34,-63.3165,FK,FLK
1530,-58.4881,-63.7047,FK,FLK
1531,-70.1162,-69.1688,AR,ARG
1532,-70.3697,-54.3973,CL,CHL
1533,-67.4471,-71.2869,AR,ARG
1534,-69.5672,-54.1088,AR,ARG
1535,-65.8775,-67.9024,AR,ARG
1536,-62.2592,-70.1151,AR,ARG
1537,-61.1916,-64.8818,AR,ARG
1538,-57.8269,-64.2735,FK,FLK
1539,-62.1592,-64.281,AR,ARG
1540,-71.4808,-54.5028,CL,CHL
1541,-60.1378,-64.4985,AR,ARG
1542,-71.6256,-71.2478,AR,ARG
1543,-66.8171,-71.9155,AR,ARG
1544,-71.8688,-69.0011,AR,ARG
1545,-67.1205,-67.3828,AR,ARG
1546,-66.6586,-69.296,AR,ARG
1547,-36.8732,-54.345,GS,SGS
1548,-69.3618,-54.5097,AR,ARG
1549,-62.1276,-65.4053,AR,ARG
1550,-63.8146,-65.1794,AR,ARG
1551,-71.6874,-69.9057,AR,ARG
1552,-66.4064,-66.8608,AR,ARG
1553,-62.654,-66.3709,AR,ARG
1554,-68.3561,-67.285,AR,ARG
1555,-64.5338,-54.7994,AR,ARG
1556,-63.8623,-66.3089,AR,ARG
1557,-66.8866,-68.121,AR,ARG
1558,-36.4742,-54.5456,GS,SGS
1559,-61.573,-64.8666,AR,ARG
1560,-59.1144,-64.1083,FK,FLK
1561,-68.8273,-67.6789,AR,ARG
1562,-64.9,-67.2468,AR,ARG
1563,-58.0811,-63.4346,FK,FLK
1564,-67.2864,-69.5431,AR,ARG
1565,-68.5115,-71.653,AR,ARG
1566,-64.1015,-68.873,AR,ARG
1567,-60.7118,-66.0259,AR,ARG
1568,-63.9734,-68.5916,AR,ARG
1569,-65.5814,-54.7261,AR,ARG
1570,-67.4164,-54.9552,AR,ARG
1571,-66.6143,-68.4294,AR,ARG
1572,-63.7404,-64.4806,AR,ARG
1573,-71.1124,-54.303,CL,CHL
1574,-70.072,-70.3492,AR,ARG
1575,-69.986,-54.6948,AR,ARG
1576,-66.9643,-67.107,AR,ARG
1577,-62.3729,-70.3997,AR,ARG
1578,-59.7014,-64.2322,FK,FLK
1579,-68.4118,-55.3712,AR,ARG
1580,-62.1563,-66.1103,AR,ARG
1581,-56.4305,-63.3147,FK,FLK
1582,-69.5945,-54.9929,AR,ARG
1583,-65.4584,-66.212,AR,ARG
1584,-68.7092,-54.8314,AR,ARG
1585,-69.1288,-70.4276,AR,ARG
1586,-69.4773,-54.751,AR,ARG
1587,-70.9953,-54.5767,CL,CHL
1588,-69.7134,-55.2354,AR,ARG
1589,-66.7056,-67.4134,AR,ARG
1590,-60.8196,-64.196,AR,ARG
1591,-63.3679,-64.501,AR,ARG
1592,-36.0702,-54.7453,GS,SGS
1593,-65.8714,-67.4714,AR,ARG
1594,-55.7037,-63.3168,FK,FLK
1595,-58.855,-63.6969,FK,FLK
1596,-67.2539,-71.0066,AR,ARG
1597,-67.7805,-55.1763,AR,ARG
1598,-65.842,-54.7064,AR,ARG
1599,-61.8051,-64.9972,AR,ARG
1600,-66.1937,-54.9321,AR,ARG
1601,-69.8166,-54.0813,CL,CHL
1602,-61.9938,-70.7046,AR,ARG
1603,-62.7968,-71.9793,AR,ARG
1604,-61.9537,-64.8504,AR,ARG
1605,-69.881,-69.4831,AR,ARG
1606,-60.5146,-64.4861,AR,ARG
1607,-63.1486,-69.3537,AR,ARG
1608,-67.5339,-67.3512,AR,ARG
1609,-66.7161,-54.8893,AR,ARG
1610,-61.198,-71.3132,AR,ARG
1611,-68.5618,-55.1008,AR,ARG
1612,-68.8614,-70.7429,AR,ARG
1613,-68.9255,-54.4291,AR,ARG
1614,-71.4511,-69.6329,AR,ARG
1615,-71.2457,-54.5458,CL,CHL
1616,-67.9289,-69.7878,AR,ARG
1617,-59.2738,-63.965,FK,FLK
1618,-62.6232,-69.8106,AR,ARG
1619,-65.7266,-66.7648,AR,ARG
1620,-68.656,-71.4949,AR,ARG
1621,-63.0578,-66.3513,AR,ARG
1622,-68.7649,-67.2503,AR,ARG
1623,-71.2564,-71.1328,AR,ARG
1624,-68.4431,-71.2161,AR,ARG
1625,-66.4552,-54.9109,AR,ARG
1626,-69.5139,-69.9551,AR,ARG
1627,-69.6827,-54.3484,AR,ARG
1628,-60.9636,-64.7502,AR,ARG
1629,-57.6211,-64.137,FK,FLK
1630,-71.538,-68.8871,AR,ARG
1631,-57.7896,-63.9952,FK,FLK
1632,-67.7435,-69.5097,AR,ARG
1633,-64.5509,-68.8483,AR,ARG
1634,-62.7541,-66.6502,AR,ARG
1635,-61.1125,-66.0114,AR,ARG
1636,-62.2175,-65.6834,AR,ARG
1637,-70.6831,-54.2339,CL,CHL
1638,-67.4498,-54.0686,AR,ARG
1639,-66.2754,-67.0134,AR,ARG
1640,-68.6735,-55.3451,AR,ARG
1641,-61.3028,-71.5998,AR,ARG
1642,-69.8509,-54.9646,AR,ARG
1643,-67.4042,-70.8498,AR,ARG
1644,-63.9765,-66.587,AR,ARG
1645,-36.4149,-54.4009,GS,SGS
1646,-61.2664,-64.4586,AR,ARG
1647,-63.8448,-64.7554,AR,ARG
1648,-71.3768,-54.1022,CL,CHL
1649,-60.2292,-64.0767,AR,ARG
1650,-68.1986,-69.4752,AR,ARG
1651,-63.9402,-69.0257,AR,ARG
1652,-69.4544,-55.2636,AR,ARG
1653,-64.9989,-68.8224,AR,ARG
1654,-66.636,-68.8623,AR,ARG
1655,-68.0416,-55.1517,AR,ARG
1656,-65.5909,-66.4883,AR,ARG
1657,-67.2361,-54.8444,AR,ARG
1658,-10.1575,-71.2999,GS,SGS
1659,-7.6976,-70.9363,GS,SGS
1660,-10.702,-71.8497,GS,SGS
1661,-11.3185,-71.6335,GS,SGS
1662,-7.4255,-71.2576,GS,SGS
1663,-9.1618,-71.3982,GS,SGS
1664,-6.7125,-71.0217,GS,SGS
1665,-5.9186,-71.3811,SH,SHN
1666,-6.0178,-70.7835,SH,SHN
1667,-2.5265,-71.4652,SH,SHN
1668,-6.3629,-70.9029,SH,SHN
1669,-0.9882,-71.5487,SH,SHN
1670,-8.908,-71.7222,GS,SGS
1671,-5.4127,-71.4196,SH,SHN
1672,-11.4252,-71.4698,GS,SGS
1673,-11.9212,-71.4153,GS,SGS
1674,-9.2854,-71.2361,GS,SGS
1675,-0.2736,-71.7274,SH,SHN
1676,-4.396,-71.4923,SH,SHN
1677,-10.4257,-71.5748,GS,SGS
1678,-3.3731,-71.5595,SH,SHN
1679,-4.0537,-71.3692,SH,SHN
1680,-2.7055,-71.3092,SH,SHN
1681,-6.4227,-71.3413,GS,SGS
1682,-7.206,-70.9797,GS,SGS
1683,-10.8153,-71.6863,GS,SGS
1684,-7.5627,-71.097,GS,SGS
1685,-3.037,-71.4346,SH,SHN
1686,-6.2173,-71.0623,SH,SHN
1687,-9.036,-71.5602,GS,SGS
1688,-1.5021,-71.5223,SH,SHN
1689,-2.0149,-71.4945,SH,SHN
1690,-8.0221,-71.6524,GS,SGS
1691,-10.5397,-71.4118,GS,SGS
1692,-11.8191,-71.5793,GS,SGS
1693,-7.2859,-71.4182,GS,SGS
1694,-9.7799,-71.1873,GS,SGS
1695,-7.343,-70.8194,GS,SGS
1696,-2.7549,-70.4348,SH,SHN
1697,-6.5688,-71.1815,GS,SGS
1698,-3.2382,-70.4033,SH,SHN
1699,-5.8702,-70.9426,SH,SHN
1700,-3.8852,-71.5266,SH,SHN
1701,-7.6516,-71.5356,GS,SGS
1702,-1.1803,-71.3943,SH,SHN
1703,-8.3974,-71.7686,GS,SGS
1704,-4.9051,-71.4566,SH,SHN
1705,-0.7929,-71.703,SH,SHN
1706,35.7898,-69.6745,ZA,ZAF
1707,10.7204,-70.6412,ZA,ZAF
1708,3.5547,-71.0071,SH,SHN
1709,5.0887,-70.7587,SH,SHN
1710,35.0263,-69.6504,ZA,ZAF
1711,18.6539,-70.5199,ZA,ZAF
1712,7.5496,-70.5079,ZA,ZAF
1713,6.3287,-70.6372,SH,SHN
1714,31.7782,-70.285,ZA,ZAF
1715,33.5769,-69.1357,ZA,ZAF
1716,1.4696,-71.2249,SH,SHN
1717,33.6018,-68.984,ZA,ZAF
1718,7.3076,-70.6473,ZA,ZAF
1719,2.5544,-70.9772,SH,SHN
1720,23.9002,-70.4331,ZA,ZAF
1721,8.9782,-70.2301,ZA,ZAF
1722,22.0835,-70.5797,ZA,ZAF
1723,29.7178,-70.4051,ZA,ZAF
1724,23.5703,-70.8903,ZA,ZAF
1725,30.5672,-70.2984,ZA,ZAF
1726,26.934,-71.0101,ZA,ZAF
1727,24.4886,-70.8113,ZA,ZAF
1728,13.0505,-70.3196,ZA,ZAF
1729,34.3222,-69.1667,ZA,ZAF
1730,16.4684,-70.4864,ZA,ZAF
1731,19.1435,-70.9165,ZA,ZAF
1732,33.2729,-68.7402,ZA,ZAF
1733,21.9592,-70.7313,ZA,ZAF
1734,25.563,-71.1451,ZA,ZAF
1735,2.2674,-71.1104,SH,SHN
1736,23.792,-70.5854,ZA,ZAF
1737,27.9096,-70.761,ZA,ZAF
1738,4.5953,-70.7485,SH,SHN
1739,12.8541,-70.4646,ZA,ZAF
1740,18.1862,-70.5451,ZA,ZAF
1741,9.7114,-70.3683,ZA,ZAF
1742,33.0746,-69.8043,ZA,ZAF
1743,23.6821,-70.7377,ZA,ZAF
1744,19.4706,-71.0392,ZA,ZAF
1745,10.2347,-70.646,ZA,ZAF
1746,15.2278,-70.3948,ZA,ZAF
1747,10.9907,-70.7788,ZA,ZAF
1748,20.8944,-70.949,ZA,ZAF
1749,35.4024,-69.739,ZA,ZAF
1750,3.0544,-70.9928,SH,SHN
1751,5.839,-70.6303,SH,SHN
1752,31.3602,-70.3415,ZA,ZAF
1753,0.354,-71.467,SH,SHN
1754,12.3759,-70.4748,ZA,ZAF
1755,33.0138,-70.1103,ZA,ZAF
1756,14.282,-70.4264,ZA,ZAF
1757,4.3273,-70.8844,SH,SHN
1758,17.2455,-70.5922,ZA,ZAF
1759,28.7899,-70.6618,ZA,ZAF
1760,33.1335,-69.4991,ZA,ZAF
1761,34.0038,-68.7729,ZA,ZAF
1762,8.0349,-70.5103,ZA,ZAF
1763,26.1171,-70.2263,ZA,ZAF
1764,33.0444,-69.9572,ZA,ZAF
1765,21.75,-70.4623,ZA,ZAF
1766,32.1931,-70.2276,ZA,ZAF
1767,1.039,-70.2058,SH,SHN
1768,9.0041,-70.5114,ZA,ZAF
1769,21.8743,-70.3111,ZA,ZAF
1770,9.4551,-70.2289,ZA,ZAF
1771,0.9635,-71.2051,SH,SHN
1772,5.5822,-70.7677,SH,SHN
1773,30.1439,-70.3522,ZA,ZAF
1774,18.8205,-70.7933,ZA,ZAF
1775,26.4798,-71.0561,ZA,ZAF
1776,19.1198,-70.4934,ZA,ZAF
1777,6.8183,-70.6429,ZA,ZAF
1778,0.0425,-71.5974,SH,SHN
1779,33.1622,-69.3469,ZA,ZAF
1780,12.1725,-70.6194,ZA,ZAF
1781,25.2009,-71.0346,ZA,ZAF
1782,0.661,-71.3362,SH,SHN
1783,30.9875,-70.2436,ZA,ZAF
1784,33.9384,-69.2275,ZA,ZAF
1785,27.3853,-70.963,ZA,ZAF
1786,33.1043,-69.6516,ZA,ZAF
1787,33.9823,-68.9242,ZA,ZAF
1788,23.1074,-70.9281,ZA,ZAF
1789,21.6237,-70.6136,ZA,ZAF
1790,21.4953,-70.765,ZA,ZAF
1791,11.9659,-70.7639,ZA,ZAF
1792,1.7643,-71.0927,SH,SHN
1793,27.4652,-70.8092,ZA,ZAF
1794,13.5237,-70.3077,ZA,ZAF
1795,17.7167,-70.5692,ZA,ZAF
1796,1.3217,-70.075,SH,SHN
1797,9.2313,-70.3702,ZA,ZAF
1798,7.5446,-70.226,ZA,ZAF
1799,35.0542,-69.3461,ZA,ZAF
1800,24.2443,-70.5462,ZA,ZAF
1801,16.337,-70.2107,ZA,ZAF
1802,18.9517,-70.2209,ZA,ZAF
1803,32.8324,-69.1014,ZA,ZAF
1804,32.8929,-68.7983,ZA,ZAF
1805,26.553,-70.1819,ZA,ZAF
1806,20.422,-70.9802,ZA,ZAF
1807,16.9388,-70.4655,ZA,ZAF
1808,33.6503,-68.6814,ZA,ZAF
1809,16.1681,-70.3584,ZA,ZAF
1810,24.8428,-70.9233,ZA,ZAF
1811,7.788,-70.3683,ZA,ZAF
1812,21.3648,-70.9166,ZA,ZAF
1813,26.0228,-71.1011,ZA,ZAF
1814,32.6049,-70.1693,ZA,ZAF
1815,13.8072,-70.4403,ZA,ZAF
1816,3.8303,-70.8721,SH,SHN
1817,34.6867,-69.2568,ZA,ZAF
1818,28.3512,-70.7119,ZA,ZAF
1819,22.7622,-70.8126,ZA,ZAF
1820,22.2987,-70.8484,ZA,ZAF
1821,35.0403,-69.4981,ZA,ZAF
1822,24.1384,-70.6987,ZA,ZAF
1823,14.7556,-70.4112,ZA,ZAF
1824,18.804,-70.3703,ZA,ZAF
1825,8.5197,-70.5115,ZA,ZAF
1826,22.2058,-70.4282,ZA,ZAF
1827,29.6585,-70.5587,ZA,ZAF
1828,19.9473,-71.0103,ZA,ZAF
1829,32.8014,-69.2533,ZA,ZAF
1830,18.5014,-70.6695,ZA,ZAF
1831,29.2257,-70.6107,ZA,ZAF
1832,32.8629,-68.9498,ZA,ZAF
1833,26.4682,-70.3347,ZA,ZAF
1834,9.9712,-70.5073,ZA,ZAF
1835,15.6987,-70.3772,ZA,ZAF
1836,11.4787,-70.772,ZA,ZAF
1837,59.6723,-67.6299,TF,ATF
1838,58.7348,-67.4532,TF,ATF
1839,66.2782,-67.8867,TF,ATF
1840,40.548,-68.774,TF,ATF
1841,69.6764,-68.4064,TF,ATF
1842,47.8603,-67.8346,TF,ATF
1843,39.9681,-69.6717,TF,ATF
1844,48.8496,-67.8068,TF,ATF
1845,71.8451,-70.7417,TF,ATF
1846,67.9204,-67.8748,TF,ATF
1847,67.7843,-70.3895,TF,ATF
1848,50.9035,-66.3554,TF,ATF
1849,57.2902,-67.1069,TF,ATF
1850,42.2433,-68.4009,TF,ATF
1851,56.0311,-66.8969,TF,ATF
1852,68.706,-70.3818,TF,ATF
1853,44.8059,-67.7783,TF,ATF
1854,36.5532,-69.6952,ZA,ZAF
1855,68.9678,-69.2608,TF,ATF
1856,71.3439,-71.4542,TF,ATF
1857,46.378,-67.5139,TF,ATF
1858,39.8957,-69.2196,TF,ATF
1859,67.5084,-69.9734,TF,ATF
1860,61.2473,-67.6823,TF,ATF
1861,46.9249,-67.3042,TF,ATF
1862,43.2255,-68.1709,TF,ATF
1863,58.0463,-67.1453,TF,ATF
1864,69.4391,-68.2708,TF,ATF
1865,68.4972,-70.5233,TF,ATF
1866,39.2303,-69.8172,TF,ATF
1867,58.8075,-67.1801,TF,ATF
1868,68.771,-69.4035,TF,ATF
1869,71.4312,-71.7315,TF,ATF
1870,69.4908,-68.5507,TF,ATF
1871,68.5877,-71.0791,TF,ATF
1872,55.8671,-66.3351,TF,ATF
1873,51.151,-67.2086,TF,ATF
1874,67.0982,-67.8828,TF,ATF
1875,54.9005,-65.9962,TF,ATF
1876,48.5776,-67.916,TF,ATF
1877,68.8639,-69.9614,TF,ATF
1878,52.329,-66.0719,TF,ATF
1879,67.7035,-71.6393,TF,ATF
1880,49.378,-67.0307,TF,ATF
1881,64.4477,-67.7415,TF,ATF
1882,69.3031,-68.6946,TF,ATF
1883,69.0651,-69.8189,TF,ATF
1884,39.8492,-68.9194,TF,ATF
1885,63.8509,-67.5963,TF,ATF
1886,45.4792,-67.7634,TF,ATF
1887,44.8627,-67.924,TF,ATF
1888,54.1968,-65.946,TF,ATF
1889,38.099,-70.0306,ZA,ZAF
1890,50.403,-66.5826,TF,ATF
1891,36.5511,-69.8474,ZA,ZAF
1892,60.2891,-67.514,TF,ATF
1893,56.6794,-67.2113,TF,ATF
1894,68.5582,-68.006,TF,ATF
1895,48.6815,-66.9546,TF,ATF
1896,41.2349,-68.6263,TF,ATF
1897,39.9194,-69.3701,TF,ATF
1898,56.3624,-66.5031,TF,ATF
1899,61.8619,-67.56,TF,ATF
1900,68.0333,-70.5271,TF,ATF
1901,46.653,-67.4098,TF,ATF
1902,47.5047,-67.7928,TF,ATF
1903,65.2566,-67.7465,TF,ATF
1904,47.0747,-67.6016,TF,ATF
1905,69.3885,-67.9908,TF,ATF
1906,69.0126,-70.7965,TF,ATF
1907,39.8723,-69.0694,TF,ATF
1908,45.1723,-67.8439,TF,ATF
1909,53.4988,-65.8929,TF,ATF
1910,49.8219,-67.2159,TF,ATF
1911,58.5795,-67.3082,TF,ATF
1912,71.226,-71.8754,TF,ATF
1913,51.9834,-66.0416,TF,ATF
1914,68.371,-71.2198,TF,ATF
1915,57.0948,-66.5445,TF,ATF
1916,50.8935,-67.3225,TF,ATF
1917,49.2957,-67.4381,TF,ATF
1918,68.8015,-70.938,TF,ATF
1919,67.475,-71.7782,TF,ATF
1920,63.4513,-67.591,TF,ATF
1921,49.1166,-67.1413,TF,ATF
1922,59.2816,-67.6145,TF,ATF
1923,43.8661,-68.0152,TF,ATF
1924,65.8692,-67.8871,TF,ATF
1925,55.7377,-66.1892,TF,ATF
1926,56.4423,-67.3356,TF,ATF
1927,48.4189,-67.0639,TF,ATF
1928,67.2435,-71.9167,TF,ATF
1929,67.3244,-70.3916,TF,ATF
1930,56.0652,-67.313,TF,ATF
1931,38.0888,-69.8785,ZA,ZAF
1932,50.5587,-66.3216,TF,ATF
1933,38.8728,-70.0408,TF,ATF
1934,41.9101,-68.4765,TF,ATF
1935,71.9362,-71.0197,TF,ATF
1936,49.5599,-67.3273,TF,ATF
1937,37.3203,-69.8646,ZA,ZAF
1938,69.5702,-67.8463,TF,ATF
1939,51.7409,-66.1577,TF,ATF
1940,56.8658,-66.6699,TF,ATF
1941,62.4402,-67.7117,TF,ATF
1942,42.901,-68.248,TF,ATF
1943,51.049,-67.0606,TF,ATF
1944,50.5953,-66.8784,TF,ATF
1945,68.6155,-69.8247,TF,ATF
1946,42.5736,-68.3247,TF,ATF
1947,49.0295,-67.5484,TF,ATF
1948,68.7531,-70.66,TF,ATF
1949,55.6098,-66.0432,TF,ATF
1950,69.1676,-70.3762,TF,ATF
1951,69.4065,-69.2537,TF,ATF
1952,40.8929,-68.7004,TF,ATF
1953,51.4964,-66.2733,TF,ATF
1954,48.2179,-67.8756,TF,ATF
1955,68.8169,-69.6826,TF,ATF
1956,66.6879,-67.8852,TF,ATF
1957,50.3087,-66.4349,TF,ATF
1958,52.915,-65.9837,TF,ATF
1959,48.7611,-67.658,TF,ATF
1960,67.2966,-70.1136,TF,ATF
1961,56.1664,-67.0431,TF,ATF
1962,67.6687,-71.3623,TF,ATF
1963,49.0288,-66.993,TF,ATF
1964,36.169,-69.7614,ZA,ZAF
1965,57.6676,-67.1265,TF,ATF
1966,69.9167,-68.5417,TF,ATF
1967,71.7415,-71.1649,TF,ATF
1968,69.1131,-68.8382,TF,ATF
1969,46.9993,-67.4529,TF,ATF
1970,56.2288,-66.3572,TF,ATF
1971,44.5502,-68.0037,TF,ATF
1972,67.509,-67.8793,TF,ATF
1973,53.8471,-65.9198,TF,ATF
1974,61.6439,-67.6931,TF,ATF
1975,46.3085,-67.366,TF,ATF
1976,61.0733,-67.5389,TF,ATF
1977,47.1511,-67.7504,TF,ATF
1978,64.8518,-67.7445,TF,ATF
1979,68.9732,-67.9989,TF,ATF
1980,40.2001,-68.8469,TF,ATF
1981,68.9617,-70.5183,TF,ATF
1982,45.8465,-67.8273,TF,ATF
1983,54.548,-65.9715,TF,ATF
1984,39.6008,-69.7448,TF,ATF
1985,59.1215,-67.4698,TF,ATF
1986,58.1968,-67.2905,TF,ATF
1987,65.6622,-67.7475,TF,ATF
1988,71.6335,-71.5872,TF,ATF
1989,70.7267,-71.8851,TF,ATF
1990,56.9143,-67.0865,TF,ATF
1991,67.8913,-71.2227,TF,ATF
1992,50.5344,-67.2877,TF,ATF
1993,55.2545,-66.0201,TF,ATF
1994,52.6762,-66.1016,TF,ATF
1995,68.1437,-68.012,TF,ATF
1996,67.0822,-70.2532,TF,ATF
1997,55.929,-67.1666,TF,ATF
1998,63.0525,-67.5847,TF,ATF
1999,67.4432,-71.5014,TF,ATF
2000,37.7011,-69.796,ZA,ZAF
2001,44.235,-68.083,TF,ATF
2002,48.7668,-67.1029,TF,ATF
2003,59.8987,-67.5001,TF,ATF
2004,69.3542,-68.9742,TF,ATF
2005,43.5472,-68.0933,TF,ATF
2006,49.2888,-66.8825,TF,ATF
2007,64.2515,-67.6007,TF,ATF
2008,39.9436,-69.5208,TF,ATF
2009,60.6806,-67.5269,TF,ATF
2010,46.4475,-67.661,TF,ATF
2011,41.574,-68.5517,TF,ATF
2012,56.7279,-66.5242,TF,ATF
2013,49.4683,-67.1789,TF,ATF
2014,53.2628,-66.012,TF,ATF
2015,51.1507,-66.2409,TF,ATF
2016,38.4927,-70.1122,TF,ATF
2017,50.4986,-66.7305,TF,ATF
2018,56.2655,-66.7731,TF,ATF
2019,69.1572,-67.855,TF,ATF
2020,50.1772,-67.2522,TF,ATF
2021,36.9362,-69.9326,ZA,ZAF
2022,49.729,-67.0677,TF,ATF
2023,69.1621,-69.1177,TF,ATF
2024,71.544,-71.3098,TF,ATF
2025,48.1336,-67.7268,TF,ATF
2026,46.1497,-67.7457,TF,ATF
2027,56.4978,-66.6489,TF,ATF
2028,62.0415,-67.7029,TF,ATF
2029,67.7176,-69.8329,TF,ATF
2030,50.6934,-67.0264,TF,ATF
2031,39.2495,-69.9688,TF,ATF
2032,68.1663,-69.8294,TF,ATF
2033,48.6738,-67.5094,TF,ATF
2034,69.6227,-68.1264,TF,ATF
2035,68.5719,-69.5459,TF,ATF
2036,62.8398,-67.7196,TF,ATF
2037,82.2035,-67.7972,TF,ATF
2038,83.4437,-67.6669,TF,ATF
2039,74.1432,-69.9568,TF,ATF
2040,89.8621,-66.8094,TF,ATF
2041,93.1968,-66.7102,TF,ATF
2042,103.7309,-66.1379,AU,AUS
2043,79.0212,-68.3742,TF,ATF
2044,81.3716,-67.8786,TF,ATF
2045,100.5151,-66.4607,TF,ATF
2046,92.4696,-66.6832,TF,ATF
2047,104.8247,-66.182,AU,AUS
2048,77.4706,-69.208,TF,ATF
2049,76.7304,-69.541,TF,ATF
2050,95.0557,-66.5136,TF,ATF
2051,106.3543,-66.4496,AU,AUS
2052,79.1495,-68.2186,TF,ATF
2053,99.0682,-66.8047,TF,ATF
2054,102.9847,-65.993,AU,AUS
2055,90.5871,-66.8484,TF,ATF
2056,93.926,-66.7339,TF,ATF
2057,107.1304,-66.5776,AU,AUS
2058,78.6264,-68.8395,TF,ATF
2059,79.9958,-68.1491,TF,ATF
2060,99.7964,-66.6344,TF,ATF
2061,97.238,-66.5486,TF,ATF
2062,87.5684,-66.9994,TF,ATF
2063,96.8687,-66.6282,TF,ATF
2064,73.858,-69.827,TF,ATF
2065,84.8508,-67.2047,TF,ATF
2066,91.3605,-66.719,TF,ATF
2067,94.6811,-66.588,TF,ATF
2068,88.3573,-66.8853,TF,ATF
2069,100.4501,-65.6252,TF,ATF
2070,78.8913,-68.5295,TF,ATF
2071,97.9644,-66.7203,TF,ATF
2072,97.5947,-66.8015,TF,ATF
2073,95.0341,-66.6799,TF,ATF
2074,101.1381,-65.4478,AU,AUS
2075,76.1262,-69.7184,TF,ATF
2076,92.8507,-66.6142,TF,ATF
2077,78.7598,-68.6847,TF,ATF
2078,104.4471,-66.1127,AU,AUS
2079,85.5711,-67.2664,TF,ATF
2080,84.043,-67.3005,TF,ATF
2081,87.1718,-67.0549,TF,ATF
2082,80.1168,-67.9924,TF,ATF
2083,86.3742,-67.1627,TF,ATF
2084,102.6146,-65.9192,AU,AUS
2085,92.1269,-66.5856,TF,ATF
2086,73.2286,-69.9932,TF,ATF
2087,75.0569,-69.9157,TF,ATF
2088,97.9673,-66.5535,TF,ATF
2089,72.5049,-70.5819,TF,ATF
2090,101.2244,-66.2835,AU,AUS
2091,83.0314,-67.7114,TF,ATF
2092,89.472,-66.8708,TF,ATF
2093,75.9694,-69.8697,TF,ATF
2094,89.0804,-66.9311,TF,ATF
2095,101.9242,-66.103,AU,AUS
2096,78.5942,-68.4068,TF,ATF
2097,80.9542,-67.9177,TF,ATF
2098,100.1569,-66.548,TF,ATF
2099,105.9691,-66.3841,AU,AUS
2100,98.6988,-66.7219,TF,ATF
2101,77.0277,-69.236,TF,ATF
2102,76.2809,-69.5668,TF,ATF
2103,95.7651,-66.6951,TF,ATF
2104,93.5767,-66.6395,TF,ATF
2105,81.7881,-67.8385,TF,ATF
2106,77.9129,-69.1788,TF,ATF
2107,91.0222,-66.6192,TF,ATF
2108,107.9136,-66.7015,AU,AUS
2109,82.618,-67.7549,TF,ATF
2110,73.0512,-70.1409,TF,ATF
2111,73.156,-70.4194,TF,ATF
2112,97.2305,-66.7153,TF,ATF
2113,72.3179,-70.7282,TF,ATF
2114,96.4973,-66.7069,TF,ATF
2115,73.4037,-69.8451,TF,ATF
2116,84.4475,-67.2531,TF,ATF
2117,72.9746,-70.5667,TF,ATF
2118,72.1283,-70.8742,TF,ATF
2119,78.1907,-68.8708,TF,ATF
2120,79.573,-68.1844,TF,ATF
2121,99.4335,-66.72,TF,ATF
2122,90.1978,-66.9116,TF,ATF
2123,101.5557,-66.0267,AU,AUS
2124,105.2042,-66.2503,AU,AUS
2125,90.9747,-66.7842,TF,ATF
2126,94.3046,-66.6614,TF,ATF
2127,86.7737,-67.1093,TF,ATF
2128,78.0527,-69.0249,TF,ATF
2129,106.7414,-66.5141,AU,AUS
2130,87.9636,-66.9428,TF,ATF
2131,103.3568,-66.0659,AU,AUS
2132,88.7495,-66.8267,TF,ATF
2133,100.7952,-65.5369,AU,AUS
2134,91.7446,-66.6528,TF,ATF
2135,105.5857,-66.3177,AU,AUS
2136,98.3318,-66.6381,TF,ATF
2137,74.6002,-69.9369,TF,ATF
2138,83.9495,-67.461,TF,ATF
2139,72.8715,-70.2882,TF,ATF
2140,100.8709,-66.3725,TF,ATF
2141,83.5411,-67.507,TF,ATF
2142,85.1676,-67.3167,TF,ATF
2143,75.5133,-69.8933,TF,ATF
2144,98.3323,-66.4713,TF,ATF
2145,75.831,-69.5915,TF,ATF
2146,101.5755,-66.1937,AU,AUS
2147,76.88,-69.3887,TF,ATF
2148,85.9733,-67.2151,TF,ATF
2149,104.0714,-66.0424,AU,AUS
2150,95.3897,-66.7711,TF,ATF
2151,107.5211,-66.6401,AU,AUS
2152,102.2706,-66.0115,AU,AUS
2153,96.1384,-66.6182,TF,ATF
2154,80.536,-67.9556,TF,ATF
2155,119.8014,-67.4281,AU,AUS
2156,134.6669,-66.5225,AU,AUS
2157,114.5115,-66.5066,AU,AUS
2158,116.1669,-67.2729,AU,AUS
2159,115.1418,-67.4695,AU,AUS
2160,140.6513,-66.8482,AU,AUS
2161,109.9021,-66.9937,AU,AUS
2162,126.7713,-66.9118,AU,AUS
2163,115.5315,-66.9132,AU,AUS
2164,113.5808,-67.4533,AU,AUS
2165,133.2653,-66.1205,AU,AUS
2166,111.0298,-66.2302,AU,AUS
2167,121.4651,-67.1022,AU,AUS
2168,126.4275,-66.6151,AU,AUS
2169,129.1956,-67.2481,AU,AUS
2170,141.2787,-66.9505,AU,AUS
2171,121.8803,-67.1274,AU,AUS
2172,139.6406,-66.7641,AU,AUS
2173,111.6506,-66.0083,AU,AUS
2174,136.6276,-66.4706,AU,AUS
2175,142.5436,-67.1466,AU,AUS
2176,129.6694,-66.6857,AU,AUS
2177,126.9462,-67.0597,AU,AUS
2178,118.6746,-67.4902,AU,AUS
2179,113.7952,-67.1771,AU,AUS
2180,113.4287,-65.9304,AU,AUS
2181,116.8798,-67.1912,AU,AUS
2182,143.8219,-67.754,AU,AUS
2183,112.7369,-65.9965,AU,AUS
2184,130.0979,-66.406,AU,AUS
2185,125.4512,-66.437,AU,AUS
2186,113.9966,-67.4989,AU,AUS
2187,115.316,-66.5929,AU,AUS
2188,117.7104,-67.2644,AU,AUS
2189,114.0129,-66.3005,AU,AUS
2190,123.8988,-66.8016,AU,AUS
2191,143.0608,-66.9679,AU,AUS
2192,139.8761,-66.8921,AU,AUS
2193,120.5009,-67.3307,AU,AUS
2194,133.6555,-66.1159,AU,AUS
2195,138.2436,-66.6905,AU,AUS
2196,135.2411,-66.3689,AU,AUS
2197,115.4231,-66.7532,AU,AUS
2198,124.7191,-66.8385,AU,AUS
2199,141.6642,-66.9256,AU,AUS
2200,132.2869,-66.2694,AU,AUS
2201,115.7523,-67.2328,AU,AUS
2202,114.7251,-67.4268,AU,AUS
2203,110.7932,-66.5037,AU,AUS
2204,127.7713,-67.0804,AU,AUS
2205,122.4097,-66.8683,AU,AUS
2206,113.5218,-66.0924,AU,AUS
2207,136.2373,-66.4829,AU,AUS
2208,143.6906,-67.9051,AU,AUS
2209,142.9286,-67.1185,AU,AUS
2210,119.3817,-67.3976,AU,AUS
2211,114.5152,-67.1059,AU,AUS
2212,125.374,-66.7213,AU,AUS
2213,114.1109,-66.4619,AU,AUS
2214,137.7923,-66.428,AU,AUS
2215,130.7052,-66.2685,AU,AUS
2216,123.0794,-66.7604,AU,AUS
2217,129.6397,-66.9695,AU,AUS
2218,114.9132,-66.5503,AU,AUS
2219,128.7816,-67.2421,AU,AUS
2220,118.4159,-67.1761,AU,AUS
2221,123.489,-66.7815,AU,AUS
2222,131.4971,-66.271,AU,AUS
2223,138.0169,-66.5595,AU,AUS
2224,110.8721,-66.6671,AU,AUS
2225,110.7153,-66.3401,AU,AUS
2226,121.1939,-67.2305,AU,AUS
2227,112.3463,-65.947,AU,AUS
2228,116.4659,-67.1529,AU,AUS
2229,115.4486,-67.3514,AU,AUS
2230,111.3415,-66.1196,AU,AUS
2231,127.3588,-67.0706,AU,AUS
2232,139.0206,-66.6548,AU,AUS
2233,143.9544,-68.0251,AQ,ATA
2234,108.7705,-66.9858,AU,AUS
2235,136.0212,-66.3484,AU,AUS
2236,120.0826,-67.302,AU,AUS
2237,115.2304,-67.0315,AU,AUS
2238,133.0743,-66.2638,AU,AUS
2239,143.9485,-67.1804,AU,AUS
2240,134.8497,-66.3777,AU,AUS
2241,118.5445,-67.3332,AU,AUS
2242,131.8923,-66.2707,AU,AUS
2243,143.4415,-66.9389,AU,AUS
2244,137.4051,-66.4431,AU,AUS
2245,110.2283,-66.8855,AU,AUS
2246,109.501,-66.9374,AU,AUS
2247,133.859,-66.2543,AU,AUS
2248,126.662,-66.4794,AU,AUS
2249,128.3673,-67.235,AU,AUS
2250,124.15,-66.6693,AU,AUS
2251,141.0369,-66.8249,AU,AUS
2252,129.8849,-66.5459,AU,AUS
2253,108.3079,-66.762,AU,AUS
2254,135.4192,-66.2236,AU,AUS
2255,114.1052,-67.0614,AU,AUS
2256,122.1464,-66.9981,AU,AUS
2257,143.9514,-67.6028,AU,AUS
2258,113.0381,-65.8826,AU,AUS
2259,112.0411,-66.0596,AU,AUS
2260,137.0169,-66.4574,AU,AUS
2261,118.0012,-67.1418,AU,AUS
2262,109.1709,-67.0441,AU,AUS
2263,114.3115,-66.1842,AU,AUS
2264,117.2946,-67.2284,AU,AUS
2265,143.6939,-67.0599,AU,AUS
2266,131.1014,-66.2702,AU,AUS
2267,122.8211,-66.8912,AU,AUS
2268,130.497,-66.4092,AU,AUS
2269,125.8548,-66.4522,AU,AUS
2270,114.8208,-66.9889,AU,AUS
2271,134.0645,-66.3924,AU,AUS
2272,114.4137,-67.5435,AU,AUS
2273,132.6809,-66.2671,AU,AUS
2274,120.7771,-67.2036,AU,AUS
2275,129.419,-67.1089,AU,AUS
2276,124.3089,-66.8206,AU,AUS
2277,110.5516,-66.7767,AU,AUS
2278,140.2644,-66.8706,AU,AUS
2279,138.6327,-66.6731,AU,AUS
2280,126.5984,-66.7636,AU,AUS
2281,108.3718,-66.9266,AU,AUS
2282,135.6316,-66.3592,AU,AUS
2283,119.0956,-67.5225,AU,AUS
2284,134.2721,-66.53,AU,AUS
2285,113.4822,-67.2921,AU,AUS
2286,110.9512,-66.0665,AU,AUS
2287,126.2584,-66.4663,AU,AUS
2288,118.8315,-67.2092,AU,AUS
2289,129.8578,-66.8297,AU,AUS
2290,142.0482,-66.8998,AU,AUS
2291,139.4073,-66.6355,AU,AUS
2292,128.1836,-67.0892,AU,AUS
2293,142.2948,-67.0235,AU,AUS
2294,125.6157,-66.5869,AU,AUS
2295,124.9659,-66.705,AU,AUS
2296,113.9161,-66.1389,AU,AUS
2297,155.8073,-69.1924,AQ,ATA
2298,147.6844,-68.3885,AQ,ATA
2299,146.7337,-68.2013,AQ,ATA
2300,160.2337,-69.7522,AQ,ATA
2301,168.5106,-71.1916,AQ,ATA
2302,162.305,-70.7055,AQ,ATA
2303,150.9878,-68.8641,AQ,ATA
2304,170.5631,-71.8055,AQ,ATA
2305,160.8796,-70.3789,AQ,ATA
2306,162.6648,-70.3288,AQ,ATA
2307,153.9281,-68.6086,AQ,ATA
2308,152.7416,-68.9211,AQ,ATA
2309,149.0342,-68.5262,AQ,ATA
2310,167.7526,-71.058,AQ,ATA
2311,146.027,-67.7039,AQ,ATA
2312,164.465,-70.7157,AQ,ATA
2313,155.4884,-69.0969,AQ,ATA
2314,154.8575,-68.9037,AQ,ATA
2315,151.7529,-68.7663,AQ,ATA
2316,162.6684,-71.0895,AQ,ATA
2317,154.2357,-68.7077,AQ,ATA
2318,156.1285,-69.2871,AQ,ATA
2319,150.6881,-68.7585,AQ,ATA
2320,147.969,-68.5004,AQ,ATA
2321,150.0959,-68.5451,AQ,ATA
2322,159.5585,-69.5801,AQ,ATA
2323,144.0792,-67.4515,AU,AUS
2324,144.3495,-67.993,AQ,ATA
2325,158.8919,-69.4049,AQ,ATA
2326,161.201,-70.9199,AQ,ATA
2327,151.2899,-68.9691,AQ,ATA
2328,153.1189,-68.8688,AQ,ATA
2329,168.9421,-71.4059,AQ,ATA
2330,150.8574,-68.4517,AQ,ATA
2331,144.3298,-67.1491,AU,AUS
2332,148.3583,-68.4588,AQ,ATA
2333,145.3751,-67.6226,AQ,ATA
2334,144.8669,-67.8084,AQ,ATA
2335,169.8909,-71.9789,AQ,ATA
2336,146.1832,-67.9717,AQ,ATA
2337,161.9304,-71.0826,AQ,ATA
2338,147.2938,-68.4286,AQ,ATA
2339,149.4199,-68.4822,AQ,ATA
2340,169.7173,-71.5336,AQ,ATA
2341,159.895,-69.6665,AQ,ATA
2342,159.2241,-69.4929,AQ,ATA
2343,159.875,-69.8194,AQ,ATA
2344,161.5645,-71.0017,AQ,ATA
2345,167.3395,-70.8401,AQ,ATA
2346,168.1743,-71.2746,AQ,ATA
2347,166.5987,-70.7008,AQ,ATA
2348,157.1857,-69.26,AQ,ATA
2349,169.3288,-71.4702,AQ,ATA
2350,162.3029,-70.8578,AQ,ATA
2351,148.6462,-68.5694,AQ,ATA
2352,145.6421,-67.7395,AQ,ATA
2353,162.3091,-70.4011,AQ,ATA
2354,157.5116,-69.3517,AQ,ATA
2355,163.3848,-70.6379,AQ,ATA
2356,146.4573,-68.0868,AQ,ATA
2357,162.2986,-71.1626,AQ,ATA
2358,162.6655,-70.4809,AQ,ATA
2359,153.8659,-68.7621,AQ,ATA
2360,167.7931,-71.2076,AQ,ATA
2361,149.7117,-68.5906,AQ,ATA
2362,158.5323,-69.4692,AQ,ATA
2363,167.7127,-70.9085,AQ,ATA
2364,168.5573,-71.3407,AQ,ATA
2365,157.8742,-69.2895,AQ,ATA
2366,166.9682,-70.7709,AQ,ATA
2367,153.9894,-68.4551,AQ,ATA
2368,160.8665,-70.5316,AQ,ATA
2369,160.1984,-70.0577,AQ,ATA
2370,150.4778,-68.4988,AQ,ATA
2371,170.4997,-71.6576,AQ,ATA
2372,166.2311,-70.6298,AQ,ATA
2373,162.6677,-70.9373,AQ,ATA
2374,146.2973,-67.8195,AQ,ATA
2375,156.8203,-69.3208,AQ,ATA
2376,144.4766,-67.8415,AQ,ATA
2377,161.2222,-70.6145,AQ,ATA
2378,163.7476,-70.7151,AQ,ATA
2379,163.0241,-70.5598,AQ,ATA
2380,145.2555,-67.7744,AQ,ATA
2381,164.4505,-70.5644,AQ,ATA
2382,164.1126,-70.7915,AQ,ATA
2383,158.2022,-69.3797,AQ,ATA
2384,154.295,-68.5542,AQ,ATA
2385,160.5443,-70.1424,AQ,ATA
2386,150.7734,-68.6051,AQ,ATA
2387,169.7743,-71.682,AQ,ATA
2388,165.5241,-70.6359,AQ,ATA
2389,144.2053,-67.3003,AU,AUS
2390,146.6209,-68.3537,AQ,ATA
2391,155.8564,-69.0389,AQ,ATA
2392,159.8547,-69.9723,AQ,ATA
2393,161.2117,-70.7672,AQ,ATA
2394,152.1318,-68.7163,AQ,ATA
2395,160.8924,-70.2262,AQ,ATA
2396,156.4967,-69.2276,AQ,ATA
2397,151.6743,-68.9198,AQ,ATA
2398,162.3071,-70.5533,AQ,ATA
2399,164.8139,-70.6394,AQ,ATA
2400,153.4937,-68.8158,AQ,ATA
2401,152.4355,-68.819,AQ,ATA
2402,170.1678,-71.7442,AQ,ATA
2403,165.8907,-70.7085,AQ,ATA
2404,146.9012,-68.4678,AQ,ATA
2405,165.1794,-70.7135,AQ,ATA
2406,155.1718,-69.0007,AQ,ATA
2407,170.2289,-71.8924,AQ,ATA
2408,154.5454,-68.8061,AQ,ATA
2409,-176.4267,-44.0646,NZ,NZL
2410,-73.6487,-37.5901,CL,CHL
2411,-74.4792,-51.1362,CL,CHL
2412,-72.3977,-42.0835,AR,ARG
2413,-73.7062,-46.0042,CL,CHL
2414,-72.8035,-52.4679,CL,CHL
2415,-73.1024,-52.9661,CL,CHL
2416,-72.8475,-43.1764,CL,CHL
2417,-74.5138,-47.6172,CL,CHL
2418,-73.7607,-44.6941,CL,CHL
2419,-73.3915,-38.2452,CL,CHL
2420,-74.0911,-42.7173,CL,CHL
2421,-73.4275,-39.8834,CL,CHL
2422,-72.9856,-52.5642,CL,CHL
2423,-72.7541,-42.7895,CL,CHL
2424,-73.636,-42.4631,CL,CHL
2425,-75.3593,-49.3989,AR,ARG
2426,-73.8402,-45.2397,CL,CHL
2427,-75.3734,-48.0664,CL,CHL
2428,-73.9881,-42.3299,CL,CHL
2429,-72.8191,-36.3255,CL,CHL
2430,-72.6309,-53.23,CL,CHL
2431,-72.5245,-53.6863,CL,CHL
2432,-74.0957,-47.8987,CL,CHL
2433,-74.2861,-50.0238,AR,ARG
2434,-75.2298,-48.9976,CL,CHL
2435,-73.7107,-43.0017,CL,CHL
2436,-74.0001,-45.3278,CL,CHL
2437,-72.9073,-36.6896,CL,CHL
2438,-74.6963,-49.8995,AR,ARG
2439,-75.4784,-48.6221,CL,CHL
2440,-73.544,-51.8369,CL,CHL
2441,-74.6481,-45.6794,CL,CHL
2442,-73.9697,-51.7191,CL,CHL
2443,-74.9535,-46.0091,CL,CHL
2444,-72.9998,-41.4406,CL,CHL
2445,-74.2302,-50.3323,AR,ARG
2446,-72.5604,-44.6853,CL,CHL
2447,-74.6656,-46.6918,CL,CHL
2448,-73.085,-52.1056,CL,CHL
2449,-72.3343,-51.8738,CL,CHL
2450,-73.4397,-37.9517,CL,CHL
2451,-74.0685,-48.0526,CL,CHL
2452,-73.6413,-40.4938,CL,CHL
2453,-73.4401,-41.6922,CL,CHL
2454,-73.5175,-46.0678,CL,CHL
2455,-75.3692,-50.5777,CL,CHL
2456,-72.5716,-42.0192,CL,CHL
2457,-72.4077,-52.4271,CL,CHL
2458,-73.42,-44.6711,CL,CHL
2459,-74.4468,-44.7372,CL,CHL
2460,-73.5116,-42.2276,CL,CHL
2461,-73.7616,-42.6991,CL,CHL
2462,-74.0359,-47.193,CL,CHL
2463,-73.6615,-42.3122,CL,CHL
2464,-72.4523,-53.9901,CL,CHL
2465,-75.0283,-49.0618,AR,ARG
2466,-75.4312,-48.9328,CL,CHL
2467,-74.7376,-51.9416,CL,CHL
2468,-75.1311,-49.6182,AR,ARG
2469,-73.0388,-43.9537,CL,CHL
2470,-74.9058,-46.3176,CL,CHL
2471,-73.6367,-51.3763,CL,CHL
2472,-73.5352,-47.9327,CL,CHL
2473,-74.1736,-50.6408,AR,ARG
2474,-73.3849,-45.8259,CL,CHL
2475,-75.2113,-50.3305,AR,ARG
2476,-73.2989,-52.0482,CL,CHL
2477,-74.1159,-46.732,CL,CHL
2478,-73.2819,-45.4321,CL,CHL
2479,-73.7371,-41.8599,CL,CHL
2480,-74.7029,-48.7251,CL,CHL
2481,-73.1195,-41.6742,CL,CHL
2482,-73.4617,-46.3735,CL,CHL
2483,-72.1927,-52.4822,CL,CHL
2484,-73.7873,-52.6414,CL,CHL
2485,-73.2849,-39.802,CL,CHL
2486,-73.4416,-53.3119,CL,CHL
2487,-75.1807,-49.3079,AR,ARG
2488,-73.1936,-39.4247,CL,CHL
2489,-72.6752,-53.936,CL,CHL
2490,-73.2085,-44.8872,CL,CHL
2491,-74.1091,-49.931,AR,ARG
2492,-73.0409,-36.7664,CL,CHL
2493,-72.2651,-53.0353,CL,CHL
2494,-74.7882,-45.9212,CL,CHL
2495,-74.7489,-49.59,AR,ARG
2496,-75.1026,-48.5968,CL,CHL
2497,-73.7873,-51.6246,CL,CHL
2498,-74.2972,-45.6571,CL,CHL
2499,-73.9656,-50.7014,AR,ARG
2500,-74.599,-45.9871,CL,CHL
2501,-74.3505,-52.9272,CL,CHL
2502,-74.3815,-50.5797,AR,ARG
2503,-74.3296,-48.6972,CL,CHL
2504,-73.4494,-52.297,CL,CHL
2505,-75.4184,-50.267,AR,ARG
2506,-73.9478,-45.6338,CL,CHL
2507,-74.3075,-46.6676,CL,CHL
2508,-72.1204,-52.786,CL,CHL
2509,-73.9091,-40.8078,CL,CHL
2510,-74.2872,-44.6503,CL,CHL
2511,-74.3686,-49.5607,AR,ARG
2512,-73.376,-53.6177,CL,CHL
2513,-74.0775,-44.869,CL,CHL
2514,-72.7991,-36.4685,CL,CHL
2515,-72.3011,-52.8834,CL,CHL
2516,-73.5751,-51.6834,CL,CHL
2517,-75.3023,-48.532,CL,CHL
2518,-72.1188,-53.6424,CL,CHL
2519,-74.4849,-45.5916,CL,CHL
2520,-74.7396,-46.2293,CL,CHL
2521,-73.992,-43.3243,CL,CHL
2522,-74.5692,-52.8679,CL,CHL
2523,-73.6745,-48.1776,CL,CHL
2524,-73.9947,-50.5474,AR,ARG
2525,-73.1267,-37.1338,CL,CHL
2526,-75.0298,-50.2385,AR,ARG
2527,-73.8606,-41.1079,CL,CHL
2528,-73.6,-45.6096,CL,CHL
2529,-72.6911,-52.0664,CL,CHL
2530,-74.0719,-43.8666,CL,CHL
2531,-73.6672,-51.2227,CL,CHL
2532,-74.0371,-42.0276,CL,CHL
2533,-73.5882,-41.776,CL,CHL
2534,-73.6019,-52.5459,CL,CHL
2535,-72.5182,-52.8284,CL,CHL
2536,-72.5153,-42.3183,CL,CHL
2537,-73.2641,-44.5834,CL,CHL
2538,-74.1653,-49.6227,AR,ARG
2539,-72.9702,-43.4136,CL,CHL
2540,-73.6934,-53.1017,CL,CHL
2541,-73.7871,-46.5528,CL,CHL
2542,-75.0512,-47.7321,CL,CHL
2543,-75.3498,-48.2216,CL,CHL
2544,-74.2201,-42.9538,CL,CHL
2545,-72.809,-36.1902,CL,CHL
2546,-73.31,-39.6537,CL,CHL
2547,-73.3376,-45.1276,CL,CHL
2548,-74.8299,-47.9518,CL,CHL
2549,-75.515,-49.6452,AR,ARG
2550,-72.9319,-36.5451,CL,CHL
2551,-74.0644,-52.2755,CL,CHL
2552,-72.0473,-53.0896,CL,CHL
2553,-73.5127,-51.9903,CL,CHL
2554,-72.9706,-51.7041,CL,CHL
2555,-74.1712,-43.2578,CL,CHL
2556,-74.4349,-45.8989,CL,CHL
2557,-72.9828,-44.2564,CL,CHL
2558,-73.4128,-45.6734,CL,CHL
2559,-75.0314,-51.416,CL,CHL
2560,-73.3098,-45.2798,CL,CHL
2561,-75.106,-49.7733,AR,ARG
2562,-75.5792,-46.6701,CL,CHL
2563,-74.7286,-48.5704,CL,CHL
2564,-73.7625,-40.7255,CL,CHL
2565,-73.8182,-52.4879,CL,CHL
2566,-72.6901,-42.2539,CL,CHL
2567,-72.9261,-44.5592,CL,CHL
2568,-74.2919,-47.8353,CL,CHL
2569,-72.967,-53.5766,CL,CHL
2570,-75.0032,-49.2168,AR,ARG
2571,-73.5707,-39.9647,CL,CHL
2572,-72.084,-52.9378,CL,CHL
2573,-74.3225,-45.5037,CL,CHL
2574,-74.0044,-46.3356,CL,CHL
2575,-73.6387,-41.4754,CL,CHL
2576,-73.0165,-36.9114,CL,CHL
2577,-73.1645,-44.1924,CL,CHL
2578,-75.0492,-46.5604,CL,CHL
2579,-73.2667,-52.2014,CL,CHL
2580,-74.0894,-46.8856,CL,CHL
2581,-72.7455,-41.9545,CL,CHL
2582,-74.677,-48.8797,CL,CHL
2583,-73.3205,-52.9096,CL,CHL
2584,-72.655,-41.5711,CL,CHL
2585,-74.7434,-50.7656,CL,CHL
2586,-73.2621,-37.2112,CL,CHL
2587,-72.3691,-42.2328,CL,CHL
2588,-73.1089,-44.4956,CL,CHL
2589,-73.4089,-53.4648,CL,CHL
2590,-72.8195,-43.3271,CL,CHL
2591,-72.8499,-53.1747,CL,CHL
2592,-73.624,-46.4632,CL,CHL
2593,-74.103,-44.7161,CL,CHL
2594,-74.0665,-42.8689,CL,CHL
2595,-73.188,-53.521,CL,CHL
2596,-74.9777,-48.1967,CL,CHL
2597,-72.3757,-53.4367,CL,CHL
2598,-72.4474,-53.1327,CL,CHL
2599,-73.3309,-51.895,CL,CHL
2600,-74.2717,-45.8106,CL,CHL
2601,-73.9364,-50.8554,CL,CHL
2602,-73.8381,-43.2388,CL,CHL
2603,-73.8116,-41.4084,CL,CHL
2604,-74.7796,-48.2611,CL,CHL
2605,-73.5451,-45.9151,CL,CHL
2606,-75.2408,-46.494,CL,CHL
2607,-72.014,-52.3851,CL,CHL
2608,-74.0214,-44.1714,CL,CHL
2609,-73.5064,-38.4714,CL,CHL
2610,-72.871,-52.1625,CL,CHL
2611,-74.5345,-50.8273,CL,CHL
2612,-74.4763,-48.943,CL,CHL
2613,-74.8463,-51.3229,CL,CHL
2614,-73.4405,-45.5209,CL,CHL
2615,-75.4096,-46.5821,CL,CHL
2616,-73.5111,-37.5123,CL,CHL
2617,-73.8867,-41.9437,CL,CHL
2618,-73.2438,-39.1291,CL,CHL
2619,-74.0833,-45.8755,CL,CHL
2620,-72.6978,-43.0901,CL,CHL
2621,-74.3446,-47.5271,CL,CHL
2622,-74.7165,-50.9203,CL,CHL
2623,-72.8275,-41.506,CL,CHL
2624,-73.8849,-40.9578,CL,CHL
2625,-74.9518,-51.8806,CL,CHL
2626,-73.5582,-37.2201,CL,CHL
2627,-73.4175,-52.4502,CL,CHL
2628,-74.4358,-48.0801,CL,CHL
2629,-73.927,-47.8078,CL,CHL
2630,-75.1756,-48.1317,CL,CHL
2631,-74.5183,-49.8073,AR,ARG
2632,-73.6903,-40.1952,CL,CHL
2633,-73.5639,-47.7794,CL,CHL
2634,-73.8413,-46.2464,CL,CHL
2635,-73.2935,-38.834,CL,CHL
2636,-73.151,-36.9885,CL,CHL
2637,-74.4095,-48.2343,CL,CHL
2638,-73.0109,-44.105,CL,CHL
2639,-73.8362,-41.2581,CL,CHL
2640,-74.4641,-50.1164,AR,ARG
2641,-73.5628,-41.9265,CL,CHL
2642,-73.1357,-52.8133,CL,CHL
2643,-74.3504,-43.1909,CL,CHL
2644,-73.4156,-38.0984,CL,CHL
2645,-73.3981,-37.2887,CL,CHL
2646,-74.1155,-42.5657,CL,CHL
2647,-72.782,-42.6393,CL,CHL
2648,-73.2364,-44.7353,CL,CHL
2649,-74.1373,-49.7769,AR,ARG
2650,-73.1204,-53.8262,CL,CHL
2651,-72.9424,-43.5645,CL,CHL
2652,-73.8665,-45.087,CL,CHL
2653,-74.0127,-42.1787,CL,CHL
2654,-74.2371,-44.9563,CL,CHL
2655,-74.1957,-43.1058,CL,CHL
2656,-75.2541,-48.8424,CL,CHL
2657,-73.7362,-42.8504,CL,CHL
2658,-74.026,-45.1748,CL,CHL
2659,-74.7227,-49.7448,AR,ARG
2660,-75.5018,-48.4667,CL,CHL
2661,-72.1557,-53.4907,CL,CHL
2662,-74.9525,-49.5268,AR,ARG
2663,-72.8863,-43.8665,CL,CHL
2664,-72.5898,-44.5342,CL,CHL
2665,-72.9545,-44.4078,CL,CHL
2666,-75.0728,-46.4059,CL,CHL
2667,-73.4636,-37.8051,CL,CHL
2668,-73.3672,-38.3922,CL,CHL
2669,-73.6659,-40.3444,CL,CHL
2670,-74.3536,-50.7341,CL,CHL
2671,-74.3026,-48.8515,CL,CHL
2672,-75.5569,-46.8251,CL,CHL
2673,-72.5996,-41.8697,CL,CHL
2674,-73.5373,-42.077,CL,CHL
2675,-73.7869,-42.5478,CL,CHL
2676,-74.0627,-47.0393,CL,CHL
2677,-72.6621,-42.4037,CL,CHL
2678,-72.8976,-44.7107,CL,CHL
2679,-74.1399,-42.4142,CL,CHL
2680,-74.2653,-47.9894,CL,CHL
2681,-75.5859,-49.1787,AR,ARG
2682,-72.8842,-53.0222,CL,CHL
2683,-72.4885,-53.8383,CL,CHL
2684,-73.7592,-47.717,CL,CHL
2685,-73.8927,-44.9342,CL,CHL
2686,-73.8634,-43.0871,CL,CHL
2687,-72.9325,-53.7291,CL,CHL
2688,-74.2118,-45.1094,CL,CHL
2689,-73.5461,-40.1136,CL,CHL
2690,-72.3692,-51.7216,CL,CHL
2691,-72.1925,-53.339,CL,CHL
2692,-75.156,-49.4631,AR,ARG
2693,-72.7142,-44.7738,CL,CHL
2694,-73.1502,-51.7996,CL,CHL
2695,-73.9778,-46.489,CL,CHL
2696,-72.7722,-44.4712,CL,CHL
2697,-73.6135,-41.6257,CL,CHL
2698,-73.787,-45.5454,CL,CHL
2699,-73.6252,-37.7366,CL,CHL
2700,-73.8773,-51.1632,CL,CHL
2701,-73.3182,-38.6866,CL,CHL
2702,-75.2176,-51.509,CL,CHL
2703,-73.4897,-46.2207,CL,CHL
2704,-75.3443,-50.733,CL,CHL
2705,-73.5347,-37.3662,CL,CHL
2706,-74.6622,-51.2296,CL,CHL
2707,-73.8681,-46.0932,CL,CHL
2708,-73.2877,-53.0625,CL,CHL
2709,-72.726,-42.9398,CL,CHL
2710,-74.3707,-47.373,CL,CHL
2711,-72.6274,-41.7204,CL,CHL
2712,-72.7352,-52.7729,CL,CHL
2713,-73.996,-44.3238,CL,CHL
2714,-73.1688,-52.6604,CL,CHL
2715,-72.6341,-42.5536,CL,CHL
2716,-75.5481,-48.1559,CL,CHL
2717,-72.8154,-53.3271,CL,CHL
2718,-72.7106,-53.7839,CL,CHL
2719,-73.1543,-53.6737,CL,CHL
2720,-75.078,-48.7518,CL,CHL
2721,-73.5846,-42.7652,CL,CHL
2722,-74.5452,-49.6528,AR,ARG
2723,-75.3106,-49.7095,AR,ARG
2724,-72.5807,-51.6653,CL,CHL
2725,-72.5602,-53.5343,CL,CHL
2726,-72.7942,-36.0558,CL,CHL
2727,-74.71,-52.0961,CL,CHL
2728,-73.8175,-51.4708,CL,CHL
2729,-73.1459,-41.5244,CL,CHL
2730,-72.7586,-51.7612,CL,CHL
2731,-73.5064,-48.0861,CL,CHL
2732,-74.3564,-48.5429,CL,CHL
2733,-74.8331,-46.7806,CL,CHL
2734,-74.7542,-48.4158,CL,CHL
2735,-73.9097,-52.0268,CL,CHL
2736,-73.974,-45.4808,CL,CHL
2737,-72.5122,-51.9702,CL,CHL
2738,-74.0873,-51.1032,CL,CHL
2739,-73.4823,-38.6188,CL,CHL
2740,-73.7869,-40.5758,CL,CHL
2741,-74.5069,-50.9818,CL,CHL
2742,-73.2188,-39.2768,CL,CHL
2743,-74.0572,-46.0289,CL,CHL
2744,-72.588,-52.5238,CL,CHL
2745,-74.3183,-47.6812,CL,CHL
2746,-72.952,-52.7169,CL,CHL
2747,-74.312,-44.4974,CL,CHL
2748,-72.0441,-53.9454,CL,CHL
2749,-73.3854,-52.6034,CL,CHL
2750,-74.2029,-47.283,CL,CHL
2751,-74.1316,-52.9858,CL,CHL
2752,-75.4074,-49.0882,AR,ARG
2753,-73.1684,-39.5726,CL,CHL
2754,-73.0351,-53.2715,CL,CHL
2755,-72.3031,-53.7404,CL,CHL
2756,-73.1805,-45.0392,CL,CHL
2757,-72.7458,-53.6317,CL,CHL
2758,-72.5956,-53.3822,CL,CHL
2759,-74.9249,-52.0353,CL,CHL
2760,-75.3261,-48.3768,CL,CHL
2761,-72.9144,-43.7155,CL,CHL
2762,-74.7639,-46.0753,CL,CHL
2763,-74.0236,-50.3934,AR,ARG
2764,-73.2688,-38.9814,CL,CHL
2765,-74.4737,-46.7568,CL,CHL
2766,-74.383,-48.3886,CL,CHL
2767,-74.8575,-46.6263,CL,CHL
2768,-73.8716,-48.1153,CL,CHL
2769,-74.4367,-50.2709,AR,ARG
2770,-74.1163,-50.9491,CL,CHL
2771,-73.2665,-41.7583,CL,CHL
2772,-63.9992,-42.2285,AR,ARG
2773,-61.0075,-38.9222,AR,ARG
2774,-68.9015,-52.1586,AR,ARG
2775,-63.8065,-42.7833,AR,ARG
2776,-64.519,-42.4502,AR,ARG
2777,-59.1629,-52.1749,FK,FLK
2778,-65.1684,-41.3727,AR,ARG
2779,-65.3434,-44.1169,AR,ARG
2780,-64.3043,-40.8949,AR,ARG
2781,-65.8085,-44.6301,AR,ARG
2782,-70.9969,-53.2025,CL,CHL
2783,-70.3439,-53.3552,CL,CHL
2784,-66.1695,-48.0766,AR,ARG
2785,-71.677,-53.7484,CL,CHL
2786,-67.4568,-45.605,AR,ARG
2787,-65.232,-43.5081,AR,ARG
2788,-56.9938,-37.0442,AR,ARG
2789,-64.7871,-40.7432,AR,ARG
2790,-59.2339,-51.8099,FK,FLK
2791,-67.1047,-46.7691,AR,ARG
2792,-58.4984,-51.8213,FK,FLK
2793,-66.6423,-45.0452,AR,ARG
2794,-67.4748,-46.6676,AR,ARG
2795,-57.2347,-36.1872,AR,ARG
2796,-60.4121,-51.541,FK,FLK
2797,-57.9813,-51.5849,FK,FLK
2798,-56.6913,-36.8531,AR,ARG
2799,-67.366,-48.7107,AR,ARG
2800,-66.1998,-44.9094,AR,ARG
2801,-65.9394,-47.7375,AR,ARG
2802,-58.9562,-51.5734,FK,FLK
2803,-71.1164,-52.7505,CL,CHL
2804,-60.2639,-38.8034,AR,ARG
2805,-69.6131,-52.4087,AR,ARG
2806,-59.7209,-38.7295,AR,ARG
2807,-61.8105,-38.906,AR,ARG
2808,-69.1118,-52.1099,AR,ARG
2809,-71.8218,-53.9982,CL,CHL
2810,-64.0688,-42.4575,AR,ARG
2811,-65.3899,-43.975,AR,ARG
2812,-71.6112,-53.1965,CL,CHL
2813,-65.9472,-47.2079,AR,ARG
2814,-71.037,-53.0519,CL,CHL
2815,-69.1816,-50.5732,AR,ARG
2816,-62.9581,-41.0605,AR,ARG
2817,-66.882,-48.5642,AR,ARG
2818,-70.3862,-53.2054,CL,CHL
2819,-64.8053,-42.4909,AR,ARG
2820,-58.6155,-38.458,AR,ARG
2821,-71.0544,-53.7531,CL,CHL
2822,-60.0288,-51.4311,FK,FLK
2823,-59.5155,-52.0465,FK,FLK
2824,-65.3568,-43.5997,AR,ARG
2825,-62.5589,-40.215,AR,ARG
2826,-67.2897,-46.7185,AR,ARG
2827,-69.778,-53.2042,CL,CHL
2828,-67.3191,-45.5115,AR,ARG
2829,-60.4991,-52.0214,FK,FLK
2830,-57.3749,-36.1076,AR,ARG
2831,-70.2963,-52.8062,CL,CHL
2832,-69.1253,-51.4157,AR,ARG
2833,-59.9985,-38.7658,AR,ARG
2834,-66.874,-46.9645,AR,ARG
2835,-61.2574,-38.9613,AR,ARG
2836,-68.7372,-52.0586,AR,ARG
2837,-63.8826,-42.1384,AR,ARG
2838,-65.5512,-44.4443,AR,ARG
2839,-71.9731,-53.3928,CL,CHL
2840,-68.175,-53.6256,AR,ARG
2841,-58.6821,-51.3369,FK,FLK
2842,-69.1631,-53.5257,AR,ARG
2843,-62.2797,-39.4663,AR,ARG
2844,-71.3931,-53.2492,CL,CHL
2845,-67.0739,-48.5159,AR,ARG
2846,-70.1262,-53.4051,CL,CHL
2847,-57.3092,-37.4624,AR,ARG
2848,-69.0819,-52.7905,AR,ARG
2849,-66.1325,-47.16,AR,ARG
2850,-67.5522,-45.8441,AR,ARG
2851,-70.7925,-53.9542,CL,CHL
2852,-62.2879,-39.8201,AR,ARG
2853,-67.6616,-48.9056,AR,ARG
2854,-67.2195,-48.6133,AR,ARG
2855,-70.0385,-53.0062,CL,CHL
2856,-66.0296,-47.9792,AR,ARG
2857,-67.8245,-49.5421,AR,ARG
2858,-71.456,-53.8006,CL,CHL
2859,-70.9009,-52.8026,CL,CHL
2860,-60.5119,-38.8431,AR,ARG
2861,-71.585,-52.4934,CL,CHL
2862,-59.5854,-38.7719,AR,ARG
2863,-68.5486,-50.1805,AR,ARG
2864,-61.6596,-38.9531,AR,ARG
2865,-63.6893,-42.6923,AR,ARG
2866,-65.1537,-41.8807,AR,ARG
2867,-64.3529,-42.4993,AR,ARG
2868,-62.412,-40.6195,AR,ARG
2869,-67.8524,-53.7811,AR,ARG
2870,-64.6261,-40.7941,AR,ARG
2871,-62.3281,-39.3327,AR,ARG
2872,-69.2994,-50.8203,AR,ARG
2873,-57.4634,-37.6125,AR,ARG
2874,-65.0013,-42.812,AR,ARG
2875,-64.1435,-40.9449,AR,ARG
2876,-66.7378,-48.4667,AR,ARG
2877,-66.3178,-47.1118,AR,ARG
2878,-68.9089,-52.6853,AR,ARG
2879,-59.7872,-51.4369,FK,FLK
2880,-70.1303,-53.9202,CL,CHL
2881,-59.269,-52.0514,FK,FLK
2882,-65.2128,-41.2331,AR,ARG
2883,-65.0311,-43.1842,AR,ARG
2884,-69.5415,-53.2363,CL,CHL
2885,-58.3331,-51.4613,FK,FLK
2886,-67.1823,-45.4182,AR,ARG
2887,-60.2535,-52.0284,FK,FLK
2888,-57.0072,-37.2747,AR,ARG
2889,-62.5003,-39.9934,AR,ARG
2890,-60.4553,-51.7808,FK,FLK
2891,-66.9108,-45.2316,AR,ARG
2892,-58.989,-51.8142,FK,FLK
2893,-71.7996,-52.4395,AR,ARG
2894,-60.1178,-38.8477,AR,ARG
2895,-63.6215,-42.4631,AR,ARG
2896,-68.7494,-50.1304,AR,ARG
2897,-63.7185,-42.1867,AR,ARG
2898,-65.3768,-44.4936,AR,ARG
2899,-67.7777,-53.9132,AR,ARG
2900,-64.1391,-42.6872,AR,ARG
2901,-62.2638,-38.7628,AR,ARG
2902,-62.4612,-40.4846,AR,ARG
2903,-71.0948,-53.6026,CL,CHL
2904,-62.1264,-39.5138,AR,ARG
2905,-71.1749,-53.3013,CL,CHL
2906,-62.8477,-40.9721,AR,ARG
2907,-65.0474,-42.6716,AR,ARG
2908,-57.1617,-37.4261,AR,ARG
2909,-65.8502,-47.4962,AR,ARG
2910,-62.3762,-39.1992,AR,ARG
2911,-58.8942,-38.6175,AR,ARG
2912,-57.7921,-38.247,AR,ARG
2913,-65.4362,-43.8332,AR,ARG
2914,-62.4517,-40.1279,AR,ARG
2915,-67.0596,-46.9146,AR,ARG
2916,-58.4402,-51.3399,FK,FLK
2917,-70.5523,-52.6052,CL,CHL
2918,-60.3548,-51.9045,FK,FLK
2919,-57.6312,-37.9876,AR,ARG
2920,-57.2414,-36.3046,AR,ARG
2921,-59.3033,-38.6134,AR,ARG
2922,-58.8825,-51.9369,FK,FLK
2923,-69.9952,-52.458,AR,ARG
2924,-69.0366,-51.713,AR,ARG
2925,-67.9307,-49.7875,AR,ARG
2926,-71.2349,-53.8523,CL,CHL
2927,-71.9409,-52.6886,CL,CHL
2928,-60.3633,-38.8881,AR,ARG
2929,-66.6422,-47.159,AR,ARG
2930,-63.6701,-42.3249,AR,ARG
2931,-59.8605,-38.8088,AR,ARG
2932,-68.3927,-50.0822,AR,ARG
2933,-63.9728,-42.7354,AR,ARG
2934,-65.4236,-44.3515,AR,ARG
2935,-62.5796,-40.931,AR,ARG
2936,-65.0339,-41.7916,AR,ARG
2937,-71.135,-53.452,CL,CHL
2938,-64.8333,-42.8617,AR,ARG
2939,-63.9828,-40.9945,AR,ARG
2940,-69.7673,-53.7102,CL,CHL
2941,-64.926,-42.5812,AR,ARG
2942,-60.17,-51.5477,FK,FLK
2943,-62.4241,-39.0658,AR,ARG
2944,-68.6,-52.8399,AR,ARG
2945,-70.5608,-53.996,CL,CHL
2946,-59.4424,-51.5646,FK,FLK
2947,-69.5253,-52.7069,AR,ARG
2948,-58.0901,-51.4636,FK,FLK
2949,-57.7852,-38.1349,AR,ARG
2950,-60.6443,-52.1383,FK,FLK
2951,-69.2309,-53.394,AR,ARG
2952,-57.1009,-36.3838,AR,ARG
2953,-67.5134,-48.8082,AR,ARG
2954,-58.7438,-51.818,FK,FLK
2955,-71.3318,-52.6978,CL,CHL
2956,-69.0811,-51.5644,AR,ARG
2957,-66.8282,-47.1098,AR,ARG
2958,-67.5263,-53.9363,AR,ARG
2959,-61.9615,-38.8585,AR,ARG
2960,-68.6911,-52.2067,AR,ARG
2961,-64.5657,-42.3107,AR,ARG
2962,-61.5088,-39.0,AR,ARG
2963,-68.5647,-53.3383,AR,ARG
2964,-65.6795,-44.5372,AR,ARG
2965,-62.1126,-38.8108,AR,ARG
2966,-71.6873,-52.8939,CL,CHL
2967,-65.0789,-41.6519,AR,ARG
2968,-58.8187,-51.4551,FK,FLK
2969,-62.2549,-40.6664,AR,ARG
2970,-69.3414,-53.6316,AR,ARG
2971,-63.1175,-41.0128,AR,ARG
2972,-65.7159,-44.9157,AR,ARG
2973,-57.316,-37.5766,AR,ARG
2974,-66.5945,-48.3691,AR,ARG
2975,-69.5874,-53.605,CL,CHL
2976,-60.0691,-51.6707,FK,FLK
2977,-69.2129,-51.1181,AR,ARG
2978,-68.5306,-52.9702,AR,ARG
2979,-68.6687,-52.7098,AR,ARG
2980,-59.5454,-51.4422,FK,FLK
2981,-67.7653,-49.1501,AR,ARG
2982,-64.9086,-43.0931,AR,ARG
2983,-69.5693,-52.5578,AR,ARG
2984,-67.6488,-46.0838,AR,ARG
2985,-60.7443,-52.0139,FK,FLK
2986,-57.0005,-37.1596,AR,ARG
2987,-69.2982,-53.2625,CL,CHL
2988,-59.1686,-38.6554,AR,ARG
2989,-56.8125,-36.4245,AR,ARG
2990,-66.7762,-45.1383,AR,ARG
2991,-67.7786,-49.6892,AR,ARG
2992,-71.0768,-52.9012,CL,CHL
2993,-66.5031,-47.0631,AR,ARG
2994,-71.5471,-52.6447,CL,CHL
2995,-70.4281,-53.0554,CL,CHL
2996,-63.9514,-42.3671,AR,ARG
2997,-60.759,-38.8828,AR,ARG
2998,-68.0382,-50.0332,AR,ARG
2999,-68.2473,-53.494,AR,ARG
3000,-69.0652,-50.3264,AR,ARG
3001,-71.725,-52.7425,CL,CHL
3002,-65.2967,-44.2587,AR,ARG
3003,-63.8222,-41.0438,AR,ARG
3004,-65.7623,-44.7729,AR,ARG
3005,-65.8988,-47.3521,AR,ARG
3006,-64.6183,-43.0511,AR,ARG
3007,-59.7232,-51.7997,FK,FLK
3008,-56.846,-37.0068,AR,ARG
3009,-57.6175,-37.7616,AR,ARG
3010,-58.7546,-38.5378,AR,ARG
3011,-65.0651,-40.7793,AR,ARG
3012,-62.5101,-40.3498,AR,ARG
3013,-65.1543,-43.2755,AR,ARG
3014,-69.3114,-52.7557,AR,ARG
3015,-70.3797,-52.5063,CL,CHL
3016,-63.3888,-41.053,AR,ARG
3017,-67.6917,-45.9378,AR,ARG
3018,-66.0229,-44.9595,AR,ARG
3019,-59.6577,-52.1647,FK,FLK
3020,-56.9534,-36.3456,AR,ARG
3021,-67.0461,-45.3248,AR,ARG
3022,-58.0727,-38.38,AR,ARG
3023,-69.8254,-52.3588,AR,ARG
3024,-68.7829,-51.9104,AR,ARG
3025,-63.738,-42.5538,AR,ARG
3026,-68.2378,-49.984,AR,ARG
3027,-68.319,-53.3626,AR,ARG
3028,-62.4708,-40.8426,AR,ARG
3029,-58.482,-38.4993,AR,ARG
3030,-69.8827,-53.9482,CL,CHL
3031,-64.6654,-42.911,AR,ARG
3032,-65.108,-43.4165,AR,ARG
3033,-66.452,-48.2716,AR,ARG
3034,-58.3614,-51.702,FK,FLK
3035,-66.5092,-44.952,AR,ARG
3036,-59.3034,-51.447,FK,FLK
3037,-67.5186,-46.5217,AR,ARG
3038,-69.3563,-52.607,AR,ARG
3039,-70.7261,-52.7039,CL,CHL
3040,-57.1549,-37.3115,AR,ARG
3041,-57.8469,-51.4654,FK,FLK
3042,-56.6847,-36.7368,AR,ARG
3043,-57.6381,-38.1002,AR,ARG
3044,-70.0813,-52.8566,CL,CHL
3045,-59.4442,-38.6927,AR,ARG
3046,-58.2054,-38.3391,AR,ARG
3047,-70.1661,-52.5572,CL,CHL
3048,-68.9919,-51.8616,AR,ARG
3049,-69.6566,-52.2595,AR,ARG
3050,-60.6098,-38.9283,AR,ARG
3051,-67.8848,-49.9347,AR,ARG
3052,-62.6889,-41.0194,AR,ARG
3053,-67.9265,-53.6493,AR,ARG
3054,-68.9069,-50.2284,AR,ARG
3055,-65.0633,-42.1608,AR,ARG
3056,-71.509,-52.7959,CL,CHL
3057,-63.6617,-41.0928,AR,ARG
3058,-70.2118,-53.1058,CL,CHL
3059,-69.9483,-53.8153,CL,CHL
3060,-65.988,-47.5931,AR,ARG
3061,-67.4136,-45.7504,AR,ARG
3062,-60.11,-51.9112,FK,FLK
3063,-69.2563,-50.9692,AR,ARG
3064,-68.6347,-53.2072,AR,ARG
3065,-59.3742,-51.9282,FK,FLK
3066,-65.257,-41.0936,AR,ARG
3067,-67.6736,-49.444,AR,ARG
3068,-59.0284,-38.5758,AR,ARG
3069,-59.5823,-51.6822,FK,FLK
3070,-69.6953,-52.8068,CL,CHL
3071,-63.2289,-41.1012,AR,ARG
3072,-67.6159,-49.0524,AR,ARG
3073,-65.8904,-47.8818,AR,ARG
3074,-57.9352,-38.3,AR,ARG
3075,-61.1572,-38.8762,AR,ARG
3076,-69.2779,-52.2095,AR,ARG
3077,-70.8606,-52.9531,CL,CHL
3078,-64.6852,-42.4008,AR,ARG
3079,-64.1869,-42.548,AR,ARG
3080,-59.4104,-52.1701,FK,FLK
3081,-71.7916,-53.2947,CL,CHL
3082,-65.1086,-42.0207,AR,ARG
3083,-64.4652,-40.8447,AR,ARG
3084,-71.2145,-53.1506,CL,CHL
3085,-69.1384,-50.722,AR,ARG
3086,-62.3626,-40.7544,AR,ARG
3087,-62.3675,-38.8475,AR,ARG
3088,-69.9519,-53.305,CL,CHL
3089,-66.3103,-48.1741,AR,ARG
3090,-71.8979,-53.6956,CL,CHL
3091,-64.4976,-42.96,AR,ARG
3092,-70.6133,-53.8543,CL,CHL
3093,-60.2115,-51.7876,FK,FLK
3094,-56.8393,-36.891,AR,ARG
3095,-69.1692,-51.2669,AR,ARG
3096,-68.7041,-53.0763,AR,ARG
3097,-64.9481,-40.6919,AR,ARG
3098,-65.3009,-40.9542,AR,ARG
3099,-62.1824,-39.7336,AR,ARG
3100,-65.4822,-43.6915,AR,ARG
3101,-57.4702,-37.7261,AR,ARG
3102,-58.1166,-51.7045,FK,FLK
3103,-66.3317,-45.0027,AR,ARG
3104,-67.7196,-49.2971,AR,ARG
3105,-67.6056,-46.2297,AR,ARG
3106,-65.8922,-44.8662,AR,ARG
3107,-69.8663,-52.9065,CL,CHL
3108,-56.8192,-36.5415,AR,ARG
3109,-61.4077,-38.9148,AR,ARG
3110,-69.4888,-52.1601,AR,ARG
3111,-60.8578,-38.968,AR,ARG
3112,-64.7315,-42.261,AR,ARG
3113,-65.1237,-41.5123,AR,ARG
3114,-69.0219,-50.475,AR,ARG
3115,-64.8974,-42.2111,AR,ARG
3116,-71.9039,-52.8402,CL,CHL
3117,-64.0911,-42.8264,AR,ARG
3118,-62.3197,-38.9807,AR,ARG
3119,-68.4647,-52.2402,AR,ARG
3120,-58.3435,-38.4192,AR,ARG
3121,-64.7397,-43.1423,AR,ARG
3122,-70.6553,-53.7045,CL,CHL
3123,-59.865,-51.9174,FK,FLK
3124,-57.6244,-37.8747,AR,ARG
3125,-59.1285,-51.9328,FK,FLK
3126,-62.2312,-39.5999,AR,ARG
3127,-66.5977,-45.1893,AR,ARG
3128,-65.1827,-40.8667,AR,ARG
3129,-62.3938,-39.9067,AR,ARG
3130,-67.5623,-46.3757,AR,ARG
3131,-63.5012,-41.1414,AR,ARG
3132,-57.8716,-51.7064,FK,FLK
3133,-56.678,-36.6201,AR,ARG
3134,-58.8504,-51.6956,FK,FLK
3135,69.7083,-49.3006,TF,ATF
3136,69.0925,-48.9663,TF,ATF
3137,70.3029,-49.3733,TF,ATF
3138,69.4774,-49.3227,TF,ATF
3139,69.0158,-49.3655,TF,ATF
3140,69.321,-48.9448,TF,ATF
3141,68.8641,-48.9873,TF,ATF
3142,69.3482,-49.2038,TF,ATF
3143,70.1036,-49.6573,TF,ATF
3144,70.4016,-49.2313,TF,ATF
3145,70.1704,-49.2549,TF,ATF
3146,51.7578,-46.4327,TF,ATF
3147,68.8091,-49.646,TF,ATF
3148,37.7571,-46.855,ZA,ZAF
3149,69.6074,-49.4417,TF,ATF
3150,69.4492,-49.0633,TF,ATF
3151,69.0413,-49.6255,TF,ATF
3152,69.9393,-49.278,TF,ATF
3153,69.3758,-49.4636,TF,ATF
3154,68.9128,-49.5058,TF,ATF
3155,69.1442,-49.4849,TF,ATF
3156,70.2692,-49.1132,TF,ATF
3157,68.9659,-48.8477,TF,ATF
3158,68.8883,-49.2462,TF,ATF
3159,69.5059,-49.5829,TF,ATF
3160,68.9907,-49.1063,TF,ATF
3161,69.7383,-49.5608,TF,ATF
3162,73.4461,-53.0964,TF,ATF
3163,142.1041,-38.3541,AU,AUS
3164,143.5246,-38.6562,AU,AUS
3165,140.9094,-38.0209,AU,AUS
3166,139.8826,-36.3741,AU,AUS
3167,143.3158,-38.6766,AU,AUS
3168,139.7659,-36.2394,AU,AUS
3169,136.8583,-36.0002,AU,AUS
3170,140.1038,-37.3635,AU,AUS
3171,141.9792,-38.2205,AU,AUS
3172,139.9012,-37.3786,AU,AUS
3173,142.5183,-38.3169,AU,AUS
3174,140.3426,-37.6331,AU,AUS
3175,142.8523,-38.4308,AU,AUS
3176,143.7334,-38.6354,AU,AUS
3177,143.9867,-40.0609,AU,AUS
3178,139.9997,-36.5089,AU,AUS
3179,139.867,-37.0938,AU,AUS
3180,142.6446,-38.4501,AU,AUS
3181,143.9352,-39.7762,AU,AUS
3182,141.2371,-38.1387,AU,AUS
3183,140.7044,-38.0369,AU,AUS
3184,143.8128,-38.4821,AU,AUS
3185,139.9507,-36.9439,AU,AUS
3186,140.2229,-37.4983,AU,AUS
3187,139.7493,-36.9589,AU,AUS
3188,140.4627,-37.7678,AU,AUS
3189,142.9795,-38.5638,AU,AUS
3190,139.9852,-37.2287,AU,AUS
3191,141.1146,-38.0045,AU,AUS
3192,140.0341,-36.7938,AU,AUS
3193,143.1877,-38.5439,AU,AUS
3194,140.5833,-37.9024,AU,AUS
3195,139.6497,-36.1046,AU,AUS
3196,141.7728,-38.2383,AU,AUS
3197,141.3602,-38.2728,AU,AUS
3198,139.9165,-36.659,AU,AUS
3199,142.3112,-38.3357,AU,AUS
3200,141.5664,-38.2558,AU,AUS
3201,171.8473,-43.9676,NZ,NZL
3202,168.1162,-44.4502,NZ,NZL
3203,175.9879,-41.001,NZ,NZL
3204,174.0274,-36.0618,NZ,NZL
3205,149.8556,-36.8146,AU,AUS
3206,174.0283,-41.17,NZ,NZL
3207,175.4189,-37.3608,NZ,NZL
3208,150.056,-36.3366,AU,AUS
3209,149.8598,-37.2595,AU,AUS
3210,171.4484,-44.1077,NZ,NZL
3211,174.1309,-41.8992,NZ,NZL
3212,172.9588,-41.1172,NZ,NZL
3213,174.8813,-37.7365,NZ,NZL
3214,173.1069,-42.9013,NZ,NZL
3215,166.9626,-46.141,NZ,NZL
3216,174.6163,-38.7742,NZ,NZL
3217,145.5501,-42.9378,AU,AUS
3218,146.1991,-43.3024,AU,AUS
3219,175.6297,-36.8071,NZ,NZL
3220,172.6993,-43.2045,NZ,NZL
3221,168.4772,-46.5791,NZ,NZL
3222,174.6615,-36.4282,NZ,NZL
3223,167.5726,-46.1098,NZ,NZL
3224,178.2036,-38.0278,NZ,NZL
3225,168.1473,-46.2342,NZ,NZL
3226,144.6718,-37.9539,AU,AUS
3227,169.6154,-43.6694,NZ,NZL
3228,173.7185,-42.3647,NZ,NZL
3229,174.7633,-37.1634,NZ,NZL
3230,148.0597,-37.8228,AU,AUS
3231,177.0414,-38.0732,NZ,NZL
3232,145.0953,-41.831,AU,AUS
3233,168.0143,-46.8673,NZ,NZL
3234,148.1494,-41.9182,AU,AUS
3235,147.7703,-42.6916,AU,AUS
3236,176.1802,-40.7666,NZ,NZL
3237,176.7184,-37.9014,NZ,NZL
3238,169.0857,-46.5395,NZ,NZL
3239,175.6048,-37.1283,NZ,NZL
3240,172.2421,-41.0763,NZ,NZL
3241,174.5323,-36.0146,NZ,NZL
3242,171.3139,-42.4824,NZ,NZL
3243,174.6909,-39.8282,NZ,NZL
3244,175.1191,-40.8924,NZ,NZL
3245,174.1976,-41.258,NZ,NZL
3246,145.2183,-38.0382,AU,AUS
3247,167.9077,-44.5146,NZ,NZL
3248,174.3593,-36.0843,NZ,NZL
3249,166.0361,-50.763,NZ,NZL
3250,145.631,-42.7858,AU,AUS
3251,147.801,-40.9416,AU,AUS
3252,172.4523,-40.845,NZ,NZL
3253,149.3084,-37.641,AU,AUS
3254,166.9266,-45.408,NZ,NZL
3255,147.3674,-40.9959,AU,AUS
3256,148.8925,-37.7031,AU,AUS
3257,174.8239,-38.3805,NZ,NZL
3258,176.371,-40.5321,NZ,NZL
3259,170.2478,-43.3069,NZ,NZL
3260,146.9351,-43.5106,AU,AUS
3261,166.891,-45.5674,NZ,NZL
3262,174.2416,-39.0786,NZ,NZL
3263,173.9255,-42.132,NZ,NZL
3264,178.1896,-38.3455,NZ,NZL
3265,174.5028,-36.3371,NZ,NZL
3266,177.1473,-39.1155,NZ,NZL
3267,145.711,-41.0428,AU,AUS
3268,144.7095,-41.0026,AU,AUS
3269,144.4643,-37.9767,AU,AUS
3270,148.2294,-41.3247,AU,AUS
3271,145.4823,-38.3,AU,AUS
3272,176.8799,-37.9874,NZ,NZL
3273,167.798,-46.9318,NZ,NZL
3274,176.5571,-37.8149,NZ,NZL
3275,176.9441,-39.6689,NZ,NZL
3276,146.2268,-38.7968,AU,AUS
3277,174.5249,-39.7398,NZ,NZL
3278,170.1407,-46.2029,NZ,NZL
3279,173.0082,-43.7003,NZ,NZL
3280,168.1483,-44.2899,NZ,NZL
3281,175.794,-41.2353,NZ,NZL
3282,149.9226,-36.6553,AU,AUS
3283,174.214,-41.0975,NZ,NZL
3284,169.1791,-43.9629,NZ,NZL
3285,150.1224,-36.1771,AU,AUS
3286,147.5842,-40.969,AU,AUS
3287,172.8095,-40.8657,NZ,NZL
3288,149.1005,-37.6723,AU,AUS
3289,167.1747,-45.1855,NZ,NZL
3290,170.448,-43.239,NZ,NZL
3291,173.3184,-42.6693,NZ,NZL
3292,178.2175,-37.7101,NZ,NZL
3293,170.047,-43.3745,NZ,NZL
3294,146.7108,-43.5353,AU,AUS
3295,174.792,-36.8411,NZ,NZL
3296,174.473,-36.6596,NZ,NZL
3297,177.8431,-38.6555,NZ,NZL
3298,144.749,-37.7993,AU,AUS
3299,145.2735,-38.3241,AU,AUS
3300,148.2244,-41.763,AU,AUS
3301,147.8467,-42.5373,AU,AUS
3302,176.3596,-40.6916,NZ,NZL
3303,175.7771,-37.0564,NZ,NZL
3304,171.3375,-42.3214,NZ,NZL
3305,146.0164,-38.8221,AU,AUS
3306,174.8717,-39.7556,NZ,NZL
3307,145.0647,-38.3478,AU,AUS
3308,172.8126,-43.7721,NZ,NZL
3309,176.7584,-39.9035,NZ,NZL
3310,172.9781,-40.9561,NZ,NZL
3311,170.673,-43.0101,NZ,NZL
3312,176.5493,-40.457,NZ,NZL
3313,178.0572,-37.6261,NZ,NZL
3314,147.2377,-43.3325,AU,AUS
3315,174.6324,-36.7506,NZ,NZL
3316,172.658,-43.5243,NZ,NZL
3317,146.205,-41.2784,AU,AUS
3318,174.3137,-36.5684,NZ,NZL
3319,168.5094,-46.4208,NZ,NZL
3320,147.362,-38.0654,AU,AUS
3321,145.3722,-42.0915,AU,AUS
3322,178.3713,-37.9524,NZ,NZL
3323,145.5387,-38.5858,AU,AUS
3324,145.0052,-40.8277,AU,AUS
3325,174.9378,-37.0924,NZ,NZL
3326,175.6173,-36.9677,NZ,NZL
3327,174.676,-36.267,NZ,NZL
3328,146.7223,-38.5891,AU,AUS
3329,147.9229,-42.3828,AU,AUS
3330,175.1334,-40.7323,NZ,NZL
3331,170.1685,-46.0445,NZ,NZL
3332,145.087,-37.9071,AU,AUS
3333,174.0116,-36.2233,NZ,NZL
3334,172.6372,-43.684,NZ,NZL
3335,174.9065,-41.2862,NZ,NZL
3336,168.3871,-44.0647,NZ,NZL
3337,172.9394,-41.2782,NZ,NZL
3338,145.3503,-42.5262,AU,AUS
3339,170.6113,-45.7489,NZ,NZL
3340,170.4739,-43.0783,NZ,NZL
3341,173.3373,-42.5092,NZ,NZL
3342,178.3844,-37.6349,NZ,NZL
3343,145.6914,-43.0673,AU,AUS
3344,145.2208,-40.8052,AU,AUS
3345,173.8795,-39.2211,NZ,NZL
3346,173.9428,-41.9719,NZ,NZL
3347,147.014,-43.3578,AU,AUS
3348,174.028,-39.4723,NZ,NZL
3349,174.647,-36.5894,NZ,NZL
3350,147.5708,-38.0374,AU,AUS
3351,176.7996,-39.2652,NZ,NZL
3352,145.7483,-38.5613,AU,AUS
3353,169.931,-46.2709,NZ,NZL
3354,177.3202,-39.0405,NZ,NZL
3355,175.3291,-40.4985,NZ,NZL
3356,174.7489,-37.3245,NZ,NZL
3357,175.9133,-37.4657,NZ,NZL
3358,144.7897,-40.8498,AU,AUS
3359,176.1684,-40.9261,NZ,NZL
3360,175.2717,-37.1109,NZ,NZL
3361,177.5436,-38.0095,NZ,NZL
3362,148.2443,-40.0051,AU,AUS
3363,146.9323,-38.5624,AU,AUS
3364,175.5922,-37.289,NZ,NZL
3365,174.5175,-36.1758,NZ,NZL
3366,169.48,-46.564,NZ,NZL
3367,144.3083,-38.285,AU,AUS
3368,171.5556,-42.0912,NZ,NZL
3369,174.7372,-41.1995,NZ,NZL
3370,176.2237,-37.8012,NZ,NZL
3371,149.9895,-36.496,AU,AUS
3372,175.029,-37.9868,NZ,NZL
3373,149.4477,-37.7681,AU,AUS
3374,167.6317,-44.8988,NZ,NZL
3375,170.4041,-45.8176,NZ,NZL
3376,146.5664,-43.4071,AU,AUS
3377,169.4122,-43.736,NZ,NZL
3378,167.3579,-46.1735,NZ,NZL
3379,177.8274,-38.9735,NZ,NZL
3380,173.8627,-39.3824,NZ,NZL
3381,147.8514,-37.8517,AU,AUS
3382,175.4153,-41.5439,NZ,NZL
3383,172.263,-40.9149,NZ,NZL
3384,145.8491,-41.1728,AU,AUS
3385,169.7207,-46.3385,NZ,NZL
3386,177.656,-39.0491,NZ,NZL
3387,170.0199,-43.5351,NZ,NZL
3388,175.2038,-39.9308,NZ,NZL
3389,145.6151,-38.4307,AU,AUS
3390,171.7944,-41.6995,NZ,NZL
3391,148.0742,-42.0733,AU,AUS
3392,175.1116,-37.0213,NZ,NZL
3393,148.0301,-40.0337,AU,AUS
3394,144.7648,-41.2863,AU,AUS
3395,146.362,-38.9268,AU,AUS
3396,169.2678,-46.631,NZ,NZL
3397,144.1001,-38.307,AU,AUS
3398,171.361,-42.1603,NZ,NZL
3399,147.9987,-42.2281,AU,AUS
3400,174.9361,-40.9659,NZ,NZL
3401,147.0062,-38.4061,AU,AUS
3402,145.1416,-38.1931,AU,AUS
3403,147.6936,-42.8457,AU,AUS
3404,171.1742,-44.6562,NZ,NZL
3405,176.0625,-37.7139,NZ,NZL
3406,144.0213,-38.4607,AU,AUS
3407,176.7375,-40.2224,NZ,NZL
3408,174.0113,-41.3305,NZ,NZL
3409,176.9342,-39.8284,NZ,NZL
3410,172.9137,-42.973,NZ,NZL
3411,167.8749,-44.6748,NZ,NZL
3412,170.6378,-45.5902,NZ,NZL
3413,169.2084,-43.8024,NZ,NZL
3414,167.1425,-46.2368,NZ,NZL
3415,173.7364,-42.2046,NZ,NZL
3416,175.5084,-36.2358,NZ,NZL
3417,147.0925,-43.2048,AU,AUS
3418,167.8321,-46.7738,NZ,NZL
3419,146.066,-41.1488,AU,AUS
3420,147.6431,-37.8803,AU,AUS
3421,177.8353,-38.8145,NZ,NZL
3422,175.2455,-41.4584,NZ,NZL
3423,167.9334,-46.2988,NZ,NZL
3424,177.721,-37.7756,NZ,NZL
3425,171.9867,-41.6299,NZ,NZL
3426,177.4925,-38.9653,NZ,NZL
3427,175.0377,-39.8434,NZ,NZL
3428,177.2031,-38.1585,NZ,NZL
3429,168.8728,-46.6058,NZ,NZL
3430,171.6013,-41.7688,NZ,NZL
3431,175.1898,-40.0912,NZ,NZL
3432,177.713,-37.9349,NZ,NZL
3433,175.7649,-37.217,NZ,NZL
3434,147.8895,-39.9056,AU,AUS
3435,144.3864,-38.1309,AU,AUS
3436,171.5785,-41.93,NZ,NZL
3437,172.9882,-43.8598,NZ,NZL
3438,147.4712,-42.8721,AU,AUS
3439,174.9213,-41.1261,NZ,NZL
3440,149.9272,-37.1003,AU,AUS
3441,176.396,-37.7281,NZ,NZL
3442,176.748,-40.063,NZ,NZL
3443,173.8418,-41.2422,NZ,NZL
3444,147.1505,-41.0225,AU,AUS
3445,148.6844,-37.7336,AU,AUS
3446,172.7198,-43.0444,NZ,NZL
3447,167.6652,-44.7388,NZ,NZL
3448,148.2344,-40.8855,AU,AUS
3449,149.7241,-37.5774,AU,AUS
3450,174.7948,-38.7024,NZ,NZL
3451,174.3591,-39.651,NZ,NZL
3452,145.5734,-40.9126,AU,AUS
3453,175.4831,-36.5572,NZ,NZL
3454,174.6178,-36.9118,NZ,NZL
3455,172.1998,-41.3988,NZ,NZL
3456,175.3428,-40.3383,NZ,NZL
3457,175.9252,-37.3053,NZ,NZL
3458,176.7791,-39.5844,NZ,NZL
3459,148.1034,-39.8772,AU,AUS
3460,145.431,-42.374,AU,AUS
3461,149.9846,-36.0506,AU,AUS
3462,147.0798,-38.2496,AU,AUS
3463,168.9742,-44.029,NZ,NZL
3464,171.2902,-42.6432,NZ,NZL
3465,147.7624,-43.1268,AU,AUS
3466,167.4209,-44.9624,NZ,NZL
3467,171.1989,-44.4967,NZ,NZL
3468,174.1477,-41.739,NZ,NZL
3469,174.8955,-37.5755,NZ,NZL
3470,172.641,-40.7748,NZ,NZL
3471,174.4217,-39.007,NZ,NZL
3472,145.4904,-42.6561,AU,AUS
3473,144.0155,-39.6233,AU,AUS
3474,166.9621,-45.2484,NZ,NZL
3475,146.9336,-41.0486,AU,AUS
3476,173.4853,-41.2253,NZ,NZL
3477,148.4762,-37.7637,AU,AUS
3478,166.7829,-46.0448,NZ,NZL
3479,148.0177,-40.9138,AU,AUS
3480,149.5163,-37.6094,AU,AUS
3481,146.0562,-43.1736,AU,AUS
3482,170.8695,-45.3623,NZ,NZL
3483,146.857,-41.2033,AU,AUS
3484,174.1934,-39.5618,NZ,NZL
3485,147.1708,-43.0515,AU,AUS
3486,145.3574,-40.9357,AU,AUS
3487,174.9517,-36.9314,NZ,NZL
3488,177.8894,-37.7009,NZ,NZL
3489,145.8821,-38.6918,AU,AUS
3490,144.9577,-41.7004,AU,AUS
3491,172.0085,-41.4687,NZ,NZL
3492,175.3153,-40.6586,NZ,NZL
3493,174.458,-36.8209,NZ,NZL
3494,170.1962,-45.886,NZ,NZL
3495,175.9014,-37.6261,NZ,NZL
3496,175.2584,-37.2717,NZ,NZL
3497,175.429,-41.3842,NZ,NZL
3498,147.289,-38.2222,AU,AUS
3499,144.8453,-41.1336,AU,AUS
3500,175.9756,-41.1606,NZ,NZL
3501,173.8764,-40.9209,NZ,NZL
3502,168.7686,-44.0947,NZ,NZL
3503,167.2095,-45.0257,NZ,NZL
3504,168.3557,-44.2252,NZ,NZL
3505,173.2975,-41.2968,NZ,NZL
3506,173.9772,-41.6513,NZ,NZL
3507,171.2235,-44.3371,NZ,NZL
3508,172.4728,-40.6836,NZ,NZL
3509,171.1245,-44.9749,NZ,NZL
3510,174.8383,-38.2195,NZ,NZL
3511,149.7921,-37.4185,AU,AUS
3512,178.0132,-38.58,NZ,NZL
3513,166.6037,-45.9482,NZ,NZL
3514,145.8333,-43.1966,AU,AUS
3515,170.6641,-45.4313,NZ,NZL
3516,146.6397,-41.2287,AU,AUS
3517,171.0692,-42.873,NZ,NZL
3518,178.1966,-38.1867,NZ,NZL
3519,148.299,-41.6075,AU,AUS
3520,173.2994,-42.8293,NZ,NZL
3521,146.4223,-41.2538,AU,AUS
3522,167.7528,-46.2045,NZ,NZL
3523,148.0861,-41.1972,AU,AUS
3524,146.3425,-43.431,AU,AUS
3525,168.6909,-46.5135,NZ,NZL
3526,144.9562,-37.7759,AU,AUS
3527,177.3737,-38.0841,NZ,NZL
3528,148.1711,-40.1616,AU,AUS
3529,146.5122,-38.6153,AU,AUS
3530,145.5115,-42.2215,AU,AUS
3531,144.9012,-41.4172,AU,AUS
3532,172.4407,-43.7553,NZ,NZL
3533,174.867,-37.8975,NZ,NZL
3534,175.0759,-41.3725,NZ,NZL
3535,149.7882,-36.9738,AU,AUS
3536,168.5934,-43.9996,NZ,NZL
3537,173.109,-41.3681,NZ,NZL
3538,173.9943,-41.4909,NZ,NZL
3539,174.6012,-38.9352,NZ,NZL
3540,144.0671,-39.9081,AU,AUS
3541,170.9208,-45.0442,NZ,NZL
3542,173.6726,-41.1535,NZ,NZL
3543,166.8191,-45.8858,NZ,NZL
3544,174.8093,-38.5414,NZ,NZL
3545,170.8952,-45.2033,NZ,NZL
3546,170.8714,-42.9417,NZ,NZL
3547,147.2488,-42.8981,AU,AUS
3548,172.6787,-43.3644,NZ,NZL
3549,174.4879,-36.4983,NZ,NZL
3550,148.155,-41.4802,AU,AUS
3551,173.5282,-42.4371,NZ,NZL
3552,175.3565,-40.1781,NZ,NZL
3553,146.1187,-43.4545,AU,AUS
3554,167.9806,-47.0252,NZ,NZL
3555,172.221,-41.2376,NZ,NZL
3556,176.7893,-39.4248,NZ,NZL
3557,172.0458,-43.8971,NZ,NZL
3558,146.3022,-38.6412,AU,AUS
3559,175.6119,-41.3099,NZ,NZL
3560,169.6916,-46.4967,NZ,NZL
3561,144.5166,-38.2626,AU,AUS
3562,174.1857,-36.1539,NZ,NZL
3563,172.2436,-43.8264,NZ,NZL
3564,171.6482,-44.0378,NZ,NZL
3565,174.9097,-37.4145,NZ,NZL
3566,148.2394,-40.4457,AU,AUS
3567,171.248,-44.1773,NZ,NZL
3568,172.661,-40.6135,NZ,NZL
3569,171.1494,-44.8156,NZ,NZL
3570,175.015,-38.1477,NZ,NZL
3571,176.5602,-40.2976,NZ,NZL
3572,178.1826,-38.5044,NZ,NZL
3573,166.8551,-45.7267,NZ,NZL
3574,174.0608,-39.1499,NZ,NZL
3575,171.0935,-42.7122,NZ,NZL
3576,175.7892,-36.8959,NZ,NZL
3577,168.3282,-46.3277,NZ,NZL
3578,176.9738,-39.1905,NZ,NZL
3579,145.2335,-41.9613,AU,AUS
3580,178.3779,-37.7936,NZ,NZL
3581,169.818,-43.6024,NZ,NZL
3582,148.1604,-41.0414,AU,AUS
3583,148.268,-37.7934,AU,AUS
3584,167.7637,-47.0897,NZ,NZL
3585,147.9922,-42.6645,AU,AUS
3586,145.0382,-41.5479,AU,AUS
3587,-109.3718,-27.1103,CL,CHL
3588,-72.0704,-35.1018,CL,CHL
3589,-72.0136,-34.5537,CL,CHL
3590,-72.453,-35.7836,CL,CHL
3591,-72.0278,-34.6912,CL,CHL
3592,-72.2326,-35.1715,CL,CHL
3593,-72.042,-34.8283,CL,CHL
3594,-72.6161,-35.8525,CL,CHL
3595,-72.5868,-35.582,CL,CHL
3596,-72.4095,-35.3771,CL,CHL
3597,-72.4239,-35.5129,CL,CHL
3598,-72.2469,-35.3077,CL,CHL
3599,-72.0562,-34.9652,CL,CHL
3600,-72.6307,-35.9873,CL,CHL
3601,-72.4384,-35.6484,CL,CHL
3602,-50.627,-30.7933,BR,BRA
3603,-71.5196,-31.0979,CL,CHL
3604,-48.7045,-27.4729,BR,BRA
3605,-70.2821,-23.7411,CL,CHL
3606,-69.9861,-19.9612,CL,CHL
3607,-51.1954,-30.0701,BR,BRA
3608,-71.796,-33.9304,CL,CHL
3609,-55.1142,-34.7778,UY,URY
3610,-44.968,-23.25,BR,BRA
3611,-44.8117,-23.0282,BR,BRA
3612,-44.8197,-23.3308,BR,BRA
3613,-48.6505,-25.8929,BR,BRA
3614,-48.6603,-26.1828,BR,BRA
3615,-41.785,-22.3414,BR,BRA
3616,-58.1634,-34.7902,AR,ARG
3617,-58.122,-34.0615,UY,URY
3618,-71.4562,-32.0297,CL,CHL
3619,-43.9057,-22.9049,BR,BRA
3620,-58.4402,-34.6267,AR,ARG
3621,-70.6003,-25.8198,CL,CHL
3622,-58.6532,-33.3614,AR,ARG
3623,-49.3531,-28.8373,BR,BRA
3624,-70.3147,-18.5858,CL,CHL
3625,-71.4153,-31.6008,CL,CHL
3626,-49.8248,-29.4266,BR,BRA
3627,-56.4307,-34.7925,UY,URY
3628,-53.5975,-33.9582,UY,URY
3629,-41.3289,-22.118,BR,BRA
3630,-45.7336,-23.7486,BR,BRA
3631,-71.0933,-28.085,CL,CHL
3632,-57.5662,-34.389,UY,URY
3633,-50.2965,-30.0074,BR,BRA
3634,-48.7193,-27.8976,BR,BRA
3635,-41.1644,-21.4271,BR,BRA
3636,-51.5312,-30.9843,BR,BRA
3637,-52.1528,-31.5916,BR,BRA
3638,-49.5104,-29.0346,BR,BRA
3639,-40.2401,-20.1918,BR,BRA
3640,-70.3953,-25.132,CL,CHL
3641,-70.1858,-20.6728,CL,CHL
3642,-46.7944,-24.0765,BR,BRA
3643,-71.133,-28.5324,CL,CHL
3644,-48.4792,-25.2454,BR,BRA
3645,-42.9992,-22.7761,BR,BRA
3646,-71.6214,-33.7203,CL,CHL
3647,-71.5937,-33.4414,CL,CHL
3648,-58.4124,-34.1412,UY,URY
3649,-45.1244,-23.4709,BR,BRA
3650,-39.7559,-18.2215,BR,BRA
3651,-58.3708,-33.404,UY,URY
3652,-55.5546,-34.7843,UY,URY
3653,-57.2802,-34.4298,UY,URY
3654,-56.1416,-34.831,UY,URY
3655,-71.4739,-28.9766,CL,CHL
3656,-57.6002,-34.9947,AR,ARG
3657,-71.3651,-32.6671,CL,CHL
3658,-48.405,-27.4917,BR,BRA
3659,-40.8548,-20.9658,BR,BRA
3660,-51.2064,-30.3403,BR,BRA
3661,-58.5504,-34.0588,UY,URY
3662,-54.6723,-34.7697,UY,URY
3663,-57.1941,-35.4761,AR,ARG
3664,-50.7788,-30.8479,BR,BRA
3665,-51.9961,-31.4079,BR,BRA
3666,-70.473,-24.2817,CL,CHL
3667,-70.4477,-23.9716,CL,CHL
3668,-52.977,-33.3911,BR,BRA
3669,-51.3467,-30.125,BR,BRA
3670,-71.9712,-34.1397,CL,CHL
3671,-70.7032,-27.035,CL,CHL
3672,-45.1203,-23.3201,BR,BRA
3673,-71.3435,-29.1991,CL,CHL
3674,-71.3788,-32.8083,CL,CHL
3675,-55.2632,-34.8209,UY,URY
3676,-49.1959,-28.639,BR,BRA
3677,-52.1756,-32.1151,BR,BRA
3678,-49.6676,-29.2311,BR,BRA
3679,-57.5082,-35.91,AR,ARG
3680,-41.9371,-22.4155,BR,BRA
3681,-50.3071,-30.2786,BR,BRA
3682,-70.2259,-19.3129,CL,CHL
3683,-50.4643,-30.4693,BR,BRA
3684,-51.0987,-31.3554,BR,BRA
3685,-40.2372,-20.0353,BR,BRA
3686,-41.4809,-22.1927,BR,BRA
3687,-52.6635,-33.0393,UY,URY
3688,-70.1612,-20.3549,CL,CHL
3689,-57.7123,-34.4293,UY,URY
3690,-70.0999,-19.5577,CL,CHL
3691,-39.767,-18.8567,BR,BRA
3692,-51.0495,-30.1503,BR,BRA
3693,-52.3037,-31.6432,BR,BRA
3694,-70.6645,-26.5809,CL,CHL
3695,-71.3032,-28.7548,CL,CHL
3696,-56.7125,-34.6316,UY,URY
3697,-70.5249,-23.1121,CL,CHL
3698,-49.6624,-29.093,BR,BRA
3699,-70.0716,-21.0733,CL,CHL
3700,-45.2767,-23.5407,BR,BRA
3701,-53.435,-33.6603,BR,BRA
3702,-45.2849,-23.8413,BR,BRA
3703,-48.6897,-27.0456,BR,BRA
3704,-46.9465,-24.1438,BR,BRA
3705,-70.2198,-22.9617,CL,CHL
3706,-71.6373,-30.7362,CL,CHL
3707,-48.0287,-25.1982,BR,BRA
3708,-57.8857,-34.9529,AR,ARG
3709,-42.7017,-22.9348,BR,BRA
3710,-71.4699,-32.1721,CL,CHL
3711,-50.134,-29.6782,BR,BRA
3712,-69.9449,-21.3143,CL,CHL
3713,-41.0064,-21.0418,BR,BRA
3714,-58.3985,-33.8967,UY,URY
3715,-39.6053,-18.1427,BR,BRA
3716,-70.6774,-26.7325,CL,CHL
3717,-50.6216,-30.6591,BR,BRA
3718,-71.3166,-28.9031,CL,CHL
3719,-50.9415,-31.169,BR,BRA
3720,-48.6996,-27.3308,BR,BRA
3721,-52.8203,-33.2157,BR,BRA
3722,-54.8218,-34.8134,UY,URY
3723,-71.81,-34.069,CL,CHL
3724,-46.3381,-23.873,BR,BRA
3725,-70.5657,-18.0913,PE,PER
3726,-51.2559,-31.5409,BR,BRA
3727,-52.1471,-31.4599,BR,BRA
3728,-71.651,-30.8812,CL,CHL
3729,-48.0239,-25.0513,BR,BRA
3730,-70.1122,-19.7174,CL,CHL
3731,-71.2531,-29.8614,CL,CHL
3732,-71.5523,-33.0208,CL,CHL
3733,-58.3916,-33.774,UY,URY
3734,-44.6674,-23.2603,BR,BRA
3735,-71.429,-31.7441,CL,CHL
3736,-52.3267,-32.1659,BR,BRA
3737,-49.8196,-29.289,BR,BRA
3738,-53.5914,-33.8329,UY,URY
3739,-50.6162,-30.5247,BR,BRA
3740,-54.2228,-34.637,UY,URY
3741,-40.3943,-20.4251,BR,BRA
3742,-52.8144,-33.0882,BR,BRA
3743,-71.1065,-28.2344,CL,CHL
3744,-48.8914,-28.5196,BR,BRA
3745,-42.0892,-22.4893,BR,BRA
3746,-70.1701,-22.3349,CL,CHL
3747,-58.5643,-34.3023,AR,ARG
3748,-44.3549,-22.8154,BR,BRA
3749,-50.6001,-30.1194,BR,BRA
3750,-48.8269,-26.6779,BR,BRA
3751,-70.3722,-23.037,CL,CHL
3752,-41.0188,-21.6603,BR,BRA
3753,-49.5052,-28.8961,BR,BRA
3754,-50.1445,-29.951,BR,BRA
3755,-40.0803,-19.6439,BR,BRA
3756,-48.1805,-25.263,BR,BRA
3757,-70.8847,-27.4109,CL,CHL
3758,-57.9903,-34.2657,UY,URY
3759,-71.5962,-30.2998,CL,CHL
3760,-45.429,-23.6102,BR,BRA
3761,-58.5434,-33.9365,UY,URY
3762,-42.3971,-22.7888,BR,BRA
3763,-57.1874,-35.3565,AR,ARG
3764,-44.0542,-22.8245,BR,BRA
3765,-48.7341,-28.3195,BR,BRA
3766,-42.0993,-22.9463,BR,BRA
3767,-71.4874,-29.1246,CL,CHL
3768,-50.7843,-30.9816,BR,BRA
3769,-51.7162,-31.8299,BR,BRA
3770,-40.5487,-20.6577,BR,BRA
3771,-57.4674,-35.1957,AR,ARG
3772,-52.9711,-33.2641,BR,BRA
3773,-46.4902,-23.941,BR,BRA
3774,-51.4076,-31.5937,BR,BRA
3775,-51.9904,-31.2757,BR,BRA
3776,-47.8674,-24.8387,BR,BRA
3777,-70.4857,-24.4364,CL,CHL
3778,-53.6035,-34.0832,UY,URY
3779,-58.6741,-33.7311,AR,ARG
3780,-71.3925,-32.9491,CL,CHL
3781,-53.76,-34.2538,UY,URY
3782,-70.1207,-21.7054,CL,CHL
3783,-48.6701,-26.4716,BR,BRA
3784,-48.6456,-25.7475,BR,BRA
3785,-39.7726,-19.173,BR,BRA
3786,-58.3019,-34.7085,AR,ARG
3787,-50.459,-30.3344,BR,BRA
3788,-58.2604,-33.9792,UY,URY
3789,-42.096,-22.7943,BR,BRA
3790,-40.2343,-19.8785,BR,BRA
3791,-54.3728,-34.6815,UY,URY
3792,-40.5457,-20.5018,BR,BRA
3793,-43.6048,-22.9132,BR,BRA
3794,-70.1454,-22.0205,CL,CHL
3795,-43.1479,-22.6964,BR,BRA
3796,-58.5782,-34.5449,AR,ARG
3797,-52.6577,-32.9113,UY,URY
3798,-70.2901,-18.2641,CL,CHL
3799,-57.5014,-35.7917,AR,ARG
3800,-49.0437,-28.5794,BR,BRA
3801,-56.5717,-34.7122,UY,URY
3802,-39.7643,-18.6982,BR,BRA
3803,-51.0933,-31.2227,BR,BRA
3804,-70.4983,-24.5909,CL,CHL
3805,-45.8816,-23.6673,BR,BRA
3806,-44.5072,-22.8865,BR,BRA
3807,-70.5376,-23.2684,CL,CHL
3808,-43.3039,-22.921,BR,BRA
3809,-48.7144,-27.7563,BR,BRA
3810,-70.3701,-24.8243,CL,CHL
3811,-70.0471,-20.7563,CL,CHL
3812,-48.6848,-26.9025,BR,BRA
3813,-46.951,-24.2928,BR,BRA
3814,-52.5008,-32.7335,BR,BRA
3815,-71.5661,-33.1613,CL,CHL
3816,-53.9164,-34.4235,UY,URY
3817,-39.7615,-18.5396,BR,BRA
3818,-55.6967,-34.7047,UY,URY
3819,-70.6903,-26.8838,CL,CHL
3820,-57.3478,-35.6344,AR,ARG
3821,-56.9934,-34.4701,UY,URY
3822,-51.3632,-30.5293,BR,BRA
3823,-50.9361,-31.0358,BR,BRA
3824,-40.7002,-20.7341,BR,BRA
3825,-69.9571,-21.4722,CL,CHL
3826,-70.5502,-23.4244,CL,CHL
3827,-53.1337,-33.5655,BR,BRA
3828,-42.5494,-22.8619,BR,BRA
3829,-48.8864,-28.3798,BR,BRA
3830,-70.1891,-18.8321,CL,CHL
3831,-71.1996,-29.2732,CL,CHL
3832,-49.9768,-29.4841,BR,BRA
3833,-48.0192,-24.904,BR,BRA
3834,-71.0668,-27.7856,CL,CHL
3835,-48.6947,-27.1883,BR,BRA
3836,-70.408,-25.2855,CL,CHL
3837,-70.1244,-19.877,CL,CHL
3838,-71.2666,-30.0078,CL,CHL
3839,-53.9103,-34.2995,UY,URY
3840,-58.3847,-33.6509,UY,URY
3841,-71.2263,-29.5678,CL,CHL
3842,-51.6881,-31.1704,BR,BRA
3843,-52.321,-32.0357,BR,BRA
3844,-40.3914,-20.2689,BR,BRA
3845,-69.9694,-21.63,CL,CHL
3846,-54.9712,-34.8568,UY,URY
3847,-71.5607,-31.5297,CL,CHL
3848,-71.5333,-31.2421,CL,CHL
3849,-71.9853,-34.278,CL,CHL
3850,-58.0247,-34.8716,AR,ARG
3851,-70.2013,-18.9925,CL,CHL
3852,-69.9983,-20.1205,CL,CHL
3853,-70.1825,-22.4919,CL,CHL
3854,-58.5574,-34.1807,AR,ARG
3855,-70.8586,-27.1094,CL,CHL
3856,-53.441,-33.7861,UY,URY
3857,-71.1198,-28.3835,CL,CHL
3858,-56.2895,-34.8726,UY,URY
3859,-50.7518,-30.175,BR,BRA
3860,-70.6388,-26.2772,CL,CHL
3861,-70.6131,-25.9725,CL,CHL
3862,-47.103,-24.3598,BR,BRA
3863,-70.8977,-27.5613,CL,CHL
3864,-57.9834,-34.1437,UY,URY
3865,-71.6099,-30.4455,CL,CHL
3866,-56.8531,-34.551,UY,URY
3867,-48.8219,-26.5342,BR,BRA
3868,-71.438,-30.2269,CL,CHL
3869,-51.3743,-30.7973,BR,BRA
3870,-42.8505,-22.8555,BR,BRA
3871,-54.0666,-34.4687,UY,URY
3872,-43.4562,-22.9931,BR,BRA
3873,-45.4331,-23.7605,BR,BRA
3874,-70.1949,-22.6486,CL,CHL
3875,-71.3243,-32.2421,CL,CHL
3876,-57.4606,-35.0755,AR,ARG
3877,-57.4199,-34.3485,UY,URY
3878,-58.5365,-33.814,UY,URY
3879,-39.7782,-19.4884,BR,BRA
3880,-57.4946,-35.6731,AR,ARG
3881,-47.2596,-24.5748,BR,BRA
3882,-48.7292,-28.1792,BR,BRA
3883,-51.0878,-31.0898,BR,BRA
3884,-40.8517,-20.8104,BR,BRA
3885,-52.3382,-32.4254,BR,BRA
3886,-70.9108,-27.7114,CL,CHL
3887,-41.025,-21.9681,BR,BRA
3888,-70.5747,-25.5139,CL,CHL
3889,-53.2844,-33.6131,BR,BRA
3890,-58.6672,-33.6082,AR,ARG
3891,-53.7539,-34.1293,UY,URY
3892,-48.6652,-26.3274,BR,BRA
3893,-70.4279,-18.1778,PE,PER
3894,-51.8393,-31.2232,BR,BRA
3895,-71.506,-30.9534,CL,CHL
3896,-49.9821,-29.6211,BR,BRA
3897,-48.6407,-25.6018,BR,BRA
3898,-39.7698,-19.015,BR,BRA
3899,-42.0926,-22.6419,BR,BRA
3900,-70.1578,-22.1778,CL,CHL
3901,-70.1331,-21.863,CL,CHL
3902,-58.5713,-34.4236,AR,ARG
3903,-44.8157,-23.1796,BR,BRA
3904,-48.6554,-26.038,BR,BRA
3905,-70.3024,-18.425,CL,CHL
3906,-71.4426,-31.887,CL,CHL
3907,-70.511,-24.7453,CL,CHL
3908,-70.5875,-25.6669,CL,CHL
3909,-58.6602,-33.485,AR,ARG
3910,-46.0338,-23.7361,BR,BRA
3911,-70.327,-18.7464,CL,CHL
3912,-47.5636,-24.7072,BR,BRA
3913,-57.3682,-35.9898,AR,ARG
3914,-50.9034,-30.2304,BR,BRA
3915,-51.5256,-30.851,BR,BRA
3916,-48.7094,-27.6148,BR,BRA
3917,-70.3827,-24.9783,CL,CHL
3918,-44.2065,-22.896,BR,BRA
3919,-51.8675,-31.8818,BR,BRA
3920,-52.4951,-32.6047,BR,BRA
3921,-50.3018,-30.1432,BR,BRA
3922,-48.7242,-28.0385,BR,BRA
3923,-41.1675,-21.5815,BR,BRA
3924,-71.28,-30.1539,CL,CHL
3925,-71.5799,-33.3015,CL,CHL
3926,-43.3002,-22.7689,BR,BRA
3927,-70.1735,-20.5139,CL,CHL
3928,-39.7587,-18.3806,BR,BRA
3929,-48.3275,-25.1809,BR,BRA
3930,-55.8451,-34.7471,UY,URY
3931,-48.4841,-25.3918,BR,BRA
3932,-51.3577,-30.3948,BR,BRA
3933,-43.0028,-22.9282,BR,BRA
3934,-71.6075,-33.581,CL,CHL
3935,-54.2166,-34.5137,UY,URY
3936,-57.3275,-35.2762,AR,ARG
3937,-57.341,-35.5153,AR,ARG
3938,-47.4116,-24.6412,BR,BRA
3939,-52.4893,-32.4756,BR,BRA
3940,-71.3515,-32.5258,CL,CHL
3941,-71.0801,-27.9354,CL,CHL
3942,-41.1769,-22.0431,BR,BRA
3943,-70.0838,-21.2315,CL,CHL
3944,-70.4207,-25.4389,CL,CHL
3945,-53.1278,-33.4391,BR,BRA
3946,-39.9292,-19.5662,BR,BRA
3947,-46.1903,-23.9544,BR,BRA
3948,-71.2397,-29.7147,CL,CHL
3949,-51.6825,-31.0375,BR,BRA
3950,-71.213,-29.4206,CL,CHL
3951,-57.7396,-34.9137,AR,ARG
3952,-70.4603,-24.1268,CL,CHL
3953,-70.4351,-23.8163,CL,CHL
3954,-51.3522,-30.26,BR,BRA
3955,-58.3777,-33.5276,UY,URY
3956,-44.6594,-22.9575,BR,BRA
3957,-70.7037,-18.0045,PE,PER
3958,-52.3152,-31.9052,BR,BRA
3959,-71.547,-31.386,CL,CHL
3960,-41.6329,-22.2671,BR,BRA
3961,-71.9994,-34.416,CL,CHL
3962,-70.2136,-19.1527,CL,CHL
3963,-70.0104,-20.2797,CL,CHL
3964,-43.7534,-22.8331,BR,BRA
3965,-70.8716,-27.2603,CL,CHL
3966,-58.5086,-33.3209,UY,URY
3967,-49.2009,-28.7782,BR,BRA
3968,-46.1859,-23.8046,BR,BRA
3969,-47.7155,-24.7731,BR,BRA
3970,-52.5066,-32.862,BR,BRA
3971,-50.3124,-30.4137,BR,BRA
3972,-70.6516,-26.4292,CL,CHL
3973,-45.5813,-23.6795,BR,BRA
3974,-70.6259,-26.1249,CL,CHL
3975,-71.2898,-28.6062,CL,CHL
3976,-52.0188,-31.9334,BR,BRA
3977,-50.4537,-30.1991,BR,BRA
3978,-48.4938,-25.6838,BR,BRA
3979,-41.0126,-21.3516,BR,BRA
3980,-70.0877,-19.3978,CL,CHL
3981,-51.3688,-30.6634,BR,BRA
3982,-52.3095,-31.7743,BR,BRA
3983,-40.0831,-19.8011,BR,BRA
3984,-46.6423,-24.0089,BR,BRA
3985,-70.2073,-22.8053,CL,CHL
3986,-50.4697,-30.604,BR,BRA
3987,-57.8514,-34.3476,UY,URY
3988,-55.9934,-34.7892,UY,URY
3989,-48.6358,-25.4558,BR,BRA
3990,-48.6799,-26.7592,BR,BRA
3991,-70.2696,-23.5856,CL,CHL
3992,-71.3379,-32.3841,CL,CHL
3993,-71.7821,-33.7914,CL,CHL
3994,-70.0593,-20.9148,CL,CHL
3995,-55.4058,-34.7415,UY,URY
3996,-71.6236,-30.591,CL,CHL
3997,-47.255,-24.4265,BR,BRA
3998,-57.1336,-34.389,UY,URY
3999,-52.3325,-32.2958,BR,BRA
4000,-41.0219,-21.8143,BR,BRA
4001,-50.1393,-29.8147,BR,BRA
4002,-70.4099,-23.5051,CL,CHL
4003,-41.0095,-21.1968,BR,BRA
4004,-42.2482,-22.8677,BR,BRA
4005,-39.7754,-19.3308,BR,BRA
4006,-54.5226,-34.7257,UY,URY
4007,13.7601,-21.3582,NA,NAM
4008,32.5037,-28.0871,ZA,ZAF
4009,18.1423,-32.8972,ZA,ZAF
4010,16.7025,-28.9025,ZA,ZAF
4011,12.8685,-19.6913,NA,NAM
4012,18.464,-34.0859,ZA,ZAF
4013,12.4795,-18.7941,NA,NAM
4014,35.3907,-23.6825,MZ,MOZ
4015,15.5995,-27.6735,NA,NAM
4016,31.7273,-28.8866,ZA,ZAF
4017,14.8174,-24.7004,NA,NAM
4018,16.5571,-28.6148,NA,NAM
4019,15.2781,-26.6804,NA,NAM
4020,23.5746,-33.8634,ZA,ZAF
4021,11.8358,-18.0007,NA,NAM
4022,32.2087,-28.49,ZA,ZAF
4023,35.4069,-23.1189,MZ,MOZ
4024,27.228,-33.3471,ZA,ZAF
4025,34.8556,-20.6959,MZ,MOZ
4026,22.1285,-34.1153,ZA,ZAF
4027,16.3084,-28.4462,NA,NAM
4028,28.4178,-32.6291,ZA,ZAF
4029,18.755,-33.9959,ZA,ZAF
4030,17.8859,-31.1781,ZA,ZAF
4031,18.3872,-33.9494,ZA,ZAF
4032,29.2231,-31.8786,ZA,ZAF
4033,35.4231,-22.5534,MZ,MOZ
4034,20.3929,-34.4425,ZA,ZAF
4035,25.0007,-33.8477,ZA,ZAF
4036,18.1119,-33.1497,ZA,ZAF
4037,34.6123,-19.9751,MZ,MOZ
4038,22.4226,-34.0159,ZA,ZAF
4039,15.0303,-25.8276,NA,NAM
4040,14.6398,-23.2934,NA,NAM
4041,32.5992,-25.8844,MZ,MOZ
4042,30.9298,-29.9447,ZA,ZAF
4043,35.2425,-19.554,MZ,MOZ
4044,17.8109,-31.0373,ZA,ZAF
4045,31.3433,-29.1478,ZA,ZAF
4046,29.6315,-31.3672,ZA,ZAF
4047,24.895,-33.968,ZA,ZAF
4048,14.9605,-25.6809,NA,NAM
4049,18.9095,-34.2683,ZA,ZAF
4050,23.174,-34.0843,ZA,ZAF
4051,32.5157,-27.814,ZA,ZAF
4052,34.2757,-24.7954,MZ,MOZ
4053,26.8298,-33.5823,ZA,ZAF
4054,18.0359,-33.0117,ZA,ZAF
4055,15.2457,-26.9468,NA,NAM
4056,14.9561,-24.9952,NA,NAM
4057,28.022,-32.8704,ZA,ZAF
4058,19.2791,-34.3134,ZA,ZAF
4059,32.9864,-25.3348,MZ,MOZ
4060,24.2225,-34.0443,ZA,ZAF
4061,14.6432,-23.9861,NA,NAM
4062,35.297,-23.8226,MZ,MOZ
4063,30.0223,-31.1165,ZA,ZAF
4064,35.4311,-22.27,MZ,MOZ
4065,13.0983,-19.8642,NA,NAM
4066,19.9923,-34.6497,ZA,ZAF
4067,24.6002,-34.0737,ZA,ZAF
4068,23.4685,-33.9822,ZA,ZAF
4069,14.5001,-22.3002,NA,NAM
4070,32.8439,-26.5824,MZ,MOZ
4071,32.11,-28.6238,ZA,ZAF
4072,35.415,-22.8364,MZ,MOZ
4073,27.1236,-33.4703,ZA,ZAF
4074,18.0363,-31.4592,ZA,ZAF
4075,18.461,-32.5519,ZA,ZAF
4076,17.1422,-29.7613,ZA,ZAF
4077,15.1753,-26.8011,NA,NAM
4078,30.427,-30.5982,ZA,ZAF
4079,35.3135,-23.2594,MZ,MOZ
4080,22.7166,-33.9156,ZA,ZAF
4081,20.2857,-34.5569,ZA,ZAF
4082,33.2643,-25.2003,MZ,MOZ
4083,13.0328,-19.7146,NA,NAM
4084,12.1246,-18.3225,NA,NAM
4085,13.3615,-20.4622,NA,NAM
4086,35.3298,-22.6943,MZ,MOZ
4087,12.8034,-19.5418,NA,NAM
4088,32.5021,-26.0213,MZ,MOZ
4089,30.8295,-30.0759,ZA,ZAF
4090,35.0242,-20.9842,MZ,MOZ
4091,21.3533,-34.2921,ZA,ZAF
4092,34.7978,-19.6909,MZ,MOZ
4093,20.9798,-34.253,ZA,ZAF
4094,30.9441,-29.6764,ZA,ZAF
4095,24.7893,-34.0879,ZA,ZAF
4096,14.6105,-24.2574,NA,NAM
4097,32.8323,-26.8583,SZ,SWZ
4098,15.917,-27.9882,NA,NAM
4099,32.4177,-27.9489,ZA,ZAF
4100,34.1805,-24.9341,MZ,MOZ
4101,27.9184,-32.9951,ZA,ZAF
4102,14.6039,-22.8717,NA,NAM
4103,12.4151,-18.6445,NA,NAM
4104,35.3052,-23.5412,MZ,MOZ
4105,13.5602,-20.9103,NA,NAM
4106,35.2695,-21.7001,MZ,MOZ
4107,17.438,-30.3303,ZA,ZAF
4108,26.3462,-33.6818,ZA,ZAF
4109,12.6087,-19.0932,NA,NAM
4110,19.8851,-34.7632,ZA,ZAF
4111,16.4846,-28.4708,NA,NAM
4112,16.6298,-28.7587,NA,NAM
4113,25.9677,-33.6578,ZA,ZAF
4114,32.8898,-25.4725,MZ,MOZ
4115,14.5418,-24.1095,NA,NAM
4116,32.8554,-26.3058,MZ,MOZ
4117,18.3548,-32.6673,ZA,ZAF
4118,16.2362,-28.302,NA,NAM
4119,15.2078,-26.5344,NA,NAM
4120,23.8452,-34.0138,ZA,ZAF
4121,12.0608,-18.173,NA,NAM
4122,30.326,-30.7282,ZA,ZAF
4123,34.4563,-24.7973,MZ,MOZ
4124,13.4939,-20.761,NA,NAM
4125,14.1962,-21.9785,NA,NAM
4126,18.4909,-32.2973,ZA,ZAF
4127,20.6863,-34.3482,ZA,ZAF
4128,34.6874,-20.4068,MZ,MOZ
4129,20.1785,-34.6709,ZA,ZAF
4130,14.5713,-23.145,NA,NAM
4131,35.7851,-18.9862,MZ,MOZ
4132,19.4351,-34.5845,ZA,ZAF
4133,35.4682,-24.1043,MZ,MOZ
4134,29.1206,-32.0058,ZA,ZAF
4135,17.736,-30.8963,ZA,ZAF
4136,14.8909,-25.534,NA,NAM
4137,30.7291,-30.2069,ZA,ZAF
4138,21.7276,-34.3301,ZA,ZAF
4139,14.1287,-21.8294,NA,NAM
4140,17.5867,-30.6137,ZA,ZAF
4141,17.96,-32.8735,ZA,ZAF
4142,27.6254,-33.1098,ZA,ZAF
4143,16.9217,-29.3327,ZA,ZAF
4144,25.1897,-33.8613,ZA,ZAF
4145,32.7349,-26.9944,SZ,SWZ
4146,23.2803,-33.966,ZA,ZAF
4147,18.3408,-33.5623,ZA,ZAF
4148,14.6364,-22.598,NA,NAM
4149,32.6137,-27.679,ZA,ZAF
4150,31.2437,-29.2803,ZA,ZAF
4151,13.927,-21.3819,NA,NAM
4152,14.5746,-23.838,NA,NAM
4153,32.7583,-26.4425,MZ,MOZ
4154,35.1765,-21.8414,MZ,MOZ
4155,33.8186,-24.9295,MZ,MOZ
4156,34.6784,-20.6932,MZ,MOZ
4157,32.0113,-28.7575,ZA,ZAF
4158,21.9411,-34.0971,ZA,ZAF
4159,28.229,-32.6202,ZA,ZAF
4160,14.4321,-22.1512,NA,NAM
4161,18.293,-31.6226,ZA,ZAF
4162,18.2486,-32.7824,ZA,ZAF
4163,35.1006,-24.3827,MZ,MOZ
4164,28.7269,-32.2512,ZA,ZAF
4165,18.3848,-32.4131,ZA,ZAF
4166,13.2955,-20.3127,NA,NAM
4167,22.9859,-34.0676,ZA,ZAF
4168,34.6962,-20.1201,MZ,MOZ
4169,12.7383,-19.3922,NA,NAM
4170,14.6072,-23.566,NA,NAM
4171,34.9399,-20.8401,MZ,MOZ
4172,35.3744,-24.2441,MZ,MOZ
4173,14.3643,-22.0022,NA,NAM
4174,34.9313,-21.1258,MZ,MOZ
4175,22.2351,-33.9981,ZA,ZAF
4176,32.4055,-28.2216,ZA,ZAF
4177,17.0685,-29.6186,ZA,ZAF
4178,26.6404,-33.5711,ZA,ZAF
4179,31.6281,-29.0197,ZA,ZAF
4180,27.5214,-33.2337,ZA,ZAF
4181,29.9208,-31.2454,ZA,ZAF
4182,32.7466,-26.7187,MZ,MOZ
4183,14.5356,-22.723,NA,NAM
4184,32.6255,-27.405,ZA,ZAF
4185,17.3638,-30.1884,ZA,ZAF
4186,14.9235,-25.2649,NA,NAM
4187,35.3988,-23.4009,MZ,MOZ
4188,15.3868,-27.2379,NA,NAM
4189,25.568,-33.8877,ZA,ZAF
4190,31.144,-29.4126,ZA,ZAF
4191,12.544,-18.9436,NA,NAM
4192,31.03,-29.8133,ZA,ZAF
4193,24.0338,-34.0292,ZA,ZAF
4194,35.1848,-21.5568,MZ,MOZ
4195,35.253,-22.2684,MZ,MOZ
4196,31.9123,-28.8909,ZA,ZAF
4197,35.4264,-19.2691,MZ,MOZ
4198,13.2296,-20.1632,NA,NAM
4199,24.4113,-34.0591,ZA,ZAF
4200,23.7629,-33.8792,ZA,ZAF
4201,32.3933,-28.4937,ZA,ZAF
4202,26.9343,-33.4595,ZA,ZAF
4203,35.0063,-24.5221,MZ,MOZ
4204,13.4276,-20.6116,NA,NAM
4205,21.8344,-34.2137,ZA,ZAF
4206,28.624,-32.3775,ZA,ZAF
4207,17.2898,-30.0462,ZA,ZAF
4208,28.1256,-32.7455,ZA,ZAF
4209,18.4148,-32.1581,ZA,ZAF
4210,15.1376,-26.3882,NA,NAM
4211,15.5285,-27.5285,NA,NAM
4212,18.571,-33.9728,ZA,ZAF
4213,35.1002,-21.4133,MZ,MOZ
4214,34.6033,-20.2621,MZ,MOZ
4215,33.5417,-25.0652,MZ,MOZ
4216,29.5296,-31.4955,ZA,ZAF
4217,35.3826,-23.9635,MZ,MOZ
4218,32.3071,-28.3559,ZA,ZAF
4219,14.503,-22.9964,NA,NAM
4220,14.506,-23.6899,NA,NAM
4221,19.357,-34.4491,ZA,ZAF
4222,14.0614,-21.6803,NA,NAM
4223,17.5123,-30.4721,ZA,ZAF
4224,18.3388,-32.0187,ZA,ZAF
4225,17.6613,-30.7551,ZA,ZAF
4226,31.5287,-29.1526,ZA,ZAF
4227,16.8485,-29.1894,ZA,ZAF
4228,35.0664,-19.5514,MZ,MOZ
4229,29.8191,-31.3741,ZA,ZAF
4230,14.7483,-24.5528,NA,NAM
4231,32.8207,-27.1336,ZA,ZAF
4232,19.0942,-34.291,ZA,ZAF
4233,15.742,-27.9632,NA,NAM
4234,18.2644,-33.4249,ZA,ZAF
4235,32.5278,-27.5403,ZA,ZAF
4236,33.9996,-24.9319,MZ,MOZ
4237,26.5356,-33.6934,ZA,ZAF
4238,25.4626,-34.0085,ZA,ZAF
4239,27.7293,-32.9855,ZA,ZAF
4240,25.7786,-33.6453,ZA,ZAF
4241,12.2526,-18.6215,NA,NAM
4242,13.6934,-21.209,NA,NAM
4243,35.2613,-21.9845,MZ,MOZ
4244,35.2804,-24.3837,MZ,MOZ
4245,26.1569,-33.6699,ZA,ZAF
4246,35.3346,-19.4116,MZ,MOZ
4247,31.0441,-29.5446,ZA,ZAF
4248,19.6991,-34.7416,ZA,ZAF
4249,16.7755,-29.046,ZA,ZAF
4250,33.168,-25.3382,MZ,MOZ
4251,11.8993,-18.15,NA,NAM
4252,12.0266,-18.4488,NA,NAM
4253,32.6728,-26.3023,MZ,MOZ
4254,18.2173,-31.4825,ZA,ZAF
4255,34.5943,-20.5487,MZ,MOZ
4256,15.6707,-27.8184,NA,NAM
4257,14.8867,-24.8478,NA,NAM
4258,16.0605,-28.2772,NA,NAM
4259,34.7316,-24.6599,MZ,MOZ
4260,18.6009,-33.7226,ZA,ZAF
4261,21.2464,-34.4078,ZA,ZAF
4262,22.9044,-33.9327,ZA,ZAF
4263,28.521,-32.5034,ZA,ZAF
4264,33.4457,-25.2033,MZ,MOZ
4265,18.8322,-34.1322,ZA,ZAF
4266,29.4275,-31.6234,ZA,ZAF
4267,35.6098,-18.9839,MZ,MOZ
4268,17.961,-31.3188,ZA,ZAF
4269,20.4999,-34.3278,ZA,ZAF
4270,16.9951,-29.4757,ZA,ZAF
4271,30.6285,-30.3376,ZA,ZAF
4272,12.6734,-19.2427,NA,NAM
4273,14.5387,-23.4177,NA,NAM
4274,18.1881,-33.2874,ZA,ZAF
4275,32.7931,-25.61,MZ,MOZ
4276,21.5404,-34.3112,ZA,ZAF
4277,28.9324,-31.998,ZA,ZAF
4278,18.3687,-31.7625,ZA,ZAF
4279,15.1001,-25.9742,NA,NAM
4280,34.9741,-19.6937,MZ,MOZ
4281,21.1665,-34.2727,ZA,ZAF
4282,32.7232,-27.2694,ZA,ZAF
4283,14.8541,-25.1178,NA,NAM
4284,15.3162,-27.0924,NA,NAM
4285,35.8764,-18.8434,MZ,MOZ
4286,30.2249,-30.8579,ZA,ZAF
4287,35.1682,-22.1256,MZ,MOZ
4288,13.1639,-20.0137,NA,NAM
4289,25.6734,-33.7667,ZA,ZAF
4290,35.5002,-22.9783,MZ,MOZ
4291,17.2159,-29.9039,ZA,ZAF
4292,33.7229,-25.0679,MZ,MOZ
4293,14.5682,-22.4491,NA,NAM
4294,34.6369,-24.799,MZ,MOZ
4295,15.0676,-26.242,NA,NAM
4296,15.4576,-27.3833,NA,NAM
4297,18.4941,-33.8362,ZA,ZAF
4298,35.0157,-21.2697,MZ,MOZ
4299,29.3254,-31.7512,ZA,ZAF
4300,35.5161,-22.4124,MZ,MOZ
4301,14.9977,-26.0956,NA,NAM
4302,30.5278,-30.468,ZA,ZAF
4303,12.1886,-18.472,NA,NAM
4304,35.5182,-19.1265,MZ,MOZ
4305,32.6962,-25.7473,MZ,MOZ
4306,34.7051,-19.8331,MZ,MOZ
4307,20.8728,-34.3684,ZA,ZAF
4308,22.529,-33.8983,ZA,ZAF
4309,28.8297,-32.1248,ZA,ZAF
4310,18.263,-31.8792,ZA,ZAF
4311,14.9931,-25.412,NA,NAM
4312,14.6794,-24.4051,NA,NAM
4313,32.5874,-26.1619,MZ,MOZ
4314,19.6207,-34.6065,ZA,ZAF
4315,13.9941,-21.5311,NA,NAM
4316,27.3322,-33.2236,ZA,ZAF
4317,25.3788,-33.8747,ZA,ZAF
4318,15.9887,-28.1328,NA,NAM
4319,18.5241,-33.5856,ZA,ZAF
4320,34.9119,-24.6614,MZ,MOZ
4321,30.1237,-30.9873,ZA,ZAF
4322,13.6267,-21.0597,NA,NAM
4323,43.6295,-23.2373,MG,MDG
4324,43.4549,-22.6928,MG,MDG
4325,47.2577,-24.246,MG,MDG
4326,47.8638,-22.3069,MG,MDG
4327,43.6157,-21.5766,MG,MDG
4328,43.7157,-23.371,MG,MDG
4329,47.1054,-24.7958,MG,MDG
4330,47.4946,-23.8237,MG,MDG
4331,55.2623,-21.0652,RE,REU
4332,43.281,-22.1457,MG,MDG
4333,43.8964,-24.459,MG,MDG
4334,47.6445,-23.2719,MG,MDG
4335,44.0872,-18.203,MG,MDG
4336,44.5159,-19.4505,MG,MDG
4337,44.0304,-20.8643,MG,MDG
4338,48.3872,-20.7731,MG,MDG
4339,43.6134,-21.2984,MG,MDG
4340,43.7133,-23.0956,MG,MDG
4341,44.7583,-25.2263,MG,MDG
4342,55.5024,-20.9012,RE,REU
4343,47.2644,-24.5148,MG,MDG
4344,44.0728,-24.9948,MG,MDG
4345,45.0151,-25.3457,MG,MDG
4346,43.7182,-23.6459,MG,MDG
4347,47.185,-24.6554,MG,MDG
4348,47.5732,-23.6828,MG,MDG
4349,47.9414,-22.1656,MG,MDG
4350,44.5193,-19.7297,MG,MDG
4351,45.6921,-25.3013,MG,MDG
4352,48.6828,-19.9343,MG,MDG
4353,49.05,-18.954,MG,MDG
4354,49.1991,-18.6713,MG,MDG
4355,46.6124,-25.1015,MG,MDG
4356,48.1653,-21.4697,MG,MDG
4357,44.1686,-18.0601,MG,MDG
4358,43.3649,-22.0035,MG,MDG
4359,36.5887,-18.2756,MZ,MOZ
4360,45.441,-25.453,MG,MDG
4361,43.3689,-22.558,MG,MDG
4362,48.3952,-21.0454,MG,MDG
4363,44.1128,-20.7218,MG,MDG
4364,43.541,-22.8273,MG,MDG
4365,36.3172,-18.7045,MZ,MOZ
4366,48.4634,-20.6316,MG,MDG
4367,43.9832,-24.591,MG,MDG
4368,48.8337,-19.6514,MG,MDG
4369,44.4175,-25.2467,MG,MDG
4370,44.3592,-20.294,MG,MDG
4371,43.8021,-23.5044,MG,MDG
4372,44.5226,-20.0087,MG,MDG
4373,47.7155,-22.8604,MG,MDG
4374,48.7583,-19.7929,MG,MDG
4375,49.1246,-18.8126,MG,MDG
4376,55.3578,-21.197,RE,REU
4377,49.2733,-18.53,MG,MDG
4378,57.5729,-20.2605,MU,MUS
4379,43.723,-24.1944,MG,MDG
4380,47.0257,-24.9363,MG,MDG
4381,48.173,-21.7415,MG,MDG
4382,44.1715,-18.341,MG,MDG
4383,43.4486,-21.8612,MG,MDG
4384,46.0289,-25.278,MG,MDG
4385,55.6222,-21.3129,RE,REU
4386,57.672,-20.3916,MU,MUS
4387,44.2559,-18.4788,MG,MDG
4388,36.2264,-18.8474,MZ,MOZ
4389,55.5983,-21.0329,RE,REU
4390,36.0514,-18.8455,MZ,MOZ
4391,48.5395,-20.4901,MG,MDG
4392,48.9088,-19.5099,MG,MDG
4393,43.5301,-21.4408,MG,MDG
4394,49.2645,-18.2567,MG,MDG
4395,44.441,-20.1513,MG,MDG
4396,45.1021,-25.4752,MG,MDG
4397,44.6041,-19.866,MG,MDG
4398,47.7227,-23.1309,MG,MDG
4399,57.6433,-20.1105,MU,MUS
4400,48.2499,-21.6001,MG,MDG
4401,48.6072,-20.0758,MG,MDG
4402,49.3475,-18.3888,MG,MDG
4403,44.262,-19.0396,MG,MDG
4404,46.1102,-25.1376,MG,MDG
4405,48.0187,-22.0243,MG,MDG
4406,55.6944,-21.1647,RE,REU
4407,43.5322,-21.7189,MG,MDG
4408,47.3368,-24.1053,MG,MDG
4409,44.2589,-18.7593,MG,MDG
4410,44.0699,-24.7227,MG,MDG
4411,43.782,-21.2918,MG,MDG
4412,44.2437,-24.9852,MG,MDG
4413,49.3385,-18.1154,MG,MDG
4414,47.8008,-22.9898,MG,MDG
4415,43.7206,-23.9204,MG,MDG
4416,45.8606,-25.2897,MG,MDG
4417,48.6154,-20.3486,MG,MDG
4418,44.3434,-18.8967,MG,MDG
4419,48.0959,-21.8829,MG,MDG
4420,36.8529,-18.1341,MZ,MOZ
4421,45.6101,-25.4416,MG,MDG
4422,47.4158,-23.9645,MG,MDG
4423,48.9003,-19.2368,MG,MDG
4424,44.3403,-18.6164,MG,MDG
4425,43.865,-21.1493,MG,MDG
4426,44.588,-25.2366,MG,MDG
4427,57.7425,-20.2415,MU,MUS
4428,43.8046,-23.779,MG,MDG
4429,48.2421,-21.3283,MG,MDG
4430,36.4984,-18.4186,MZ,MOZ
4431,55.526,-21.1809,RE,REU
4432,55.3347,-20.9174,RE,REU
4433,48.6911,-20.2071,MG,MDG
4434,46.4453,-25.1137,MG,MDG
4435,44.3466,-19.1767,MG,MDG
4436,46.7793,-25.0892,MG,MDG
4437,55.7909,-21.2966,RE,REU
4438,43.8097,-24.3268,MG,MDG
4439,44.1951,-20.5792,MG,MDG
4440,36.7628,-18.2772,MZ,MOZ
4441,43.3669,-22.2809,MG,MDG
4442,48.9753,-19.0954,MG,MDG
4443,45.2717,-25.4642,MG,MDG
4444,44.4312,-19.3137,MG,MDG
4445,43.3708,-22.8347,MG,MDG
4446,47.1784,-24.3867,MG,MDG
4447,47.7934,-22.7192,MG,MDG
4448,44.3306,-25.1161,MG,MDG
4449,44.1568,-24.8541,MG,MDG
4450,43.6271,-22.9615,MG,MDG
4451,43.8072,-24.0532,MG,MDG
4452,48.3187,-21.1868,MG,MDG
4453,44.9282,-25.2159,MG,MDG
4454,47.7861,-22.4482,MG,MDG
4455,36.4078,-18.5616,MZ,MOZ
4456,57.4034,-20.2793,MU,MUS
4457,47.4876,-23.5539,MG,MDG
4458,46.8594,-24.9488,MG,MDG
4459,44.2772,-20.4366,MG,MDG
4460,46.2779,-25.1258,MG,MDG
4461,47.5661,-23.413,MG,MDG
4462,48.9838,-19.3685,MG,MDG
4463,48.3108,-20.9146,MG,MDG
4464,57.5022,-20.4105,MU,MUS
4465,44.4345,-19.5932,MG,MDG
4466,43.2828,-22.423,MG,MDG
4467,43.9478,-21.0068,MG,MDG
4468,47.8712,-22.578,MG,MDG
4469,115.8619,-34.6158,AU,AUS
4470,121.7882,-33.7671,AU,AUS
4471,121.3834,-19.4709,AU,AUS
4472,121.4654,-33.7477,AU,AUS
4473,137.2263,-35.6954,AU,AUS
4474,114.1849,-27.9465,AU,AUS
4475,113.8231,-23.0016,AU,AUS
4476,119.7266,-20.0209,AU,AUS
4477,129.8572,-31.5137,AU,AUS
4478,119.8714,-20.0148,AU,AUS
4479,115.8144,-34.4842,AU,AUS
4480,124.939,-32.7129,AU,AUS
4481,137.7366,-34.8093,AU,AUS
4482,114.0805,-22.0388,AU,AUS
4483,118.959,-20.1673,AU,AUS
4484,116.4264,-20.9206,AU,AUS
4485,127.1644,-32.2118,AU,AUS
4486,135.1714,-33.8244,AU,AUS
4487,121.8808,-18.6048,AU,AUS
4488,132.3386,-31.9923,AU,AUS
4489,115.7403,-21.2657,AU,AUS
4490,137.6708,-32.9627,AU,AUS
4491,138.5965,-34.6065,AU,AUS
4492,114.1416,-25.7313,AU,AUS
4493,117.3073,-20.7897,AU,AUS
4494,113.8175,-22.3606,AU,AUS
4495,119.5339,-20.1452,AU,AUS
4496,117.0278,-20.796,AU,AUS
4497,135.8771,-34.4936,AU,AUS
4498,132.067,-31.8639,AU,AUS
4499,137.6616,-33.9596,AU,AUS
4500,137.8789,-34.2295,AU,AUS
4501,138.05,-32.9343,AU,AUS
4502,126.4848,-32.2068,AU,AUS
4503,118.8333,-34.4475,AU,AUS
4504,133.7955,-32.2092,AU,AUS
4505,137.0541,-35.9895,AU,AUS
4506,123.9937,-33.0818,AU,AUS
4507,138.29,-35.4859,AU,AUS
4508,115.2213,-30.621,AU,AUS
4509,115.0818,-29.3674,AU,AUS
4510,123.9715,-33.3456,AU,AUS
4511,114.9709,-29.8892,AU,AUS
4512,125.811,-32.1982,AU,AUS
4513,113.8691,-23.2143,AU,AUS
4514,114.6848,-28.6137,AU,AUS
4515,115.7448,-32.1143,AU,AUS
4516,134.767,-33.282,AU,AUS
4517,136.1537,-34.3373,AU,AUS
4518,138.9624,-35.2953,AU,AUS
4519,113.816,-26.7943,AU,AUS
4520,138.1547,-34.0673,AU,AUS
4521,117.9633,-20.545,AU,AUS
4522,137.3733,-35.1174,AU,AUS
4523,121.5327,-19.1055,AU,AUS
4524,133.5173,-32.0827,AU,AUS
4525,113.9908,-21.93,AU,AUS
4526,125.6266,-32.4618,AU,AUS
4527,115.7718,-33.0499,AU,AUS
4528,136.5998,-33.8865,AU,AUS
4529,113.4184,-24.3094,AU,AUS
4530,128.2027,-31.9419,AU,AUS
4531,138.625,-34.8905,AU,AUS
4532,114.1293,-22.5782,AU,AUS
4533,133.9894,-32.4792,AU,AUS
4534,121.4331,-19.3494,AU,AUS
4535,115.041,-29.2477,AU,AUS
4536,115.5139,-21.4895,AU,AUS
4537,137.3155,-33.2723,AU,AUS
4538,118.7207,-20.4065,AU,AUS
4539,118.2258,-34.9102,AU,AUS
4540,113.7771,-22.7882,AU,AUS
4541,115.5929,-34.3112,AU,AUS
4542,115.0952,-30.2538,AU,AUS
4543,113.6318,-26.6407,AU,AUS
4544,122.1126,-33.7856,AU,AUS
4545,120.9901,-19.728,AU,AUS
4546,118.1518,-20.4249,AU,AUS
4547,137.7114,-34.526,AU,AUS
4548,119.5885,-34.0052,AU,AUS
4549,113.8963,-26.1957,AU,AUS
4550,114.6086,-28.8102,AU,AUS
4551,137.8855,-33.2315,AU,AUS
4552,114.037,-22.1468,AU,AUS
4553,136.8744,-33.7276,AU,AUS
4554,119.0068,-20.0496,AU,AUS
4555,114.2227,-28.0633,AU,AUS
4556,139.304,-35.7,AU,AUS
4557,115.5992,-31.2789,AU,AUS
4558,115.6872,-31.5278,AU,AUS
4559,137.9244,-35.7954,AU,AUS
4560,133.0596,-31.9638,AU,AUS
4561,113.8924,-26.607,AU,AUS
4562,114.2238,-27.638,AU,AUS
4563,117.2706,-34.9399,AU,AUS
4564,135.7908,-34.6394,AU,AUS
4565,115.4188,-34.2693,AU,AUS
4566,114.7035,-21.8227,AU,AUS
4567,121.9309,-18.481,AU,AUS
4568,137.7953,-34.3778,AU,AUS
4569,137.6025,-34.3908,AU,AUS
4570,113.7743,-22.4675,AU,AUS
4571,134.667,-33.1466,AU,AUS
4572,138.2056,-35.6344,AU,AUS
4573,139.1897,-35.5651,AU,AUS
4574,114.9653,-29.4472,AU,AUS
4575,123.8772,-33.4743,AU,AUS
4576,115.0472,-29.6878,AU,AUS
4577,131.4387,-31.4719,AU,AUS
4578,113.4637,-25.6703,AU,AUS
4579,118.3484,-34.8175,AU,AUS
4580,115.821,-31.9032,AU,AUS
4581,116.6145,-34.9116,AU,AUS
4582,114.4526,-28.338,AU,AUS
4583,135.4961,-34.513,AU,AUS
4584,138.8791,-35.4446,AU,AUS
4585,115.2361,-33.7467,AU,AUS
4586,134.1849,-32.7495,AU,AUS
4587,121.2361,-19.4788,AU,AUS
4588,117.9164,-20.6605,AU,AUS
4589,126.1472,-32.2029,AU,AUS
4590,118.5919,-34.6323,AU,AUS
4591,113.8259,-23.3194,AU,AUS
4592,114.0748,-27.177,AU,AUS
4593,115.4888,-33.5706,AU,AUS
4594,120.3153,-33.931,AU,AUS
4595,136.0679,-34.4835,AU,AUS
4596,123.5931,-33.8595,AU,AUS
4597,115.3331,-21.6012,AU,AUS
4598,114.0831,-22.3628,AU,AUS
4599,126.6542,-32.2083,AU,AUS
4600,130.557,-31.4976,AU,AUS
4601,119.303,-34.4282,AU,AUS
4602,137.2322,-33.4201,AU,AUS
4603,115.8178,-33.1783,AU,AUS
4604,114.1472,-27.83,AU,AUS
4605,129.1623,-31.526,AU,AUS
4606,115.6396,-34.4426,AU,AUS
4607,115.7762,-31.7778,AU,AUS
4608,115.6805,-32.794,AU,AUS
4609,138.5416,-35.0396,AU,AUS
4610,121.0395,-19.6075,AU,AUS
4611,137.6273,-34.674,AU,AUS
4612,113.7357,-24.898,AU,AUS
4613,114.5276,-22.2574,AU,AUS
4614,113.6789,-25.9324,AU,AUS
4615,119.6783,-20.1393,AU,AUS
4616,118.1047,-20.5409,AU,AUS
4617,135.0697,-33.6887,AU,AUS
4618,120.157,-33.9195,AU,AUS
4619,115.3492,-30.9906,AU,AUS
4620,119.3656,-34.2071,AU,AUS
4621,132.2462,-31.8574,AU,AUS
4622,138.4854,-34.4717,AU,AUS
4623,113.9936,-22.2544,AU,AUS
4624,122.279,-18.3376,AU,AUS
4625,113.5479,-23.9726,AU,AUS
4626,113.9682,-26.4206,AU,AUS
4627,134.1729,-32.4704,AU,AUS
4628,137.5319,-35.8196,AU,AUS
4629,131.9754,-31.7291,AU,AUS
4630,114.3096,-25.8573,AU,AUS
4631,137.9424,-32.8001,AU,AUS
4632,137.578,-34.1077,AU,AUS
4633,119.294,-20.0385,AU,AUS
4634,122.4387,-33.8034,AU,AUS
4635,128.0308,-31.9427,AU,AUS
4636,135.7043,-34.7851,AU,AUS
4637,139.1589,-35.2806,AU,AUS
4638,114.9731,-21.8223,AU,AUS
4639,137.9623,-34.081,AU,AUS
4640,119.128,-34.3918,AU,AUS
4641,133.6992,-32.0743,AU,AUS
4642,122.931,-33.8286,AU,AUS
4643,136.7495,-35.8641,AU,AUS
4644,118.4357,-20.416,AU,AUS
4645,135.4094,-34.6583,AU,AUS
4646,122.6024,-33.812,AU,AUS
4647,115.179,-30.4983,AU,AUS
4648,124.5127,-32.8339,AU,AUS
4649,131.0852,-31.483,AU,AUS
4650,137.2645,-34.9818,AU,AUS
4651,113.78,-23.1071,AU,AUS
4652,114.6455,-28.4957,AU,AUS
4653,116.1051,-21.0379,AU,AUS
4654,115.6144,-33.4827,AU,AUS
4655,120.7941,-19.8555,AU,AUS
4656,115.1528,-21.7121,AU,AUS
4657,113.7801,-26.6806,AU,AUS
4658,115.2885,-21.7115,AU,AUS
4659,121.1442,-33.7277,AU,AUS
4660,114.0397,-22.47,AU,AUS
4661,113.4136,-26.3742,AU,AUS
4662,115.0003,-29.1284,AU,AUS
4663,137.031,-35.7065,AU,AUS
4664,113.8943,-25.3686,AU,AUS
4665,113.7828,-23.4241,AU,AUS
4666,130.3816,-31.502,AU,AUS
4667,120.0163,-20.0085,AU,AUS
4668,129.073,-31.663,AU,AUS
4669,114.9813,-33.9229,AU,AUS
4670,138.5134,-34.7556,AU,AUS
4671,117.6345,-20.6681,AU,AUS
4672,113.2319,-26.2214,AU,AUS
4673,123.7827,-33.6029,AU,AUS
4674,137.1486,-33.5677,AU,AUS
4675,114.4837,-22.3653,AU,AUS
4676,113.8148,-25.133,AU,AUS
4677,113.5677,-26.0045,AU,AUS
4678,129.683,-31.5172,AU,AUS
4679,115.6431,-31.4032,AU,AUS
4680,124.7723,-32.7085,AU,AUS
4681,137.5429,-34.822,AU,AUS
4682,119.8417,-33.8958,AU,AUS
4683,114.8039,-28.9692,AU,AUS
4684,113.9474,-22.0381,AU,AUS
4685,113.4641,-24.0831,AU,AUS
4686,116.2883,-20.9229,AU,AUS
4687,114.414,-28.2206,AU,AUS
4688,136.9855,-35.1407,AU,AUS
4689,129.5091,-31.5203,AU,AUS
4690,113.8564,-26.4939,AU,AUS
4691,114.1863,-27.5223,AU,AUS
4692,126.9939,-32.2109,AU,AUS
4693,115.2449,-34.2272,AU,AUS
4694,119.4217,-34.3356,AU,AUS
4695,132.6052,-31.8437,AU,AUS
4696,115.9224,-21.1521,AU,AUS
4697,137.4814,-32.9764,AU,AUS
4698,114.6594,-21.9318,AU,AUS
4699,137.4941,-34.2556,AU,AUS
4700,117.1674,-20.7929,AU,AUS
4701,114.3378,-26.3131,AU,AUS
4702,116.8885,-20.799,AU,AUS
4703,127.9403,-32.078,AU,AUS
4704,117.0939,-34.9002,AU,AUS
4705,116.968,-34.992,AU,AUS
4706,137.4462,-35.9671,AU,AUS
4707,127.5972,-32.0783,AU,AUS
4708,114.124,-21.9306,AU,AUS
4709,126.3158,-32.2049,AU,AUS
4710,125.199,-32.5862,AU,AUS
4711,113.9249,-27.137,AU,AUS
4712,116.6564,-20.6908,AU,AUS
4713,116.438,-34.871,AU,AUS
4714,124.2532,-32.9583,AU,AUS
4715,135.3927,-34.3771,AU,AUS
4716,131.7063,-31.6006,AU,AUS
4717,113.6439,-25.8209,AU,AUS
4718,133.3356,-32.0908,AU,AUS
4719,123.2612,-33.8445,AU,AUS
4720,114.3002,-26.1996,AU,AUS
4721,113.6674,-26.7543,AU,AUS
4722,121.0485,-33.8517,AU,AUS
4723,137.1793,-35.1292,AU,AUS
4724,137.8281,-33.663,AU,AUS
4725,125.4589,-32.4586,AU,AUS
4726,113.7394,-23.5285,AU,AUS
4727,136.4096,-33.8979,AU,AUS
4728,118.1027,-35.0029,AU,AUS
4729,116.0597,-21.1503,AU,AUS
4730,120.5699,-33.8194,AU,AUS
4731,128.4651,-31.805,AU,AUS
4732,120.5017,-19.8695,AU,AUS
4733,115.0261,-34.0537,AU,AUS
4734,115.7316,-31.6526,AU,AUS
4735,121.9502,-33.7764,AU,AUS
4736,114.3062,-22.4721,AU,AUS
4737,123.688,-33.7313,AU,AUS
4738,115.6953,-21.3772,AU,AUS
4739,113.6965,-24.7809,AU,AUS
4740,121.6266,-33.7575,AU,AUS
4741,118.9112,-20.2846,AU,AUS
4742,119.9992,-33.9077,AU,AUS
4743,137.5184,-34.5388,AU,AUS
4744,115.3064,-30.8671,AU,AUS
4745,115.0536,-30.132,AU,AUS
4746,138.158,-33.0685,AU,AUS
4747,113.9041,-22.1459,AU,AUS
4748,113.5095,-23.8572,AU,AUS
4749,136.6843,-33.7395,AU,AUS
4750,117.8017,-35.0572,AU,AUS
4751,119.1502,-20.0442,AU,AUS
4752,130.0317,-31.5101,AU,AUS
4753,112.9172,-25.6221,AU,AUS
4754,139.534,-35.9697,AU,AUS
4755,115.4356,-31.2384,AU,AUS
4756,120.307,-19.9956,AU,AUS
4757,128.7273,-31.6671,AU,AUS
4758,132.879,-31.9713,AU,AUS
4759,134.0754,-32.3354,AU,AUS
4760,134.9684,-33.5531,AU,AUS
4761,115.8772,-21.2641,AU,AUS
4762,137.3986,-33.1244,AU,AUS
4763,138.3747,-34.3368,AU,AUS
4764,114.2684,-25.738,AU,AUS
4765,114.6154,-22.0406,AU,AUS
4766,114.2271,-26.3867,AU,AUS
4767,115.7898,-32.2405,AU,AUS
4768,127.3352,-32.2125,AU,AUS
4769,134.4812,-33.1556,AU,AUS
4770,135.6,-34.649,AU,AUS
4771,137.4217,-35.6838,AU,AUS
4772,117.4474,-20.7864,AU,AUS
4773,118.9532,-34.3552,AU,AUS
4774,121.5826,-18.983,AU,AUS
4775,137.25,-35.9785,AU,AUS
4776,138.4862,-35.4725,AU,AUS
4777,139.4698,-35.4003,AU,AUS
4778,114.1009,-25.6124,AU,AUS
4779,125.9789,-32.2007,AU,AUS
4780,133.9782,-32.2005,AU,AUS
4781,123.166,-33.9719,AU,AUS
4782,120.8886,-33.8411,AU,AUS
4783,114.3509,-25.9767,AU,AUS
4784,138.6825,-35.4587,AU,AUS
4785,115.1089,-33.8348,AU,AUS
4786,134.4552,-32.5964,AU,AUS
4787,117.7753,-20.6643,AU,AUS
4788,113.3788,-26.2615,AU,AUS
4789,113.8545,-25.2508,AU,AUS
4790,136.3246,-34.0445,AU,AUS
4791,114.149,-27.4069,AU,AUS
4792,115.3627,-33.6586,AU,AUS
4793,128.375,-31.9409,AU,AUS
4794,123.427,-33.8521,AU,AUS
4795,116.0373,-34.6572,AU,AUS
4796,114.2626,-22.5793,AU,AUS
4797,115.6503,-21.4884,AU,AUS
4798,113.7752,-25.0154,AU,AUS
4799,115.0641,-33.7045,AU,AUS
4800,135.3762,-34.0959,AU,AUS
4801,115.7581,-32.58,AU,AUS
4802,120.8434,-19.7354,AU,AUS
4803,137.6522,-34.9574,AU,AUS
4804,114.764,-28.8504,AU,AUS
4805,138.0759,-33.2173,AU,AUS
4806,113.7311,-22.5741,AU,AUS
4807,113.5329,-25.8928,AU,AUS
4808,118.2936,-20.4205,AU,AUS
4809,125.2916,-32.4552,AU,AUS
4810,122.0797,-18.4716,AU,AUS
4811,137.0648,-33.7153,AU,AUS
4812,114.2615,-27.7539,AU,AUS
4813,113.6762,-23.636,AU,AUS
4814,115.8351,-32.367,AU,AUS
4815,116.7954,-20.6879,AU,AUS
4816,116.7912,-34.9519,AU,AUS
4817,115.0712,-34.1848,AU,AUS
4818,114.8382,-21.8226,AU,AUS
4819,131.7971,-31.7353,AU,AUS
4820,114.5715,-22.1492,AU,AUS
4821,137.7531,-32.8143,AU,AUS
4822,121.6325,-18.8603,AU,AUS
4823,119.4379,-20.0328,AU,AUS
4824,114.116,-26.46,AU,AUS
4825,122.2755,-33.7946,AU,AUS
4826,113.8885,-27.0225,AU,AUS
4827,138.402,-35.6212,AU,AUS
4828,139.387,-35.5502,AU,AUS
4829,115.4186,-20.7117,AU,AUS
4830,131.6159,-31.466,AU,AUS
4831,113.4953,-24.5417,AU,AUS
4832,118.4704,-34.7249,AU,AUS
4833,116.2617,-34.8301,AU,AUS
4834,117.5879,-20.7829,AU,AUS
4835,124.0656,-33.2167,AU,AUS
4836,114.2618,-26.0846,AU,AUS
4837,138.6537,-35.1746,AU,AUS
4838,115.2637,-30.7439,AU,AUS
4839,120.3559,-19.8763,AU,AUS
4840,128.6376,-31.8035,AU,AUS
4841,114.4399,-22.473,AU,AUS
4842,134.3693,-32.7407,AU,AUS
4843,124.3467,-32.8288,AU,AUS
4844,130.9088,-31.4881,AU,AUS
4845,137.0709,-34.9936,AU,AUS
4846,118.7129,-34.5399,AU,AUS
4847,114.7243,-28.7319,AU,AUS
4848,134.8675,-33.4175,AU,AUS
4849,115.6935,-33.2659,AU,AUS
4850,115.0175,-21.7126,AU,AUS
4851,113.8522,-26.9083,AU,AUS
4852,115.4691,-21.6003,AU,AUS
4853,138.102,-33.5005,AU,AUS
4854,138.2645,-34.202,AU,AUS
4855,126.8239,-32.2097,AU,AUS
4856,130.7328,-31.493,AU,AUS
4857,114.844,-29.0883,AU,AUS
4858,136.836,-35.7174,AU,AUS
4859,122.3295,-18.2129,AU,AUS
4860,117.9257,-34.9646,AU,AUS
4861,113.4568,-24.4254,AU,AUS
4862,130.2065,-31.5062,AU,AUS
4863,120.1616,-20.0021,AU,AUS
4864,128.9,-31.6652,AU,AUS
4865,113.4485,-26.4873,AU,AUS
4866,115.8037,-32.7073,AU,AUS
4867,116.0856,-34.789,AU,AUS
4868,137.5675,-35.1052,AU,AUS
4869,119.7455,-34.0175,AU,AUS
4870,115.0121,-30.0104,AU,AUS
4871,113.6574,-24.664,AU,AUS
4872,121.1865,-19.5998,AU,AUS
4873,117.6245,-35.0183,AU,AUS
4874,113.688,-22.6805,AU,AUS
4875,113.8663,-22.8959,AU,AUS
4876,139.4188,-35.8349,AU,AUS
4877,115.3923,-31.1144,AU,AUS
4878,115.137,-30.3759,AU,AUS
4879,127.5063,-32.2129,AU,AUS
4880,125.0319,-32.5823,AU,AUS
4881,137.8208,-34.6612,AU,AUS
4882,113.9322,-26.308,AU,AUS
4883,132.4256,-31.8507,AU,AUS
4884,137.9935,-33.366,AU,AUS
4885,122.13,-18.3473,AU,AUS
4886,116.6106,-20.8046,AU,AUS
4887,116.4721,-20.8072,AU,AUS
4888,114.2607,-28.1803,AU,AUS
4889,129.3355,-31.5233,AU,AUS
4890,132.7852,-31.8365,AU,AUS
4891,113.5931,-23.7466,AU,AUS
4892,134.3567,-32.4614,AU,AUS
4893,115.1165,-34.3162,AU,AUS
4894,119.4835,-34.1147,AU,AUS
4895,121.8307,-18.7283,AU,AUS
4896,113.8608,-22.2534,AU,AUS
4897,113.6184,-24.5474,AU,AUS
4898,122.18,-33.9205,AU,AUS
4899,115.8806,-32.4937,AU,AUS
4900,117.074,-20.6818,AU,AUS
4901,127.7686,-32.0782,AU,AUS
4902,117.4474,-34.9792,AU,AUS
4903,134.382,-33.0202,AU,AUS
4904,135.8956,-34.7754,AU,AUS
4905,137.7281,-35.8077,AU,AUS
4906,139.3555,-35.2656,AU,AUS
4907,115.3738,-20.8241,AU,AUS
4908,137.745,-33.8114,AU,AUS
4909,114.0603,-25.4937,AU,AUS
4910,121.6824,-18.7373,AU,AUS
4911,123.0959,-33.8367,AU,AUS
4912,118.5781,-20.4113,AU,AUS
4913,115.8661,-32.0288,AU,AUS
4914,120.729,-33.8303,AU,AUS
4915,124.0875,-32.9527,AU,AUS
4916,122.7665,-33.8204,AU,AUS
4917,138.57,-35.3236,AU,AUS
4918,115.0062,-29.5673,AU,AUS
4919,115.0884,-29.8085,AU,AUS
4920,113.4982,-25.7814,AU,AUS
4921,133.1542,-32.0986,AU,AUS
4922,114.1118,-27.2918,AU,AUS
4923,114.4913,-28.4556,AU,AUS
4924,120.474,-33.9424,AU,AUS
4925,115.7395,-33.3948,AU,AUS
4926,136.2393,-34.191,AU,AUS
4927,120.6478,-19.8626,AU,AUS
4928,138.0194,-33.6492,AU,AUS
4929,121.3046,-33.7378,AU,AUS
4930,134.2833,-32.8848,AU,AUS
4931,124.6791,-32.8387,AU,AUS
4932,131.2618,-31.4776,AU,AUS
4933,137.4582,-34.9697,AU,AUS
4934,121.4829,-19.2276,AU,AUS
4935,114.02,-25.3753,AU,AUS
4936,118.7682,-20.2897,AU,AUS
4937,122.38,-18.0878,AU,AUS
4938,125.7189,-32.3301,AU,AUS
4939,115.726,-32.9218,AU,AUS
4940,135.2736,-33.9601,AU,AUS
4941,116.2428,-21.0358,AU,AUS
4942,113.5024,-24.1988,AU,AUS
4943,135.4792,-34.2317,AU,AUS
4944,151.1689,-23.7316,AU,AUS
4945,151.4119,-23.9716,AU,AUS
4946,164.3143,-20.355,NC,NCL
4947,146.2664,-18.6257,AU,AUS
4948,150.3851,-35.5382,AU,AUS
4949,151.4096,-33.4199,AU,AUS
4950,168.0115,-21.5388,NC,NCL
4951,150.7719,-34.578,AU,AUS
4952,152.046,-32.7044,AU,AUS
4953,152.9712,-25.6901,AU,AUS
4954,165.7844,-21.3637,NC,NCL
4955,153.2518,-27.8434,AU,AUS
4956,149.5648,-22.3274,AU,AUS
4957,151.5937,-32.9381,AU,AUS
4958,164.1846,-20.2489,NC,NCL
4959,146.1596,-18.5091,AU,AUS
4960,166.1814,-21.6787,NC,NCL
4961,165.0376,-21.2982,NC,NCL
4962,153.1681,-30.0926,AU,AUS
4963,173.43,-35.3666,NZ,NZL
4964,153.3698,-29.0075,AU,AUS
4965,166.847,-22.2018,NC,NCL
4966,152.8463,-31.5025,AU,AUS
4967,167.8786,-21.436,NC,NCL
4968,150.6794,-22.8233,AU,AUS
4969,173.2905,-35.1109,NZ,NZL
4970,173.0136,-34.5984,NZ,NZL
4971,149.2151,-21.5448,AU,AUS
4972,167.2427,-20.7675,NC,NCL
4973,178.3702,-18.0811,FJ,FJI
4974,164.605,-20.414,NC,NCL
4975,153.2034,-29.4887,AU,AUS
4976,152.4681,-25.2094,AU,AUS
4977,147.1918,-19.4151,AU,AUS
4978,164.2833,-20.5081,NC,NCL
4979,164.5438,-20.7204,NC,NCL
4980,165.727,-21.6722,NC,NCL
4981,150.7507,-23.5266,AU,AUS
4982,146.2065,-18.7725,AU,AUS
4983,177.5952,-18.1168,FJ,FJI
4984,151.7899,-32.9018,AU,AUS
4985,165.4333,-21.6156,NC,NCL
4986,164.475,-20.3081,NC,NCL
4987,148.0826,-19.9405,AU,AUS
4988,166.7135,-22.0974,NC,NCL
4989,147.9129,-19.9722,AU,AUS
4990,152.9172,-25.8481,AU,AUS
4991,153.1768,-27.5628,AU,AUS
4992,151.5326,-33.0987,AU,AUS
4993,148.814,-20.918,AU,AUS
4994,150.5796,-35.0584,AU,AUS
4995,166.8201,-22.3568,NC,NCL
4996,152.3977,-24.9321,AU,AUS
4997,152.7884,-31.6636,AU,AUS
4998,150.962,-34.0972,AU,AUS
4999,152.1492,-24.6919,AU,AUS
5000,174.3893,-35.7617,NZ,NZL
5001,150.6234,-22.9775,AU,AUS
5002,169.0229,-18.7672,VU,VUT
5003,178.2379,-18.1623,FJ,FJI
5004,173.7114,-35.8766,NZ,NZL
5005,150.6869,-23.2518,AU,AUS
5006,153.0476,-27.4416,AU,AUS
5007,167.2169,-20.9204,NC,NCL
5008,153.1319,-25.2169,AU,AUS
5009,166.2584,-22.0929,NC,NCL
5010,153.1475,-29.6492,AU,AUS
5011,153.0185,-31.0195,AU,AUS
5012,164.8052,-20.9325,NC,NCL
5013,173.6366,-34.9752,NZ,NZL
5014,152.773,-25.2922,AU,AUS
5015,164.513,-20.8739,NC,NCL
5016,153.3145,-29.1678,AU,AUS
5017,151.2123,-33.4555,AU,AUS
5018,151.0478,-23.6116,AU,AUS
5019,146.0067,-18.1302,AU,AUS
5020,149.2724,-21.3928,AU,AUS
5021,166.0488,-21.5738,NC,NCL
5022,150.1486,-22.4991,AU,AUS
5023,146.053,-18.3925,AU,AUS
5024,150.515,-35.2184,AU,AUS
5025,152.5369,-31.8624,AU,AUS
5026,146.3614,-19.1541,AU,AUS
5027,147.5217,-19.7679,AU,AUS
5028,178.1057,-18.2433,FJ,FJI
5029,173.5703,-35.6218,NZ,NZL
5030,152.9736,-27.1614,AU,AUS
5031,150.8989,-34.2575,AU,AUS
5032,173.3076,-34.9492,NZ,NZL
5033,152.9613,-31.1805,AU,AUS
5034,173.1517,-34.8549,NZ,NZL
5035,146.2538,-19.0367,AU,AUS
5036,167.191,-21.0735,NC,NCL
5037,174.2622,-35.347,NZ,NZL
5038,151.9569,-24.2955,AU,AUS
5039,153.458,-28.2456,AU,AUS
5040,146.7459,-19.3588,AU,AUS
5041,150.4416,-22.5844,AU,AUS
5042,165.1271,-20.8368,NC,NCL
5043,173.9491,-35.1618,NZ,NZL
5044,153.2591,-29.3282,AU,AUS
5045,166.8738,-22.0471,NC,NCL
5046,150.1825,-35.5718,AU,AUS
5047,152.99,-26.1266,AU,AUS
5048,166.5801,-21.9929,NC,NCL
5049,147.8018,-19.8544,AU,AUS
5050,165.3012,-21.5099,NC,NCL
5051,152.301,-32.5064,AU,AUS
5052,152.4783,-32.0234,AU,AUS
5053,165.6237,-21.4125,NC,NCL
5054,169.1738,-18.7185,VU,VUT
5055,149.7993,-22.5669,AU,AUS
5056,152.2733,-24.812,AU,AUS
5057,147.4702,-19.5015,AU,AUS
5058,149.0999,-21.0038,AU,AUS
5059,150.4502,-35.3784,AU,AUS
5060,152.0254,-24.5719,AU,AUS
5061,153.5345,-28.5268,AU,AUS
5062,166.6863,-22.2523,NC,NCL
5063,173.7278,-35.715,NZ,NZL
5064,152.9187,-27.3205,AU,AUS
5065,164.9061,-21.1923,NC,NCL
5066,153.0632,-26.4055,AU,AUS
5067,174.4042,-35.6004,NZ,NZL
5068,166.1252,-21.9878,NC,NCL
5069,166.3917,-22.1978,NC,NCL
5070,148.702,-20.38,AU,AUS
5071,149.4465,-21.783,AU,AUS
5072,177.4699,-18.0479,FJ,FJI
5073,178.6302,-18.0685,FJ,FJI
5074,174.0901,-35.4159,NZ,NZL
5075,164.8656,-20.6256,NC,NCL
5076,152.9039,-31.3415,AU,AUS
5077,153.3819,-27.9646,AU,AUS
5078,147.0233,-19.4458,AU,AUS
5079,152.9358,-26.2849,AU,AUS
5080,153.0785,-25.3745,AU,AUS
5081,174.4191,-35.4392,NZ,NZL
5082,149.1573,-21.274,AU,AUS
5083,165.9165,-21.4688,NC,NCL
5084,148.5891,-20.262,AU,AUS
5085,152.9415,-30.7359,AU,AUS
5086,150.1168,-35.7315,AU,AUS
5087,152.7304,-31.8247,AU,AUS
5088,153.1118,-30.2534,AU,AUS
5089,177.8527,-18.1053,FJ,FJI
5090,150.0308,-22.3797,AU,AUS
5091,152.5224,-25.0521,AU,AUS
5092,148.3064,-20.1762,AU,AUS
5093,166.5528,-22.1477,NC,NCL
5094,165.5209,-21.1532,NC,NCL
5095,146.9142,-19.3283,AU,AUS
5096,169.1521,-18.8674,VU,VUT
5097,149.5055,-22.0549,AU,AUS
5098,150.8068,-23.3717,AU,AUS
5099,147.4114,-19.6502,AU,AUS
5100,146.6374,-19.2413,AU,AUS
5101,150.0508,-35.8911,AU,AUS
5102,153.009,-26.564,AU,AUS
5103,153.4798,-28.687,AU,AUS
5104,165.3894,-21.0478,NC,NCL
5105,148.6445,-20.5304,AU,AUS
5106,148.7002,-20.7995,AU,AUS
5107,146.1465,-18.9195,AU,AUS
5108,172.8583,-34.5034,NZ,NZL
5109,151.834,-24.1756,AU,AUS
5110,153.3273,-28.1243,AU,AUS
5111,164.9962,-20.7312,NC,NCL
5112,151.2858,-33.7411,AU,AUS
5113,153.0249,-25.5323,AU,AUS
5114,150.7352,-22.6691,AU,AUS
5115,153.0827,-26.8435,AU,AUS
5116,152.8844,-30.8967,AU,AUS
5117,151.2902,-23.8516,AU,AUS
5118,151.5339,-24.0916,AU,AUS
5119,153.0552,-30.4142,AU,AUS
5120,177.7209,-18.1858,FJ,FJI
5121,149.974,-22.5331,AU,AUS
5122,166.447,-21.8883,NC,NCL
5123,150.708,-34.7382,AU,AUS
5124,165.4918,-21.3071,NC,NCL
5125,165.5947,-21.5667,NC,NCL
5126,149.6819,-22.4471,AU,AUS
5127,149.4481,-22.2078,AU,AUS
5128,164.7749,-21.0862,NC,NCL
5129,151.8504,-32.741,AU,AUS
5130,151.902,-24.4518,AU,AUS
5131,166.3141,-21.7835,NC,NCL
5132,153.4033,-28.4055,AU,AUS
5133,165.1693,-21.4041,NC,NCL
5134,177.979,-18.1743,FJ,FJI
5135,150.0873,-22.2263,AU,AUS
5136,173.4131,-35.5284,NZ,NZL
5137,166.9807,-22.3062,NC,NCL
5138,173.8693,-35.9694,NZ,NZL
5139,172.9959,-34.7602,NZ,NZL
5140,149.3306,-21.6639,AU,AUS
5141,151.161,-34.0621,AU,AUS
5142,152.4194,-32.1844,AU,AUS
5143,152.9546,-26.7227,AU,AUS
5144,173.2732,-35.2727,NZ,NZL
5145,165.9922,-21.8827,NC,NCL
5146,164.7352,-20.5198,NC,NCL
5147,173.7927,-35.0686,NZ,NZL
5148,169.3469,-19.5167,VU,VUT
5149,153.0282,-27.0024,AU,AUS
5150,169.8279,-20.2186,VU,VUT
5151,152.5933,-25.3296,AU,AUS
5152,151.2235,-33.9016,AU,AUS
5153,148.4765,-20.1442,AU,AUS
5154,147.3014,-19.5326,AU,AUS
5155,151.2244,-23.5763,AU,AUS
5156,164.4134,-20.6143,NC,NCL
5157,164.6744,-20.8265,NC,NCL
5158,149.0426,-21.1553,AU,AUS
5159,165.8595,-21.7775,NC,NCL
5160,150.8712,-23.6467,AU,AUS
5161,148.1943,-20.0583,AU,AUS
5162,150.6439,-34.8983,AU,AUS
5163,147.6323,-19.8858,AU,AUS
5164,178.3403,-18.9841,FJ,FJI
5165,152.9985,-30.575,AU,AUS
5166,150.3232,-22.465,AU,AUS
5167,151.4712,-33.2593,AU,AUS
5168,150.8355,-34.4178,AU,AUS
5169,152.1059,-32.5435,AU,AUS
5170,146.2194,-18.3627,AU,AUS
5171,153.044,-25.9684,AU,AUS
5172,146.5292,-19.124,AU,AUS
5173,153.3064,-27.6838,AU,AUS
5174,149.3892,-21.9355,AU,AUS
5175,148.9281,-21.0366,AU,AUS
5176,153.2242,-29.9319,AU,AUS
5177,153.4249,-28.8472,AU,AUS
5178,165.2581,-20.9424,NC,NCL
5179,152.3603,-32.3454,AU,AUS
5180,148.5868,-20.681,AU,AUS
5181,145.9468,-18.2761,AU,AUS
5182,174.3743,-35.923,NZ,NZL
5183,150.7429,-23.0972,AU,AUS
5184,173.4638,-35.0431,NZ,NZL
5185,167.3488,-21.0237,NC,NCL
5186,173.9333,-35.3232,NZ,NZL
5187,153.2801,-29.7713,AU,AUS
5188,152.8988,-25.4123,AU,AUS
5189,151.7114,-24.0557,AU,AUS
5190,150.6163,-22.5499,AU,AUS
5191,151.15,-33.616,AU,AUS
5192,-172.4227,-13.77,WS,WSM
5193,-172.5635,-13.7092,WS,WSM
5194,-179.9059,-16.8594,WF,WLF
5195,-172.2897,-13.6787,WS,WSM
5196,-172.4307,-13.6181,WS,WSM
5197,-171.58,-13.9823,WS,WSM
5198,-149.2901,-17.7614,PF,PYF
5199,-149.4965,-17.5553,PF,PYF
5200,-149.4552,-17.7133,PF,PYF
5201,-172.5714,-13.5575,WS,WSM
5202,-171.7226,-13.9215,WS,WSM
5203,-172.2979,-13.5269,WS,WSM
5204,-171.8649,-13.8608,WS,WSM
5205,-140.7405,-17.7851,PF,PYF
5206,-139.129,-9.7985,PF,PYF
5207,-140.2064,-8.8488,PF,PYF
5208,-91.3391,-0.8415,EC,ECU
5209,-91.2491,-0.1941,EC,ECU
5210,-76.9352,-12.1263,PE,PER
5211,-80.8258,-5.4058,PE,PER
5212,-80.8014,-3.8118,PE,PER
5213,-80.4323,-0.3611,EC,ECU
5214,-73.6136,-16.1322,PE,PER
5215,-72.6275,-16.6034,PE,PER
5216,-79.961,-0.0035,EC,ECU
5217,-80.2808,-0.296,EC,ECU
5218,-78.2042,-9.9856,PE,PER
5219,-80.2371,-2.6211,EC,ECU
5220,-72.0731,-16.9619,PE,PER
5221,-91.2096,-0.9391,EC,ECU
5222,-81.1982,-4.7754,PE,PER
5223,-78.7753,-8.3243,PE,PER
5224,-77.3187,-11.5028,PE,PER
5225,-77.8066,-10.4459,PE,PER
5226,-78.1709,-9.6512,PE,PER
5227,-79.78,-2.4224,EC,ECU
5228,-80.6422,-2.3257,EC,ECU
5229,-90.4491,-0.616,EC,ECU
5230,-91.4007,-0.2586,EC,ECU
5231,-76.1814,-13.5332,PE,PER
5232,-76.5351,-12.5813,PE,PER
5233,-81.1442,-4.277,PE,PER
5234,-78.4131,-9.1208,PE,PER
5235,-77.1802,-11.5996,PE,PER
5236,-77.5956,-11.3088,PE,PER
5237,-76.2128,-13.8653,PE,PER
5238,-80.1122,-0.0684,EC,ECU
5239,-80.0673,-2.3902,EC,ECU
5240,-79.8487,-3.0814,EC,ECU
5241,-80.7243,-1.7344,EC,ECU
5242,-80.5072,-2.4242,EC,ECU
5243,-80.4876,-6.3704,PE,PER
5244,-79.4275,-7.4968,PE,PER
5245,-79.9407,-6.767,PE,PER
5246,-90.319,-0.7136,EC,ECU
5247,-91.3616,-1.0036,EC,ECU
5248,-91.0352,-0.7124,EC,ECU
5249,-77.0578,-11.8631,PE,PER
5250,-76.8126,-12.3892,PE,PER
5251,-80.8437,-5.5724,PE,PER
5252,-80.6364,-0.9157,EC,ECU
5253,-75.8417,-14.6467,PE,PER
5254,-78.3088,-9.5533,PE,PER
5255,-80.6891,-1.4065,EC,ECU
5256,-80.351,-6.4696,PE,PER
5257,-72.1982,-16.7096,PE,PER
5258,-80.7609,-6.1719,PE,PER
5259,-73.8917,-15.9492,PE,PER
5260,-75.5629,-14.8349,PE,PER
5261,-77.3025,-11.3359,PE,PER
5262,-91.2267,-0.0326,EC,ECU
5263,-76.6738,-12.4853,PE,PER
5264,-80.4949,-3.6784,PE,PER
5265,-78.7922,-8.4914,PE,PER
5266,-75.7023,-14.7409,PE,PER
5267,-80.2197,-2.4564,EC,ECU
5268,-79.6792,-2.85,EC,ECU
5269,-72.4888,-16.6933,PE,PER
5270,-80.6243,-6.2712,PE,PER
5271,-73.7526,-16.0408,PE,PER
5272,-79.5473,-7.2308,PE,PER
5273,-91.1871,-0.7769,EC,ECU
5274,-91.5072,-0.0003,EC,ECU
5275,-90.2969,-0.5514,EC,ECU
5276,-76.289,-13.1054,PE,PER
5277,-81.0802,-5.0409,PE,PER
5278,-81.1802,-4.6091,PE,PER
5279,-81.1622,-4.443,PE,PER
5280,-80.4846,-0.8503,EC,ECU
5281,-80.806,-1.1447,EC,ECU
5282,-80.7884,-0.9811,EC,ECU
5283,-72.9049,-16.4229,PE,PER
5284,-76.2285,-14.0313,PE,PER
5285,-77.5629,-10.9747,PE,PER
5286,-75.16,-15.2811,PE,PER
5287,-91.1423,-0.453,EC,ECU
5288,-76.1658,-13.367,PE,PER
5289,-76.1501,-13.2008,PE,PER
5290,-80.3243,-3.4463,PE,PER
5291,-80.6481,-3.7451,PE,PER
5292,-80.962,-5.3066,PE,PER
5293,-77.5792,-11.1418,PE,PER
5294,-73.1966,-16.4053,PE,PER
5295,-76.1971,-13.6993,PE,PER
5296,-78.0828,-10.2506,PE,PER
5297,-78.4299,-9.288,PE,PER
5298,-79.8315,-2.9165,EC,ECU
5299,-79.1874,-8.0285,PE,PER
5300,-75.0206,-15.3743,PE,PER
5301,-91.0128,-0.5503,EC,ECU
5302,-90.6867,-0.2592,EC,ECU
5303,-76.7966,-12.2226,PE,PER
5304,-79.866,-3.2465,EC,ECU
5305,-80.9905,-4.2102,PE,PER
5306,-78.9127,-8.2258,PE,PER
5307,-78.6716,-8.757,PE,PER
5308,-77.4409,-11.2389,PE,PER
5309,-80.3154,-0.6218,EC,ECU
5310,-73.4745,-16.2235,PE,PER
5311,-73.0437,-16.3324,PE,PER
5312,-77.9447,-10.3483,PE,PER
5313,-75.8262,-14.4811,PE,PER
5314,-78.2921,-9.3861,PE,PER
5315,-80.1193,-2.8844,EC,ECU
5316,-80.1019,-2.7196,EC,ECU
5317,-80.7772,-2.2273,EC,ECU
5318,-80.7595,-2.0628,EC,ECU
5319,-79.05,-8.1272,PE,PER
5320,-79.5646,-7.3979,PE,PER
5321,-89.47,-0.8126,EC,ECU
5322,-80.4773,-3.5129,PE,PER
5323,-81.0982,-5.2073,PE,PER
5324,-80.8795,-5.9058,PE,PER
5325,-78.5508,-9.0226,PE,PER
5326,-78.534,-8.8553,PE,PER
5327,-73.3355,-16.3145,PE,PER
5328,-76.1049,-14.292,PE,PER
5329,-79.6621,-2.6853,EC,ECU
5330,-74.17,-15.7653,PE,PER
5331,-80.0186,-3.313,EC,ECU
5332,-81.0622,-4.8746,PE,PER
5333,-80.8192,-3.9775,PE,PER
5334,-74.8812,-15.4673,PE,PER
5335,-80.4671,-0.6871,EC,ECU
5336,-75.9655,-14.3866,PE,PER
5337,-80.2981,-0.4588,EC,ECU
5338,-79.9323,-2.4886,EC,ECU
5339,-72.3367,-16.62,PE,PER
5340,-80.8974,-6.0726,PE,PER
5341,-74.0309,-15.8573,PE,PER
5342,-75.1449,-15.1159,PE,PER
5343,-79.8038,-6.866,PE,PER
5344,-91.1199,-0.2912,EC,ECU
5345,-90.9055,-0.81,EC,ECU
5346,-91.5523,-0.3231,EC,ECU
5347,-89.3173,-0.7478,EC,ECU
5348,-81.0339,-5.9732,PE,PER
5349,-74.7418,-15.5602,PE,PER
5350,-78.0662,-10.0834,PE,PER
5351,-77.823,-10.613,PE,PER
5352,-78.1876,-9.8184,PE,PER
5353,-80.2142,-6.5688,PE,PER
5354,-79.1703,-7.8614,PE,PER
5355,-74.3239,-15.8376,PE,PER
5356,-75.4236,-14.9288,PE,PER
5357,-79.6843,-7.1319,PE,PER
5358,-79.6669,-6.9649,PE,PER
5359,-91.4232,-0.4203,EC,ECU
5360,-76.4279,-13.0099,PE,PER
5361,-76.5509,-12.7478,PE,PER
5362,-80.1714,-3.3797,EC,ECU
5363,-80.9726,-4.0443,PE,PER
5364,-78.6547,-8.5898,PE,PER
5365,-77.7012,-10.8775,PE,PER
5366,-77.6848,-10.7104,PE,PER
5367,-80.1294,-0.231,EC,ECU
5368,-80.7419,-1.8985,EC,ECU
5369,-80.0775,-6.6679,PE,PER
5370,-79.4447,-7.6639,PE,PER
5371,-74.6025,-15.6528,PE,PER
5372,-75.2842,-15.0224,PE,PER
5373,-77.0417,-11.6963,PE,PER
5374,-91.2716,-0.3558,EC,ECU
5375,-91.0576,-0.8745,EC,ECU
5376,-91.3782,-0.0971,EC,ECU
5377,-77.0739,-12.0298,PE,PER
5378,-76.4121,-12.8435,PE,PER
5379,-80.8616,-5.7391,PE,PER
5380,-80.6715,-1.2427,EC,ECU
5381,-72.7662,-16.5133,PE,PER
5382,-76.0892,-14.1262,PE,PER
5383,-79.645,-2.5207,EC,ECU
5384,-80.3722,-2.5226,EC,ECU
5385,-80.7067,-1.5703,EC,ECU
5386,-72.2116,-16.8726,PE,PER
5387,-79.3075,-7.7627,PE,PER
5388,-74.4632,-15.7453,PE,PER
5389,-39.6025,-17.9833,BR,BRA
5390,-49.2445,-2.0121,BR,BRA
5391,-37.7764,-4.515,BR,BRA
5392,-51.516,-1.4579,BR,BRA
5393,-48.9089,-0.3493,BR,BRA
5394,-51.2265,-1.2986,BR,BRA
5395,-40.0903,-2.962,BR,BRA
5396,-38.353,-4.0016,BR,BRA
5397,-42.575,-2.8315,BR,BRA
5398,-44.6134,-2.4526,BR,BRA
5399,-44.6019,-1.9476,BR,BRA
5400,-44.4617,-2.2031,BR,BRA
5401,-50.0954,-1.658,BR,BRA
5402,-49.6729,-1.9183,BR,BRA
5403,-49.6927,-2.5863,BR,BRA
5404,-38.4788,-12.7063,BR,BRA
5405,-37.2767,-11.0551,BR,BRA
5406,-36.9787,-10.7236,BR,BRA
5407,-38.9287,-13.1161,BR,BRA
5408,-37.7326,-12.1311,BR,BRA
5409,-45.898,-1.3321,BR,BRA
5410,-41.1153,-3.028,BR,BRA
5411,-39.1301,-16.4608,BR,BRA
5412,-48.4845,-0.6083,BR,BRA
5413,-48.0592,-0.8678,BR,BRA
5414,-49.3858,-1.9252,BR,BRA
5415,-37.9212,-4.4288,BR,BRA
5416,-50.6722,-1.8109,BR,BRA
5417,-48.6214,-0.3551,BR,BRA
5418,-51.6553,-1.3716,BR,BRA
5419,-50.9367,-1.139,BR,BRA
5420,-39.798,-2.9671,BR,BRA
5421,-40.235,-2.8752,BR,BRA
5422,-51.7998,-1.4512,BR,BRA
5423,-42.7196,-2.7443,BR,BRA
5424,-43.2974,-2.3955,BR,BRA
5425,-50.6311,-0.4807,BR,BRA
5426,-51.3502,-0.7146,BR,BRA
5427,-44.6211,-2.7894,BR,BRA
5428,-43.5932,-2.5581,BR,BRA
5429,-44.6057,-2.1159,BR,BRA
5430,-49.8089,-1.6647,BR,BRA
5431,-49.4053,-2.5936,BR,BRA
5432,-42.1378,-2.9243,BR,BRA
5433,-39.078,-13.1974,BR,BRA
5434,-45.6073,-1.3381,BR,BRA
5435,-39.1249,-16.1376,BR,BRA
5436,-39.1092,-15.1636,BR,BRA
5437,-39.104,-14.8375,BR,BRA
5438,-36.6195,-5.2018,BR,BRA
5439,-49.7692,-0.332,BR,BRA
5440,-48.8008,-1.6043,BR,BRA
5441,-49.0982,-1.932,BR,BRA
5442,-48.7628,-0.2689,BR,BRA
5443,-51.3713,-1.3783,BR,BRA
5444,-39.9427,-2.8803,BR,BRA
5445,-51.0816,-1.2188,BR,BRA
5446,-51.9388,-1.3649,BR,BRA
5447,-52.2327,-1.6895,BR,BRA
5448,-42.4271,-2.75,BR,BRA
5449,-51.0659,-0.7207,BR,BRA
5450,-51.329,-0.0519,BR,BRA
5451,-52.2218,-1.3582,BR,BRA
5452,-45.4639,-1.4251,BR,BRA
5453,-49.5269,-1.8383,BR,BRA
5454,-50.2511,-2.0713,BR,BRA
5455,-42.2825,-2.8372,BR,BRA
5456,-37.427,-11.3036,BR,BRA
5457,-38.7795,-13.0346,BR,BRA
5458,-39.0832,-13.5267,BR,BRA
5459,-38.7744,-12.7046,BR,BRA
5460,-36.3287,-5.2049,BR,BRA
5461,-37.3424,-4.773,BR,BRA
5462,-48.6355,-0.8557,BR,BRA
5463,-47.9126,-0.7872,BR,BRA
5464,-39.3015,-17.825,BR,BRA
5465,-49.9097,-0.246,BR,BRA
5466,-49.0838,-1.4308,BR,BRA
5467,-50.1955,-0.2403,BR,BRA
5468,-48.4752,-0.2746,BR,BRA
5469,-38.9296,-3.4872,BR,BRA
5470,-51.9496,-1.6965,BR,BRA
5471,-50.7813,-0.7268,BR,BRA
5472,-44.7728,-3.0389,BR,BRA
5473,-44.3329,-2.9641,BR,BRA
5474,-52.3603,-1.2721,BR,BRA
5475,-45.4719,-1.7611,BR,BRA
5476,-45.1768,-1.5991,BR,BRA
5477,-41.9899,-2.8428,BR,BRA
5478,-36.239,-10.1431,BR,BRA
5479,-37.5775,-11.5519,BR,BRA
5480,-38.9749,-16.0573,BR,BRA
5481,-40.675,-2.9516,BR,BRA
5482,-39.2909,-17.1845,BR,BRA
5483,-47.6238,-0.7932,BR,BRA
5484,-48.9519,-1.8518,BR,BRA
5485,-49.5171,-1.5045,BR,BRA
5486,-50.3357,-0.1544,BR,BRA
5487,-52.0939,-1.7759,BR,BRA
5488,-50.9211,-0.6408,BR,BRA
5489,-52.0776,-1.2787,BR,BRA
5490,-44.8856,-1.6052,BR,BRA
5491,-44.4656,-2.3715,BR,BRA
5492,-50.3967,-2.1511,BR,BRA
5493,-41.6973,-2.8484,BR,BRA
5494,-37.2789,-11.2211,BR,BRA
5495,-38.9338,-13.4454,BR,BRA
5496,-38.6253,-12.6229,BR,BRA
5497,-47.1879,-0.7184,BR,BRA
5498,-46.4745,-1.1522,BR,BRA
5499,-71.3814,-17.4052,PE,PER
5500,-38.9672,-15.5709,BR,BRA
5501,-39.1275,-16.2993,BR,BRA
5502,-47.766,-0.7066,BR,BRA
5503,-39.452,-17.9042,BR,BRA
5504,-37.4871,-4.6871,BR,BRA
5505,-48.9328,-1.1835,BR,BRA
5506,-48.9376,-1.3505,BR,BRA
5507,-48.5127,-1.6108,BR,BRA
5508,-50.0502,-0.1601,BR,BRA
5509,-51.8052,-1.617,BR,BRA
5510,-50.6362,-0.6468,BR,BRA
5511,-50.9055,-0.1431,BR,BRA
5512,-44.1849,-2.883,BR,BRA
5513,-45.3284,-1.8483,BR,BRA
5514,-44.1774,-2.546,BR,BRA
5515,-49.8188,-1.9983,BR,BRA
5516,-41.842,-2.7613,BR,BRA
5517,-36.0918,-10.0601,BR,BRA
5518,-37.4292,-11.4695,BR,BRA
5519,-47.3303,-0.6318,BR,BRA
5520,-46.6173,-1.0653,BR,BRA
5521,-71.7963,-17.1399,PE,PER
5522,-39.1118,-15.3264,BR,BRA
5523,-39.1144,-15.489,BR,BRA
5524,-39.1066,-15.0006,BR,BRA
5525,-39.091,-14.0194,BR,BRA
5526,-39.1354,-16.7832,BR,BRA
5527,-36.0382,-5.2078,BR,BRA
5528,-37.1999,-5.0271,BR,BRA
5529,-47.4771,-0.7125,BR,BRA
5530,-48.2057,-0.9483,BR,BRA
5531,-37.6317,-4.601,BR,BRA
5532,-49.3711,-1.4243,BR,BRA
5533,-38.2107,-4.2563,BR,BRA
5534,-38.7873,-3.7422,BR,BRA
5535,-43.4452,-2.4768,BR,BRA
5536,-51.3343,-0.2175,BR,BRA
5537,-44.769,-2.8705,BR,BRA
5538,-44.3291,-2.7956,BR,BRA
5539,-49.5318,-2.0053,BR,BRA
5540,-39.0858,-13.6911,BR,BRA
5541,-46.3273,-1.0713,BR,BRA
5542,-70.9797,-17.8303,PE,PER
5543,-71.6579,-17.2285,PE,PER
5544,-39.0988,-14.5108,BR,BRA
5545,-39.2935,-17.3449,BR,BRA
5546,-36.1825,-5.1224,BR,BRA
5547,-37.3446,-4.9413,BR,BRA
5548,-48.6402,-1.0227,BR,BRA
5549,-39.2988,-17.6652,BR,BRA
5550,-46.7601,-0.9785,BR,BRA
5551,-48.7865,-1.1031,BR,BRA
5552,-48.3662,-1.5304,BR,BRA
5553,-49.473,-0.005,BR,BRA
5554,-49.0501,-0.2631,BR,BRA
5555,-39.6533,-3.0539,BR,BRA
5556,-51.3607,-1.0463,BR,BRA
5557,-38.9321,-3.6557,BR,BRA
5558,-38.4978,-3.9152,BR,BRA
5559,-43.153,-2.4827,BR,BRA
5560,-50.7606,-0.063,BR,BRA
5561,-44.037,-2.8018,BR,BRA
5562,-51.6499,-1.2057,BR,BRA
5563,-44.7457,-1.8605,BR,BRA
5564,-45.1808,-1.7673,BR,BRA
5565,-49.5368,-2.1723,BR,BRA
5566,-37.5797,-11.7177,BR,BRA
5567,-46.0411,-1.2451,BR,BRA
5568,-71.5066,-17.1546,PE,PER
5569,-70.8417,-17.9175,PE,PER
5570,-39.2882,-17.0239,BR,BRA
5571,-39.2855,-16.863,BR,BRA
5572,-37.0532,-4.9448,BR,BRA
5573,-48.3568,-1.196,BR,BRA
5574,-46.9028,-0.8918,BR,BRA
5575,-49.2299,-1.511,BR,BRA
5576,-49.6186,-0.0854,BR,BRA
5577,-49.4828,-0.3378,BR,BRA
5578,-49.1912,-0.177,BR,BRA
5579,-39.3638,-3.2273,BR,BRA
5580,-38.6425,-3.8287,BR,BRA
5581,-42.8641,-2.6571,BR,BRA
5582,-51.4841,-0.463,BR,BRA
5583,-51.195,-0.3032,BR,BRA
5584,-44.4808,-3.0452,BR,BRA
5585,-44.8895,-1.7733,BR,BRA
5586,-49.2493,-2.1792,BR,BRA
5587,-36.3863,-10.226,BR,BRA
5588,-38.0299,-12.2953,BR,BRA
5589,-36.831,-10.6409,BR,BRA
5590,-45.7506,-1.2511,BR,BRA
5591,-46.1843,-1.1582,BR,BRA
5592,-71.3685,-17.243,PE,PER
5593,-38.9698,-15.7332,BR,BRA
5594,-40.9675,-2.9463,BR,BRA
5595,-36.764,-5.1162,BR,BRA
5596,-49.663,-1.5846,BR,BRA
5597,-38.2083,-4.0879,BR,BRA
5598,-48.6308,-0.6888,BR,BRA
5599,-49.6236,-0.2517,BR,BRA
5600,-39.5085,-3.1406,BR,BRA
5601,-52.5043,-1.3515,BR,BRA
5602,-52.3713,-1.6032,BR,BRA
5603,-43.0086,-2.5699,BR,BRA
5604,-44.6288,-3.1263,BR,BRA
5605,-51.2055,-0.6347,BR,BRA
5606,-43.889,-2.7206,BR,BRA
5607,-50.3865,-1.8178,BR,BRA
5608,-37.7304,-11.9656,BR,BRA
5609,-41.4079,-3.0226,BR,BRA
5610,-39.0936,-14.1834,BR,BRA
5611,-39.0962,-14.3471,BR,BRA
5612,-39.1327,-16.6221,BR,BRA
5613,-36.4731,-5.1194,BR,BRA
5614,-36.9086,-5.0305,BR,BRA
5615,-48.2103,-1.1155,BR,BRA
5616,-48.4798,-0.4414,BR,BRA
5617,-48.6544,-1.524,BR,BRA
5618,-36.0899,-9.8936,BR,BRA
5619,-49.337,-0.2574,BR,BRA
5620,-50.9315,-0.9728,BR,BRA
5621,-51.3554,-0.8804,BR,BRA
5622,-38.4954,-3.7467,BR,BRA
5623,-52.5098,-1.5169,BR,BRA
5624,-42.7162,-2.5757,BR,BRA
5625,-51.3396,-0.3831,BR,BRA
5626,-50.6259,-0.3147,BR,BRA
5627,-44.6172,-2.621,BR,BRA
5628,-51.4894,-0.6287,BR,BRA
5629,-44.3253,-2.6272,BR,BRA
5630,-50.5269,-1.7311,BR,BRA
5631,-50.1054,-1.9914,BR,BRA
5632,-49.4004,-2.4264,BR,BRA
5633,-36.5357,-10.4752,BR,BRA
5634,-38.4812,-12.8713,BR,BRA
5635,-37.8812,-12.2132,BR,BRA
5636,-36.6833,-10.5581,BR,BRA
5637,-38.181,-12.5426,BR,BRA
5638,-38.1834,-12.7077,BR,BRA
5639,-39.0884,-13.8553,BR,BRA
5640,-47.0454,-0.8051,BR,BRA
5641,-41.5526,-2.9355,BR,BRA
5642,-40.8198,-2.8647,BR,BRA
5643,-39.1014,-14.6742,BR,BRA
5644,-39.2962,-17.5052,BR,BRA
5645,-39.0743,-3.4006,BR,BRA
5646,-45.0292,-1.5181,BR,BRA
5647,-50.5371,-2.0642,BR,BRA
5648,-50.241,-1.7379,BR,BRA
5649,-49.5417,-2.3393,BR,BRA
5650,-37.1266,-10.8063,BR,BRA
5651,-37.1287,-10.9725,BR,BRA
5652,-38.7769,-12.8696,BR,BRA
5653,-39.0806,-13.3621,BR,BRA
5654,-37.5819,-11.8833,BR,BRA
5655,-71.2561,-17.6552,PE,PER
5656,-71.2432,-17.4932,PE,PER
5657,-71.9347,-17.051,PE,PER
5658,-41.2601,-2.941,BR,BRA
5659,-40.5274,-2.87,BR,BRA
5660,-48.3615,-1.3632,BR,BRA
5661,-48.8056,-1.7715,BR,BRA
5662,-38.0659,-4.3426,BR,BRA
5663,-39.219,-3.314,BR,BRA
5664,-50.7864,-0.8929,BR,BRA
5665,-51.5054,-1.1261,BR,BRA
5666,-40.3826,-2.9569,BR,BRA
5667,-50.4809,-0.2346,BR,BRA
5668,-45.4679,-1.5931,BR,BRA
5669,-43.7411,-2.6393,BR,BRA
5670,-49.6878,-2.4193,BR,BRA
5671,-50.6774,-1.9774,BR,BRA
5672,-49.9547,-1.7447,BR,BRA
5673,-49.9597,-1.9115,BR,BRA
5674,-49.5515,-2.6735,BR,BRA
5675,-49.2542,-2.3464,BR,BRA
5676,-36.3883,-10.3923,BR,BRA
5677,-38.3323,-12.7896,BR,BRA
5678,-38.0322,-12.4606,BR,BRA
5679,-71.1179,-17.7429,PE,PER
5680,-38.9723,-15.8953,BR,BRA
5681,-35.3173,-5.6335,BR,BRA
5682,-34.8948,-6.8919,BR,BRA
5683,-35.1782,-6.2209,BR,BRA
5684,-34.9058,-8.0615,BR,BRA
5685,-34.8964,-7.0591,BR,BRA
5686,-34.9011,-7.5605,BR,BRA
5687,-35.0534,-8.3116,BR,BRA
5688,-35.0341,-6.3055,BR,BRA
5689,-35.499,-9.2281,BR,BRA
5690,-35.319,-5.8011,BR,BRA
5691,-35.2011,-8.5616,BR,BRA
5692,-35.3525,-9.1449,BR,BRA
5693,-34.8979,-7.2263,BR,BRA
5694,-34.8995,-7.3934,BR,BRA
5695,-34.9026,-7.7276,BR,BRA
5696,-35.055,-8.4784,BR,BRA
5697,-35.0357,-6.4729,BR,BRA
5698,-35.5007,-9.3947,BR,BRA
5699,-35.0389,-6.8076,BR,BRA
5700,-35.458,-5.2132,BR,BRA
5701,-35.8921,-5.1253,BR,BRA
5702,-35.9411,-9.6441,BR,BRA
5703,-35.2028,-8.7284,BR,BRA
5704,-35.602,-5.128,BR,BRA
5705,-35.7479,-5.2106,BR,BRA
5706,-35.1766,-6.0534,BR,BRA
5707,-35.7942,-9.561,BR,BRA
5708,-34.9042,-7.8946,BR,BRA
5709,-35.3508,-8.9783,BR,BRA
5710,-35.0373,-6.6403,BR,BRA
5711,-35.3157,-5.4659,BR,BRA
5712,-35.4597,-5.3809,BR,BRA
5713,-35.6474,-9.4779,BR,BRA
5714,-35.9429,-9.8106,BR,BRA
5715,-35.0517,-8.1447,BR,BRA
5716,-35.2044,-8.8951,BR,BRA
5717,-35.1749,-5.8859,BR,BRA
5718,11.3887,-4.1012,CG,COG
5719,10.471,-2.9461,GA,GAB
5720,13.4973,-8.7322,AO,AGO
5721,12.1112,-5.1197,CG,COG
5722,13.9117,-11.4645,AO,AGO
5723,11.7725,-17.8513,NA,NAM
5724,13.8159,-11.5965,AO,AGO
5725,13.8801,-11.7454,AO,AGO
5726,13.7524,-12.1581,AO,AGO
5727,13.1122,-12.7965,AO,AGO
5728,9.5944,-2.2132,GA,GAB
5729,10.5867,-3.2249,GA,GAB
5730,12.4691,-14.1368,AO,AGO
5731,12.5986,-13.728,AO,AGO
5732,9.4265,-0.0821,GA,GAB
5733,13.4028,-8.8642,AO,AGO
5734,12.5655,-6.5445,AO,AGO
5735,13.3406,-8.0135,AO,AGO
5736,13.3682,-12.6837,AO,AGO
5737,9.9453,-2.371,GA,GAB
5738,9.2575,-1.3922,GA,GAB
5739,11.8463,-16.5966,AO,AGO
5740,12.079,-15.3591,AO,AGO
5741,13.0563,-9.1126,AO,AGO
5742,12.9052,-6.9929,AO,AGO
5743,13.466,-8.3065,AO,AGO
5744,13.0911,-7.4294,AO,AGO
5745,12.4143,-5.8366,AO,AGO
5746,13.497,-10.1451,AO,AGO
5747,13.8485,-12.0263,AO,AGO
5748,13.2083,-12.6656,AO,AGO
5749,9.798,-2.3609,GA,GAB
5750,12.4359,-14.4156,AO,AGO
5751,9.3928,-0.3432,GA,GAB
5752,13.1816,-9.4069,AO,AGO
5753,13.029,-7.2837,AO,AGO
5754,12.0509,-4.9769,CG,COG
5755,13.8152,-10.8864,AO,AGO
5756,13.6239,-10.4413,AO,AGO
5757,13.5603,-12.4212,AO,AGO
5758,12.7278,-13.3187,AO,AGO
5759,13.4643,-12.5525,AO,AGO
5760,9.9117,-2.6372,GA,GAB
5761,12.9201,-13.0579,AO,AGO
5762,11.8121,-16.8733,AO,AGO
5763,8.8903,-0.8409,GA,GAB
5764,11.9435,-16.469,AO,AGO
5765,8.9456,-0.9761,GA,GAB
5766,11.4479,-4.2426,CG,COG
5767,10.5288,-3.0854,GA,GAB
5768,12.1757,-15.2305,AO,AGO
5769,12.4025,-14.6942,AO,AGO
5770,12.5043,-6.4,AO,AGO
5771,12.1716,-5.2627,AO,AGO
5772,11.8108,-4.4077,CG,COG
5773,12.3822,-6.1115,AO,AGO
5774,9.1245,-0.723,GA,GAB
5775,9.6509,-2.3509,GA,GAB
5776,9.3134,-1.5284,GA,GAB
5777,10.6447,-3.3647,GA,GAB
5778,11.9484,-15.7651,AO,AGO
5779,13.2445,-9.5543,AO,AGO
5780,12.6268,-6.6892,AO,AGO
5781,11.6589,-4.3959,CG,COG
5782,13.9107,-10.7542,AO,AGO
5783,13.7829,-10.4575,AO,AGO
5784,13.6564,-12.2897,AO,AGO
5785,12.8239,-13.1884,AO,AGO
5786,10.0023,-2.5092,GA,GAB
5787,10.0594,-2.6475,GA,GAB
5788,11.9094,-16.746,AO,AGO
5789,8.9797,-0.7145,GA,GAB
5790,9.5493,-1.4105,GA,GAB
5791,9.4817,-1.9386,GA,GAB
5792,11.0612,-3.6672,GA,GAB
5793,12.1421,-15.5085,AO,AGO
5794,9.3371,-0.2086,GA,GAB
5795,13.1533,-7.5752,AO,AGO
5796,13.2156,-7.7211,AO,AGO
5797,12.4753,-5.9805,AO,AGO
5798,11.8411,-17.2992,AO,AGO
5799,9.2139,-0.5964,GA,GAB
5800,9.4032,-1.4013,GA,GAB
5801,9.2794,-1.7921,GA,GAB
5802,10.7942,-3.3756,GA,GAB
5803,11.8515,-15.8932,AO,AGO
5804,12.0452,-15.6369,AO,AGO
5805,12.3394,-14.5449,AO,AGO
5806,12.7818,-6.7028,AO,AGO
5807,12.2321,-5.4059,AO,AGO
5808,13.8792,-11.0349,AO,AGO
5809,13.3705,-9.8495,AO,AGO
5810,11.8753,-17.0227,AO,AGO
5811,9.001,-1.1115,GA,GAB
5812,9.5155,-1.6743,GA,GAB
5813,9.3033,-0.4698,GA,GAB
5814,11.8707,-4.5497,CG,COG
5815,11.9306,-4.6919,CG,COG
5816,12.4432,-6.2557,AO,AGO
5817,11.8701,-17.7248,NA,NAM
5818,10.2648,-2.7966,GA,GAB
5819,9.3694,-1.6649,GA,GAB
5820,9.4255,-1.8016,GA,GAB
5821,11.3295,-3.9601,CG,COG
5822,11.8175,-16.1703,AO,AGO
5823,12.3059,-14.8234,AO,AGO
5824,13.4344,-8.5853,AO,AGO
5825,13.3074,-9.7018,AO,AGO
5826,12.1999,-5.68,AO,AGO
5827,12.2605,-5.8237,AO,AGO
5828,13.8476,-11.3157,AO,AGO
5829,11.7779,-17.1498,AO,AGO
5830,13.8467,-10.6058,AO,AGO
5831,10.1166,-2.7861,GA,GAB
5832,9.6055,-1.547,GA,GAB
5833,9.538,-2.0758,GA,GAB
5834,11.5994,-4.2543,CG,COG
5835,11.1199,-3.8078,GA,GAB
5836,11.1787,-3.9486,GA,GAB
5837,11.0025,-3.5268,GA,GAB
5838,12.5355,-13.5789,AO,AGO
5839,12.406,-13.9876,AO,AGO
5840,12.2093,-14.9524,AO,AGO
5841,13.1509,-8.9809,AO,AGO
5842,13.278,-7.8673,AO,AGO
5843,9.2017,-1.2561,GA,GAB
5844,10.8526,-3.5157,GA,GAB
5845,11.9144,-16.0425,AO,AGO
5846,12.2724,-15.1017,AO,AGO
5847,12.8434,-6.8478,AO,AGO
5848,13.4032,-8.16,AO,AGO
5849,12.2927,-5.5493,AO,AGO
5850,13.9433,-11.1836,AO,AGO
5851,11.7436,-17.426,NA,NAM
5852,11.8068,-17.5754,NA,NAM
5853,13.4337,-9.9972,AO,AGO
5854,13.7842,-11.8773,AO,AGO
5855,13.0162,-12.9273,AO,AGO
5856,9.0564,-1.2471,GA,GAB
5857,12.3727,-14.2663,AO,AGO
5858,12.6316,-13.4489,AO,AGO
5859,12.5023,-13.8579,AO,AGO
5860,13.1189,-9.2597,AO,AGO
5861,13.3716,-8.4385,AO,AGO
5862,13.2454,-8.8491,AO,AGO
5863,12.967,-7.1382,AO,AGO
5864,11.9907,-4.8343,CG,COG
5865,13.5604,-10.2931,AO,AGO
5866,10.3223,-2.9355,GA,GAB
5867,11.8804,-16.3197,AO,AGO
5868,47.814,-14.316,MG,MDG
5869,49.3119,-17.2942,MG,MDG
5870,41.5079,-1.7207,SO,SOM
5871,50.4003,-15.1854,MG,MDG
5872,39.2325,-6.0946,TZ,TZA
5873,38.8219,-6.2229,TZ,TZA
5874,38.6616,-5.9338,TZ,TZA
5875,40.4938,-13.839,MZ,MOZ
5876,48.9297,-12.4879,MG,MDG
5877,47.8211,-14.5935,MG,MDG
5878,37.4739,-17.4193,MZ,MOZ
5879,38.4285,-16.9928,MZ,MOZ
5880,38.1686,-17.1356,MZ,MOZ
5881,41.9019,-1.0566,SO,SOM
5882,41.3498,-1.7135,SO,SOM
5883,40.1503,-2.9024,KE,KEN
5884,40.2331,-2.4903,KE,KEN
5885,40.4142,-13.1214,MZ,MOZ
5886,40.4272,-10.828,TZ,TZA
5887,50.2376,-14.919,MG,MDG
5888,49.651,-15.7674,MG,MDG
5889,39.7314,-4.9823,TZ,TZA
5890,44.1657,-17.7789,MG,MDG
5891,38.9824,-6.5121,TZ,TZA
5892,44.5598,-16.2201,MG,MDG
5893,38.9954,-5.3792,TZ,TZA
5894,45.6947,-15.9105,MG,MDG
5895,46.0956,-15.7594,MG,MDG
5896,49.6322,-12.8831,MG,MDG
5897,40.7403,-14.8429,MZ,MOZ
5898,46.2618,-16.0343,MG,MDG
5899,49.794,-13.153,MG,MDG
5900,39.2923,-8.2303,TZ,TZA
5901,39.288,-16.7073,MZ,MOZ
5902,37.1222,-17.7045,MZ,MOZ
5903,48.8732,-13.1791,MG,MDG
5904,37.7355,-17.2771,MZ,MOZ
5905,48.4244,-13.7442,MG,MDG
5906,44.5137,-12.2702,KM,COM
5907,40.5526,-2.504,KE,KEN
5908,40.1002,-10.2501,TZ,TZA
5909,49.8685,-15.3461,MG,MDG
5910,39.3156,-5.9558,TZ,TZA
5911,38.8184,-6.5068,TZ,TZA
5912,44.7234,-16.2163,MG,MDG
5913,38.7453,-5.7949,TZ,TZA
5914,47.2092,-15.4467,MG,MDG
5915,46.7314,-15.4614,MG,MDG
5916,45.8563,-15.9061,MG,MDG
5917,39.6901,-9.8128,TZ,TZA
5918,39.7716,-9.9576,TZ,TZA
5919,39.2084,-8.3709,TZ,TZA
5920,38.9429,-16.9941,MZ,MOZ
5921,47.3548,-14.8854,MG,MDG
5922,39.1172,-16.7072,MZ,MOZ
5923,47.746,-14.7346,MG,MDG
5924,49.6602,-16.0415,MG,MDG
5925,49.5782,-15.9081,MG,MDG
5926,49.459,-17.0121,MG,MDG
5927,43.7057,-12.2731,KM,COM
5928,40.7924,-2.3763,KE,KEN
5929,40.393,-2.4972,KE,KEN
5930,39.7432,-3.5816,KE,KEN
5931,40.4207,-11.974,MZ,MOZ
5932,40.4175,-12.5476,MZ,MOZ
5933,40.4256,-11.1143,MZ,MOZ
5934,39.9348,-10.2472,TZ,TZA
5935,49.6418,-15.4932,MG,MDG
5936,42.6035,-0.1439,SO,SOM
5937,40.3419,-11.2565,MZ,MOZ
5938,50.1563,-14.7855,MG,MDG
5939,39.729,-5.2638,TZ,TZA
5940,44.0844,-17.9218,MG,MDG
5941,44.4796,-16.3628,MG,MDG
5942,46.9737,-15.5935,MG,MDG
5943,46.8909,-15.4566,MG,MDG
5944,45.6161,-16.0529,MG,MDG
5945,49.5425,-12.4733,MG,MDG
5946,49.7848,-12.8788,MG,MDG
5947,39.3761,-8.0897,TZ,TZA
5948,38.7716,-16.9938,MZ,MOZ
5949,39.3748,-16.5638,MZ,MOZ
5950,48.1127,-13.7527,MG,MDG
5951,49.4861,-17.8331,MG,MDG
5952,43.295,-11.5648,KM,COM
5953,40.0711,-2.7604,KE,KEN
5954,40.6331,-2.3694,KE,KEN
5955,39.9065,-3.3094,KE,KEN
5956,50.4103,-15.4584,MG,MDG
5957,39.3127,-6.2389,TZ,TZA
5958,39.3299,-4.5459,KE,KEN
5959,38.7417,-6.0783,TZ,TZA
5960,40.2305,-15.7029,MZ,MOZ
5961,47.2028,-15.1684,MG,MDG
5962,40.5695,-15.4159,MZ,MOZ
5963,40.5767,-13.9827,MZ,MOZ
5964,40.4923,-14.1259,MZ,MOZ
5965,46.0176,-15.9016,MG,MDG
5966,40.5753,-14.2695,MZ,MOZ
5967,50.0463,-13.8305,MG,MDG
5968,39.2054,-8.6568,TZ,TZA
5969,39.0301,-16.8506,MZ,MOZ
5970,39.6316,-16.4203,MZ,MOZ
5971,47.2789,-15.0269,MG,MDG
5972,47.739,-14.457,MG,MDG
5973,36.9428,-17.9909,MZ,MOZ
5974,48.5719,-13.4635,MG,MDG
5975,49.3855,-17.1531,MG,MDG
5976,45.1638,-12.8288,YT,MYT
5977,40.8725,-2.2419,KE,KEN
5978,39.8249,-3.4454,KE,KEN
5979,40.4191,-12.2608,MZ,MOZ
5980,40.5015,-12.4049,MZ,MOZ
5981,40.4288,-10.5418,TZ,TZA
5982,49.5691,-15.6338,MG,MDG
5983,42.6807,-0.0134,SO,SOM
5984,40.3402,-11.5431,MZ,MOZ
5985,50.1466,-14.5119,MG,MDG
5986,39.0627,-6.6567,TZ,TZA
5987,44.0816,-17.6405,MG,MDG
5988,39.1676,-4.5398,KE,KEN
5989,39.9736,-16.1333,MZ,MOZ
5990,46.9676,-15.3149,MG,MDG
5991,46.417,-15.7501,MG,MDG
5992,49.5514,-12.7479,MG,MDG
5993,49.4705,-12.6126,MG,MDG
5994,46.1787,-15.8969,MG,MDG
5995,39.53,-9.2367,TZ,TZA
5996,39.1338,-7.6552,TZ,TZA
5997,39.3676,-8.9468,TZ,TZA
5998,48.8815,-13.4549,MG,MDG
5999,48.0383,-13.8934,MG,MDG
6000,49.4124,-17.9743,MG,MDG
6001,47.6707,-14.8759,MG,MDG
6002,41.112,-1.8399,KE,KEN
6003,40.0692,-3.0379,KE,KEN
6004,39.9879,-3.1735,KE,KEN
6005,40.1818,-10.3947,TZ,TZA
6006,50.3387,-15.5985,MG,MDG
6007,39.3958,-6.1,TZ,TZA
6008,39.476,-6.2442,TZ,TZA
6009,39.4124,-4.4085,KE,KEN
6010,45.2918,-16.0615,MG,MDG
6011,40.3159,-15.5595,MZ,MOZ
6012,39.804,-16.1334,MZ,MOZ
6013,40.6543,-15.2726,MZ,MOZ
6014,49.3089,-12.3415,MG,MDG
6015,49.9558,-13.4223,MG,MDG
6016,39.8532,-10.1024,TZ,TZA
6017,39.3011,-7.375,TZ,TZA
6018,39.7179,-16.2769,MZ,MOZ
6019,37.6467,-17.4204,MZ,MOZ
6020,49.6056,-16.7302,MG,MDG
6021,47.9709,-14.3114,MG,MDG
6022,43.4591,-11.8484,KM,COM
6023,43.377,-11.7066,KM,COM
6024,40.7935,-2.1007,KE,KEN
6025,39.659,-3.9975,KE,KEN
6026,39.8227,-3.7243,KE,KEN
6027,40.503,-12.1182,MZ,MOZ
6028,40.5,-12.6917,MZ,MOZ
6029,50.1135,-15.746,MG,MDG
6030,40.3385,-11.8298,MZ,MOZ
6031,50.137,-14.2383,MG,MDG
6032,50.0749,-14.6518,MG,MDG
6033,44.0788,-17.3589,MG,MDG
6034,39.0848,-4.6774,TZ,TZA
6035,45.4541,-16.0573,MG,MDG
6036,40.0594,-15.9898,MZ,MOZ
6037,46.8082,-15.3196,MG,MDG
6038,40.4126,-13.4083,MZ,MOZ
6039,49.0191,-12.8994,MG,MDG
6040,49.4617,-12.3379,MG,MDG
6041,42.1367,-0.6607,SO,SOM
6042,50.1273,-13.9647,MG,MDG
6043,39.5273,-9.523,TZ,TZA
6044,39.2175,-7.515,TZ,TZA
6045,47.4305,-14.7441,MG,MDG
6046,48.3351,-13.3313,MG,MDG
6047,37.908,-17.2781,MZ,MOZ
6048,49.8242,-16.308,MG,MDG
6049,48.031,-13.6162,MG,MDG
6050,49.4034,-17.7007,MG,MDG
6051,47.5952,-15.0172,MG,MDG
6052,48.1945,-13.8891,MG,MDG
6053,40.347,-10.3974,TZ,TZA
6054,49.7144,-15.3528,MG,MDG
6055,50.267,-15.7387,MG,MDG
6056,42.8361,-0.0214,SO,SOM
6057,44.3217,-16.9302,MG,MDG
6058,39.3874,-6.9508,TZ,TZA
6059,39.4947,-4.2714,KE,KEN
6060,45.1292,-16.0657,MG,MDG
6061,46.5,-15.8872,MG,MDG
6062,46.5716,-15.4661,MG,MDG
6063,49.3002,-12.0666,MG,MDG
6064,40.6584,-14.413,MZ,MOZ
6065,42.3709,-0.5369,SO,SOM
6066,49.9653,-13.6963,MG,MDG
6067,44.4828,-16.6445,MG,MDG
6068,39.3846,-7.2351,TZ,TZA
6069,39.2865,-8.8018,TZ,TZA
6070,49.5324,-16.8711,MG,MDG
6071,47.3614,-15.1635,MG,MDG
6072,48.3504,-13.8847,MG,MDG
6073,49.3945,-17.427,MG,MDG
6074,43.3751,-11.4233,KM,COM
6075,41.9803,-0.9244,SO,SOM
6076,40.8735,-1.9667,KE,KEN
6077,39.7409,-3.8608,KE,KEN
6078,40.5106,-10.6861,TZ,TZA
6079,50.4817,-15.3184,MG,MDG
6080,40.4223,-11.6874,MZ,MOZ
6081,50.0654,-14.3781,MG,MDG
6082,43.9975,-17.5018,MG,MDG
6083,39.1431,-6.8013,TZ,TZA
6084,39.0817,-4.9589,TZ,TZA
6085,44.8867,-16.2123,MG,MDG
6086,40.145,-15.8464,MZ,MOZ
6087,40.4845,-15.5593,MZ,MOZ
6088,40.4969,-13.2653,MZ,MOZ
6089,49.0107,-12.6239,MG,MDG
6090,40.8247,-14.6996,MZ,MOZ
6091,42.2147,-0.5292,SO,SOM
6092,50.0368,-13.5567,MG,MDG
6093,41.587,-1.5875,SO,SOM
6094,39.6113,-9.3816,TZ,TZA
6095,39.2145,-7.8,TZ,TZA
6096,39.4488,-9.0918,TZ,TZA
6097,39.5451,-16.5638,MZ,MOZ
6098,49.6878,-16.8631,MG,MDG
6099,49.7515,-16.4486,MG,MDG
6100,47.9565,-13.7568,MG,MDG
6101,47.5196,-15.1586,MG,MDG
6102,48.1201,-14.0298,MG,MDG
6103,41.7447,-1.3216,SO,SOM
6104,40.424,-11.4008,MZ,MOZ
6105,40.3316,-12.9773,MZ,MOZ
6106,50.3189,-15.0523,MG,MDG
6107,50.1952,-15.879,MG,MDG
6108,44.2409,-17.073,MG,MDG
6109,44.4316,-12.1295,KM,COM
6110,39.5769,-4.1343,KE,KEN
6111,45.0498,-16.2082,MG,MDG
6112,38.9155,-5.2351,TZ,TZA
6113,38.8288,-5.6562,TZ,TZA
6114,46.4944,-15.6081,MG,MDG
6115,47.1329,-15.5884,MG,MDG
6116,49.2281,-12.2057,MG,MDG
6117,40.571,-15.1294,MZ,MOZ
6118,42.4486,-0.4057,SO,SOM
6119,49.8749,-13.2877,MG,MDG
6120,44.4024,-16.7873,MG,MDG
6121,48.9545,-13.3149,MG,MDG
6122,38.0802,-17.279,MZ,MOZ
6123,47.2854,-15.3051,MG,MDG
6124,42.0586,-0.7925,SO,SOM
6125,41.0323,-1.9737,KE,KEN
6126,40.5091,-10.9723,MZ,MOZ
6127,50.0318,-15.6129,MG,MDG
6128,49.9501,-15.4796,MG,MDG
6129,50.0558,-14.1043,MG,MDG
6130,39.8113,-5.1258,TZ,TZA
6131,39.3069,-6.8063,TZ,TZA
6132,38.7382,-6.3621,TZ,TZA
6133,39.1646,-4.8211,TZ,TZA
6134,40.4954,-13.5522,MZ,MOZ
6135,49.0024,-12.3485,MG,MDG
6136,48.9379,-12.7636,MG,MDG
6137,41.6659,-1.4544,SO,SOM
6138,39.6087,-9.6679,TZ,TZA
6139,49.7422,-16.1749,MG,MDG
6140,37.3848,-17.5626,MZ,MOZ
6141,49.6786,-16.5894,MG,MDG
6142,48.7268,-13.4592,MG,MDG
6143,38.3405,-17.1363,MZ,MOZ
6144,48.0456,-14.1706,MG,MDG
6145,49.4771,-17.5596,MG,MDG
6146,41.8234,-1.189,SO,SOM
6147,41.2704,-1.8471,KE,KEN
6148,40.1522,-2.6252,KE,KEN
6149,40.4159,-12.8345,MZ,MOZ
6150,44.1599,-17.216,MG,MDG
6151,39.4679,-7.0953,TZ,TZA
6152,44.5632,-16.5017,MG,MDG
6153,38.9987,-5.0969,TZ,TZA
6154,38.9122,-5.5176,TZ,TZA
6155,40.411,-13.6952,MZ,MOZ
6156,49.1558,-12.345,MG,MDG
6157,40.7415,-14.5564,MZ,MOZ
6158,40.6557,-14.9861,MZ,MOZ
6159,46.4225,-16.0293,MG,MDG
6160,42.5261,-0.2747,SO,SOM
6161,49.8656,-13.0136,MG,MDG
6162,39.3789,-7.8046,TZ,TZA
6163,39.2953,-7.9449,TZ,TZA
6164,39.2894,-8.5159,TZ,TZA
6165,37.0326,-17.8477,MZ,MOZ
6166,48.9462,-13.0392,MG,MDG
6167,48.4982,-13.6038,MG,MDG
6168,37.2117,-17.5612,MZ,MOZ
6169,38.6001,-16.9934,MZ,MOZ
6170,101.6184,-3.1875,ID,IDN
6171,105.7161,-2.1032,ID,IDN
6172,104.7108,-2.0867,ID,IDN
6173,103.9772,-1.1383,ID,IDN
6174,103.3033,-0.4517,ID,IDN
6175,104.3774,-1.7479,ID,IDN
6176,104.4887,-1.861,ID,IDN
6177,107.9839,-2.6196,ID,IDN
6178,99.1537,-1.5354,ID,IDN
6179,105.0739,-5.628,ID,IDN
6180,105.5393,-5.5021,ID,IDN
6181,104.6077,-5.7538,ID,IDN
6182,103.9467,-5.1013,ID,IDN
6183,100.3635,-0.9304,ID,IDN
6184,100.433,-1.202,ID,IDN
6185,107.5406,-6.3184,ID,IDN
6186,106.0822,-6.0397,ID,IDN
6187,105.5897,-6.7189,ID,IDN
6188,105.6981,-6.8251,ID,IDN
6189,103.2353,-4.594,ID,IDN
6190,103.3466,-4.7042,ID,IDN
6191,103.0123,-4.3732,ID,IDN
6192,102.3403,-3.7063,ID,IDN
6193,105.5765,-2.5645,ID,IDN
6194,103.5085,-0.2536,ID,IDN
6195,107.8296,-2.6614,ID,IDN
6196,106.0918,-2.2857,ID,IDN
6197,99.8333,-0.196,ID,IDN
6198,106.0756,-1.8658,ID,IDN
6199,98.9938,-1.577,ID,IDN
6200,105.2751,-5.4359,ID,IDN
6201,99.1091,-1.6917,ID,IDN
6202,105.3842,-5.5441,ID,IDN
6203,98.4777,-0.2569,ID,IDN
6204,105.9987,-2.5926,ID,IDN
6205,106.1081,-2.7041,ID,IDN
6206,98.7628,-1.3474,ID,IDN
6207,101.2103,-2.5815,ID,IDN
6208,104.809,-5.5617,ID,IDN
6209,104.2778,-5.4284,ID,IDN
6210,105.8358,-6.3797,ID,IDN
6211,107.0669,-6.0423,ID,IDN
6212,105.7899,-6.5284,ID,IDN
6213,101.6638,-3.0333,ID,IDN
6214,103.3697,-0.7228,ID,IDN
6215,105.9357,-2.3274,ID,IDN
6216,105.8757,-3.4682,ID,IDN
6217,98.9676,-1.149,ID,IDN
6218,106.3105,-2.5091,ID,IDN
6219,105.9685,-3.163,ID,IDN
6220,101.4372,-2.8077,ID,IDN
6221,107.6892,-3.118,ID,IDN
6222,100.4782,-1.0454,ID,IDN
6223,106.958,-7.2887,ID,IDN
6224,107.8406,-7.5783,ID,IDN
6225,107.2175,-7.3509,ID,IDN
6226,106.5293,-6.8682,ID,IDN
6227,106.8672,-6.2332,ID,IDN
6228,100.1421,-2.7177,ID,IDN
6229,102.4071,-3.9709,ID,IDN
6230,104.729,-2.5075,ID,IDN
6231,104.4794,-0.4318,ID,IDN
6232,106.1385,-2.132,ID,IDN
6233,105.7864,-5.1596,ID,IDN
6234,105.7699,-4.7495,ID,IDN
6235,105.7829,-3.7727,ID,IDN
6236,105.7995,-4.1864,ID,IDN
6237,100.9594,-1.9301,ID,IDN
6238,100.0638,-0.4274,ID,IDN
6239,107.434,-6.2125,ID,IDN
6240,107.6886,-7.6208,ID,IDN
6241,107.0648,-7.3933,ID,IDN
6242,106.3444,-6.1045,ID,IDN
6243,107.2202,-6.0,ID,IDN
6244,102.2685,-5.4083,ID,IDN
6245,103.6144,-4.7725,ID,IDN
6246,101.7315,-3.2999,ID,IDN
6247,105.826,-2.2154,ID,IDN
6248,105.1822,-1.9616,ID,IDN
6249,105.2926,-2.0742,ID,IDN
6250,103.3958,-0.1385,ID,IDN
6251,104.3211,-0.4733,ID,IDN
6252,104.5998,-1.9739,ID,IDN
6253,104.2935,-1.0551,ID,IDN
6254,106.6841,-2.6901,ID,IDN
6255,105.6481,-5.61,ID,IDN
6256,105.8788,-4.8584,ID,IDN
6257,105.9221,-3.3156,ID,IDN
6258,104.0572,-5.2105,ID,IDN
6259,104.1676,-5.3196,ID,IDN
6260,107.736,-2.9659,ID,IDN
6261,100.5476,-1.3168,ID,IDN
6262,106.5907,-7.1212,ID,IDN
6263,107.0206,-6.1909,ID,IDN
6264,103.4577,-4.8142,ID,IDN
6265,105.4322,-1.611,ID,IDN
6266,105.0429,-2.424,ID,IDN
6267,103.6211,-0.3686,ID,IDN
6268,104.1354,-1.0967,ID,IDN
6269,106.5286,-2.7319,ID,IDN
6270,106.2013,-2.3975,ID,IDN
6271,99.9486,-0.3117,ID,IDN
6272,105.8326,-5.0091,ID,IDN
6273,106.2173,-2.8154,ID,IDN
6274,105.8623,-4.4473,ID,IDN
6275,105.8293,-3.6205,ID,IDN
6276,105.8458,-4.0347,ID,IDN
6277,104.3879,-5.537,ID,IDN
6278,100.7764,-1.5458,ID,IDN
6279,107.9523,-6.3393,ID,IDN
6280,105.7569,-5.7177,ID,IDN
6281,106.0063,-6.7409,ID,IDN
6282,101.8898,-3.2583,ID,IDN
6283,104.886,-2.4657,ID,IDN
6284,105.3391,-1.9199,ID,IDN
6285,103.4822,-0.8373,ID,IDN
6286,103.4622,-0.4101,ID,IDN
6287,104.8423,-0.1928,ID,IDN
6288,106.0452,-2.4392,ID,IDN
6289,105.6942,-5.46,ID,IDN
6290,98.4332,-0.4146,ID,IDN
6291,106.4196,-2.6206,ID,IDN
6292,100.8453,-1.816,ID,IDN
6293,100.9828,-2.3547,ID,IDN
6294,107.6934,-6.276,ID,IDN
6295,107.9463,-7.6819,ID,IDN
6296,107.324,-7.4553,ID,IDN
6297,105.6021,-5.7598,ID,IDN
6298,102.1153,-3.4826,ID,IDN
6299,100.2563,-2.831,ID,IDN
6300,102.5193,-4.0821,ID,IDN
6301,105.5891,-1.5694,ID,IDN
6302,105.5425,-1.7239,ID,IDN
6303,105.1997,-2.3822,ID,IDN
6304,104.5725,-0.1194,ID,IDN
6305,104.3123,-1.4795,ID,IDN
6306,106.5753,-2.5788,ID,IDN
6307,105.6399,-2.8295,ID,IDN
6308,105.8921,-3.8828,ID,IDN
6309,100.1789,-0.5429,ID,IDN
6310,105.8029,-5.568,ID,IDN
6311,107.3272,-6.1063,ID,IDN
6312,103.7253,-4.8823,ID,IDN
6313,105.3856,-1.7656,ID,IDN
6314,104.4328,-0.5878,ID,IDN
6315,105.7403,-5.3099,ID,IDN
6316,105.1198,-5.4779,ID,IDN
6317,106.482,-2.8847,ID,IDN
6318,105.7533,-4.3379,ID,IDN
6319,100.9141,-2.0857,ID,IDN
6320,101.028,-2.1994,ID,IDN
6321,100.4087,-0.7735,ID,IDN
6322,107.8434,-3.0761,ID,IDN
6323,100.662,-1.4314,ID,IDN
6324,107.8461,-6.2336,ID,IDN
6325,107.4764,-7.4129,ID,IDN
6326,106.6522,-6.0201,ID,IDN
6327,106.268,-6.8047,ID,IDN
6328,105.6355,-6.5705,ID,IDN
6329,100.3255,-3.0987,ID,IDN
6330,105.6061,-1.9908,ID,IDN
6331,103.8652,-1.0243,ID,IDN
6332,104.2471,-1.2106,ID,IDN
6333,104.3587,-1.3243,ID,IDN
6334,107.6284,-2.8555,ID,IDN
6335,99.0384,-1.4206,ID,IDN
6336,106.3264,-2.9266,ID,IDN
6337,105.6864,-2.6762,ID,IDN
6338,99.8785,-0.0383,ID,IDN
6339,104.4978,-5.6455,ID,IDN
6340,106.805,-7.3311,ID,IDN
6341,106.4984,-6.0623,ID,IDN
6342,105.8818,-6.2309,ID,IDN
6343,106.1142,-6.8469,ID,IDN
6344,103.1239,-4.4837,ID,IDN
6345,102.0026,-3.3705,ID,IDN
6346,102.9006,-4.2624,ID,IDN
6347,105.856,-1.6407,ID,IDN
6348,105.4666,-2.4526,ID,IDN
6349,105.4494,-2.0325,ID,IDN
6350,104.8216,-2.1993,ID,IDN
6351,103.5946,-0.9517,ID,IDN
6352,103.7069,-1.0659,ID,IDN
6353,105.9658,-1.7533,ID,IDN
6354,99.5693,-2.149,ID,IDN
6355,98.8784,-1.4623,ID,IDN
6356,98.6472,-1.2324,ID,IDN
6357,106.015,-3.0102,ID,IDN
6358,104.9186,-5.6699,ID,IDN
6359,105.8161,-4.5985,ID,IDN
6360,101.0966,-2.4682,ID,IDN
6361,104.6993,-5.4533,ID,IDN
6362,100.7311,-1.7018,ID,IDN
6363,107.9974,-3.0343,ID,IDN
6364,106.5447,-7.2685,ID,IDN
6365,106.6519,-7.3734,ID,IDN
6366,102.2279,-3.5945,ID,IDN
6367,101.5506,-2.9206,ID,IDN
6368,100.3704,-2.9441,ID,IDN
6369,99.684,-2.263,ID,IDN
6370,102.6314,-4.1932,ID,IDN
6371,102.7433,-4.3041,ID,IDN
6372,105.31,-2.4943,ID,IDN
6373,105.6527,-1.8366,ID,IDN
6374,104.6645,-2.241,ID,IDN
6375,103.2571,-0.6082,ID,IDN
6376,104.4237,-1.5929,ID,IDN
6377,107.6752,-2.7031,ID,IDN
6378,105.8093,-1.795,ID,IDN
6379,98.852,-1.0339,ID,IDN
6380,105.7496,-2.9408,ID,IDN
6381,105.8591,-3.052,ID,IDN
6382,101.3238,-2.6947,ID,IDN
6383,104.5437,-5.4952,ID,IDN
6384,100.2939,-0.6583,ID,IDN
6385,105.9278,-6.0818,ID,IDN
6386,106.7598,-6.1267,ID,IDN
6387,103.8361,-4.9919,ID,IDN
6388,100.0277,-2.6042,ID,IDN
6389,102.2948,-3.8595,ID,IDN
6390,104.6182,-2.3952,ID,IDN
6391,106.0125,-1.5991,ID,IDN
6392,106.0289,-2.0198,ID,IDN
6393,98.923,-1.3057,ID,IDN
6394,106.5908,-2.9957,ID,IDN
6395,105.9521,-2.7459,ID,IDN
6396,98.6918,-1.0756,ID,IDN
6397,107.5826,-7.5169,ID,IDN
6398,106.2364,-5.9976,ID,IDN
6399,106.3757,-6.9104,ID,IDN
6400,105.8522,-6.783,ID,IDN
6401,106.6367,-6.9736,ID,IDN
6402,123.0716,-4.1505,ID,IDN
6403,130.5514,-0.8256,ID,IDN
6404,136.0846,-4.5919,ID,IDN
6405,133.1351,-2.1585,ID,IDN
6406,132.7403,-2.8037,ID,IDN
6407,120.981,-8.4288,ID,IDN
6408,109.2007,-0.0439,ID,IDN
6409,110.4333,-8.0302,ID,IDN
6410,131.1055,-0.1504,ID,IDN
6411,135.9049,-3.0256,ID,IDN
6412,134.0043,-11.9333,AU,AUS
6413,126.6078,-3.7594,ID,IDN
6414,126.5039,-3.6326,ID,IDN
6415,135.6227,-3.3618,ID,IDN
6416,117.5023,-0.5705,ID,IDN
6417,126.6027,-8.6745,TL,TLS
6418,117.0698,-1.0581,ID,IDN
6419,138.5184,-7.4961,ID,IDN
6420,125.7163,-8.6524,ID,IDN
6421,118.6231,-8.309,ID,IDN
6422,117.4535,-0.3021,ID,IDN
6423,117.8998,-8.3938,ID,IDN
6424,117.5655,-8.9605,ID,IDN
6425,117.469,-8.4436,ID,IDN
6426,138.1331,-5.7042,ID,IDN
6427,122.5364,-16.9714,AU,AUS
6428,126.0245,-9.0249,TL,TLS
6429,129.4154,-14.2645,AU,AUS
6430,129.4021,-15.0512,AU,AUS
6431,127.959,-1.6812,ID,IDN
6432,114.3099,-8.3017,ID,IDN
6433,113.9765,-8.5304,ID,IDN
6434,138.6023,-6.4872,ID,IDN
6435,113.394,-8.3232,ID,IDN
6436,129.6479,-3.2905,ID,IDN
6437,130.5746,-11.7172,AU,AUS
6438,129.6548,-2.8566,ID,IDN
6439,128.8486,-2.9831,ID,IDN
6440,122.4543,-5.0792,ID,IDN
6441,128.7371,-3.2883,ID,IDN
6442,121.7132,-0.9808,ID,IDN
6443,122.3241,-0.8795,ID,IDN
6444,121.5964,-4.6465,ID,IDN
6445,130.1698,-13.5136,AU,AUS
6446,124.2629,-9.383,ID,IDN
6447,123.7983,-9.8459,ID,IDN
6448,124.6375,-1.7836,ID,IDN
6449,141.4308,-16.1331,AU,AUS
6450,124.6845,-8.2361,ID,IDN
6451,130.5039,-12.6707,AU,AUS
6452,140.2459,-17.7512,AU,AUS
6453,110.6041,-2.7369,ID,IDN
6454,109.8966,-0.9844,ID,IDN
6455,140.9283,-17.253,AU,AUS
6456,109.2719,-0.7305,ID,IDN
6457,123.7942,-16.7487,AU,AUS
6458,133.6567,-0.7583,ID,IDN
6459,111.5169,-2.8964,ID,IDN
6460,122.9389,-0.7775,ID,IDN
6461,124.462,-15.8102,AU,AUS
6462,122.9363,-1.2046,ID,IDN
6463,120.2962,-4.2815,ID,IDN
6464,138.0598,-8.2756,ID,IDN
6465,135.5627,-12.2546,AU,AUS
6466,138.8259,-16.9285,AU,AUS
6467,125.9613,-14.6412,AU,AUS
6468,120.1455,-5.1308,ID,IDN
6469,137.849,-8.027,ID,IDN
6470,121.1048,-1.5041,ID,IDN
6471,119.4086,-1.5012,ID,IDN
6472,126.121,-14.2352,AU,AUS
6473,121.6124,-0.8561,ID,IDN
6474,121.5576,-1.8531,ID,IDN
6475,114.693,-3.8873,ID,IDN
6476,119.8066,-0.3153,ID,IDN
6477,121.5559,-2.2756,ID,IDN
6478,120.4036,-1.0571,ID,IDN
6479,142.3694,-10.9086,AU,AUS
6480,141.5621,-15.4619,AU,AUS
6481,122.0513,-4.5804,ID,IDN
6482,131.3295,-11.3458,AU,AUS
6483,143.0091,-3.4589,PG,PNG
6484,116.308,-1.7338,ID,IDN
6485,110.3568,-6.9984,ID,IDN
6486,134.4777,-5.5642,ID,IDN
6487,116.1238,-3.1251,ID,IDN
6488,119.4082,-1.9193,ID,IDN
6489,116.5003,-2.3857,ID,IDN
6490,119.21,-3.3376,ID,IDN
6491,109.8041,-7.0236,ID,IDN
6492,114.7391,-8.1708,ID,IDN
6493,113.5678,-6.9803,ID,IDN
6494,112.3689,-8.2435,ID,IDN
6495,135.6724,-14.2529,AU,AUS
6496,113.5213,-7.124,ID,IDN
6497,113.1905,-7.7407,ID,IDN
6498,119.4995,-8.6061,ID,IDN
6499,113.6097,-3.1252,ID,IDN
6500,113.9558,-6.9945,ID,IDN
6501,135.914,-13.2839,AU,AUS
6502,112.7718,-3.2265,ID,IDN
6503,120.678,-10.0707,ID,IDN
6504,120.9796,-8.8331,ID,IDN
6505,112.8862,-7.0519,ID,IDN
6506,121.5789,-8.7613,ID,IDN
6507,123.2328,-10.5843,ID,IDN
6508,112.3933,-6.9353,ID,IDN
6509,136.7633,-13.8299,AU,AUS
6510,116.2849,-8.3159,ID,IDN
6511,120.3824,-9.7049,ID,IDN
6512,116.8528,-9.0393,ID,IDN
6513,131.637,-0.7946,ID,IDN
6514,116.8517,-8.6457,ID,IDN
6515,135.7407,-13.7105,AU,AUS
6516,134.548,-2.5151,ID,IDN
6517,122.8661,-4.3211,ID,IDN
6518,115.4906,-8.2752,ID,IDN
6519,131.2394,-7.615,ID,IDN
6520,130.8204,-0.9276,ID,IDN
6521,123.2253,-4.1276,ID,IDN
6522,133.5607,-2.6731,ID,IDN
6523,134.8366,-4.2116,ID,IDN
6524,125.5559,-9.0848,TL,TLS
6525,134.7507,-3.2104,ID,IDN
6526,117.3096,-0.7417,ID,IDN
6527,116.8785,-1.2279,ID,IDN
6528,126.3917,-8.8399,TL,TLS
6529,138.847,-7.4433,ID,IDN
6530,118.4296,-8.4649,ID,IDN
6531,114.3607,-8.5406,ID,IDN
6532,117.2796,-8.9923,ID,IDN
6533,137.6999,-1.5666,ID,IDN
6534,108.2035,-7.7427,ID,IDN
6535,122.2349,-17.3636,AU,AUS
6536,129.5742,-14.246,AU,AUS
6537,128.1194,-1.6554,ID,IDN
6538,130.8471,-11.4098,AU,AUS
6539,141.3927,-2.8586,PG,PNG
6540,129.0095,-2.9579,ID,IDN
6541,132.5142,-0.505,ID,IDN
6542,142.0375,-3.187,PG,PNG
6543,122.8584,-5.5782,ID,IDN
6544,122.4775,-0.8541,ID,IDN
6545,122.1173,-1.4802,ID,IDN
6546,121.9979,-5.1444,ID,IDN
6547,129.8439,-13.9504,AU,AUS
6548,129.8509,-13.5523,AU,AUS
6549,143.1102,-8.2863,PG,PNG
6550,123.955,-9.4207,ID,IDN
6551,131.6837,-12.3841,AU,AUS
6552,130.3924,-12.9527,AU,AUS
6553,143.4155,-13.1663,AU,AUS
6554,141.3494,-16.6641,AU,AUS
6555,124.8396,-8.216,ID,IDN
6556,124.9506,-1.7333,ID,IDN
6557,111.414,-2.788,ID,IDN
6558,110.812,-2.9546,ID,IDN
6559,139.9229,-17.8,AU,AUS
6560,123.605,-8.3746,ID,IDN
6561,110.1074,-1.2074,ID,IDN
6562,140.7311,-17.6769,AU,AUS
6563,109.5904,-1.0666,ID,IDN
6564,122.7328,-0.9539,ID,IDN
6565,123.0932,-0.7519,ID,IDN
6566,111.8247,-3.2204,ID,IDN
6567,138.6638,-16.9528,AU,AUS
6568,136.7912,-4.7681,ID,IDN
6569,136.3774,-12.1353,AU,AUS
6570,127.5892,-1.4518,ID,IDN
6571,120.4904,-6.1808,ID,IDN
6572,135.4577,-12.134,AU,AUS
6573,115.0798,-3.9082,ID,IDN
6574,114.744,-4.1382,ID,IDN
6575,125.4928,-15.075,AU,AUS
6576,121.3581,-1.1807,ID,IDN
6577,138.6816,-1.8456,ID,IDN
6578,119.6015,-5.4812,ID,IDN
6579,121.7095,-1.8286,ID,IDN
6580,143.7952,-14.4266,AU,AUS
6581,119.956,-0.2897,ID,IDN
6582,122.2077,-3.7189,ID,IDN
6583,127.976,-8.2137,TL,TLS
6584,132.4023,-11.3373,AU,AUS
6585,133.0407,-11.6589,AU,AUS
6586,140.0393,-2.3538,ID,IDN
6587,132.9357,-11.537,AU,AUS
6588,141.6632,-14.1299,AU,AUS
6589,122.1583,-3.446,ID,IDN
6590,143.1544,-8.5586,PG,PNG
6591,109.9754,-7.7682,ID,IDN
6592,141.5903,-14.6707,AU,AUS
6593,109.4686,-7.6494,ID,IDN
6594,110.2278,-7.8271,ID,IDN
6595,110.2073,-7.0412,ID,IDN
6596,116.2641,-2.6956,ID,IDN
6597,119.2108,-2.0902,ID,IDN
6598,115.7016,-3.5976,ID,IDN
6599,109.1444,-6.9446,ID,IDN
6600,108.8083,-7.572,ID,IDN
6601,108.3626,-6.3598,ID,IDN
6602,108.5272,-6.7171,ID,IDN
6603,119.0135,-3.5055,ID,IDN
6604,119.6036,-3.8309,ID,IDN
6605,116.4049,-2.2644,ID,IDN
6606,119.0598,-9.4544,ID,IDN
6607,114.5962,-8.2144,ID,IDN
6608,119.6454,-9.3889,ID,IDN
6609,112.1224,-8.1872,ID,IDN
6610,112.2226,-8.2869,ID,IDN
6611,129.7326,-7.9705,TL,TLS
6612,135.489,-15.071,AU,AUS
6613,130.7743,-3.5477,ID,IDN
6614,113.3761,-7.1672,ID,IDN
6615,136.1346,-13.1176,AU,AUS
6616,142.7684,-11.7957,AU,AUS
6617,142.133,-11.4955,AU,AUS
6618,112.5766,-3.417,ID,IDN
6619,131.8413,-1.4916,ID,IDN
6620,112.9198,-3.1849,ID,IDN
6621,120.4808,-9.8269,ID,IDN
6622,136.4244,-12.3999,AU,AUS
6623,111.7499,-6.8604,ID,IDN
6624,136.4133,-12.8074,AU,AUS
6625,131.5716,-1.3893,ID,IDN
6626,121.7293,-8.7431,ID,IDN
6627,116.0978,-8.4682,ID,IDN
6628,136.6006,-13.8536,AU,AUS
6629,131.4163,-0.9767,ID,IDN
6630,136.5895,-14.2545,AU,AUS
6631,131.8007,-0.7679,ID,IDN
6632,116.9938,-8.6297,ID,IDN
6633,131.5146,-7.293,ID,IDN
6634,116.5685,-8.6775,ID,IDN
6635,134.325,-2.6965,ID,IDN
6636,131.0134,-8.2093,ID,IDN
6637,134.2186,-2.5679,ID,IDN
6638,121.7802,-8.6017,ID,IDN
6639,135.5428,-4.389,ID,IDN
6640,109.26,-0.3108,ID,IDN
6641,133.725,-2.6468,ID,IDN
6642,131.0484,-0.306,ID,IDN
6643,132.4128,-2.8557,ID,IDN
6644,111.3322,-8.1601,ID,IDN
6645,125.3469,-9.2481,TL,TLS
6646,132.0058,-12.3416,AU,AUS
6647,134.5379,-2.9536,ID,IDN
6648,124.8773,-9.7153,ID,IDN
6649,135.6874,-0.7208,ID,IDN
6650,143.7095,-3.6297,PG,PNG
6651,126.5487,-8.8194,TL,TLS
6652,138.6827,-7.4698,ID,IDN
6653,127.2671,-13.982,AU,AUS
6654,117.4054,-0.4488,ID,IDN
6655,114.5544,-8.7349,ID,IDN
6656,117.4046,-0.0337,ID,IDN
6657,117.8514,-8.134,ID,IDN
6658,117.4224,-8.9764,ID,IDN
6659,137.8656,-1.5396,ID,IDN
6660,138.1921,-5.5511,ID,IDN
6661,136.6358,-2.3245,ID,IDN
6662,136.5407,-1.7551,ID,IDN
6663,112.6147,-8.2994,ID,IDN
6664,114.3561,-8.1601,ID,IDN
6665,130.5261,-11.4519,AU,AUS
6666,128.0898,-14.9367,AU,AUS
6667,131.1608,-11.7762,AU,AUS
6668,122.082,-8.5648,ID,IDN
6669,141.5576,-2.8313,PG,PNG
6670,143.4441,-13.8271,AU,AUS
6671,122.405,-4.8077,ID,IDN
6672,142.2021,-3.1596,PG,PNG
6673,123.0168,-4.7189,ID,IDN
6674,128.6878,-3.0082,ID,IDN
6675,132.8429,-0.4513,ID,IDN
6676,122.9129,-5.0133,ID,IDN
6677,122.2702,-1.4553,ID,IDN
6678,130.0491,-1.7802,ID,IDN
6679,129.6295,-14.1078,AU,AUS
6680,123.7493,-9.5813,ID,IDN
6681,130.0102,-13.533,AU,AUS
6682,142.9471,-8.3143,PG,PNG
6683,124.1089,-9.4019,ID,IDN
6684,122.4305,-17.9625,AU,AUS
6685,123.7462,-9.9871,ID,IDN
6686,131.8447,-12.3629,AU,AUS
6687,124.7225,-9.7343,ID,IDN
6688,141.059,-16.9711,AU,AUS
6689,143.0189,-12.2944,AU,AUS
6690,125.2108,-1.8346,ID,IDN
6691,124.6316,-8.3803,ID,IDN
6692,110.2439,-2.5599,ID,IDN
6693,130.4481,-12.8118,AU,AUS
6694,124.5296,-8.2562,ID,IDN
6695,134.19,-1.4042,ID,IDN
6696,110.6611,-2.9963,ID,IDN
6697,123.2986,-8.4133,ID,IDN
6698,140.9937,-17.112,AU,AUS
6699,140.5693,-17.7018,AU,AUS
6700,109.3192,-0.577,ID,IDN
6701,123.3855,-17.4022,AU,AUS
6702,123.2858,-17.2862,AU,AUS
6703,138.3978,-16.864,AU,AUS
6704,124.5592,-16.3075,AU,AUS
6705,120.2471,-4.0119,ID,IDN
6706,139.5191,-17.0797,AU,AUS
6707,123.7973,-16.3727,AU,AUS
6708,139.4806,-17.4747,AU,AUS
6709,123.6971,-16.2554,AU,AUS
6710,110.1653,-1.4709,ID,IDN
6711,136.5405,-12.1111,AU,AUS
6712,127.7492,-1.4259,ID,IDN
6713,119.657,-0.7612,ID,IDN
6714,135.2372,-12.3016,AU,AUS
6715,114.9355,-3.95,ID,IDN
6716,137.7152,-16.3198,AU,AUS
6717,137.078,-16.0231,AU,AUS
6718,125.1844,-15.1049,AU,AUS
6719,137.9078,-7.8765,ID,IDN
6720,137.8957,-8.3016,ID,IDN
6721,119.8478,-5.584,ID,IDN
6722,120.249,-3.1788,ID,IDN
6723,125.7045,-14.5377,AU,AUS
6724,126.0677,-14.3708,AU,AUS
6725,114.7399,-3.7406,ID,IDN
6726,141.1224,-2.758,PG,PNG
6727,141.6208,-15.3217,AU,AUS
6728,139.1656,-2.205,ID,IDN
6729,141.567,-9.1072,PG,PNG
6730,132.717,-11.7033,AU,AUS
6731,139.7084,-2.408,ID,IDN
6732,132.2973,-11.215,AU,AUS
6733,142.4714,-3.2596,PG,PNG
6734,143.3614,-8.8023,PG,PNG
6735,109.2142,-7.5895,ID,IDN
6736,121.0975,-3.6067,ID,IDN
6737,109.3183,-7.6922,ID,IDN
6738,110.0785,-7.8701,ID,IDN
6739,116.0755,-2.8611,ID,IDN
6740,119.3591,-1.6487,ID,IDN
6741,115.8428,-3.574,ID,IDN
6742,108.2105,-6.4022,ID,IDN
6743,114.7894,-8.4095,ID,IDN
6744,119.2105,-2.5068,ID,IDN
6745,137.2271,-4.8426,ID,IDN
6746,118.9647,-2.8223,ID,IDN
6747,137.8747,-5.1709,ID,IDN
6748,111.5471,-6.6555,ID,IDN
6749,119.9877,-10.014,ID,IDN
6750,135.9718,-13.1412,AU,AUS
6751,142.9748,-12.0315,AU,AUS
6752,141.9559,-11.9336,AU,AUS
6753,136.6455,-12.2314,AU,AUS
6754,111.5006,-6.801,ID,IDN
6755,133.5418,-3.5475,ID,IDN
6756,141.8826,-12.4875,AU,AUS
6757,116.2384,-8.4524,ID,IDN
6758,133.0408,-4.0603,ID,IDN
6759,116.8048,-8.7823,ID,IDN
6760,131.2959,-7.4659,ID,IDN
6761,135.7984,-13.5685,AU,AUS
6762,132.9438,-3.4969,ID,IDN
6763,115.1218,-8.5769,ID,IDN
6764,130.7635,-1.0827,ID,IDN
6765,121.9309,-8.5833,ID,IDN
6766,142.1621,-10.6691,AU,AUS
6767,135.8137,-4.4905,ID,IDN
6768,135.7074,-4.3629,ID,IDN
6769,120.7315,-8.7282,ID,IDN
6770,131.2118,-0.2792,ID,IDN
6771,132.5765,-2.8297,ID,IDN
6772,134.1093,-12.0545,AU,AUS
6773,127.1384,-3.5354,ID,IDN
6774,116.9948,-9.0237,ID,IDN
6775,126.242,-3.5302,ID,IDN
6776,117.1652,-0.7663,ID,IDN
6777,126.3425,-8.5707,TL,TLS
6778,138.8007,-7.167,ID,IDN
6779,138.9061,-7.292,ID,IDN
6780,118.3814,-8.6033,ID,IDN
6781,118.9629,-8.5356,ID,IDN
6782,117.5641,-8.1678,ID,IDN
6783,137.6407,-1.7227,ID,IDN
6784,127.3356,-0.4806,ID,IDN
6785,127.9766,-0.3747,ID,IDN
6786,122.1845,-17.49,AU,AUS
6787,129.519,-14.3839,AU,AUS
6788,129.1402,-14.9506,AU,AUS
6789,130.31,-11.6159,AU,AUS
6790,114.2175,-8.5843,ID,IDN
6791,130.6866,-11.4309,AU,AUS
6792,113.6368,-8.3781,ID,IDN
6793,121.88,-8.7248,ID,IDN
6794,128.8786,-14.8496,AU,AUS
6795,123.1704,-4.6965,ID,IDN
6796,122.8091,-5.3069,ID,IDN
6797,133.114,-0.5536,ID,IDN
6798,130.2114,-1.7541,ID,IDN
6799,121.9646,-1.505,ID,IDN
6800,121.9467,-5.2904,ID,IDN
6801,122.8923,-8.3281,ID,IDN
6802,130.281,-13.2337,AU,AUS
6803,121.8463,-5.166,ID,IDN
6804,129.7885,-14.089,AU,AUS
6805,122.2328,-17.7317,AU,AUS
6806,123.9028,-9.5627,ID,IDN
6807,129.7955,-13.6916,AU,AUS
6808,124.5153,-9.895,ID,IDN
6809,131.5228,-12.4052,AU,AUS
6810,141.2847,-16.8047,AU,AUS
6811,130.72,-12.5089,AU,AUS
6812,141.3136,-16.4104,AU,AUS
6813,143.4745,-13.0223,AU,AUS
6814,130.2326,-12.9726,AU,AUS
6815,133.3273,-0.812,ID,IDN
6816,141.4139,-16.5235,AU,AUS
6817,124.8971,-1.8849,ID,IDN
6818,123.5529,-8.5178,ID,IDN
6819,123.4517,-8.394,ID,IDN
6820,140.797,-17.5355,AU,AUS
6821,109.5317,-0.8016,ID,IDN
6822,109.6377,-0.9136,ID,IDN
6823,122.6807,-1.1045,ID,IDN
6824,111.8718,-3.0709,ID,IDN
6825,111.8799,-3.4771,ID,IDN
6826,123.2946,-1.4305,ID,IDN
6827,138.1317,-16.7748,AU,AUS
6828,124.7159,-15.9143,AU,AUS
6829,136.4404,-15.7234,AU,AUS
6830,119.6025,-4.658,ID,IDN
6831,138.3293,-8.3737,ID,IDN
6832,135.6784,-11.9659,AU,AUS
6833,123.9492,-16.3599,AU,AUS
6834,139.3202,-17.4985,AU,AUS
6835,127.534,-1.6051,ID,IDN
6836,134.3768,-12.1527,AU,AUS
6837,136.6264,-4.7944,ID,IDN
6838,125.629,-1.9108,ID,IDN
6839,135.3999,-12.2781,AU,AUS
6840,137.9235,-16.5478,AU,AUS
6841,125.4399,-15.2087,AU,AUS
6842,138.1308,-7.6996,ID,IDN
6843,137.7316,-8.3275,ID,IDN
6844,120.8536,-1.4045,ID,IDN
6845,127.1104,-13.9992,AU,AUS
6846,120.0546,-0.8346,ID,IDN
6847,142.6356,-11.0002,AU,AUS
6848,141.4448,-15.7417,AU,AUS
6849,139.3311,-2.178,ID,IDN
6850,133.2623,-3.8811,ID,IDN
6851,121.2976,-3.8555,ID,IDN
6852,139.8739,-2.3809,ID,IDN
6853,142.9171,-9.1573,PG,PNG
6854,132.0791,-11.3813,AU,AUS
6855,110.6554,-6.9127,ID,IDN
6856,142.7404,-3.3593,PG,PNG
6857,122.1068,-3.594,ID,IDN
6858,143.5989,-8.2022,PG,PNG
6859,110.7484,-6.6208,ID,IDN
6860,139.5373,-8.0386,ID,IDN
6861,141.6349,-14.9264,AU,AUS
6862,141.649,-14.5291,AU,AUS
6863,140.449,-8.4527,ID,IDN
6864,116.2173,-2.839,ID,IDN
6865,119.1615,-2.237,ID,IDN
6866,115.655,-3.742,ID,IDN
6867,118.9646,-3.2369,ID,IDN
6868,119.5545,-3.5618,ID,IDN
6869,109.4459,-6.8592,ID,IDN
6870,116.3579,-2.4083,ID,IDN
6871,119.3587,-2.0665,ID,IDN
6872,113.8112,-7.0377,ID,IDN
6873,113.4344,-7.7969,ID,IDN
6874,130.7177,-3.7007,ID,IDN
6875,120.2344,-9.7215,ID,IDN
6876,119.7919,-9.7707,ID,IDN
6877,113.7095,-3.2318,ID,IDN
6878,130.5629,-3.2919,ID,IDN
6879,142.1921,-11.3491,AU,AUS
6880,136.4602,-13.0701,AU,AUS
6881,136.4824,-12.2556,AU,AUS
6882,136.4713,-12.6637,AU,AUS
6883,133.706,-3.5215,ID,IDN
6884,135.73,-14.1119,AU,AUS
6885,141.7058,-12.9213,AU,AUS
6886,123.9486,-10.2328,ID,IDN
6887,136.6586,-13.7116,AU,AUS
6888,131.3591,-1.1319,ID,IDN
6889,136.6474,-14.1132,AU,AUS
6890,132.8286,-3.8045,ID,IDN
6891,120.0379,-9.4776,ID,IDN
6892,136.008,-13.8058,AU,AUS
6893,116.5218,-8.8138,ID,IDN
6894,115.2603,-8.5616,ID,IDN
6895,122.9675,-4.4462,ID,IDN
6896,123.0289,-10.741,ID,IDN
6897,132.6429,-2.2374,ID,IDN
6898,120.8806,-8.7104,ID,IDN
6899,133.1837,-2.4421,ID,IDN
6900,110.7865,-8.1891,ID,IDN
6901,117.1371,-9.008,ID,IDN
6902,126.5088,-3.2036,ID,IDN
6903,125.1914,-9.2677,TL,TLS
6904,135.1282,-3.4408,ID,IDN
6905,132.4898,-12.277,AU,AUS
6906,126.4996,-8.5501,TL,TLS
6907,127.1296,-8.4665,TL,TLS
6908,143.5457,-3.6574,PG,PNG
6909,125.2486,-8.7128,TL,TLS
6910,118.1883,-8.3601,ID,IDN
6911,118.1886,-8.7581,ID,IDN
6912,117.3566,-0.1806,ID,IDN
6913,127.8353,-14.4433,AU,AUS
6914,138.2389,-5.8306,ID,IDN
6915,108.0981,-7.6393,ID,IDN
6916,136.4704,-2.3513,ID,IDN
6917,127.8541,-1.5535,ID,IDN
6918,128.0412,-14.6817,AU,AUS
6919,138.7078,-6.6128,ID,IDN
6920,113.8219,-7.8093,ID,IDN
6921,122.0309,-8.7064,ID,IDN
6922,130.1895,-3.0615,ID,IDN
6923,122.6369,-8.6321,ID,IDN
6924,143.503,-13.6841,AU,AUS
6925,132.2435,-0.4028,ID,IDN
6926,122.9648,-4.8662,ID,IDN
6927,122.9622,-5.2851,ID,IDN
6928,122.5036,-5.3503,ID,IDN
6929,122.861,-5.1602,ID,IDN
6930,135.2798,-14.8368,AU,AUS
6931,129.9927,-1.9344,ID,IDN
6932,121.7608,-1.6793,ID,IDN
6933,123.0448,-8.3089,ID,IDN
6934,143.137,-12.0036,AU,AUS
6935,123.6971,-9.7228,ID,IDN
6936,124.3085,-10.0552,ID,IDN
6937,124.6697,-9.8763,ID,IDN
6938,131.3137,-12.1624,AU,AUS
6939,141.124,-16.8304,AU,AUS
6940,143.078,-12.1491,AU,AUS
6941,133.492,-0.7851,ID,IDN
6942,110.2911,-2.4088,ID,IDN
6943,125.0539,-1.8597,ID,IDN
6944,124.4769,-8.4002,ID,IDN
6945,134.1317,-1.5599,ID,IDN
6946,139.7347,-17.5669,AU,AUS
6947,110.7082,-2.8459,ID,IDN
6948,139.8287,-17.6834,AU,AUS
6949,109.3782,-0.8427,ID,IDN
6950,123.6941,-16.6319,AU,AUS
6951,108.0911,-2.7302,ID,IDN
6952,108.1982,-2.8405,ID,IDN
6953,123.2374,-17.0421,AU,AUS
6954,123.4492,-1.4053,ID,IDN
6955,124.5071,-16.438,AU,AUS
6956,116.127,-3.937,ID,IDN
6957,119.7512,-4.2232,ID,IDN
6958,123.7457,-16.5024,AU,AUS
6959,120.3453,-4.5508,ID,IDN
6960,138.6576,-8.3213,ID,IDN
6961,136.0985,-12.4478,AU,AUS
6962,136.4142,-4.5395,ID,IDN
6963,127.694,-1.5793,ID,IDN
6964,119.6072,-0.9095,ID,IDN
6965,134.5392,-12.1297,AU,AUS
6966,125.233,-15.3567,AU,AUS
6967,125.1317,-15.2382,AU,AUS
6968,137.9666,-7.7257,ID,IDN
6969,126.9052,-13.7592,AU,AUS
6970,126.7977,-14.033,AU,AUS
6971,138.7878,-1.9745,ID,IDN
6972,120.1998,-2.9081,ID,IDN
6973,119.6998,-5.6044,ID,IDN
6974,121.4553,-2.151,ID,IDN
6975,121.457,-1.7285,ID,IDN
6976,114.7909,-3.9919,ID,IDN
6977,114.2007,-3.3608,ID,IDN
6978,120.3039,-0.9333,ID,IDN
6979,120.2499,-2.761,ID,IDN
6980,141.6795,-15.1812,AU,AUS
6981,140.5812,-2.5561,ID,IDN
6982,140.972,-9.0667,PG,PNG
6983,132.6601,-11.8471,AU,AUS
6984,143.1393,-8.9799,PG,PNG
6985,132.2406,-11.3594,AU,AUS
6986,110.5062,-6.9555,ID,IDN
6987,143.4361,-8.2303,PG,PNG
6988,122.2614,-3.1494,ID,IDN
6989,110.944,-6.4319,ID,IDN
6990,134.4577,-6.4255,ID,IDN
6991,139.8656,-7.9852,ID,IDN
6992,116.0289,-3.0041,ID,IDN
6993,126.3521,-7.739,TL,TLS
6994,116.4034,-1.8549,ID,IDN
6995,108.4218,-6.6124,ID,IDN
6996,109.2953,-6.9019,ID,IDN
6997,119.4006,-9.6814,ID,IDN
6998,114.8356,-8.2684,ID,IDN
6999,119.7433,-9.5107,ID,IDN
7000,114.9318,-8.3657,ID,IDN
7001,113.6664,-7.0808,ID,IDN
7002,112.4687,-8.3428,ID,IDN
7003,118.9156,-2.9682,ID,IDN
7004,135.7557,-15.1653,AU,AUS
7005,113.2893,-7.8403,ID,IDN
7006,112.7005,-7.6273,ID,IDN
7007,136.2974,-13.0939,AU,AUS
7008,115.2976,-6.8553,ID,IDN
7009,136.6923,-12.4957,AU,AUS
7010,132.1028,-2.0326,ID,IDN
7011,111.6486,-6.7581,ID,IDN
7012,131.6778,-1.518,ID,IDN
7013,121.4793,-8.6383,ID,IDN
7014,112.4936,-7.0368,ID,IDN
7015,123.642,-10.2687,ID,IDN
7016,135.8455,-13.8291,AU,AUS
7017,132.8862,-3.6508,ID,IDN
7018,130.722,-0.3597,ID,IDN
7019,133.9475,-2.4656,ID,IDN
7020,142.2067,-10.9362,AU,AUS
7021,122.7648,-4.196,ID,IDN
7022,123.1811,-10.7239,ID,IDN
7023,132.8069,-2.2111,ID,IDN
7024,133.4637,-2.1058,ID,IDN
7025,109.1533,-0.1978,ID,IDN
7026,120.5838,-8.3422,ID,IDN
7027,134.7303,-4.0838,ID,IDN
7028,111.5809,-8.2172,ID,IDN
7029,133.5748,-11.8572,AU,AUS
7030,124.9831,-9.4301,ID,IDN
7031,136.1287,-2.844,ID,IDN
7032,124.987,-9.0201,ID,IDN
7033,126.1925,-3.2525,ID,IDN
7034,132.765,-11.9687,AU,AUS
7035,135.2929,-3.4145,ID,IDN
7036,143.3373,-3.4037,PG,PNG
7037,125.4043,-8.6928,TL,TLS
7038,126.029,-8.6118,TL,TLS
7039,118.9142,-8.6745,ID,IDN
7040,117.1833,-8.4764,ID,IDN
7041,117.5165,-8.3059,ID,IDN
7042,138.244,-1.7707,ID,IDN
7043,112.8598,-8.355,ID,IDN
7044,128.0262,-0.6568,ID,IDN
7045,129.7195,-15.015,AU,AUS
7046,114.2637,-8.4431,ID,IDN
7047,130.2542,-11.7586,AU,AUS
7048,129.3319,-2.9073,ID,IDN
7049,113.6775,-7.8528,ID,IDN
7050,129.3251,-3.3408,ID,IDN
7051,130.3516,-3.0361,ID,IDN
7052,141.2874,-2.7307,PG,PNG
7053,141.9325,-3.0594,PG,PNG
7054,128.4222,-2.9058,ID,IDN
7055,128.416,-3.3382,ID,IDN
7056,129.0588,-3.2383,ID,IDN
7057,122.6563,-5.3287,ID,IDN
7058,132.9495,-0.5805,ID,IDN
7059,122.6587,-4.9105,ID,IDN
7060,121.9131,-1.6547,ID,IDN
7061,122.8406,-8.4708,ID,IDN
7062,124.4626,-10.0367,ID,IDN
7063,122.8391,-16.5755,AU,AUS
7064,130.1769,-13.1131,AU,AUS
7065,110.9157,-3.0632,ID,IDN
7066,123.3997,-8.537,ID,IDN
7067,140.8628,-17.3942,AU,AUS
7068,109.6963,-1.1783,ID,IDN
7069,122.6311,-0.8286,ID,IDN
7070,111.9189,-2.9213,ID,IDN
7071,111.927,-3.3279,ID,IDN
7072,138.2938,-16.7509,AU,AUS
7073,124.6636,-16.0456,AU,AUS
7074,119.5531,-4.8026,ID,IDN
7075,138.3882,-8.2235,ID,IDN
7076,136.2614,-12.4239,AU,AUS
7077,110.0601,-1.3598,ID,IDN
7078,110.0708,-1.7751,ID,IDN
7079,119.7561,-0.8846,ID,IDN
7080,110.1758,-1.8856,ID,IDN
7081,134.8644,-12.0834,AU,AUS
7082,125.3912,-14.9563,AU,AUS
7083,137.3445,-16.1145,AU,AUS
7084,124.9254,-15.3857,AU,AUS
7085,137.4488,-16.2291,AU,AUS
7086,125.2857,-15.2235,AU,AUS
7087,126.6667,-7.6964,TL,TLS
7088,126.0723,-13.9795,AU,AUS
7089,126.588,-14.1861,AU,AUS
7090,125.8063,-14.6569,AU,AUS
7091,119.5032,-5.358,ID,IDN
7092,114.6461,-4.0338,ID,IDN
7093,121.8578,-2.6498,ID,IDN
7094,142.6799,-11.2661,AU,AUS
7095,141.4894,-15.994,AU,AUS
7096,121.0003,-2.6437,ID,IDN
7097,140.8519,-2.6571,ID,IDN
7098,141.8345,-9.2018,PG,PNG
7099,121.6492,-4.0819,ID,IDN
7100,133.2046,-4.0347,ID,IDN
7101,142.3243,-9.1191,PG,PNG
7102,141.6186,-13.8717,AU,AUS
7103,110.7018,-6.7668,ID,IDN
7104,142.576,-3.3868,PG,PNG
7105,134.2361,-6.6021,ID,IDN
7106,121.2005,-2.8925,ID,IDN
7107,139.7015,-8.012,ID,IDN
7108,141.6936,-14.7852,AU,AUS
7109,121.1975,-3.7311,ID,IDN
7110,109.5724,-7.7518,ID,IDN
7111,110.3306,-7.9288,ID,IDN
7112,134.3419,-6.7283,ID,IDN
7113,132.7354,-5.689,ID,IDN
7114,126.5093,-7.7177,TL,TLS
7115,108.4681,-6.4649,ID,IDN
7116,108.6324,-6.8216,ID,IDN
7117,108.7375,-6.9259,ID,IDN
7118,118.9155,-3.3824,ID,IDN
7119,110.104,-6.9381,ID,IDN
7120,119.5051,-3.7075,ID,IDN
7121,116.3095,-2.1433,ID,IDN
7122,119.5472,-9.6652,ID,IDN
7123,115.1194,-8.1878,ID,IDN
7124,113.8576,-6.894,ID,IDN
7125,136.8086,-12.2071,AU,AUS
7126,137.9805,-5.2978,ID,IDN
7127,135.5936,-15.1879,AU,AUS
7128,130.6686,-3.4198,ID,IDN
7129,130.5554,-3.7259,ID,IDN
7130,120.1387,-8.396,ID,IDN
7131,120.3317,-10.2413,ID,IDN
7132,112.4752,-3.31,ID,IDN
7133,142.7242,-11.5313,AU,AUS
7134,143.7771,-7.7505,PG,PNG
7135,136.5182,-12.9268,AU,AUS
7136,136.6342,-12.6397,AU,AUS
7137,121.6296,-8.6201,ID,IDN
7138,141.7505,-13.1822,AU,AUS
7139,112.6936,-7.2391,ID,IDN
7140,141.779,-12.3698,AU,AUS
7141,141.8683,-12.8941,AU,AUS
7142,136.7053,-13.9717,AU,AUS
7143,120.4342,-8.7636,ID,IDN
7144,123.7952,-10.2508,ID,IDN
7145,131.31,-0.8479,ID,IDN
7146,130.8851,-0.3329,ID,IDN
7147,134.1219,-1.9999,ID,IDN
7148,136.1706,-13.7824,AU,AUS
7149,134.1121,-2.4392,ID,IDN
7150,122.9773,-10.8802,ID,IDN
7151,122.8769,-10.7581,ID,IDN
7152,133.6281,-2.0794,ID,IDN
7153,120.8317,-8.4469,ID,IDN
7154,133.1259,-2.5969,ID,IDN
7155,120.7327,-8.3241,ID,IDN
7156,134.5178,-3.8279,ID,IDN
7157,130.9421,-0.1773,ID,IDN
7158,130.8359,-0.0485,ID,IDN
7159,132.3066,-2.7273,ID,IDN
7160,111.4335,-8.2604,ID,IDN
7161,133.842,-11.956,AU,AUS
7162,136.4116,-2.5068,ID,IDN
7163,133.737,-11.8346,AU,AUS
7164,126.3506,-3.2281,ID,IDN
7165,126.9795,-3.5598,ID,IDN
7166,134.9634,-3.467,ID,IDN
7167,116.926,-1.0824,ID,IDN
7168,126.4553,-7.8639,TL,TLS
7169,127.0752,-8.6121,TL,TLS
7170,125.1955,-8.8567,TL,TLS
7171,126.1857,-8.5913,TL,TLS
7172,118.1402,-8.4985,ID,IDN
7173,119.0602,-8.6575,ID,IDN
7174,117.326,-8.4601,ID,IDN
7175,138.4097,-1.7437,ID,IDN
7176,117.9003,-8.7909,ID,IDN
7177,127.7054,-0.7094,ID,IDN
7178,128.0817,-0.5025,ID,IDN
7179,112.7142,-8.3985,ID,IDN
7180,113.1504,-8.268,ID,IDN
7181,138.7543,-6.8902,ID,IDN
7182,130.4144,-11.7379,AU,AUS
7183,129.4933,-2.882,ID,IDN
7184,130.4217,-11.3296,AU,AUS
7185,128.9819,-14.9684,AU,AUS
7186,128.2063,-3.0834,ID,IDN
7187,143.5467,-13.9418,AU,AUS
7188,128.5827,-2.8807,ID,IDN
7189,122.9155,-4.5938,ID,IDN
7190,122.8116,-4.8884,ID,IDN
7191,122.171,-0.9049,ID,IDN
7192,122.3316,-17.8472,AU,AUS
7193,143.122,-12.4116,AU,AUS
7194,110.3485,-2.6694,ID,IDN
7195,143.2249,-12.5285,AU,AUS
7196,134.0833,-1.275,ID,IDN
7197,125.0401,-8.8765,TL,TLS
7198,123.1976,-8.2896,ID,IDN
7199,109.5432,-1.2195,ID,IDN
7200,123.1862,-17.17,AU,AUS
7201,122.7849,-0.8031,ID,IDN
7202,123.7911,-17.1228,AU,AUS
7203,123.4025,-0.7005,ID,IDN
7204,116.0787,-3.6738,ID,IDN
7205,123.2974,-1.003,ID,IDN
7206,124.4585,-16.1902,AU,AUS
7207,119.7016,-4.3684,ID,IDN
7208,119.7022,-3.9544,ID,IDN
7209,136.8115,-15.9313,AU,AUS
7210,120.2953,-4.6961,ID,IDN
7211,123.594,-16.5149,AU,AUS
7212,138.9879,-16.9041,AU,AUS
7213,139.0918,-17.0166,AU,AUS
7214,119.5575,-1.0577,ID,IDN
7215,137.1823,-16.1379,AU,AUS
7216,125.1804,-15.4895,AU,AUS
7217,120.6031,-1.305,ID,IDN
7218,126.8515,-13.8963,AU,AUS
7219,126.744,-14.1695,AU,AUS
7220,120.2981,-3.4493,ID,IDN
7221,143.5903,-14.1987,AU,AUS
7222,120.1541,-0.9582,ID,IDN
7223,122.4073,-4.3887,ID,IDN
7224,132.6121,-11.5815,AU,AUS
7225,139.6026,-2.2795,ID,IDN
7226,142.1611,-9.1467,PG,PNG
7227,121.5472,-4.3756,ID,IDN
7228,122.212,-2.8759,ID,IDN
7229,110.9998,-6.6812,ID,IDN
7230,122.2098,-3.2978,ID,IDN
7231,134.3998,-6.577,ID,IDN
7232,120.9976,-3.4824,ID,IDN
7233,126.2981,-7.885,TL,TLS
7234,116.3565,-1.9992,ID,IDN
7235,114.978,-8.2247,ID,IDN
7236,114.4024,-8.0184,ID,IDN
7237,118.8666,-3.1139,ID,IDN
7238,118.8667,-2.6993,ID,IDN
7239,130.3442,-3.4704,ID,IDN
7240,112.7469,-7.4837,ID,IDN
7241,119.8898,-9.8924,ID,IDN
7242,119.9413,-8.5538,ID,IDN
7243,114.1103,-7.7225,ID,IDN
7244,113.4627,-3.1668,ID,IDN
7245,120.4798,-10.2252,ID,IDN
7246,112.6236,-3.2682,ID,IDN
7247,113.2152,-3.1016,ID,IDN
7248,136.7504,-12.3515,AU,AUS
7249,132.0539,-1.749,ID,IDN
7250,134.0827,-3.7518,ID,IDN
7251,121.4287,-8.7794,ID,IDN
7252,131.1388,-1.3135,ID,IDN
7253,121.3293,-8.6565,ID,IDN
7254,141.9861,-12.6051,AU,AUS
7255,120.5827,-8.746,ID,IDN
7256,131.4735,-0.8213,ID,IDN
7257,135.8925,-14.0888,AU,AUS
7258,120.1361,-9.5995,ID,IDN
7259,133.8991,-2.1817,ID,IDN
7260,132.8376,-3.3688,ID,IDN
7261,116.6152,-8.541,ID,IDN
7262,133.8895,-2.6205,ID,IDN
7263,142.2512,-11.2024,AU,AUS
7264,122.7129,-4.3437,ID,IDN
7265,133.3964,-2.6993,ID,IDN
7266,109.2127,-0.4644,ID,IDN
7267,132.9042,-2.7777,ID,IDN
7268,133.2901,-2.5707,ID,IDN
7269,130.6158,-0.231,ID,IDN
7270,132.0857,-2.9075,ID,IDN
7271,127.0342,-3.4084,ID,IDN
7272,110.6843,-8.0882,ID,IDN
7273,124.9302,-9.5728,ID,IDN
7274,126.1383,-3.4035,ID,IDN
7275,132.7082,-12.1121,AU,AUS
7276,126.7663,-3.7352,ID,IDN
7277,135.9009,-0.9797,ID,IDN
7278,143.9174,-3.8828,PG,PNG
7279,138.354,-7.5224,ID,IDN
7280,118.2848,-8.4817,ID,IDN
7281,118.8657,-8.4137,ID,IDN
7282,127.4726,-14.2215,AU,AUS
7283,118.0443,-8.7745,ID,IDN
7284,127.2308,-0.3531,ID,IDN
7285,136.2097,-1.8088,ID,IDN
7286,108.3549,-7.7,ID,IDN
7287,127.8715,-0.2469,ID,IDN
7288,137.2503,-1.9325,ID,IDN
7289,135.8603,-15.2819,AU,AUS
7290,129.6643,-15.1516,AU,AUS
7291,113.0052,-8.3115,ID,IDN
7292,130.2057,-11.4936,AU,AUS
7293,128.1442,-14.8007,AU,AUS
7294,113.7348,-8.4762,ID,IDN
7295,129.2759,-3.0603,ID,IDN
7296,131.217,-11.633,AU,AUS
7297,130.735,-11.6963,AU,AUS
7298,123.0689,-4.5713,ID,IDN
7299,122.6046,-5.475,ID,IDN
7300,122.607,-5.0573,ID,IDN
7301,121.8482,-4.749,ID,IDN
7302,121.8656,-0.9556,ID,IDN
7303,122.4752,-1.2801,ID,IDN
7304,143.2732,-8.2583,PG,PNG
7305,131.0407,-12.4677,AU,AUS
7306,122.7881,-16.704,AU,AUS
7307,131.4182,-12.2839,AU,AUS
7308,124.794,-1.7585,ID,IDN
7309,124.2206,-8.296,ID,IDN
7310,124.832,-9.0397,ID,IDN
7311,111.0663,-3.0215,ID,IDN
7312,140.0844,-17.7757,AU,AUS
7313,124.2019,-16.4642,AU,AUS
7314,109.7436,-1.0255,ID,IDN
7315,123.1925,-1.3049,ID,IDN
7316,124.615,-15.7965,AU,AUS
7317,116.2203,-3.6526,ID,IDN
7318,123.0905,-1.1793,ID,IDN
7319,124.6114,-16.1767,AU,AUS
7320,134.7376,-6.0968,ID,IDN
7321,136.5449,-15.839,AU,AUS
7322,136.6493,-15.9543,AU,AUS
7323,138.5523,-8.1973,ID,IDN
7324,110.1287,-2.0373,ID,IDN
7325,110.118,-1.623,ID,IDN
7326,136.5203,-4.667,ID,IDN
7327,127.4293,-1.4776,ID,IDN
7328,119.3595,-1.2303,ID,IDN
7329,134.2717,-12.0316,AU,AUS
7330,115.224,-3.8664,ID,IDN
7331,125.3425,-14.7032,AU,AUS
7332,127.0078,-13.8792,AU,AUS
7333,120.2934,-5.5223,ID,IDN
7334,138.516,-1.8727,ID,IDN
7335,119.4543,-5.091,ID,IDN
7336,119.4539,-5.5016,ID,IDN
7337,125.6558,-14.2832,AU,AUS
7338,121.7077,-2.2515,ID,IDN
7339,114.5435,-3.5304,ID,IDN
7340,119.9552,-0.711,ID,IDN
7341,142.739,-11.1194,AU,AUS
7342,141.548,-15.8547,AU,AUS
7343,140.6867,-2.6844,ID,IDN
7344,121.5982,-4.2288,ID,IDN
7345,140.8675,-8.9443,PG,PNG
7346,122.56,-4.3662,ID,IDN
7347,132.7739,-11.5593,AU,AUS
7348,131.9743,-11.259,AU,AUS
7349,142.8878,-8.4645,PG,PNG
7350,141.5739,-13.6128,AU,AUS
7351,142.4874,-9.0914,PG,PNG
7352,143.3021,-8.9519,PG,PNG
7353,134.1782,-6.7532,ID,IDN
7354,134.188,-6.3243,ID,IDN
7355,121.1497,-3.0403,ID,IDN
7356,141.7382,-15.0405,AU,AUS
7357,140.5537,-8.5759,PG,PNG
7358,140.6584,-8.6988,PG,PNG
7359,134.6418,-5.5387,ID,IDN
7360,116.2671,-3.5101,ID,IDN
7361,108.1045,-3.1443,ID,IDN
7362,132.6781,-5.8407,ID,IDN
7363,119.456,-3.4385,ID,IDN
7364,109.55,-6.9629,ID,IDN
7365,138.8939,-2.1034,ID,IDN
7366,119.4986,-9.4054,ID,IDN
7367,119.2599,-2.3602,ID,IDN
7368,113.3236,-6.9226,ID,IDN
7369,119.0138,-2.6763,ID,IDN
7370,137.439,-5.0969,ID,IDN
7371,112.9458,-7.6842,ID,IDN
7372,120.0891,-8.5362,ID,IDN
7373,113.9662,-7.7659,ID,IDN
7374,130.4573,-3.164,ID,IDN
7375,143.8211,-8.0236,PG,PNG
7376,142.7833,-11.3849,AU,AUS
7377,143.8366,-7.5996,PG,PNG
7378,111.8976,-6.8175,ID,IDN
7379,131.4082,-1.4157,ID,IDN
7380,131.302,-1.2871,ID,IDN
7381,121.1291,-8.8153,ID,IDN
7382,112.74,-7.095,ID,IDN
7383,141.9272,-12.7497,AU,AUS
7384,123.3853,-10.5668,ID,IDN
7385,132.6252,-3.1123,ID,IDN
7386,120.2859,-8.7811,ID,IDN
7387,116.4259,-8.2998,ID,IDN
7388,119.9398,-9.3556,ID,IDN
7389,134.0638,-2.1553,ID,IDN
7390,134.0735,-1.7155,ID,IDN
7391,131.5065,-7.7171,ID,IDN
7392,135.3781,-4.4151,ID,IDN
7393,130.7789,-0.2041,ID,IDN
7394,135.1073,-4.3134,ID,IDN
7395,132.2492,-2.8816,ID,IDN
7396,127.1932,-3.3839,ID,IDN
7397,136.3527,-2.6622,ID,IDN
7398,132.1431,-2.7533,ID,IDN
7399,135.8463,-3.1806,ID,IDN
7400,135.5219,-0.7478,ID,IDN
7401,126.9249,-3.711,ID,IDN
7402,117.4542,-0.717,ID,IDN
7403,136.1731,-1.0821,ID,IDN
7404,143.4415,-3.5306,PG,PNG
7405,136.0664,-0.9527,ID,IDN
7406,127.0261,-8.3419,TL,TLS
7407,138.1897,-7.5487,ID,IDN
7408,118.0918,-8.2385,ID,IDN
7409,119.0116,-8.3965,ID,IDN
7410,127.7324,-14.3239,AU,AUS
7411,137.3094,-1.7766,ID,IDN
7412,127.6295,-14.2043,AU,AUS
7413,138.3445,-5.9568,ID,IDN
7414,138.4502,-6.083,ID,IDN
7415,136.3752,-1.782,ID,IDN
7416,108.6573,-7.6147,ID,IDN
7417,129.83,-14.741,AU,AUS
7418,138.8133,-6.7383,ID,IDN
7419,129.7263,-14.6221,AU,AUS
7420,130.3658,-11.4728,AU,AUS
7421,127.9383,-14.5625,AU,AUS
7422,131.0078,-11.3886,AU,AUS
7423,130.0767,-3.3679,ID,IDN
7424,131.0001,-11.7973,AU,AUS
7425,122.5365,-8.5086,ID,IDN
7426,122.8635,-4.7412,ID,IDN
7427,130.0942,-11.7792,AU,AUS
7428,129.164,-3.3659,ID,IDN
7429,143.4593,-13.4256,AU,AUS
7430,122.4028,-5.2257,ID,IDN
7431,123.8109,-8.2115,ID,IDN
7432,132.6785,-0.4782,ID,IDN
7433,135.3844,-14.954,AU,AUS
7434,122.0,-4.7271,ID,IDN
7435,122.0182,-0.9303,ID,IDN
7436,122.944,-8.1852,ID,IDN
7437,122.2833,-17.6058,AU,AUS
7438,143.4955,-8.0799,PG,PNG
7439,122.9386,-16.6923,AU,AUS
7440,134.0349,-0.9899,ID,IDN
7441,124.5842,-1.9349,ID,IDN
7442,124.0139,-8.4594,ID,IDN
7443,143.2688,-12.7898,AU,AUS
7444,124.6243,-9.2022,TL,TLS
7445,111.2638,-2.8296,ID,IDN
7446,124.3544,-16.4512,AU,AUS
7447,123.1377,-16.9256,AU,AUS
7448,134.0931,-0.8338,ID,IDN
7449,139.4869,-16.4419,AU,AUS
7450,123.7395,-17.251,AU,AUS
7451,123.3499,-0.8518,ID,IDN
7452,123.3471,-1.2796,ID,IDN
7453,122.8841,-1.3552,ID,IDN
7454,138.5599,-16.8399,AU,AUS
7455,119.652,-4.5133,ID,IDN
7456,134.5157,-6.2739,ID,IDN
7457,119.6526,-4.0998,ID,IDN
7458,120.2453,-4.8412,ID,IDN
7459,139.0336,-17.1534,AU,AUS
7460,120.2462,-4.427,ID,IDN
7461,136.2315,-15.4917,AU,AUS
7462,135.9935,-12.3276,AU,AUS
7463,135.8885,-12.2072,AU,AUS
7464,119.5078,-1.2057,ID,IDN
7465,135.0745,-12.3249,AU,AUS
7466,134.9695,-12.2043,AU,AUS
7467,115.5116,-3.7829,ID,IDN
7468,119.9067,-0.0172,ID,IDN
7469,125.0266,-15.504,AU,AUS
7470,125.0304,-15.1197,AU,AUS
7471,125.5498,-14.5533,AU,AUS
7472,120.3473,-3.7197,ID,IDN
7473,121.3549,-2.0264,ID,IDN
7474,121.9191,-0.3798,ID,IDN
7475,121.9586,-2.7746,ID,IDN
7476,143.6492,-14.0563,AU,AUS
7477,120.1048,-0.6858,ID,IDN
7478,141.7304,-9.0798,PG,PNG
7479,140.4756,-2.4278,ID,IDN
7480,121.4962,-4.5221,ID,IDN
7481,122.1604,-3.0245,ID,IDN
7482,141.5151,-13.7558,AU,AUS
7483,111.0463,-6.5352,ID,IDN
7484,142.3069,-3.287,PG,PNG
7485,109.8258,-7.8111,ID,IDN
7486,139.9706,-8.1091,ID,IDN
7487,116.5919,-1.2759,ID,IDN
7488,140.2395,-8.2059,ID,IDN
7489,134.4197,-5.7166,ID,IDN
7490,116.4091,-3.4886,ID,IDN
7491,124.9948,-8.1958,ID,IDN
7492,119.1607,-3.4832,ID,IDN
7493,115.0278,-8.464,ID,IDN
7494,119.2058,-9.4382,ID,IDN
7495,119.063,-2.53,ID,IDN
7496,114.4486,-7.8765,ID,IDN
7497,113.178,-6.9657,ID,IDN
7498,111.9757,-8.2305,ID,IDN
7499,137.7098,-5.1974,ID,IDN
7500,137.6039,-5.0704,ID,IDN
7501,113.1315,-7.1097,ID,IDN
7502,135.3373,-14.6969,AU,AUS
7503,112.8,-7.7275,ID,IDN
7504,119.8919,-8.6936,ID,IDN
7505,131.9965,-1.904,ID,IDN
7506,136.9135,-12.3272,AU,AUS
7507,120.6281,-10.2089,ID,IDN
7508,112.9327,-6.9076,ID,IDN
7509,121.2788,-8.7974,ID,IDN
7510,141.6469,-13.0654,AU,AUS
7511,112.5937,-7.1381,ID,IDN
7512,111.9985,-6.9195,ID,IDN
7513,116.6619,-8.4043,ID,IDN
7514,135.9502,-13.9474,AU,AUS
7515,116.5671,-8.2836,ID,IDN
7516,116.2399,-8.8449,ID,IDN
7517,122.6636,-4.0709,ID,IDN
7518,136.438,-13.8772,AU,AUS
7519,142.3103,-11.0556,AU,AUS
7520,115.4449,-8.4108,ID,IDN
7521,131.1828,-7.7639,ID,IDN
7522,134.624,-3.9559,ID,IDN
7523,141.838,-12.2246,AU,AUS
7524,111.6818,-8.3172,ID,IDN
7525,127.9909,-3.2605,ID,IDN
7526,111.1844,-8.2034,ID,IDN
7527,125.5026,-9.2285,TL,TLS
7528,132.1671,-12.3202,AU,AUS
7529,132.5466,-12.134,AU,AUS
7530,139.0449,-8.1183,ID,IDN
7531,118.7201,-8.4308,ID,IDN
7532,137.4751,-1.7496,ID,IDN
7533,138.1377,-1.6417,ID,IDN
7534,117.5648,-8.5648,ID,IDN
7535,127.8103,-0.8371,ID,IDN
7536,108.5062,-7.6574,ID,IDN
7537,136.8012,-2.2977,ID,IDN
7538,127.7111,-0.2735,ID,IDN
7539,137.1912,-2.0884,ID,IDN
7540,129.6159,-14.8965,AU,AUS
7541,131.1686,-11.3673,AU,AUS
7542,114.2078,-7.8214,ID,IDN
7543,128.7205,-14.8673,AU,AUS
7544,113.8789,-8.4326,ID,IDN
7545,122.6884,-8.4898,ID,IDN
7546,141.8275,-2.9318,PG,PNG
7547,129.7603,-2.9845,ID,IDN
7548,128.3112,-3.2108,ID,IDN
7549,122.5576,-4.7856,ID,IDN
7550,128.9537,-3.1107,ID,IDN
7551,122.5553,-5.2039,ID,IDN
7552,121.6967,-4.7709,ID,IDN
7553,122.4233,-1.4303,ID,IDN
7554,130.9847,-12.6095,AU,AUS
7555,124.7405,-1.9099,ID,IDN
7556,124.168,-8.4398,ID,IDN
7557,124.7866,-8.3604,ID,IDN
7558,124.7791,-9.1829,ID,IDN
7559,111.1134,-2.8713,ID,IDN
7560,112.029,-3.4353,ID,IDN
7561,123.0382,-1.3301,ID,IDN
7562,124.5664,-15.5465,AU,AUS
7563,116.1736,-3.7949,ID,IDN
7564,126.0438,-2.4179,ID,IDN
7565,134.6796,-6.2486,ID,IDN
7566,134.6897,-5.818,ID,IDN
7567,139.2665,-16.6047,AU,AUS
7568,110.1864,-2.299,ID,IDN
7569,135.6677,-12.375,AU,AUS
7570,126.1027,-1.835,ID,IDN
7571,115.3679,-3.8246,ID,IDN
7572,125.2898,-14.8374,AU,AUS
7573,125.1883,-14.7184,AU,AUS
7574,120.703,-1.4291,ID,IDN
7575,120.2444,-5.2543,ID,IDN
7576,121.3055,-1.753,ID,IDN
7577,121.307,-1.3302,ID,IDN
7578,126.4857,-14.0664,AU,AUS
7579,119.405,-5.2349,ID,IDN
7580,119.9961,-5.5635,ID,IDN
7581,120.3974,-3.5732,ID,IDN
7582,119.9059,-0.4387,ID,IDN
7583,119.9052,-0.8596,ID,IDN
7584,120.9004,-2.5194,ID,IDN
7585,121.5489,-3.9574,ID,IDN
7586,141.4035,-9.1346,PG,PNG
7587,131.4342,-11.4681,AU,AUS
7588,141.6327,-13.4695,AU,AUS
7589,121.0989,-3.1878,ID,IDN
7590,134.1302,-6.4757,ID,IDN
7591,121.1004,-2.7681,ID,IDN
7592,109.0637,-7.6323,ID,IDN
7593,116.7351,-1.2519,ID,IDN
7594,140.0755,-8.2328,ID,IDN
7595,134.5837,-5.6911,ID,IDN
7596,108.1514,-2.9925,ID,IDN
7597,126.0382,-7.7813,TL,TLS
7598,108.0583,-6.4447,ID,IDN
7599,109.7004,-6.9202,ID,IDN
7600,119.0111,-9.5921,ID,IDN
7601,119.3521,-9.4218,ID,IDN
7602,111.8288,-8.2739,ID,IDN
7603,113.5792,-7.7535,ID,IDN
7604,112.9857,-7.1528,ID,IDN
7605,130.4498,-3.5982,ID,IDN
7606,135.5571,-14.5341,AU,AUS
7607,119.6449,-9.7869,ID,IDN
7608,120.2335,-10.1196,ID,IDN
7609,112.3738,-3.2027,ID,IDN
7610,143.8805,-7.873,PG,PNG
7611,142.8275,-11.6497,AU,AUS
7612,113.3155,-3.2084,ID,IDN
7613,143.9993,-7.5714,PG,PNG
7614,111.3524,-6.8439,ID,IDN
7615,134.189,-3.8798,ID,IDN
7616,131.2449,-1.4421,ID,IDN
7617,121.0802,-8.5517,ID,IDN
7618,112.7933,-7.3399,ID,IDN
7619,123.6941,-10.128,ID,IDN
7620,119.8905,-9.4942,ID,IDN
7621,116.3807,-8.8294,ID,IDN
7622,134.0056,-2.3105,ID,IDN
7623,131.4579,-7.4424,ID,IDN
7624,134.0154,-1.8711,ID,IDN
7625,134.6544,-2.6437,ID,IDN
7626,115.5842,-8.3952,ID,IDN
7627,131.3446,-7.7406,ID,IDN
7628,130.9265,-1.0563,ID,IDN
7629,135.9784,-4.4644,ID,IDN
7630,120.2868,-8.3782,ID,IDN
7631,132.209,-2.1612,ID,IDN
7632,136.1875,-2.6888,ID,IDN
7633,110.9347,-8.1459,ID,IDN
7634,132.3284,-12.2986,AU,AUS
7635,134.8571,-3.3388,ID,IDN
7636,117.4063,-0.8633,ID,IDN
7637,136.0076,-1.109,ID,IDN
7638,126.9718,-8.4875,TL,TLS
7639,125.0971,-8.3201,ID,IDN
7640,138.8807,-8.1447,ID,IDN
7641,125.7119,-9.0649,TL,TLS
7642,118.0439,-8.377,ID,IDN
7643,118.6232,-8.7082,ID,IDN
7644,127.9851,-3.6915,ID,IDN
7645,117.8036,-8.2724,ID,IDN
7646,127.6004,-0.5818,ID,IDN
7647,136.9667,-2.2709,ID,IDN
7648,127.4956,-0.4542,ID,IDN
7649,122.336,-17.1099,AU,AUS
7650,129.7747,-14.8782,AU,AUS
7651,129.2986,-14.9327,AU,AUS
7652,130.0276,-3.0869,ID,IDN
7653,122.4851,-8.6508,ID,IDN
7654,130.8395,-11.8183,AU,AUS
7655,128.4048,-14.9022,AU,AUS
7656,129.922,-2.9591,ID,IDN
7657,122.7105,-4.7634,ID,IDN
7658,129.1147,-3.0855,ID,IDN
7659,143.5182,-13.282,AU,AUS
7660,143.5549,-7.9293,PG,PNG
7661,124.1546,-10.0735,ID,IDN
7662,131.1529,-12.1834,AU,AUS
7663,124.5345,-1.6573,ID,IDN
7664,110.4528,-2.7786,ID,IDN
7665,133.9767,-1.1459,ID,IDN
7666,124.9418,-8.3403,ID,IDN
7667,143.3278,-12.6452,AU,AUS
7668,110.0021,-1.096,ID,IDN
7669,112.225,-3.2444,ID,IDN
7670,123.688,-17.379,AU,AUS
7671,124.7196,-15.5325,AU,AUS
7672,115.984,-3.5528,ID,IDN
7673,123.1953,-0.8774,ID,IDN
7674,120.1954,-4.9861,ID,IDN
7675,138.8218,-8.295,ID,IDN
7676,124.1014,-16.347,AU,AUS
7677,135.8306,-12.3514,AU,AUS
7678,136.2493,-4.5657,ID,IDN
7679,136.8973,-4.8954,ID,IDN
7680,125.7867,-1.8856,ID,IDN
7681,119.8566,-0.1663,ID,IDN
7682,124.9779,-15.2528,AU,AUS
7683,120.5033,-1.181,ID,IDN
7684,126.2765,-14.219,AU,AUS
7685,120.1446,-5.543,ID,IDN
7686,120.2972,-3.8659,ID,IDN
7687,125.3953,-14.5688,AU,AUS
7688,121.9092,-2.5011,ID,IDN
7689,114.3465,-3.3192,ID,IDN
7690,121.8084,-2.3763,ID,IDN
7691,143.6928,-14.3128,AU,AUS
7692,114.4451,-3.4249,ID,IDN
7693,120.5997,-2.5667,ID,IDN
7694,122.3086,-3.8438,ID,IDN
7695,132.5072,-11.4595,AU,AUS
7696,141.1356,-9.0396,PG,PNG
7697,141.24,-9.1618,PG,PNG
7698,133.1457,-11.7806,AU,AUS
7699,140.145,-2.4822,ID,IDN
7700,142.7542,-9.1852,PG,PNG
7701,141.5598,-14.0144,AU,AUS
7702,111.102,-6.7841,ID,IDN
7703,142.9047,-3.3318,PG,PNG
7704,134.3038,-6.0208,ID,IDN
7705,139.3732,-8.0652,ID,IDN
7706,108.913,-7.675,ID,IDN
7707,116.5447,-1.4209,ID,IDN
7708,134.3617,-5.8688,ID,IDN
7709,116.3593,-2.8168,ID,IDN
7710,126.195,-7.7602,TL,TLS
7711,109.0399,-6.8406,ID,IDN
7712,119.2543,-9.6975,ID,IDN
7713,115.3972,-8.1551,ID,IDN
7714,135.3949,-14.5568,AU,AUS
7715,113.9555,-3.2964,ID,IDN
7716,143.7177,-7.9012,PG,PNG
7717,113.1147,-2.9946,ID,IDN
7718,142.015,-11.7878,AU,AUS
7719,131.9476,-1.6203,ID,IDN
7720,120.5794,-9.9488,ID,IDN
7721,133.9765,-3.6237,ID,IDN
7722,131.0327,-1.1849,ID,IDN
7723,121.2299,-8.5336,ID,IDN
7724,141.6916,-13.326,AU,AUS
7725,116.192,-8.5886,ID,IDN
7726,132.7314,-3.2406,ID,IDN
7727,120.0395,-8.6762,ID,IDN
7728,132.022,-0.5855,ID,IDN
7729,136.4848,-14.1368,AU,AUS
7730,133.7926,-2.0529,ID,IDN
7731,133.3778,-3.5734,ID,IDN
7732,131.6199,-7.4187,ID,IDN
7733,130.4529,-0.2578,ID,IDN
7734,134.4315,-2.8251,ID,IDN
7735,115.3992,-8.5462,ID,IDN
7736,131.1263,-7.9126,ID,IDN
7737,123.1237,-4.0023,ID,IDN
7738,133.2994,-2.1322,ID,IDN
7739,120.4352,-8.3603,ID,IDN
7740,132.3728,-2.135,ID,IDN
7741,141.8969,-12.0792,AU,AUS
7742,130.5097,-0.1023,ID,IDN
7743,135.2135,-4.4411,ID,IDN
7744,126.9301,-3.2815,ID,IDN
7745,135.9636,-2.8706,ID,IDN
7746,133.4127,-11.8797,AU,AUS
7747,126.0346,-3.2769,ID,IDN
7748,126.6673,-3.1791,ID,IDN
7749,134.6443,-3.082,ID,IDN
7750,135.6813,-3.207,ID,IDN
7751,143.1733,-3.4313,PG,PNG
7752,126.7601,-8.6538,TL,TLS
7753,135.7941,-0.8503,ID,IDN
7754,143.8135,-3.7563,PG,PNG
7755,117.1175,-0.9123,ID,IDN
7756,126.6568,-8.5293,TL,TLS
7757,125.8681,-9.045,TL,TLS
7758,125.8726,-8.6322,ID,IDN
7759,118.7686,-8.6914,ID,IDN
7760,128.145,-3.667,ID,IDN
7761,117.0408,-8.4927,ID,IDN
7762,114.4577,-8.6379,ID,IDN
7763,127.3698,-14.1018,AU,AUS
7764,117.613,-8.8234,ID,IDN
7765,129.5056,-15.1697,AU,AUS
7766,137.972,-1.6687,ID,IDN
7767,138.0864,-5.4245,ID,IDN
7768,127.7664,-0.1192,ID,IDN
7769,136.1032,-1.6797,ID,IDN
7770,122.5871,-16.8437,AU,AUS
7771,117.9955,-8.117,ID,IDN
7772,126.0782,-8.8806,TL,TLS
7773,135.9648,-15.3983,AU,AUS
7774,122.4857,-17.0989,AU,AUS
7775,128.0144,-1.5277,ID,IDN
7776,129.8095,-3.2653,ID,IDN
7777,128.1928,-15.0554,AU,AUS
7778,128.5626,-14.8848,AU,AUS
7779,122.1821,-8.688,ID,IDN
7780,128.2618,-2.9309,ID,IDN
7781,132.4077,-0.3759,ID,IDN
7782,122.506,-4.9325,ID,IDN
7783,141.6627,-2.9591,PG,PNG
7784,128.7928,-3.1358,ID,IDN
7785,123.1155,-5.2633,ID,IDN
7786,130.1549,-1.9084,ID,IDN
7787,130.2254,-13.3738,AU,AUS
7788,124.3154,-9.2405,TL,TLS
7789,110.3014,-2.8202,ID,IDN
7790,141.3722,-16.2719,AU,AUS
7791,133.7634,-0.8875,ID,IDN
7792,130.6641,-12.6504,AU,AUS
7793,124.4281,-1.9599,ID,IDN
7794,139.574,-17.591,AU,AUS
7795,112.0761,-3.2862,ID,IDN
7796,123.4853,-17.5181,AU,AUS
7797,123.8427,-16.9943,AU,AUS
7798,122.9912,-0.6264,ID,IDN
7799,122.9859,-1.4806,ID,IDN
7800,124.5142,-15.6785,AU,AUS
7801,134.6317,-5.9701,ID,IDN
7802,120.3463,-4.1357,ID,IDN
7803,136.127,-15.3756,AU,AUS
7804,110.2335,-2.1475,ID,IDN
7805,139.4286,-16.5798,AU,AUS
7806,135.6205,-12.1104,AU,AUS
7807,137.0622,-4.869,ID,IDN
7808,125.9446,-1.8603,ID,IDN
7809,134.7018,-12.1066,AU,AUS
7810,126.0145,-14.5062,AU,AUS
7811,137.611,-16.2055,AU,AUS
7812,124.7719,-15.4,AU,AUS
7813,121.2545,-1.9019,ID,IDN
7814,137.7903,-8.1774,ID,IDN
7815,126.4321,-14.2026,AU,AUS
7816,121.1557,-1.355,ID,IDN
7817,119.4582,-1.3536,ID,IDN
7818,139.0595,-2.0763,ID,IDN
7819,113.8091,-3.338,ID,IDN
7820,120.3483,-3.3027,ID,IDN
7821,143.8975,-14.5401,AU,AUS
7822,119.8559,-0.5875,ID,IDN
7823,114.6418,-3.6356,ID,IDN
7824,120.3995,-2.7377,ID,IDN
7825,120.7499,-2.5431,ID,IDN
7826,141.9978,-9.1743,PG,PNG
7827,141.5034,-15.602,AU,AUS
7828,122.4613,-3.8209,ID,IDN
7829,122.1026,-4.4334,ID,IDN
7830,133.3077,-11.7582,AU,AUS
7831,140.3103,-2.455,ID,IDN
7832,142.9764,-9.0079,PG,PNG
7833,131.3778,-11.6117,AU,AUS
7834,142.5912,-9.213,PG,PNG
7835,142.9915,-8.5866,PG,PNG
7836,143.258,-8.6806,PG,PNG
7837,110.7949,-6.4746,ID,IDN
7838,121.0482,-3.3352,ID,IDN
7839,109.7223,-7.709,ID,IDN
7840,139.209,-8.0918,ID,IDN
7841,116.355,-1.5893,ID,IDN
7842,140.763,-8.8216,PG,PNG
7843,110.582,-7.9871,ID,IDN
7844,116.1721,-3.3889,ID,IDN
7845,133.1195,-5.4871,ID,IDN
7846,119.4578,-1.772,ID,IDN
7847,125.8815,-7.8023,TL,TLS
7848,108.8887,-6.8833,ID,IDN
7849,116.5474,-2.2416,ID,IDN
7850,119.3576,-3.3151,ID,IDN
7851,115.2583,-8.1709,ID,IDN
7852,114.6929,-8.3121,ID,IDN
7853,113.4226,-7.0234,ID,IDN
7854,129.6279,-7.8452,TL,TLS
7855,137.3331,-4.9698,ID,IDN
7856,113.0451,-7.784,ID,IDN
7857,135.6147,-14.3936,AU,AUS
7858,136.9147,-14.2072,AU,AUS
7859,114.1017,-3.2548,ID,IDN
7860,120.0858,-10.1357,ID,IDN
7861,142.8717,-11.9137,AU,AUS
7862,135.8562,-13.4263,AU,AUS
7863,120.7279,-9.9323,ID,IDN
7864,135.9378,-1.7065,ID,IDN
7865,112.2464,-6.9783,ID,IDN
7866,132.519,-2.984,ID,IDN
7867,120.1874,-8.6587,ID,IDN
7868,132.1859,-0.5587,ID,IDN
7869,116.8998,-8.903,ID,IDN
7870,134.5961,-2.7987,ID,IDN
7871,115.2148,-8.6966,ID,IDN
7872,130.8696,-1.2113,ID,IDN
7873,131.288,-7.8894,ID,IDN
7874,116.0994,-8.8603,ID,IDN
7875,132.971,-2.1848,ID,IDN
7876,132.9619,-2.6231,ID,IDN
7877,134.3534,-3.8539,ID,IDN
7878,135.0011,-4.1856,ID,IDN
7879,111.0828,-8.1028,ID,IDN
7880,126.8259,-3.1545,ID,IDN
7881,134.809,-3.0557,ID,IDN
7882,125.1383,-9.4108,TL,TLS
7883,126.3458,-3.6568,ID,IDN
7884,135.4578,-3.3881,ID,IDN
7885,126.9176,-8.633,TL,TLS
7886,135.9597,-0.8233,ID,IDN
7887,126.8142,-8.5085,TL,TLS
7888,138.6953,-7.0419,ID,IDN
7889,125.5602,-8.6727,TL,TLS
7890,118.4781,-8.7249,ID,IDN
7891,118.4779,-8.3261,ID,IDN
7892,117.7565,-8.8072,ID,IDN
7893,138.5558,-6.209,ID,IDN
7894,117.6606,-8.686,ID,IDN
7895,127.5452,-0.7357,ID,IDN
7896,127.4404,-0.6081,ID,IDN
7897,122.7372,-16.8322,AU,AUS
7898,126.2348,-8.8603,TL,TLS
7899,138.4968,-6.3614,ID,IDN
7900,122.2855,-17.2369,AU,AUS
7901,113.2954,-8.2245,ID,IDN
7902,129.6227,-14.5031,AU,AUS
7903,114.1202,-8.4868,ID,IDN
7904,129.9712,-3.2401,ID,IDN
7905,128.3503,-15.0382,AU,AUS
7906,113.5386,-8.2797,ID,IDN
7907,129.4864,-3.3157,ID,IDN
7908,122.3335,-8.6694,ID,IDN
7909,128.0462,-3.1083,ID,IDN
7910,143.5619,-13.5409,AU,AUS
7911,122.9103,-5.4318,ID,IDN
7912,128.5765,-3.3133,ID,IDN
7913,133.2207,-0.6828,ID,IDN
7914,121.5611,-1.006,ID,IDN
7915,130.3172,-1.8824,ID,IDN
7916,122.5271,-1.1298,ID,IDN
7917,124.4698,-9.2214,TL,TLS
7918,129.8993,-13.8116,AU,AUS
7919,131.0968,-12.3257,AU,AUS
7920,124.0009,-10.0918,ID,IDN
7921,124.4813,-1.8087,ID,IDN
7922,143.3717,-12.9062,AU,AUS
7923,133.9282,-0.8607,ID,IDN
7924,130.8243,-12.63,AU,AUS
7925,140.4075,-17.7266,AU,AUS
7926,122.7056,-5.5997,ID,IDN
7927,123.8944,-16.8654,AU,AUS
7928,123.0381,-16.809,AU,AUS
7929,123.6366,-17.5066,AU,AUS
7930,123.6395,-17.1348,AU,AUS
7931,111.6668,-2.8548,ID,IDN
7932,123.2478,-0.7262,ID,IDN
7933,123.1456,-0.6006,ID,IDN
7934,138.0276,-16.6614,AU,AUS
7935,136.9737,-15.9081,AU,AUS
7936,139.1346,-17.2665,AU,AUS
7937,138.224,-8.2496,ID,IDN
7938,136.336,-15.6077,AU,AUS
7939,139.2275,-17.3823,AU,AUS
7940,136.4355,-11.9906,AU,AUS
7941,120.5405,-6.0371,ID,IDN
7942,137.8194,-16.4339,AU,AUS
7943,120.3434,-5.378,ID,IDN
7944,121.4092,-1.0312,ID,IDN
7945,120.9537,-1.5287,ID,IDN
7946,119.5037,-4.9469,ID,IDN
7947,120.1498,-3.055,ID,IDN
7948,113.6625,-3.3797,ID,IDN
7949,120.0053,-0.5622,ID,IDN
7950,120.0061,-0.1406,ID,IDN
7951,120.5493,-2.7143,ID,IDN
7952,141.017,-2.6299,PG,PNG
7953,142.5321,-10.8809,AU,AUS
7954,128.1349,-8.192,TL,TLS
7955,122.2549,-4.4111,ID,IDN
7956,139.4371,-2.3066,ID,IDN
7957,121.3977,-3.9799,ID,IDN
7958,141.6044,-14.2721,AU,AUS
7959,122.0595,-2.8995,ID,IDN
7960,134.2459,-6.1726,ID,IDN
7961,116.4976,-1.5657,ID,IDN
7962,141.5457,-14.4142,AU,AUS
7963,140.3443,-8.3294,ID,IDN
7964,116.311,-2.5521,ID,IDN
7965,116.0771,-3.2678,ID,IDN
7966,109.9541,-6.9809,ID,IDN
7967,119.1083,-9.7135,ID,IDN
7968,137.1321,-2.2441,ID,IDN
7969,113.7128,-6.9372,ID,IDN
7970,111.8165,-2.8132,ID,IDN
7971,129.7885,-7.8226,TL,TLS
7972,113.2307,-7.2104,ID,IDN
7973,130.1822,-3.4956,ID,IDN
7974,136.752,-14.2309,AU,AUS
7975,114.3515,-7.7779,ID,IDN
7976,142.074,-11.6417,AU,AUS
7977,112.9669,-3.0362,ID,IDN
7978,132.5366,-2.1088,ID,IDN
7979,111.2505,-6.7412,ID,IDN
7980,133.8122,-3.6497,ID,IDN
7981,113.0322,-7.0088,ID,IDN
7982,130.9757,-1.3399,ID,IDN
7983,112.0993,-7.0214,ID,IDN
7984,116.1457,-8.7246,ID,IDN
7985,119.99,-8.8159,ID,IDN
7986,131.9645,-0.7412,ID,IDN
7987,136.5427,-13.9953,AU,AUS
7988,132.9347,-3.9324,ID,IDN
7989,133.32,-3.7273,ID,IDN
7990,122.5624,-3.9459,ID,IDN
7991,131.5632,-7.568,ID,IDN
7992,155.6988,-6.342,PG,PNG
7993,148.623,-9.0976,PG,PNG
7994,160.2702,-9.545,SB,SLB
7995,147.0134,-7.1779,PG,PNG
7996,160.3493,-9.7768,SB,SLB
7997,159.5852,-8.43,SB,SLB
7998,159.6381,-9.3217,SB,SLB
7999,147.0286,-9.3953,PG,PNG
8000,162.0512,-10.7505,SB,SLB
8001,150.5384,-10.4913,PG,PNG
8002,149.9305,-10.2071,PG,PNG
8003,148.3696,-10.1017,PG,PNG
8004,157.4619,-8.114,SB,SLB
8005,149.7332,-9.9751,PG,PNG
8006,179.8352,-16.7261,FJ,FJI
8007,149.2018,-10.2137,PG,PNG
8008,158.0578,-8.6416,SB,SLB
8009,166.6558,-14.9093,VU,VUT
8010,146.5395,-5.7142,PG,PNG
8011,147.4287,-6.1203,PG,PNG
8012,145.7046,-5.151,PG,PNG
8013,151.2174,-5.8433,PG,PNG
8014,149.9005,-6.229,PG,PNG
8015,148.9859,-5.5571,PG,PNG
8016,158.8585,-7.94,SB,SLB
8017,149.0859,-5.6794,PG,PNG
8018,178.2633,-17.4145,FJ,FJI
8019,149.8789,-5.534,PG,PNG
8020,168.33,-16.74,VU,VUT
8021,166.7039,-15.4401,VU,VUT
8022,166.828,-15.5403,VU,VUT
8023,152.1925,-4.8252,PG,PNG
8024,144.9483,-14.8768,AU,AUS
8025,145.3843,-7.8895,PG,PNG
8026,156.6641,-6.6839,PG,PNG
8027,151.123,-10.1057,PG,PNG
8028,144.3481,-3.9535,PG,PNG
8029,160.0887,-9.7142,SB,SLB
8030,160.2018,-9.8125,SB,SLB
8031,145.6616,-4.8734,PG,PNG
8032,159.8629,-9.5178,SB,SLB
8033,145.9607,-17.8685,AU,AUS
8034,146.6237,-8.9181,PG,PNG
8035,160.8336,-8.5314,SB,SLB
8036,146.7251,-9.0377,PG,PNG
8037,161.59,-10.3565,SB,SLB
8038,154.7059,-5.3128,PG,PNG
8039,160.9884,-8.8729,SB,SLB
8040,149.7733,-10.2379,PG,PNG
8041,161.2625,-9.4288,SB,SLB
8042,148.6867,-10.0413,PG,PNG
8043,157.6083,-8.0822,SB,SLB
8044,179.8438,-16.2772,FJ,FJI
8045,146.7431,-5.9609,PG,PNG
8046,146.898,-2.0786,PG,PNG
8047,152.8055,-9.0927,PG,PNG
8048,151.4324,-5.6638,PG,PNG
8049,157.1207,-7.2576,SB,SLB
8050,151.0022,-6.0228,PG,PNG
8051,179.0636,-16.4764,FJ,FJI
8052,159.0907,-8.0195,SB,SLB
8053,148.8267,-5.5861,PG,PNG
8054,159.0024,-7.9082,SB,SLB
8055,168.181,-16.7861,VU,VUT
8056,144.4393,-14.3127,AU,AUS
8057,145.8097,-7.9535,PG,PNG
8058,152.3479,-4.7961,PG,PNG
8059,151.9588,-5.4256,PG,PNG
8060,152.698,-3.8942,PG,PNG
8061,152.3093,-4.5246,PG,PNG
8062,154.8941,-5.5499,PG,PNG
8063,152.0566,-4.432,PG,PNG
8064,145.1199,-7.7964,PG,PNG
8065,151.9012,-3.3391,PG,PNG
8066,150.5366,-9.4111,PG,PNG
8067,160.4171,-9.5095,SB,SLB
8068,147.0555,-7.45,PG,PNG
8069,144.6148,-4.0517,PG,PNG
8070,144.5114,-3.9257,PG,PNG
8071,145.8242,-17.0882,AU,AUS
8072,147.8804,-7.995,PG,PNG
8073,159.5526,-8.1772,SB,SLB
8074,159.6402,-8.2876,SB,SLB
8075,159.7154,-9.5531,SB,SLB
8076,145.3533,-4.4983,PG,PNG
8077,160.843,-8.9081,SB,SLB
8078,149.9704,-10.4691,PG,PNG
8079,161.49,-9.6236,SB,SLB
8080,148.5282,-10.0715,PG,PNG
8081,157.4058,-8.2583,SB,SLB
8082,168.1924,-15.8161,VU,VUT
8083,149.1795,-9.5385,PG,PNG
8084,179.4531,-16.3774,FJ,FJI
8085,149.3596,-10.1832,PG,PNG
8086,166.7541,-15.1525,VU,VUT
8087,147.0599,-2.0511,PG,PNG
8088,146.378,-5.7427,PG,PNG
8089,145.7642,-4.9981,PG,PNG
8090,145.7476,-5.428,PG,PNG
8091,151.6471,-5.4843,PG,PNG
8092,151.276,-5.6932,PG,PNG
8093,151.6666,-5.0628,PG,PNG
8094,157.2679,-7.2265,SB,SLB
8095,178.6709,-16.7229,FJ,FJI
8096,149.1267,-5.9525,PG,PNG
8097,150.037,-5.5049,PG,PNG
8098,166.7291,-15.2962,VU,VUT
8099,146.2767,-8.2878,PG,PNG
8100,152.1341,-4.9754,PG,PNG
8101,152.1144,-5.3962,PG,PNG
8102,153.0837,-4.38,PG,PNG
8103,155.2689,-6.0212,PG,PNG
8104,152.2123,-4.4031,PG,PNG
8105,155.4346,-6.6663,PG,PNG
8106,148.1227,-8.5036,PG,PNG
8107,148.5231,-8.9792,PG,PNG
8108,150.2682,-2.641,PG,PNG
8109,147.7207,-8.0245,PG,PNG
8110,147.5915,-9.8393,PG,PNG
8111,144.9845,-4.2754,PG,PNG
8112,146.6829,-8.769,PG,PNG
8113,160.7794,-8.6726,SB,SLB
8114,161.6729,-10.5903,SB,SLB
8115,150.2839,-10.4073,PG,PNG
8116,160.7572,-9.8034,SB,SLB
8117,157.5523,-8.2265,SB,SLB
8118,149.6345,-9.8587,PG,PNG
8119,157.8226,-8.5624,SB,SLB
8120,157.7326,-8.4506,SB,SLB
8121,167.0508,-15.0653,VU,VUT
8122,146.9042,-5.9322,PG,PNG
8123,147.6902,-6.2139,PG,PNG
8124,151.491,-5.5136,PG,PNG
8125,157.086,-6.9979,SB,SLB
8126,178.9244,-16.8566,FJ,FJI
8127,178.3849,-17.6318,FJ,FJI
8128,148.9677,-5.9816,PG,PNG
8129,157.7885,-8.3068,SB,SLB
8130,145.2363,-15.6075,AU,AUS
8131,168.2039,-16.6403,VU,VUT
8132,167.0263,-15.2086,VU,VUT
8133,146.48,-8.5288,PG,PNG
8134,151.92,-5.1547,PG,PNG
8135,154.8367,-5.6979,PG,PNG
8136,156.5647,-7.6418,SB,SLB
8137,145.2818,-7.7677,PG,PNG
8138,155.6058,-6.2253,PG,PNG
8139,178.5119,-17.7,FJ,FJI
8140,148.7228,-9.2157,PG,PNG
8141,160.7316,-8.8109,SB,SLB
8142,147.1147,-7.2995,PG,PNG
8143,147.5123,-6.6674,PG,PNG
8144,160.4627,-9.8751,SB,SLB
8145,177.3513,-17.8303,FJ,FJI
8146,150.4265,-2.6131,PG,PNG
8147,145.8835,-16.944,AU,AUS
8148,145.8695,-17.3476,AU,AUS
8149,160.9194,-8.6399,SB,SLB
8150,154.1517,-11.3346,PG,PNG
8151,161.9673,-10.5164,SB,SLB
8152,160.876,-8.7762,SB,SLB
8153,160.6101,-9.8392,SB,SLB
8154,149.8504,-9.681,PG,PNG
8155,149.8319,-10.0912,PG,PNG
8156,179.5842,-16.2944,FJ,FJI
8157,147.9274,-5.6079,PG,PNG
8158,148.0282,-5.7307,PG,PNG
8159,144.0585,-14.5117,AU,AUS
8160,178.8017,-16.6409,FJ,FJI
8161,158.7699,-7.8284,SB,SLB
8162,178.2583,-17.5637,FJ,FJI
8163,166.8778,-15.2524,VU,VUT
8164,144.2195,-14.4832,AU,AUS
8165,145.7076,-7.832,PG,PNG
8166,151.4511,-2.9975,PG,PNG
8167,153.0255,-4.5299,PG,PNG
8168,145.1514,-15.1007,AU,AUS
8169,155.2117,-6.1687,PG,PNG
8170,151.7837,-4.7619,PG,PNG
8171,144.5901,-7.609,PG,PNG
8172,150.7909,-9.4966,PG,PNG
8173,178.5024,-17.9998,FJ,FJI
8174,178.7715,-17.6865,FJ,FJI
8175,149.0396,-9.1555,PG,PNG
8176,147.3171,-7.542,PG,PNG
8177,147.8327,-6.6092,PG,PNG
8178,145.5589,-4.7486,PG,PNG
8179,145.4561,-4.6235,PG,PNG
8180,160.7478,-8.4226,SB,SLB
8181,153.3929,-11.4977,PG,PNG
8182,161.705,-10.4549,SB,SLB
8183,161.8202,-10.5534,SB,SLB
8184,161.1011,-8.9696,SB,SLB
8185,150.2442,-10.1455,PG,PNG
8186,150.3424,-10.261,PG,PNG
8187,161.4752,-10.2581,SB,SLB
8188,148.7863,-10.1581,PG,PNG
8189,157.0775,-8.0646,SB,SLB
8190,167.8418,-15.3747,VU,VUT
8191,149.0802,-9.4211,PG,PNG
8192,149.616,-10.2686,PG,PNG
8193,146.9292,-6.6321,PG,PNG
8194,147.7318,-6.4873,PG,PNG
8195,152.7096,-8.9774,PG,PNG
8196,150.9232,-5.4805,PG,PNG
8197,157.0296,-7.1433,SB,SLB
8198,168.124,-16.2499,VU,VUT
8199,179.0557,-16.7744,FJ,FJI
8200,158.9139,-7.7967,SB,SLB
8201,149.4036,-5.6213,PG,PNG
8202,178.0062,-17.4277,FJ,FJI
8203,145.279,-15.8621,AU,AUS
8204,150.2938,-5.5974,PG,PNG
8205,167.1257,-15.4522,VU,VUT
8206,144.5413,-14.426,AU,AUS
8207,152.2509,-4.6749,PG,PNG
8208,152.8128,-4.7089,PG,PNG
8209,152.7363,-4.1663,PG,PNG
8210,155.3623,-6.1385,PG,PNG
8211,144.4277,-7.6374,PG,PNG
8212,151.8035,-3.2161,PG,PNG
8213,150.6346,-9.5275,PG,PNG
8214,149.6892,-1.4582,PG,PNG
8215,148.8813,-9.1856,PG,PNG
8216,160.81,-9.0402,SB,SLB
8217,160.5303,-9.6074,SB,SLB
8218,147.1567,-7.5712,PG,PNG
8219,147.6726,-6.6383,PG,PNG
8220,177.4822,-17.7502,FJ,FJI
8221,147.981,-8.115,PG,PNG
8222,147.8514,-9.9272,PG,PNG
8223,145.9289,-17.203,AU,AUS
8224,145.3056,-16.5167,AU,AUS
8225,150.0688,-10.5844,PG,PNG
8226,150.0874,-10.1763,PG,PNG
8227,161.328,-10.2947,SB,SLB
8228,160.6437,-9.7053,SB,SLB
8229,157.2937,-8.5466,SB,SLB
8230,149.2788,-9.6556,PG,PNG
8231,179.4497,-16.5265,FJ,FJI
8232,179.7124,-16.3605,FJ,FJI
8233,147.1667,-6.0264,PG,PNG
8234,145.8501,-5.5521,PG,PNG
8235,150.7661,-5.5097,PG,PNG
8236,150.6883,-6.0818,PG,PNG
8237,167.3017,-16.0858,VU,VUT
8238,178.6664,-16.8717,FJ,FJI
8239,178.9326,-16.5587,FJ,FJI
8240,149.2265,-6.0742,PG,PNG
8241,149.2448,-5.6504,PG,PNG
8242,148.6081,-5.7664,PG,PNG
8243,177.6191,-17.5212,FJ,FJI
8244,166.977,-15.4963,VU,VUT
8245,166.03,-10.7328,SB,SLB
8246,144.745,-14.6519,AU,AUS
8247,152.0173,-5.2756,PG,PNG
8248,145.1087,-14.8477,AU,AUS
8249,152.9674,-4.6798,PG,PNG
8250,152.9875,-4.2589,PG,PNG
8251,145.2102,-14.9598,AU,AUS
8252,152.8911,-4.1375,PG,PNG
8253,155.1754,-5.9037,PG,PNG
8254,151.7252,-4.9124,PG,PNG
8255,152.1151,-4.2814,PG,PNG
8256,155.0818,-5.786,PG,PNG
8257,151.6471,-4.3678,PG,PNG
8258,156.6563,-7.7558,SB,SLB
8259,144.1026,-7.694,PG,PNG
8260,145.546,-7.8608,PG,PNG
8261,155.3413,-6.5498,PG,PNG
8262,148.2229,-8.6228,PG,PNG
8263,144.1847,-3.9813,PG,PNG
8264,147.4181,-7.6629,PG,PNG
8265,150.1688,-2.5163,PG,PNG
8266,147.692,-9.9571,PG,PNG
8267,145.6159,-16.8592,AU,AUS
8268,145.9745,-17.4627,AU,AUS
8269,146.8855,-9.0084,PG,PNG
8270,160.6935,-8.5639,SB,SLB
8271,161.7882,-10.689,SB,SLB
8272,161.1816,-9.1988,SB,SLB
8273,150.382,-10.5224,PG,PNG
8274,179.3219,-16.4602,FJ,FJI
8275,179.7063,-16.6595,FJ,FJI
8276,149.0439,-10.2442,PG,PNG
8277,157.6425,-8.3387,SB,SLB
8278,146.736,-2.1062,PG,PNG
8279,147.0058,-6.0552,PG,PNG
8280,147.7911,-6.3362,PG,PNG
8281,160.0485,-11.5067,SB,SLB
8282,151.08,-5.4512,PG,PNG
8283,149.6431,-6.1372,PG,PNG
8284,156.9949,-6.8832,SB,SLB
8285,150.5311,-6.1113,PG,PNG
8286,167.6775,-16.3862,VU,VUT
8287,179.1907,-16.5428,FJ,FJI
8288,179.187,-16.6919,FJ,FJI
8289,145.322,-16.1175,AU,AUS
8290,178.1373,-17.3467,FJ,FJI
8291,145.3382,-15.7201,AU,AUS
8292,149.7207,-5.5631,PG,PNG
8293,167.1501,-15.3084,VU,VUT
8294,165.8873,-10.7714,SB,SLB
8295,145.9711,-7.9246,PG,PNG
8296,146.0731,-8.0459,PG,PNG
8297,151.0975,-2.7779,PG,PNG
8298,152.7746,-4.4378,PG,PNG
8299,154.8733,-5.9637,PG,PNG
8300,151.9008,-4.4608,PG,PNG
8301,151.8033,-4.339,PG,PNG
8302,156.8471,-6.9141,SB,SLB
8303,144.7524,-7.5806,PG,PNG
8304,178.5072,-17.8498,FJ,FJI
8305,148.3231,-8.7419,PG,PNG
8306,159.9411,-9.7498,SB,SLB
8307,177.345,-17.9791,FJ,FJI
8308,144.0809,-3.855,PG,PNG
8309,150.3273,-2.4885,PG,PNG
8310,145.3653,-16.3737,AU,AUS
8311,147.2895,-9.4845,PG,PNG
8312,145.1906,-4.5264,PG,PNG
8313,147.0877,-9.2469,PG,PNG
8314,153.298,-11.3865,PG,PNG
8315,162.0828,-10.6148,SB,SLB
8316,161.0359,-9.2344,SB,SLB
8317,150.2255,-10.5534,PG,PNG
8318,157.2592,-8.2901,SB,SLB
8319,179.581,-16.4436,FJ,FJI
8320,149.4366,-9.6252,PG,PNG
8321,167.5355,-13.8433,VU,VUT
8322,166.6809,-14.7664,VU,VUT
8323,167.4651,-14.2666,VU,VUT
8324,146.012,-5.5237,PG,PNG
8325,151.8031,-5.4549,PG,PNG
8326,151.1974,-5.1502,PG,PNG
8327,167.3259,-15.9408,VU,VUT
8328,167.4026,-16.3313,VU,VUT
8329,167.5281,-16.4315,VU,VUT
8330,179.4463,-16.6759,FJ,FJI
8331,178.7931,-16.9387,FJ,FJI
8332,158.6811,-7.7165,SB,SLB
8333,159.2341,-7.9876,SB,SLB
8334,148.6673,-5.6151,PG,PNG
8335,177.7499,-17.4406,FJ,FJI
8336,168.343,-17.5728,VU,VUT
8337,149.5622,-5.5922,PG,PNG
8338,155.0609,-6.1988,PG,PNG
8339,151.9785,-5.0045,PG,PNG
8340,145.1346,-15.495,AU,AUS
8341,145.2528,-15.2126,AU,AUS
8342,152.8328,-4.2877,PG,PNG
8343,151.6862,-4.6403,PG,PNG
8344,151.5491,-3.121,PG,PNG
8345,152.0573,-3.3108,PG,PNG
8346,150.8887,-9.6127,PG,PNG
8347,155.3052,-6.2858,PG,PNG
8348,150.2817,-9.3252,PG,PNG
8349,155.7916,-6.4585,PG,PNG
8350,149.139,-9.2733,PG,PNG
8351,160.1573,-9.4471,SB,SLB
8352,146.912,-7.0562,PG,PNG
8353,168.3201,-17.7202,VU,VUT
8354,159.4099,-8.2093,SB,SLB
8355,146.0203,-17.7231,AU,AUS
8356,161.9356,-10.6519,SB,SLB
8357,148.2696,-9.9846,PG,PNG
8358,156.9865,-7.9514,SB,SLB
8359,179.8381,-16.5763,FJ,FJI
8360,148.4073,-5.5214,PG,PNG
8361,166.5326,-14.8095,VU,VUT
8362,147.2216,-2.0235,PG,PNG
8363,148.3481,-5.6729,PG,PNG
8364,147.3274,-5.9976,PG,PNG
8365,147.142,-5.3242,PG,PNG
8366,151.5104,-5.0919,PG,PNG
8367,151.1387,-5.3008,PG,PNG
8368,156.9385,-7.0288,SB,SLB
8369,179.3183,-16.6093,FJ,FJI
8370,158.8253,-7.6848,SB,SLB
8371,148.5078,-5.644,PG,PNG
8372,145.3813,-15.9751,AU,AUS
8373,150.3737,-6.1407,PG,PNG
8374,144.6432,-14.539,AU,AUS
8375,152.7163,-4.5879,PG,PNG
8376,152.6397,-4.0447,PG,PNG
8377,151.7447,-4.4897,PG,PNG
8378,151.7058,-3.0928,PG,PNG
8379,150.7325,-9.6436,PG,PNG
8380,155.4556,-6.2555,PG,PNG
8381,151.0255,-9.9905,PG,PNG
8382,160.9228,-9.1373,SB,SLB
8383,160.0102,-9.4824,SB,SLB
8384,148.0814,-8.2349,PG,PNG
8385,148.1817,-8.3545,PG,PNG
8386,147.9516,-10.0447,PG,PNG
8387,145.4088,-16.6307,AU,AUS
8388,145.5122,-16.7449,AU,AUS
8389,159.7503,-9.4197,SB,SLB
8390,161.0686,-9.1019,SB,SLB
8391,148.1107,-10.0147,PG,PNG
8392,157.1338,-7.9199,SB,SLB
8393,148.9445,-10.1277,PG,PNG
8394,166.7791,-15.0091,VU,VUT
8395,146.8699,-6.7832,PG,PNG
8396,146.6413,-5.8376,PG,PNG
8397,146.5739,-2.1338,PG,PNG
8398,151.354,-5.1211,PG,PNG
8399,160.1639,-11.6075,SB,SLB
8400,167.4268,-16.1859,VU,VUT
8401,167.5521,-16.2861,VU,VUT
8402,159.1789,-8.1306,SB,SLB
8403,150.6089,-5.5389,PG,PNG
8404,150.2162,-6.1701,PG,PNG
8405,177.8751,-17.5086,FJ,FJI
8406,167.1012,-15.5963,VU,VUT
8407,167.1767,-15.9855,VU,VUT
8408,144.8467,-14.7644,AU,AUS
8409,146.8105,-6.9343,PG,PNG
8410,145.1938,-15.3537,AU,AUS
8411,152.7946,-4.016,PG,PNG
8412,154.9671,-6.0814,PG,PNG
8413,154.988,-5.668,PG,PNG
8414,151.5493,-4.2456,PG,PNG
8415,156.6075,-6.8299,PG,PNG
8416,145.0173,-7.6743,PG,PNG
8417,150.928,-9.8751,PG,PNG
8418,155.248,-6.433,PG,PNG
8419,155.8274,-6.7214,PG,PNG
8420,149.1978,-9.1253,PG,PNG
8421,160.2596,-9.0486,SB,SLB
8422,147.3519,-6.6964,PG,PNG
8423,144.7182,-4.1776,PG,PNG
8424,159.8281,-9.6514,SB,SLB
8425,151.0436,-8.495,PG,PNG
8426,147.5191,-7.7836,PG,PNG
8427,168.4704,-17.6731,VU,VUT
8428,159.465,-8.0666,SB,SLB
8429,145.7199,-16.9736,AU,AUS
8430,146.0665,-17.9844,AU,AUS
8431,146.0798,-17.5779,AU,AUS
8432,146.9866,-9.1277,PG,PNG
8433,153.6397,-11.576,PG,PNG
8434,154.6116,-5.194,PG,PNG
8435,150.48,-10.6373,PG,PNG
8436,150.4989,-10.23,PG,PNG
8437,149.8719,-10.3536,PG,PNG
8438,161.3761,-9.5262,SB,SLB
8439,149.6931,-9.7115,PG,PNG
8440,166.6306,-15.0526,VU,VUT
8441,147.09,-6.6032,PG,PNG
8442,146.2759,-5.6191,PG,PNG
8443,145.645,-5.3037,PG,PNG
8444,151.0608,-5.8727,PG,PNG
8445,149.7424,-6.2584,PG,PNG
8446,157.3586,-7.3404,SB,SLB
8447,149.5437,-6.0158,PG,PNG
8448,159.3221,-8.0986,SB,SLB
8449,177.4883,-17.6015,FJ,FJI
8450,145.4247,-16.2309,AU,AUS
8451,150.4514,-5.5682,PG,PNG
8452,146.1749,-8.1669,PG,PNG
8453,154.7793,-5.8458,PG,PNG
8454,151.7057,-4.2169,PG,PNG
8455,156.7557,-6.7991,PG,PNG
8456,144.8552,-7.7029,PG,PNG
8457,152.1546,-3.4336,PG,PNG
8458,155.5277,-6.7826,PG,PNG
8459,155.8843,-6.5748,PG,PNG
8460,148.4232,-8.8607,PG,PNG
8461,147.1913,-6.7254,PG,PNG
8462,144.8813,-4.1497,PG,PNG
8463,150.8413,-2.6817,PG,PNG
8464,147.6199,-7.9042,PG,PNG
8465,147.3903,-9.603,PG,PNG
8466,147.491,-9.7212,PG,PNG
8467,159.7276,-8.3977,SB,SLB
8468,145.0876,-4.401,PG,PNG
8469,147.1886,-9.3658,PG,PNG
8470,146.5815,-8.649,PG,PNG
8471,162.1984,-10.7133,SB,SLB
8472,161.5577,-10.4917,SB,SLB
8473,161.1491,-9.3316,SB,SLB
8474,150.3236,-10.6684,PG,PNG
8475,149.5356,-9.7421,PG,PNG
8476,149.4585,-10.2993,PG,PNG
8477,157.9124,-8.6738,SB,SLB
8478,147.5891,-6.0915,PG,PNG
8479,146.1142,-5.6476,PG,PNG
8480,151.4126,-4.9705,PG,PNG
8481,150.0584,-6.1996,PG,PNG
8482,150.8453,-6.0523,PG,PNG
8483,158.5921,-7.6043,SB,SLB
8484,149.3852,-6.045,PG,PNG
8485,148.7675,-5.7374,PG,PNG
8486,148.8677,-5.8596,PG,PNG
8487,150.0558,-5.0808,PG,PNG
8488,150.1361,-5.6266,PG,PNG
8489,144.2784,-14.3413,AU,AUS
8490,146.3784,-8.4084,PG,PNG
8491,152.3677,-4.3742,PG,PNG
8492,144.2652,-7.6657,PG,PNG
8493,105.0663,-16.9429,CX,CXR
8494,156.5158,-6.7146,PG,PNG
8495,155.6777,-6.752,PG,PNG
8496,-157.3437,1.8476,KI,KIR
8497,-75.3659,10.6116,CO,COL
8498,-85.4887,10.0166,CR,CRI
8499,-83.1042,9.9895,CR,CRI
8500,-87.8925,13.3216,SV,SLV
8501,-87.8607,13.4731,SV,SLV
8502,-84.4535,15.7392,HN,HND
8503,-83.4353,8.4332,CR,CRI
8504,-72.9633,11.5127,CO,COL
8505,-95.4665,16.0712,MX,MEX
8506,-94.5623,16.2891,MX,MEX
8507,-99.7762,16.8619,MX,MEX
8508,-74.229,11.041,CO,COL
8509,-100.2095,16.9862,MX,MEX
8510,-74.5258,10.7904,CO,COL
8511,-74.5122,10.9346,CO,COL
8512,-83.423,14.1134,NI,NIC
8513,-83.8064,12.2118,NI,NIC
8514,-73.3965,11.2141,CO,COL
8515,-99.4813,16.833,MX,MEX
8516,-76.6481,17.9587,JM,JAM
8517,-78.6246,1.8007,CO,COL
8518,-80.8819,7.2977,PA,PAN
8519,-80.8647,7.4503,PA,PAN
8520,-81.9109,8.1863,PA,PAN
8521,-87.6372,15.7999,HN,HND
8522,-78.819,9.4178,PA,PAN
8523,-80.3362,8.3868,PA,PAN
8524,-77.9179,7.3288,CO,COL
8525,-76.6611,8.6956,CO,COL
8526,-83.5295,15.2642,HN,HND
8527,-101.7636,17.876,MX,MEX
8528,-78.0069,9.1671,PA,PAN
8529,-72.0134,11.5888,CO,COL
8530,-88.2965,13.3009,SV,SLV
8531,-77.2621,4.0445,CO,COL
8532,-90.2226,13.8016,GT,GTM
8533,-75.479,9.4424,CO,COL
8534,-96.2423,15.7521,MX,MEX
8535,-85.3598,9.9282,CR,CRI
8536,-84.4177,9.6037,CR,CRI
8537,-87.4582,13.4927,HN,HND
8538,-83.696,10.8752,CR,CRI
8539,-88.3084,17.8248,BZ,BLZ
8540,-84.2031,15.6948,HN,HND
8541,-86.5616,15.7846,HN,HND
8542,-95.0012,16.2608,MX,MEX
8543,-83.6955,8.6146,CR,CRI
8544,-93.4887,15.8302,MX,MEX
8545,-98.6435,16.4192,MX,MEX
8546,-87.3781,13.2475,HN,HND
8547,-99.9137,16.9579,MX,MEX
8548,-87.2299,12.6219,NI,NIC
8549,-74.7824,10.9717,CO,COL
8550,-76.5222,17.876,JM,JAM
8551,-77.2106,17.7704,JM,JAM
8552,-77.7301,17.97,JM,JAM
8553,-78.5921,2.1205,CO,COL
8554,-79.1276,9.1539,PA,PAN
8555,-78.5758,2.2801,CO,COL
8556,-76.382,17.9226,JM,JAM
8557,-79.9268,0.3209,EC,ECU
8558,-80.4377,7.4776,PA,PAN
8559,-88.631,16.2739,BZ,BLZ
8560,-87.7522,15.8974,HN,HND
8561,-80.1888,8.4458,PA,PAN
8562,-79.0952,9.4515,PA,PAN
8563,-78.6889,9.3266,PA,PAN
8564,-88.2283,15.5749,HN,HND
8565,-78.1008,8.2698,PA,PAN
8566,-78.7368,8.8795,PA,PAN
8567,-77.2416,8.4666,CO,COL
8568,-101.9048,17.9717,MX,MEX
8569,-77.8769,9.0756,PA,PAN
8570,-100.7834,17.2057,MX,MEX
8571,-77.667,2.8167,CO,COL
8572,-88.5563,13.3373,SV,SLV
8573,-77.1301,3.9492,CO,COL
8574,-76.054,9.2189,CO,COL
8575,-96.5287,15.784,MX,MEX
8576,-75.2092,10.8105,CO,COL
8577,-86.5061,11.8249,NI,NIC
8578,-85.6368,9.9566,CR,CRI
8579,-72.1725,9.7266,VE,VEN
8580,-84.2883,9.5144,CR,CRI
8581,-82.4733,9.3921,PA,PAN
8582,-85.7969,10.8696,CR,CRI
8583,-82.7331,9.5722,PA,PAN
8584,-88.3735,17.5141,BZ,BLZ
8585,-83.3632,10.1678,CR,CRI
8586,-84.3105,15.7919,HN,HND
8587,-72.1277,11.8203,CO,COL
8588,-95.6216,16.0077,MX,MEX
8589,-83.5655,8.524,CR,CRI
8590,-93.3626,15.7332,MX,MEX
8591,-86.4865,11.9695,NI,NIC
8592,-87.2663,13.1536,HN,HND
8593,-83.6416,13.4951,NI,NIC
8594,-87.103,12.5376,NI,NIC
8595,-73.5371,11.1617,CO,COL
8596,-77.4629,17.9353,JM,JAM
8597,-78.459,2.0241,CO,COL
8598,-77.3404,6.097,CO,COL
8599,-80.105,9.1954,PA,PAN
8600,-78.807,1.4163,EC,ECU
8601,-87.5224,15.7025,HN,HND
8602,-78.9651,9.3604,PA,PAN
8603,-88.9299,16.1602,BZ,BLZ
8604,-88.3444,15.6721,HN,HND
8605,-72.1155,11.9611,CO,COL
8606,-76.806,8.6386,CO,COL
8607,-83.4783,14.754,HN,HND
8608,-78.1527,9.1098,PA,PAN
8609,-100.9226,17.3015,MX,MEX
8610,-101.4822,17.6846,MX,MEX
8611,-77.286,5.2308,CO,COL
8612,-75.6225,9.3868,CO,COL
8613,-96.3974,15.6878,MX,MEX
8614,-91.3558,0.0642,EC,ECU
8615,-97.2362,15.9431,MX,MEX
8616,-86.3785,11.7392,NI,NIC
8617,-85.867,11.3948,NI,NIC
8618,-85.1925,10.1363,CR,CRI
8619,-72.0451,9.6349,VE,VEN
8620,-85.0445,10.196,CR,CRI
8621,-85.6686,10.7824,CR,CRI
8622,-82.4506,8.4005,PA,PAN
8623,-82.6032,9.4822,PA,PAN
8624,-83.2337,10.0787,CR,CRI
8625,-83.1383,8.5535,CR,CRI
8626,-83.5285,8.8253,CR,CRI
8627,-95.1563,16.1978,MX,MEX
8628,-98.5083,16.3231,MX,MEX
8629,-74.2424,10.8973,CO,COL
8630,-88.4383,17.2036,BZ,BLZ
8631,-74.9245,10.9181,CO,COL
8632,-83.8247,12.0677,NI,NIC
8633,-73.116,11.3185,CO,COL
8634,-73.8055,11.1996,CO,COL
8635,-83.5682,12.9846,NI,NIC
8636,-77.279,6.71,CO,COL
8637,-83.6781,13.212,NI,NIC
8638,-77.0551,17.9474,JM,JAM
8639,-91.9017,14.4199,GT,GTM
8640,-77.3096,6.404,CO,COL
8641,-79.6647,9.3695,PA,PAN
8642,-80.2729,7.6894,PA,PAN
8643,-80.9784,7.6949,PA,PAN
8644,-78.7742,1.7371,CO,COL
8645,-87.9325,15.6877,HN,HND
8646,-79.2415,9.3939,PA,PAN
8647,-88.0804,15.6314,HN,HND
8648,-78.247,8.2117,PA,PAN
8649,-78.033,7.5735,PA,PAN
8650,-78.3617,8.4542,PA,PAN
8651,-72.0911,12.2419,CO,COL
8652,-77.5019,8.6509,PA,PAN
8653,-101.6228,17.7803,MX,MEX
8654,-101.2018,17.493,MX,MEX
8655,-77.5031,3.0376,CO,COL
8656,-90.4598,13.9917,GT,GTM
8657,-89.4577,13.5403,SV,SLV
8658,-75.8955,9.4226,CO,COL
8659,-96.6841,15.7195,MX,MEX
8660,-76.2273,8.866,CO,COL
8661,-85.7389,11.3083,NI,NIC
8662,-83.9354,11.1971,NI,NIC
8663,-72.0084,10.0692,VE,VEN
8664,-83.7513,11.5465,NI,NIC
8665,-85.6299,11.0754,CR,CRI
8666,-82.7294,8.4317,PA,PAN
8667,-83.7144,10.7284,CR,CRI
8668,-86.1577,15.7965,HN,HND
8669,-83.4169,8.5842,CR,CRI
8670,-83.3985,8.7348,CR,CRI
8671,-98.2168,16.293,MX,MEX
8672,-74.2156,11.1845,CO,COL
8673,-83.788,12.3556,NI,NIC
8674,-73.6647,11.2522,CO,COL
8675,-83.623,12.5563,NI,NIC
8676,-83.55,13.1267,NI,NIC
8677,-76.9291,17.8649,JM,JAM
8678,-91.7798,14.3243,GT,GTM
8679,-77.9799,2.5324,CO,COL
8680,-92.7641,15.0919,MX,MEX
8681,-78.2776,2.4064,CO,COL
8682,-80.252,9.1371,PA,PAN
8683,-80.0264,0.7418,EC,ECU
8684,-81.2574,7.7272,PA,PAN
8685,-88.3852,16.7947,BZ,BLZ
8686,-87.0006,15.6193,HN,HND
8687,-80.3868,7.9334,PA,PAN
8688,-88.7804,16.2171,BZ,BLZ
8689,-80.7107,8.8117,PA,PAN
8690,-78.2944,7.7589,PA,PAN
8691,-79.9439,0.1588,EC,ECU
8692,-78.9315,8.3715,PA,PAN
8693,-84.1313,15.4487,HN,HND
8694,-76.7357,7.9467,CO,COL
8695,-76.7208,8.097,CO,COL
8696,-78.0851,8.4201,PA,PAN
8697,-77.3718,8.5588,CO,COL
8698,-77.7623,8.8348,PA,PAN
8699,-101.3418,17.5888,MX,MEX
8700,-77.2159,4.5137,CO,COL
8701,-90.341,13.8966,GT,GTM
8702,-88.9324,13.468,SV,SLV
8703,-75.4648,9.5896,CO,COL
8704,-75.7662,9.331,CO,COL
8705,-85.7461,10.1929,CR,CRI
8706,-83.0081,8.4626,PA,PAN
8707,-83.64,9.0657,CR,CRI
8708,-88.341,17.6694,BZ,BLZ
8709,-86.7413,12.1399,NI,NIC
8710,-95.3114,16.1346,MX,MEX
8711,-85.8667,15.905,HN,HND
8712,-98.3515,16.3892,MX,MEX
8713,-94.4075,16.3515,MX,MEX
8714,-87.3459,13.3984,HN,HND
8715,-77.5408,6.8969,CO,COL
8716,-100.4862,17.178,MX,MEX
8717,-75.0668,10.8644,CO,COL
8718,-83.6595,12.2692,NI,NIC
8719,-73.2561,11.2664,CO,COL
8720,-73.9332,11.2901,CO,COL
8721,-77.1959,17.9003,JM,JAM
8722,-81.8227,8.9397,PA,PAN
8723,-91.5369,14.1335,GT,GTM
8724,-92.64,14.9956,MX,MEX
8725,-79.8113,9.3116,PA,PAN
8726,-79.5017,9.5758,PA,PAN
8727,-92.1465,14.6114,GT,GTM
8728,-77.2398,5.6948,CO,COL
8729,-79.9097,0.4829,EC,ECU
8730,-79.8927,0.6446,EC,ECU
8731,-79.5744,0.9349,EC,ECU
8732,-80.6027,7.2652,PA,PAN
8733,-78.9239,1.6734,CO,COL
8734,-82.1719,8.3691,PA,PAN
8735,-87.1142,15.7165,HN,HND
8736,-80.256,7.8412,PA,PAN
8737,-78.1637,7.6662,PA,PAN
8738,-83.2772,14.169,NI,NIC
8739,-84.0246,15.3522,HN,HND
8740,-77.0114,7.9815,CO,COL
8741,-76.9963,8.1319,CO,COL
8742,-77.6321,8.7429,PA,PAN
8743,-77.402,5.4801,CO,COL
8744,-77.6513,2.9751,CO,COL
8745,-77.3395,3.2579,CO,COL
8746,-90.6085,13.9323,GT,GTM
8747,-89.1946,13.5043,SV,SLV
8748,-96.9479,15.9119,MX,MEX
8749,-76.0685,9.0709,CO,COL
8750,-85.6174,10.1048,CR,CRI
8751,-85.1018,9.751,CR,CRI
8752,-72.1602,9.8716,VE,VEN
8753,-72.1479,10.0162,VE,VEN
8754,-83.8985,11.4885,NI,NIC
8755,-84.547,9.6929,CR,CRI
8756,-82.2488,8.9119,PA,PAN
8757,-82.8778,8.3716,PA,PAN
8758,-88.4059,17.3588,BZ,BLZ
8759,-82.599,8.3405,PA,PAN
8760,-86.0121,15.8509,HN,HND
8761,-86.7078,15.7296,HN,HND
8762,-86.6139,12.0548,NI,NIC
8763,-83.547,8.6748,CR,CRI
8764,-85.6107,15.8616,HN,HND
8765,-95.7768,15.944,MX,MEX
8766,-99.639,16.7659,MX,MEX
8767,-77.4099,6.8035,CO,COL
8768,-100.625,17.2739,MX,MEX
8769,-83.6234,13.6362,NI,NIC
8770,-87.4424,12.9461,NI,NIC
8771,-83.7696,12.4991,NI,NIC
8772,-81.6924,8.8489,PA,PAN
8773,-78.1287,2.4694,CO,COL
8774,-91.4159,14.0382,GT,GTM
8775,-77.325,6.2506,CO,COL
8776,-79.3716,9.4849,PA,PAN
8777,-92.0239,14.5156,GT,GTM
8778,-79.8777,8.7135,PA,PAN
8779,-92.3926,14.8033,MX,MEX
8780,-81.092,7.9388,PA,PAN
8781,-82.0414,8.2778,PA,PAN
8782,-81.519,7.9112,PA,PAN
8783,-78.9734,1.1917,EC,ECU
8784,-86.8542,15.6745,HN,HND
8785,-88.9615,16.0053,BZ,BLZ
8786,-80.5464,9.0202,PA,PAN
8787,-80.8582,8.7528,PA,PAN
8788,-76.8811,7.8888,CO,COL
8789,-83.4603,14.8923,HN,HND
8790,-83.8121,15.1596,HN,HND
8791,-102.2056,17.9979,MX,MEX
8792,-77.2706,5.3857,CO,COL
8793,-90.8768,13.9678,GT,GTM
8794,-89.0788,13.4098,SV,SLV
8795,-77.3941,4.1397,CO,COL
8796,-77.1763,3.4776,CO,COL
8797,-75.594,9.6811,CO,COL
8798,-96.8158,15.8157,MX,MEX
8799,-75.5371,10.2663,CO,COL
8800,-83.954,11.051,CR,CRI
8801,-85.6493,10.9291,CR,CRI
8802,-82.1186,8.8211,PA,PAN
8803,-72.0574,9.4895,VE,VEN
8804,-82.9745,9.9002,CR,CRI
8805,-83.825,10.9631,CR,CRI
8806,-83.6036,10.493,CR,CRI
8807,-86.4492,15.6873,HN,HND
8808,-83.5101,8.9756,CR,CRI
8809,-85.3557,15.818,HN,HND
8810,-93.6153,15.9273,MX,MEX
8811,-85.7214,15.959,HN,HND
8812,-86.7216,12.2839,NI,NIC
8813,-77.6717,6.9903,CO,COL
8814,-87.3566,12.706,NI,NIC
8815,-74.9107,11.0622,CO,COL
8816,-74.3976,10.6997,CO,COL
8817,-94.8203,16.4838,MX,MEX
8818,-83.6052,13.777,NI,NIC
8819,-74.0743,11.2374,CO,COL
8820,-83.6599,13.3537,NI,NIC
8821,-77.6039,17.8878,JM,JAM
8822,-90.9966,14.063,GT,GTM
8823,-81.9706,8.8805,PA,PAN
8824,-77.2943,6.5571,CO,COL
8825,-79.9581,9.2535,PA,PAN
8826,-79.6482,9.5182,PA,PAN
8827,-92.2694,14.7073,MX,MEX
8828,-80.9612,7.8468,PA,PAN
8829,-79.725,0.8706,EC,ECU
8830,-88.3529,16.9495,BZ,BLZ
8831,-82.3202,8.3092,PA,PAN
8832,-81.3882,7.8192,PA,PAN
8833,-81.1362,8.785,PA,PAN
8834,-88.6094,15.7126,GT,GTM
8835,-83.3149,14.9472,HN,HND
8836,-83.4216,15.1696,HN,HND
8837,-77.3168,4.9202,CO,COL
8838,-77.4875,3.1956,CO,COL
8839,-75.5655,9.9743,CO,COL
8840,-97.0803,16.0082,MX,MEX
8841,-76.2127,9.0145,CO,COL
8842,-83.917,11.3429,NI,NIC
8843,-83.7329,11.6917,NI,NIC
8844,-85.7267,10.3407,CR,CRI
8845,-83.7513,9.3054,CR,CRI
8846,-82.8629,9.662,PA,PAN
8847,-88.0376,13.2642,SV,SLV
8848,-83.4926,10.2567,CR,CRI
8849,-83.4743,10.4043,CR,CRI
8850,-84.9576,15.8275,HN,HND
8851,-92.9859,15.4427,MX,MEX
8852,-95.9319,15.8802,MX,MEX
8853,-87.5865,12.889,NI,NIC
8854,-94.6911,16.3864,MX,MEX
8855,-83.8616,11.7787,NI,NIC
8856,-83.6047,12.6993,NI,NIC
8857,-76.9145,17.9944,JM,JAM
8858,-77.3367,17.8529,JM,JAM
8859,-91.2663,14.0983,GT,GTM
8860,-92.7364,15.2495,MX,MEX
8861,-77.2552,5.5404,CO,COL
8862,-90.7278,14.0274,GT,GTM
8863,-79.2736,1.0634,EC,ECU
8864,-81.2401,7.8791,PA,PAN
8865,-80.5176,8.0255,PA,PAN
8866,-81.5621,8.7579,PA,PAN
8867,-88.4175,16.6398,BZ,BLZ
8868,-79.1234,1.1276,EC,ECU
8869,-80.6937,8.9616,PA,PAN
8870,-81.0058,8.6938,PA,PAN
8871,-76.3718,8.8093,CO,COL
8872,-80.4837,8.3278,PA,PAN
8873,-88.7264,15.8101,GT,GTM
8874,-78.2786,7.9101,PA,PAN
8875,-78.2155,8.5121,PA,PAN
8876,-78.6065,8.7878,PA,PAN
8877,-83.3689,14.5317,HN,HND
8878,-84.0959,15.598,HN,HND
8879,-83.2969,15.0851,HN,HND
8880,-76.7059,8.2471,CO,COL
8881,-77.2005,4.6697,CO,COL
8882,-77.1851,4.8254,CO,COL
8883,-88.442,13.2431,SV,SLV
8884,-77.2313,4.3575,CO,COL
8885,-77.324,3.4156,CO,COL
8886,-77.0133,3.6968,CO,COL
8887,-89.3107,13.5988,SV,SLV
8888,-97.369,16.0394,MX,MEX
8889,-75.38,10.4665,CO,COL
8890,-85.995,11.4812,NI,NIC
8891,-84.6574,9.9304,CR,CRI
8892,-83.6215,9.2156,CR,CRI
8893,-84.0105,9.4848,CR,CRI
8894,-87.6028,13.4358,HN,HND
8895,-85.0669,15.9249,HN,HND
8896,-83.0263,8.3115,PA,PAN
8897,-86.3034,15.742,HN,HND
8898,-72.976,11.3705,CO,COL
8899,-85.2112,15.8715,HN,HND
8900,-92.861,15.346,MX,MEX
8901,-97.9483,16.1008,MX,MEX
8902,-93.2367,15.6363,MX,MEX
8903,-93.8693,16.1217,MX,MEX
8904,-87.4745,12.7955,NI,NIC
8905,-94.9755,16.421,MX,MEX
8906,-91.1459,14.0031,GT,GTM
8907,-79.274,9.096,PA,PAN
8908,-77.2245,5.849,CO,COL
8909,-79.8943,8.5633,PA,PAN
8910,-77.2092,6.003,CO,COL
8911,-79.5673,8.98,PA,PAN
8912,-79.8756,0.8062,EC,ECU
8913,-81.4317,8.6667,PA,PAN
8914,-81.5365,7.7593,PA,PAN
8915,-88.8754,15.753,GT,GTM
8916,-81.2839,8.7259,PA,PAN
8917,-88.4609,15.7695,GT,GTM
8918,-78.4921,8.5462,PA,PAN
8919,-78.4762,8.696,PA,PAN
8920,-83.2592,14.3086,NI,NIC
8921,-83.2412,14.4479,NI,NIC
8922,-101.0621,17.3973,MX,MEX
8923,-72.0255,11.4473,CO,COL
8924,-89.5744,13.635,SV,SLV
8925,-97.6584,16.0702,MX,MEX
8926,-86.2507,11.6534,NI,NIC
8927,-85.0827,9.8996,CR,CRI
8928,-84.5282,9.8416,CR,CRI
8929,-84.9155,10.1076,CR,CRI
8930,-85.7582,11.1623,NI,NIC
8931,-85.5594,10.5479,CR,CRI
8932,-83.2501,8.7948,CR,CRI
8933,-85.5401,10.695,CR,CRI
8934,-83.8809,9.3952,CR,CRI
8935,-82.9927,9.7516,CR,CRI
8936,-88.1827,13.2068,SV,SLV
8937,-88.2758,17.9803,BZ,BLZ
8938,-84.8137,15.8807,HN,HND
8939,-82.896,8.2204,PA,PAN
8940,-72.2665,11.7694,CO,COL
8941,-86.976,12.4532,NI,NIC
8942,-72.5446,11.6672,CO,COL
8943,-98.0824,16.1969,MX,MEX
8944,-98.6218,16.5817,MX,MEX
8945,-93.1111,15.5394,MX,MEX
8946,-93.7421,16.0244,MX,MEX
8947,-94.1246,16.3164,MX,MEX
8948,-77.787,7.2357,CO,COL
8949,-99.2081,16.6409,MX,MEX
8950,-79.861,8.8634,PA,PAN
8951,-79.424,0.9992,EC,ECU
8952,-80.4547,7.3252,PA,PAN
8953,-80.8476,7.6026,PA,PAN
8954,-88.5991,16.4286,BZ,BLZ
8955,-87.3752,15.7583,HN,HND
8956,-78.4128,9.2927,PA,PAN
8957,-88.993,15.8504,GT,GTM
8958,-76.5164,8.7525,CO,COL
8959,-77.2568,8.3168,CO,COL
8960,-77.8924,8.9266,PA,PAN
8961,-77.6827,2.658,CO,COL
8962,-77.3786,4.2962,CO,COL
8963,-77.1609,3.635,CO,COL
8964,-89.839,13.6709,SV,SLV
8965,-75.5797,9.8278,CO,COL
8966,-97.525,15.9741,MX,MEX
8967,-75.2232,10.6658,CO,COL
8968,-75.5229,10.412,CO,COL
8969,-86.1229,11.5674,NI,NIC
8970,-84.9536,9.8109,CR,CRI
8971,-84.7865,10.0191,CR,CRI
8972,-82.4912,9.2427,PA,PAN
8973,-83.12,8.7042,CR,CRI
8974,-84.1588,9.425,CR,CRI
8975,-87.7157,13.5302,HN,HND
8976,-83.5852,10.6401,CR,CRI
8977,-84.5967,15.6863,HN,HND
8978,-86.8488,12.3686,NI,NIC
8979,-72.8235,11.5644,CO,COL
8980,-98.7574,16.678,MX,MEX
8981,-93.9968,16.219,MX,MEX
8982,-100.3477,17.0821,MX,MEX
8983,-77.6562,7.1426,CO,COL
8984,-87.2985,13.003,NI,NIC
8985,-98.9147,16.6114,MX,MEX
8986,-83.5871,13.9175,NI,NIC
8987,-91.6582,14.2289,GT,GTM
8988,-78.4752,1.8643,CO,COL
8989,-79.4206,9.0381,PA,PAN
8990,-79.7141,8.9218,PA,PAN
8991,-80.7338,7.3578,PA,PAN
8992,-81.7627,8.2461,PA,PAN
8993,-78.8234,1.2557,EC,ECU
8994,-78.9973,9.0625,PA,PAN
8995,-78.2828,9.2013,PA,PAN
8996,-80.3992,9.0787,PA,PAN
8997,-80.5006,8.1767,PA,PAN
8998,-78.4092,8.0026,PA,PAN
8999,-76.821,8.4892,CO,COL
9000,-77.1265,8.2244,CO,COL
9001,-83.6707,15.212,HN,HND
9002,-77.3014,5.0756,CO,COL
9003,-88.8171,13.3736,SV,SLV
9004,-89.7217,13.5762,SV,SLV
9005,-90.0745,13.8607,SV,SLV
9006,-75.5513,10.1205,CO,COL
9007,-96.0871,15.8162,MX,MEX
9008,-97.8146,16.0047,MX,MEX
9009,-85.2309,9.8397,CR,CRI
9010,-85.2117,9.9881,CR,CRI
9011,-82.379,9.0025,PA,PAN
9012,-82.3611,9.1524,PA,PAN
9013,-85.7073,10.4882,CR,CRI
9014,-88.3206,17.1045,BZ,BLZ
9015,-81.7201,7.3943,PA,PAN
9016,-84.7051,15.7834,HN,HND
9017,-72.4055,11.7184,CO,COL
9018,-72.684,11.6158,CO,COL
9019,-85.5003,15.7643,HN,HND
9020,-80.1588,7.4448,PA,PAN
9021,-83.4411,13.9734,NI,NIC
9022,-100.0515,17.0539,MX,MEX
9023,-94.2791,16.2542,MX,MEX
9024,-74.2559,10.7532,CO,COL
9025,-74.6404,11.0251,CO,COL
9026,-99.0507,16.7076,MX,MEX
9027,-83.8432,11.9233,NI,NIC
9028,-83.5865,12.8421,NI,NIC
9029,-99.3446,16.7369,MX,MEX
9030,-78.4266,2.3433,CO,COL
9031,-92.5161,14.8994,MX,MEX
9032,-76.242,17.9691,JM,JAM
9033,-80.2898,7.5374,PA,PAN
9034,-88.4496,16.4851,BZ,BLZ
9035,-78.7906,1.5768,CO,COL
9036,-81.6497,8.003,PA,PAN
9037,-81.6321,8.1545,PA,PAN
9038,-87.9001,15.8414,HN,HND
9039,-80.0415,8.5046,PA,PAN
9040,-78.8671,8.9711,PA,PAN
9041,-80.142,7.597,PA,PAN
9042,-87.2281,15.8139,HN,HND
9043,-78.5429,9.384,PA,PAN
9044,-78.2628,8.061,PA,PAN
9045,-78.0487,7.4218,PA,PAN
9046,-83.3508,14.6705,HN,HND
9047,-72.1033,12.1016,CO,COL
9048,-76.6909,8.3968,CO,COL
9049,-83.9182,15.2558,HN,HND
9050,-72.0377,11.3055,CO,COL
9051,-77.8312,2.5952,CO,COL
9052,-76.998,3.8539,CO,COL
9053,-88.7022,13.2794,SV,SLV
9054,-89.9566,13.7657,SV,SLV
9055,-75.91,9.275,CO,COL
9056,-68.919,12.1693,CW,CUW
9057,-50.3256,0.1775,BR,BRA
9058,-53.8034,5.6023,GF,GUF
9059,-55.3089,5.8375,SR,SUR
9060,-69.2301,11.5161,VE,VEN
9061,-63.5861,10.5877,VE,VEN
9062,-68.8468,11.3841,VE,VEN
9063,-71.5791,17.9854,DO,DOM
9064,-54.8948,5.9189,SR,SUR
9065,-66.9564,10.5808,VE,VEN
9066,-64.3406,10.2566,VE,VEN
9067,-61.7701,17.0924,AG,ATG
9068,-51.6182,4.1421,GF,GUF
9069,-52.7076,5.1193,GF,GUF
9070,-53.2539,5.442,GF,GUF
9071,-66.8265,17.9725,PR,PRI
9072,-57.0708,5.9056,GY,GUY
9073,-58.2401,6.7548,GY,GUY
9074,-57.589,6.3724,GY,GUY
9075,-71.3107,11.9821,CO,COL
9076,-70.2609,11.8203,VE,VEN
9077,-69.8748,11.689,VE,VEN
9078,-61.4114,8.7501,VE,VEN
9079,-61.3697,9.6526,TT,TTO
9080,-71.0727,10.005,VE,VEN
9081,-61.19,10.7767,TT,TTO
9082,-71.4051,10.8515,VE,VEN
9083,-71.7845,11.1241,VE,VEN
9084,-50.0101,1.1667,BR,BRA
9085,-61.3489,10.1012,TT,TTO
9086,-51.0853,3.1579,GF,GUF
9087,-66.0737,10.3631,VE,VEN
9088,-50.8279,2.3342,GF,GUF
9089,-50.8331,2.1697,GF,GUF
9090,-50.0451,0.0061,BR,BRA
9091,-53.5261,5.6025,GF,GUF
9092,-55.4426,5.9163,SR,SUR
9093,-71.2818,9.083,VE,VEN
9094,-70.9811,9.4801,VE,VEN
9095,-63.9679,10.3489,VE,VEN
9096,-63.3378,10.6005,VE,VEN
9097,-69.1057,11.4255,VE,VEN
9098,-54.62,5.9199,SR,SUR
9099,-66.8338,10.4898,VE,VEN
9100,-50.8951,0.1883,BR,BRA
9101,-71.93,9.3976,VE,VEN
9102,-51.3416,3.9772,GF,GUF
9103,-61.0371,8.5356,VE,VEN
9104,-53.3901,5.5223,GF,GUF
9105,-52.2963,4.8758,GF,GUF
9106,-56.8011,5.9077,SR,SUR
9107,-57.9738,6.7586,GY,GUY
9108,-57.3271,6.2182,GY,GUY
9109,-71.2873,12.2619,VE,VEN
9110,-70.1358,11.7299,VE,VEN
9111,-69.853,11.9681,VE,VEN
9112,-61.7278,10.1597,TT,TTO
9113,-60.8844,9.0693,VE,VEN
9114,-61.0115,14.5647,MQ,MTQ
9115,-71.2669,10.903,VE,VEN
9116,-70.1691,11.3088,VE,VEN
9117,-50.4147,1.9167,BR,BRA
9118,-61.4453,10.7652,TT,TTO
9119,-70.8537,11.0563,VE,VEN
9120,-58.6153,7.2927,GY,GUY
9121,-66.3175,10.545,VE,VEN
9122,-50.1854,0.0918,BR,BRA
9123,-50.4503,0.7601,BR,BRA
9124,-68.2706,12.1328,BQ,BES
9125,-71.0844,9.8609,VE,VEN
9126,-68.371,10.7403,VE,VEN
9127,-67.8758,10.3759,VE,VEN
9128,-69.3652,11.4668,VE,VEN
9129,-63.9388,10.933,VE,VEN
9130,-65.0877,9.9266,VE,VEN
9131,-67.0884,10.5319,VE,VEN
9132,-64.2142,10.3361,VE,VEN
9133,-71.8026,9.3056,VE,VEN
9134,-65.5788,10.1386,VE,VEN
9135,-64.304,10.985,VE,VEN
9136,-52.4335,4.9571,GF,GUF
9137,-53.6677,5.5223,GF,GUF
9138,-56.5307,5.9097,SR,SUR
9139,-56.9329,5.9856,SR,SUR
9140,-71.1616,12.1719,VE,VEN
9141,-71.8266,12.2021,CO,COL
9142,-62.1188,9.9203,VE,VEN
9143,-62.1258,9.7714,VE,VEN
9144,-50.1602,0.9208,BR,BRA
9145,-61.6892,16.2027,GP,GLP
9146,-61.204,13.1907,VC,VCT
9147,-70.4423,11.2083,VE,VEN
9148,-61.4523,10.6168,TT,TTO
9149,-58.7378,7.5225,GY,GUY
9150,-65.328,10.0961,VE,VEN
9151,-66.5707,10.5874,VE,VEN
9152,-66.1956,10.454,VE,VEN
9153,-59.8824,8.341,GY,GUY
9154,-49.8998,0.0864,BR,BRA
9155,-50.1653,0.7551,BR,BRA
9156,-68.3509,11.0211,VE,VEN
9157,-71.1313,9.282,VE,VEN
9158,-63.8409,10.4285,VE,VEN
9159,-63.2097,10.6802,VE,VEN
9160,-64.0584,10.9989,VE,VEN
9161,-62.6091,10.1948,VE,VEN
9162,-50.7503,0.2684,BR,BRA
9163,-61.43,16.3615,GP,GLP
9164,-52.8389,5.3612,GF,GUF
9165,-71.413,12.3518,CO,COL
9166,-61.8723,9.7819,VE,VEN
9167,-60.8875,14.5015,MQ,MTQ
9168,-71.1875,10.2401,VE,VEN
9169,-71.8086,10.8392,VE,VEN
9170,-71.7966,10.9818,VE,VEN
9171,-70.3056,11.2586,VE,VEN
9172,-61.4368,16.2221,GP,GLP
9173,-70.9912,11.0054,VE,VEN
9174,-50.9515,2.9106,GF,GUF
9175,-51.2136,3.5681,GF,GUF
9176,-65.207,10.0053,VE,VEN
9177,-66.4485,10.4964,VE,VEN
9178,-58.9885,7.826,GY,GUY
9179,-50.3053,0.8404,BR,BRA
9180,-70.9928,9.3352,VE,VEN
9181,-67.9995,10.467,VE,VEN
9182,-67.2207,10.4827,VE,VEN
9183,-51.2031,3.8945,GF,GUF
9184,-51.1845,0.0281,BR,BRA
9185,-61.3007,8.3762,VE,VEN
9186,-52.9756,5.4418,GF,GUF
9187,-57.2022,5.9833,GY,GUY
9188,-71.6766,12.3919,CO,COL
9189,-71.9648,12.152,CO,COL
9190,-71.4603,11.7915,VE,VEN
9191,-70.2498,11.96,VE,VEN
9192,-62.2558,9.6916,VE,VEN
9193,-61.618,9.7922,TT,TTO
9194,-61.9957,9.8512,VE,VEN
9195,-60.9958,9.4417,TT,TTO
9196,-71.4406,10.4228,VE,VEN
9197,-50.0151,1.0011,BR,BRA
9198,-50.28,1.6671,BR,BRA
9199,-61.5597,16.2821,GP,GLP
9200,-61.3212,10.6968,TT,TTO
9201,-51.0905,2.9941,GF,GUF
9202,-58.6088,7.4477,GY,GUY
9203,-65.4576,10.0476,VE,VEN
9204,-66.7021,10.5387,VE,VEN
9205,-60.2623,8.5589,GY,GUY
9206,-59.628,8.1948,GY,GUY
9207,-49.7543,0.1667,BR,BRA
9208,-50.3154,0.5091,BR,BRA
9209,-67.6093,10.4751,VE,VEN
9210,-70.9695,9.6248,VE,VEN
9211,-68.2571,10.5084,VE,VEN
9212,-63.9316,11.0785,VE,VEN
9213,-68.5987,11.2027,VE,VEN
9214,-67.4764,10.5245,VE,VEN
9215,-57.9803,6.6024,GY,GUY
9216,-57.3335,6.0609,GY,GUY
9217,-71.5507,12.302,CO,COL
9218,-62.3785,9.7608,VE,VEN
9219,-61.1206,9.5122,TT,TTO
9220,-71.3141,10.3315,VE,VEN
9221,-50.4198,1.7518,BR,BRA
9222,-61.3481,15.4605,DM,DMA
9223,-50.0001,1.4975,BR,BRA
9224,-70.8422,11.1979,VE,VEN
9225,-50.5952,0.6798,BR,BRA
9226,-61.0655,10.708,TT,TTO
9227,-65.7088,10.09,VE,VEN
9228,-50.5543,2.0011,BR,BRA
9229,-60.654,8.4714,VE,VEN
9230,-59.7553,8.268,GY,GUY
9231,-59.3728,8.0478,GY,GUY
9232,-69.0429,12.2594,CW,CUW
9233,-54.2095,5.8415,SR,SUR
9234,-62.9602,10.6928,VE,VEN
9235,-63.4657,10.5208,VE,VEN
9236,-68.1332,10.4172,VE,VEN
9237,-55.7156,5.9149,SR,SUR
9238,-68.4747,11.1119,VE,VEN
9239,-54.7604,5.8398,SR,SUR
9240,-62.4939,9.9782,VE,VEN
9241,-71.857,10.2659,VE,VEN
9242,-63.0886,10.6131,VE,VEN
9243,-67.3532,10.4334,VE,VEN
9244,-51.0398,0.1082,BR,BRA
9245,-61.3069,16.3015,GP,GLP
9246,-61.169,8.4559,VE,VEN
9247,-53.1176,5.3616,GF,GUF
9248,-52.0266,4.5507,GF,GUF
9249,-58.6284,6.9822,GY,GUY
9250,-71.8146,12.342,CO,COL
9251,-71.5983,11.7411,CO,COL
9252,-70.1026,12.1484,VE,VEN
9253,-69.5005,11.4174,VE,VEN
9254,-60.8707,9.371,VE,VEN
9255,-71.9111,11.2148,VE,VEN
9256,-50.1351,1.7475,BR,BRA
9257,-62.3361,10.6499,VE,VEN
9258,-61.6961,16.0633,GP,GLP
9259,-61.355,15.3195,DM,DMA
9260,-61.4592,10.4683,TT,TTO
9261,-61.0862,10.2611,TT,TTO
9262,-51.2083,3.7314,GF,GUF
9263,-50.6938,2.0855,GF,GUF
9264,-60.7796,8.5435,VE,VEN
9265,-59.5005,8.1214,GY,GUY
9266,-50.4656,0.2631,BR,BRA
9267,-50.1703,0.5894,BR,BRA
9268,-53.9389,5.6822,GF,GUF
9269,-50.1753,0.4236,BR,BRA
9270,-67.7424,10.4256,VE,VEN
9271,-56.127,5.8332,SR,SUR
9272,-54.4853,5.8407,SR,SUR
9273,-62.6162,10.0467,VE,VEN
9274,-62.8386,10.6255,VE,VEN
9275,-65.2785,10.9317,VE,VEN
9276,-51.7563,4.2244,GF,GUF
9277,-60.9119,8.4637,VE,VEN
9278,-52.8445,5.2002,GF,GUF
9279,-52.1588,4.7943,GF,GUF
9280,-52.1642,4.6324,GF,GUF
9281,-56.6691,5.8297,SR,SUR
9282,-57.7196,6.4492,GY,GUY
9283,-69.9778,12.0583,VE,VEN
9284,-69.7609,11.4584,VE,VEN
9285,-62.4585,10.7176,VE,VEN
9286,-60.9216,13.7838,LC,LCA
9287,-61.4731,10.1705,TT,TTO
9288,-50.7452,0.4341,BR,BRA
9289,-50.9567,2.7466,GF,GUF
9290,-58.4862,7.2174,GY,GUY
9291,-65.952,10.2721,VE,VEN
9292,-50.4096,2.0815,BR,BRA
9293,-60.5282,8.3992,VE,VEN
9294,-54.0743,5.7619,SR,SUR
9295,-71.706,10.4619,VE,VEN
9296,-71.9962,10.2134,VE,VEN
9297,-68.9814,11.3349,VE,VEN
9298,-62.5878,10.6378,VE,VEN
9299,-71.3324,17.8161,DO,DOM
9300,-71.4208,9.0294,VE,VEN
9301,-51.8835,4.631,GF,GUF
9302,-56.3984,5.8315,SR,SUR
9303,-58.4927,7.0621,GY,GUY
9304,-57.85,6.5259,GY,GUY
9305,-71.7364,11.6905,CO,COL
9306,-71.4484,11.932,CO,COL
9307,-69.636,11.3678,VE,VEN
9308,-61.2799,8.8299,VE,VEN
9309,-71.4288,10.566,VE,VEN
9310,-49.9951,1.6628,BR,BRA
9311,-65.8304,10.181,VE,VEN
9312,-50.3205,0.3434,BR,BRA
9313,-70.9578,9.7692,VE,VEN
9314,-55.9941,5.7547,SR,SUR
9315,-64.1995,10.6281,VE,VEN
9316,-54.3504,5.7613,SR,SUR
9317,-62.7098,10.7053,VE,VEN
9318,-71.5908,17.8583,DO,DOM
9319,-71.6874,9.0677,VE,VEN
9320,-58.5123,6.5951,GY,GUY
9321,-70.1137,12.0092,VE,VEN
9322,-69.8967,11.4087,VE,VEN
9323,-61.7487,9.7123,TT,TTO
9324,-71.4169,10.7089,VE,VEN
9325,-50.0051,1.3322,BR,BRA
9326,-50.6003,0.5143,BR,BRA
9327,-61.0724,10.5593,TT,TTO
9328,-61.0793,10.4103,TT,TTO
9329,-51.0749,3.4851,GF,GUF
9330,-51.0801,3.3216,GF,GUF
9331,-58.8665,7.5972,GY,GUY
9332,-50.8228,2.4985,GF,GUF
9333,-60.0092,8.4138,GY,GUY
9334,-60.3953,8.479,VE,VEN
9335,-50.0401,0.1721,BR,BRA
9336,-71.8449,10.4097,VE,VEN
9337,-62.501,9.8297,VE,VEN
9338,-71.1862,17.9853,DO,DOM
9339,-71.4673,17.7736,DO,DOM
9340,-62.7311,10.2629,VE,VEN
9341,-64.9624,10.0057,VE,VEN
9342,-64.7114,10.1644,VE,VEN
9343,-71.56,8.9755,VE,VEN
9344,-51.751,4.3868,GF,GUF
9345,-56.2658,5.7532,SR,SUR
9346,-58.635,6.8267,GY,GUY
9347,-58.6415,6.6711,GY,GUY
9348,-71.8748,11.6397,CO,COL
9349,-69.8639,11.8287,VE,VEN
9350,-61.494,9.7225,TT,TTO
9351,-61.0457,13.8481,LC,LCA
9352,-61.1483,8.9097,VE,VEN
9353,-60.8775,9.2203,VE,VEN
9354,-61.0047,14.7073,MQ,MTQ
9355,-60.6565,11.2449,TT,TTO
9356,-71.682,10.7482,VE,VEN
9357,-62.0836,10.6619,VE,VEN
9358,-61.4662,10.3195,TT,TTO
9359,-70.5792,11.1578,VE,VEN
9360,-61.093,10.1117,TT,TTO
9361,-50.9619,2.5824,GF,GUF
9362,-60.1359,8.4864,GY,GUY
9363,-59.1168,7.9001,GY,GUY
9364,-61.6372,12.0778,GD,GRD
9365,-50.4707,0.0973,BR,BRA
9366,-55.8549,5.8348,SR,SUR
9367,-68.3811,10.5995,VE,VEN
9368,-68.7227,11.2934,VE,VEN
9369,-63.7136,10.5081,VE,VEN
9370,-55.035,5.8387,SR,SUR
9371,-62.8458,10.4782,VE,VEN
9372,-62.8529,10.3308,VE,VEN
9373,-64.4669,10.1772,VE,VEN
9374,-51.3364,4.1401,GF,GUF
9375,-71.8147,9.1599,VE,VEN
9376,-61.5427,8.6704,VE,VEN
9377,-61.4253,8.4479,VE,VEN
9378,-58.3698,6.8308,GY,GUY
9379,-58.3763,6.6749,GY,GUY
9380,-71.1732,12.0321,VE,VEN
9381,-70.0328,11.3589,VE,VEN
9382,-61.1286,14.7701,MQ,MTQ
9383,-62.4656,10.5701,VE,VEN
9384,-61.1971,13.3354,VC,VCT
9385,-61.2176,10.1811,TT,TTO
9386,-59.2449,7.974,GY,GUY
9387,-49.8948,0.2524,BR,BRA
9388,-68.3609,10.8808,VE,VEN
9389,-55.5822,5.8362,SR,SUR
9390,-71.143,9.1366,VE,VEN
9391,-64.0875,10.4156,VE,VEN
9392,-71.694,10.6052,VE,VEN
9393,-63.8336,10.5748,VE,VEN
9394,-71.3209,17.9431,DO,DOM
9395,-55.169,5.9177,SR,SUR
9396,-64.837,10.085,VE,VEN
9397,-64.5855,10.2438,VE,VEN
9398,-51.4747,4.2224,GF,GUF
9399,-52.5707,5.0383,GF,GUF
9400,-61.5497,8.5194,VE,VEN
9401,-51.8889,4.4688,GF,GUF
9402,-58.1103,6.6787,GY,GUY
9403,-57.4582,6.2953,GY,GUY
9404,-69.9998,11.7794,VE,VEN
9405,-61.0164,8.9895,VE,VEN
9406,-60.9148,13.9278,LC,LCA
9407,-61.2868,8.6788,VE,VEN
9408,-71.129,10.9542,VE,VEN
9409,-61.2453,9.5825,TT,TTO
9410,-71.1993,10.0965,VE,VEN
9411,-59.5353,13.2098,BB,BRB
9412,-61.4712,15.5218,DM,DMA
9413,-61.5762,10.6853,TT,TTO
9414,-61.604,10.0907,TT,TTO
9415,-70.7164,11.1071,VE,VEN
9416,-58.8599,7.7516,GY,GUY
9417,-66.1867,10.5934,VE,VEN
9418,-2.0315,4.8693,GH,GHA
9419,-2.3744,4.9801,GH,GHA
9420,-13.0824,8.4681,SL,SLE
9421,-16.6371,12.729,SN,SEN
9422,-16.1657,11.0797,GW,GNB
9423,-14.9738,11.003,GW,GNB
9424,-14.4683,10.3021,GN,GIN
9425,-15.3187,11.2606,GW,GNB
9426,-23.6862,15.2373,CV,CPV
9427,-15.8693,11.833,GW,GNB
9428,-11.2488,6.773,LR,LBR
9429,-12.1152,7.2739,SL,SLE
9430,-9.8335,5.6956,LR,LBR
9431,-6.8179,4.7062,CI,CIV
9432,-0.3112,5.5544,GH,GHA
9433,-22.7097,16.0529,CV,CPV
9434,-0.6247,5.4387,GH,GHA
9435,-4.2787,5.3019,CI,CIV
9436,-17.0686,14.7136,SN,SEN
9437,-16.5492,13.8244,SN,SEN
9438,-1.2454,5.2091,GH,GHA
9439,-1.5526,5.0951,GH,GHA
9440,-3.2693,5.3103,CI,CIV
9441,-2.588,5.0911,GH,GHA
9442,-12.792,8.0933,SL,SLE
9443,-16.8267,15.2104,SN,SEN
9444,-13.0166,8.7328,SL,SLE
9445,-16.3352,16.9023,MR,MRT
9446,-7.7343,4.3798,LR,LBR
9447,-15.1635,11.9599,GW,GNB
9448,-15.2035,11.1746,GW,GNB
9449,-16.134,11.8661,GW,GNB
9450,-12.326,7.4325,SL,SLE
9451,-11.9766,7.3236,SL,SLE
9452,-13.1684,9.1636,SL,SLE
9453,-7.3413,4.5199,CI,CIV
9454,-6.2953,4.8917,CI,CIV
9455,-4.6528,5.2983,CI,CIV
9456,-5.513,5.1685,CI,CIV
9457,-17.0094,15.0074,SN,SEN
9458,-16.6979,13.1037,GM,GMB
9459,-1.8577,4.9817,GH,GHA
9460,-2.503,4.9797,GH,GHA
9461,-16.5213,16.0063,SN,SEN
9462,-12.9084,8.651,SL,SLE
9463,-7.379,4.4005,CI,CIV
9464,-8.1116,4.6718,LR,LBR
9465,-14.2113,10.2697,GN,GIN
9466,-13.7643,9.9327,GN,GIN
9467,-15.4343,11.3468,GW,GNB
9468,-12.2205,7.3531,SL,SLE
9469,-13.5425,9.7651,GN,GIN
9470,-6.9487,4.6597,CI,CIV
9471,-5.9039,5.0303,CI,CIV
9472,-0.4445,5.5538,GH,GHA
9473,-22.8421,16.1432,CV,CPV
9474,-4.4037,5.3007,CI,CIV
9475,-2.8442,5.0898,CI,CIV
9476,-3.4383,5.1977,CI,CIV
9477,-16.0843,17.4091,MR,MRT
9478,-2.7162,5.0905,CI,CIV
9479,-16.0524,17.5599,MR,MRT
9480,-12.5047,7.7217,SL,SLE
9481,-13.158,8.682,SL,SLE
9482,-13.1252,8.8148,SL,SLE
9483,-16.613,15.5614,SN,SEN
9484,-16.1478,17.1081,MR,MRT
9485,-16.3987,13.2131,GM,GMB
9486,-16.7273,12.9604,GM,GMB
9487,-13.6532,9.8489,GN,GIN
9488,-13.9872,10.101,GN,GIN
9489,-15.005,10.8647,GN,GIN
9490,-14.5497,10.5239,GN,GIN
9491,-15.3727,11.6261,GW,GNB
9492,-16.0195,11.1332,GW,GNB
9493,-16.2516,11.953,GW,GNB
9494,-10.2977,6.2019,LR,LBR
9495,-9.4388,5.3937,LR,LBR
9496,-9.8973,5.8957,LR,LBR
9497,-6.5565,4.7991,CI,CIV
9498,-6.4259,4.8454,CI,CIV
9499,-4.7769,5.2971,CI,CIV
9500,-3.7762,5.3063,CI,CIV
9501,-4.028,5.3041,CI,CIV
9502,-16.9756,14.4764,SN,SEN
9503,-16.6701,13.9143,SN,SEN
9504,-0.9824,5.2099,GH,GHA
9505,-3.0569,5.2002,CI,CIV
9506,-3.3114,5.1985,CI,CIV
9507,-16.8567,15.0631,SN,SEN
9508,-7.5098,4.3539,CI,CIV
9509,-15.5746,11.9402,GW,GNB
9510,-15.1947,11.8195,GW,GNB
9511,-8.5298,4.8455,LR,LBR
9512,-13.8756,10.0168,GN,GIN
9513,-14.4366,10.439,GN,GIN
9514,-15.2569,11.5396,GW,GNB
9515,-16.1919,12.2356,GW,GNB
9516,-10.1972,6.1251,LR,LBR
9517,-11.5591,7.008,SL,SLE
9518,-9.3408,5.3187,LR,LBR
9519,-8.9515,5.0202,LR,LBR
9520,-7.0795,4.6132,CI,CIV
9521,-15.1102,11.5927,GW,GNB
9522,-6.0343,4.9842,CI,CIV
9523,-5.2527,5.2603,CI,CIV
9524,-3.6913,5.1959,CI,CIV
9525,-4.5283,5.2995,CI,CIV
9526,-16.8832,14.2399,SN,SEN
9527,-16.8535,14.3858,SN,SEN
9528,-16.7886,13.3363,GM,GMB
9529,-2.9719,5.0892,CI,CIV
9530,-3.5649,5.1968,CI,CIV
9531,-16.7967,15.358,SN,SEN
9532,-16.4905,16.155,SN,SEN
9533,-8.7584,4.872,LR,LBR
9534,-16.5483,13.1585,GM,GMB
9535,-14.8281,11.0558,GW,GNB
9536,-10.3985,6.2788,LR,LBR
9537,-11.4554,6.9295,LR,LBR
9538,-11.0434,6.6171,LR,LBR
9539,-8.8548,4.946,LR,LBR
9540,-9.6356,5.5443,LR,LBR
9541,-6.6872,4.7527,CI,CIV
9542,-5.6432,5.1225,CI,CIV
9543,-0.1776,5.555,GH,GHA
9544,-3.9022,5.3052,CI,CIV
9545,-16.6683,13.2473,GM,GMB
9546,-3.1419,5.3113,CI,CIV
9547,-13.0071,8.255,SL,SLE
9548,-12.5379,7.5917,SL,SLE
9549,-13.2013,9.0301,SL,SLE
9550,-16.6434,15.4136,SN,SEN
9551,-16.3976,16.6027,SN,SEN
9552,-7.9224,4.5255,LR,LBR
9553,-7.6033,4.4265,LR,LBR
9554,-15.722,11.8866,GW,GNB
9555,-24.9345,16.8871,CV,CPV
9556,-15.0885,11.0888,GW,GNB
9557,-25.053,17.13,CV,CPV
9558,-15.4036,11.4863,GW,GNB
9559,-24.4426,14.9321,CV,CPV
9560,-10.6358,6.3073,LR,LBR
9561,-0.1296,5.6701,GH,GHA
9562,-10.9411,6.5394,LR,LBR
9563,-11.7673,7.1655,SL,SLE
9564,-13.3874,9.3292,GN,GIN
9565,-13.3547,9.4635,GN,GIN
9566,-9.5371,5.4689,LR,LBR
9567,-6.1648,4.938,CI,CIV
9568,-12.8994,8.1741,SL,SLE
9569,-16.0204,17.7109,MR,MRT
9570,-12.7838,7.6213,SL,SLE
9571,-13.0923,8.9478,SL,SLE
9572,-16.6959,12.4441,SN,SEN
9573,-7.8282,4.4525,LR,LBR
9574,-15.2797,12.0472,GW,GNB
9575,-16.3687,13.3568,GM,GMB
9576,-14.518,10.6613,GN,GIN
9577,-15.3418,11.7662,GW,GNB
9578,-16.2218,12.0942,GW,GNB
9579,-10.5345,6.2302,LR,LBR
9580,-12.4318,7.512,SL,SLE
9581,-11.663,7.0867,SL,SLE
9582,-13.2778,9.2463,GN,GIN
9583,-5.7735,5.0764,CI,CIV
9584,-16.4887,13.446,GM,GMB
9585,-16.4594,15.6169,SN,SEN
9586,-13.2234,8.4173,SL,SLE
9587,-14.7453,10.8319,GN,GIN
9588,-25.207,17.0668,CV,CPV
9589,-15.9297,11.5523,GW,GNB
9590,-10.097,6.0485,LR,LBR
9591,-15.0789,11.7326,GW,GNB
9592,-1.6829,5.0947,GH,GHA
9593,-2.0757,4.7574,GH,GHA
9594,-12.6112,7.8017,SL,SLE
9595,-16.3978,15.9133,SN,SEN
9596,-13.1151,8.3361,SL,SLE
9597,-16.4596,16.304,SN,SEN
9598,-12.6773,7.5415,SL,SLE
9599,-16.4287,16.4532,SN,SEN
9600,-15.4272,11.9938,GW,GNB
9601,-14.0991,10.1853,GN,GIN
9602,-14.6315,10.7466,GN,GIN
9603,-15.4889,11.7129,GW,GNB
9604,-23.7056,15.0877,CV,CPV
9605,-9.997,5.972,LR,LBR
9606,-5.033,5.2324,CI,CIV
9607,-0.6716,5.3245,GH,GHA
9608,-17.098,14.5671,SN,SEN
9609,-16.6387,13.3912,GM,GMB
9610,-1.2911,5.0959,GH,GHA
9611,-12.8578,7.8316,SL,SLE
9612,-12.825,7.9623,SL,SLE
9613,-12.571,7.4619,SL,SLE
9614,-16.3664,16.7524,MR,MRT
9615,-8.6257,4.9194,LR,LBR
9616,-8.2435,4.6248,LR,LBR
9617,-14.3556,10.2176,GN,GIN
9618,-23.5737,14.9991,CV,CPV
9619,-16.3101,12.3232,GW,GNB
9620,-9.0484,5.0946,LR,LBR
9621,-4.9436,5.1588,CI,CIV
9622,-17.039,14.8604,SN,SEN
9623,-16.5791,13.6798,GM,GMB
9624,-1.9022,4.8695,GH,GHA
9625,-15.9883,17.8621,MR,MRT
9626,-12.7509,7.7515,SL,SLE
9627,-2.2456,4.9806,GH,GHA
9628,-12.9414,8.5188,SL,SLE
9629,-16.6666,12.5864,SN,SEN
9630,-8.4341,4.7717,LR,LBR
9631,-16.5769,12.3564,SN,SEN
9632,-10.839,6.4619,LR,LBR
9633,-11.146,6.695,LR,LBR
9634,-13.5751,9.6301,GN,GIN
9635,-9.2431,5.2438,LR,LBR
9636,-9.7344,5.6198,LR,LBR
9637,-5.1628,5.1866,CI,CIV
9638,-0.8506,5.2103,GH,GHA
9639,-0.804,5.3241,GH,GHA
9640,-0.4918,5.4393,GH,GHA
9641,-4.1535,5.303,CI,CIV
9642,-16.7615,14.1496,SN,SEN
9643,-17.3438,14.7488,SN,SEN
9644,-16.4587,13.5902,GM,GMB
9645,-1.114,5.2095,GH,GHA
9646,-1.7278,4.9821,GH,GHA
9647,-1.422,5.0955,GH,GHA
9648,-16.1161,17.2585,MR,MRT
9649,-2.1606,4.869,GH,GHA
9650,-16.4287,15.765,SN,SEN
9651,-16.1794,16.958,MR,MRT
9652,-8.0169,4.5986,LR,LBR
9653,-8.3387,4.6982,LR,LBR
9654,-16.7567,12.8172,SN,SEN
9655,-14.7138,10.9701,GN,GIN
9656,-16.4582,12.2689,SN,SEN
9657,-15.9865,11.9199,GW,GNB
9658,-10.7373,6.3845,LR,LBR
9659,-11.352,6.8512,LR,LBR
9660,-11.8718,7.2445,SL,SLE
9661,-13.4648,9.5467,GN,GIN
9662,-9.1456,5.1691,LR,LBR
9663,-9.9329,5.7714,LR,LBR
9664,-7.2104,4.5666,CI,CIV
9665,-4.8164,5.1864,CI,CIV
9666,-5.3828,5.2144,CI,CIV
9667,-17.1914,14.8046,SN,SEN
9668,-16.6402,14.0594,SN,SEN
9669,4.3355,6.3884,NG,NGA
9670,4.8799,6.0301,NG,NGA
9671,4.7939,6.1495,NG,NGA
9672,9.6946,0.2973,GA,GAB
9673,9.7053,0.9504,GA,GAB
9674,3.0603,6.3852,NG,NGA
9675,1.943,6.3799,BJ,BEN
9676,4.249,6.5079,NG,NGA
9677,3.1145,6.5042,NG,NGA
9678,7.9027,4.5763,NG,NGA
9679,6.0719,4.368,NG,NGA
9680,10.0024,3.2601,CM,CMR
9681,10.0581,3.1305,CM,CMR
9682,8.2528,4.9318,NG,NGA
9683,9.9696,3.0057,CM,CMR
9684,8.9715,4.6767,CM,CMR
9685,8.6629,3.4298,GQ,GNQ
9686,9.1007,4.0472,CM,CMR
9687,5.1949,5.791,NG,NGA
9688,9.5493,0.3048,GA,GAB
9689,9.438,0.5721,GA,GAB
9690,2.0818,6.3807,BJ,BEN
9691,3.2555,6.5048,NG,NGA
9692,7.7634,4.5794,NG,NGA
9693,8.7169,3.3017,GQ,GNQ
9694,5.5069,4.9606,NG,NGA
9695,9.672,0.691,GA,GAB
9696,5.5919,4.8423,NG,NGA
9697,9.6926,3.6514,CM,CMR
9698,9.9368,2.7508,CM,CMR
9699,8.9383,4.4277,CM,CMR
9700,9.5276,4.0355,CM,CMR
9701,9.5158,0.0443,GA,GAB
9702,9.7823,2.1138,GQ,GNQ
9703,2.8332,6.5029,NG,NGA
9704,1.6146,6.2604,TG,TGO
9705,8.1907,4.8135,NG,NGA
9706,5.8462,4.4879,NG,NGA
9707,9.385,4.0395,CM,CMR
9708,8.8045,3.4254,GQ,GNQ
9709,4.7077,6.2691,NG,NGA
9710,5.4794,5.1966,NG,NGA
9711,5.3941,5.3154,NG,NGA
9712,0.8642,5.79,GH,GHA
9713,9.8067,0.0288,GA,GAB
9714,2.9737,6.5036,NG,NGA
9715,1.7527,6.2611,BJ,BEN
9716,0.0045,5.6707,GH,GHA
9717,6.8445,4.4751,NG,NGA
9718,9.9039,2.4953,GQ,GNQ
9719,10.0253,2.8758,CM,CMR
9720,9.0256,4.5506,CM,CMR
9721,9.6704,4.0316,CM,CMR
9722,3.8218,6.5068,NG,NGA
9723,1.0144,6.1398,TG,TGO
9724,9.6611,0.0366,GA,GAB
9725,9.6272,1.4739,GQ,GNQ
9726,9.871,2.2392,GQ,GNQ
9727,9.8049,1.7253,GQ,GNQ
9728,9.6162,0.8243,GA,GAB
9729,9.4936,0.4386,GA,GAB
9730,2.7795,6.3841,NG,NGA
9731,8.1818,4.5701,NG,NGA
9732,6.3508,4.3632,NG,NGA
9733,9.8913,3.5183,CM,CMR
9734,3.964,6.5072,NG,NGA
9735,5.4218,5.0791,NG,NGA
9736,1.1512,6.1406,TG,TGO
9737,9.84,0.2898,GA,GAB
9738,9.8962,0.1555,GA,GAB
9739,2.4997,6.3829,BJ,BEN
9740,1.8044,6.3791,BJ,BEN
9741,8.0421,4.5732,NG,NGA
9742,7.4823,4.5848,NG,NGA
9743,5.6768,4.724,NG,NGA
9744,5.7615,4.6059,NG,NGA
9745,9.7478,3.5228,CM,CMR
9746,8.9923,4.3011,CM,CMR
9747,8.549,4.6862,NG,NGA
9748,4.4783,6.3886,NG,NGA
9749,3.6799,6.5064,NG,NGA
9750,0.9642,6.0229,GH,GHA
9751,9.716,1.5996,GQ,GNQ
9752,9.838,1.9825,GQ,GNQ
9753,9.8938,1.8509,GQ,GNQ
9754,9.5828,0.5648,GA,GAB
9755,2.6395,6.3835,BJ,BEN
9756,6.5284,0.2038,ST,STP
9757,6.5803,0.0724,ST,STP
9758,8.2674,4.6922,NG,NGA
9759,7.34,4.5871,NG,NGA
9760,5.9305,4.3699,NG,NGA
9761,6.6254,4.3574,NG,NGA
9762,9.8483,2.6258,GQ,GNQ
9763,8.3993,4.93,NG,NGA
9764,8.5216,3.4342,GQ,GNQ
9765,8.838,3.6769,GQ,GNQ
9766,4.6214,6.3887,NG,NGA
9767,5.3087,5.4343,NG,NGA
9768,1.3392,6.2587,TG,TGO
9769,0.0528,5.7861,GH,GHA
9770,6.4885,4.3604,NG,NGA
9771,9.7254,3.9037,CM,CMR
9772,9.6375,3.7797,CM,CMR
9773,8.6966,3.681,GQ,GNQ
9774,4.9659,5.9107,NG,NGA
9775,5.1375,5.6723,NG,NGA
9776,0.9141,5.9063,GH,GHA
9777,9.6495,1.0833,GA,GAB
9778,1.4767,6.2596,TG,TGO
9779,6.6158,0.3277,ST,STP
9780,6.6678,0.1964,ST,STP
9781,0.3222,5.7876,GH,GHA
9782,6.7625,4.3543,NG,NGA
9783,9.9468,3.3893,CM,CMR
9784,9.8153,2.3701,GQ,GNQ
9785,5.1091,5.9104,NG,NGA
9786,3.4515,6.6248,NG,NGA
9787,0.7283,5.7894,GH,GHA
9788,9.3708,0.0521,GA,GAB
9789,9.5383,1.3482,GQ,GNQ
9790,9.4494,1.2225,GA,GAB
9791,1.2883,6.1414,TG,TGO
9792,6.9845,4.4726,NG,NGA
9793,8.4832,4.8096,NG,NGA
9794,9.0465,4.1743,CM,CMR
9795,8.6025,4.5605,NG,NGA
9796,3.5932,6.6254,NG,NGA
9797,0.4573,5.7882,GH,GHA
9798,2.2209,6.3814,BJ,BEN
9799,0.1874,5.7869,GH,GHA
9800,7.1965,4.5892,NG,NGA
9801,8.8304,4.6799,CM,CMR
9802,8.5754,3.3062,GQ,GNQ
9803,3.3967,6.5054,NG,NGA
9804,5.2232,5.5533,NG,NGA
9805,0.5927,5.7888,GH,GHA
9806,2.3602,6.3822,BJ,BEN
9807,9.5939,1.2159,GQ,GNQ
9808,4.1064,6.5076,NG,NGA
9809,7.6234,4.5822,NG,NGA
9810,6.212,4.3657,NG,NGA
9811,7.0523,4.591,NG,NGA
9812,8.6896,4.6831,NG,NGA
9813,9.2428,4.0434,CM,CMR
9814,8.7505,3.5534,GQ,GNQ
9815,43.1864,11.9452,DJ,DJI
9816,42.6421,11.489,DJ,DJI
9817,39.1267,16.2683,ER,ERI
9818,38.8953,17.2565,ER,ERI
9819,54.2808,12.5237,YE,YEM
9820,39.2372,15.9826,ER,ERI
9821,40.1319,15.6075,ER,ERI
9822,47.1742,10.9682,SO,SOM
9823,42.2635,17.5139,SA,SAU
9824,46.7001,13.4432,YE,YEM
9825,44.323,12.7177,YE,YEM
9826,45.4023,13.2294,YE,YEM
9827,44.4234,12.835,YE,YEM
9828,51.0116,10.4732,SO,SOM
9829,50.2628,8.7009,SO,SOM
9830,50.4555,9.0273,SO,SOM
9831,49.7433,7.818,SO,SOM
9832,54.9159,17.0012,OM,OMN
9833,54.5347,17.0833,OM,OMN
9834,51.3217,15.2859,YE,YEM
9835,55.1895,17.4497,OM,OMN
9836,50.5844,15.1587,YE,YEM
9837,46.841,10.7586,SO,SOM
9838,39.9262,15.3603,ER,ERI
9839,51.0465,11.8128,SO,SOM
9840,45.5366,10.6602,SO,SOM
9841,41.6223,13.9577,ER,ERI
9842,41.5723,14.0964,ER,ERI
9843,47.5142,3.985,SO,SOM
9844,48.0743,4.6929,SO,SOM
9845,53.9119,12.5864,YE,YEM
9846,52.1276,16.1628,YE,YEM
9847,42.9406,11.8434,DJ,DJI
9848,38.9515,17.1121,ER,ERI
9849,44.587,1.6081,SO,SOM
9850,38.7822,17.5459,SD,SDN
9851,44.8866,1.8521,SO,SOM
9852,38.7254,17.6909,SD,SDN
9853,54.4032,12.5028,YE,YEM
9854,44.07,10.5699,SO,SOM
9855,43.461,11.1442,DJ,DJI
9856,46.9391,10.8718,SO,SOM
9857,43.137,14.5701,YE,YEM
9858,45.747,13.4432,YE,YEM
9859,45.158,13.1315,YE,YEM
9860,44.5681,12.8172,YE,YEM
9861,49.9076,11.3582,SO,SOM
9862,50.6471,9.3512,SO,SOM
9863,49.5465,7.4822,SO,SOM
9864,49.6778,7.7063,SO,SOM
9865,50.765,9.7949,SO,SOM
9866,48.5213,14.0802,YE,YEM
9867,55.0158,17.1065,OM,OMN
9868,54.6621,17.056,OM,OMN
9869,51.0877,15.1993,YE,YEM
9870,46.1333,13.5208,YE,YEM
9871,50.719,15.1354,YE,YEM
9872,51.2076,11.6661,SO,SOM
9873,48.4843,5.4018,SO,SOM
9874,51.0454,11.3215,SO,SOM
9875,46.6055,10.6617,SO,SOM
9876,45.2985,10.5613,SO,SOM
9877,49.0159,6.5742,SO,SOM
9878,49.1493,6.8029,SO,SOM
9879,42.6669,16.7785,SA,SAU
9880,54.0352,12.5655,YE,YEM
9881,52.2215,15.7609,YE,YEM
9882,42.6946,11.7413,DJ,DJI
9883,42.9462,15.127,YE,YEM
9884,42.8981,15.2668,YE,YEM
9885,39.1192,16.6801,ER,ERI
9886,45.1113,1.9689,SO,SOM
9887,54.1849,12.4186,YE,YEM
9888,43.6502,10.9961,SO,SOM
9889,39.6132,15.396,ER,ERI
9890,41.7986,17.9885,SA,SAU
9891,48.6501,11.2796,SO,SOM
9892,42.0718,13.5084,ER,ERI
9893,45.3016,13.113,YE,YEM
9894,43.0541,12.7387,DJ,DJI
9895,43.7548,0.9967,SO,SOM
9896,43.2708,13.7605,YE,YEM
9897,43.5491,12.941,YE,YEM
9898,47.5243,13.8422,YE,YEM
9899,50.9156,10.365,SO,SOM
9900,51.0761,10.7071,SO,SOM
9901,49.8739,8.0404,SO,SOM
9902,49.8087,7.9294,SO,SOM
9903,48.6591,14.0592,YE,YEM
9904,48.2445,14.1222,YE,YEM
9905,46.2755,13.5014,YE,YEM
9906,50.4836,15.0476,YE,YEM
9907,48.143,4.8118,SO,SOM
9908,48.2799,5.0486,SO,SOM
9909,46.3297,10.6941,SO,SOM
9910,45.6349,10.7747,SO,SOM
9911,45.06,10.4621,SO,SOM
9912,50.5594,11.7604,SO,SOM
9913,49.2822,7.0305,SO,SOM
9914,48.8223,5.985,SO,SOM
9915,42.8627,16.2113,YE,YEM
9916,43.2708,11.2928,DJ,DJI
9917,52.6635,16.5727,YE,YEM
9918,42.8015,15.5471,YE,YEM
9919,45.3351,2.0853,SO,SOM
9920,39.2922,15.84,ER,ERI
9921,42.0573,17.6789,SA,SAU
9922,42.5184,17.2062,SA,SAU
9923,48.7841,11.2619,SO,SOM
9924,48.0503,11.1083,SO,SOM
9925,42.2218,13.491,ER,ERI
9926,44.9569,12.8981,YE,YEM
9927,43.0349,14.4504,YE,YEM
9928,43.3861,12.1811,DJ,DJI
9929,43.9323,12.6353,YE,YEM
9930,45.0574,13.0148,YE,YEM
9931,43.4496,0.7481,SO,SOM
9932,42.759,12.7728,ER,ERI
9933,42.913,0.1088,SO,SOM
9934,50.7605,10.0237,SO,SOM
9935,50.7015,9.6882,SO,SOM
9936,48.3831,14.1012,YE,YEM
9937,55.6083,17.9001,OM,OMN
9938,55.2157,17.3167,OM,OMN
9939,55.3762,17.7635,OM,OMN
9940,50.2478,14.9593,YE,YEM
9941,51.1105,11.5574,SO,SOM
9942,48.5521,5.519,SO,SOM
9943,46.4678,10.6779,SO,SOM
9944,45.2003,10.4466,SO,SOM
9945,49.0826,6.6887,SO,SOM
9946,49.2158,6.9168,SO,SOM
9947,41.3701,14.2531,ER,ERI
9948,53.5955,12.3955,YE,YEM
9949,52.1211,15.6519,YE,YEM
9950,45.6311,2.3264,SO,SOM
9951,39.0712,16.4115,ER,ERI
9952,39.0155,16.555,ER,ERI
9953,45.1847,2.0947,SO,SOM
9954,44.6804,10.3779,SO,SOM
9955,43.5063,11.0116,DJ,DJI
9956,39.1821,16.1253,ER,ERI
9957,43.9274,10.5851,SO,SOM
9958,40.0785,15.7494,ER,ERI
9959,42.2131,17.6575,SA,SAU
9960,48.1853,11.091,SO,SOM
9961,44.7124,12.7993,YE,YEM
9962,42.9067,12.7558,ER,ERI
9963,43.8303,1.1249,SO,SOM
9964,47.4236,13.7279,YE,YEM
9965,50.8196,10.2567,SO,SOM
9966,49.4146,7.2569,SO,SOM
9967,55.1633,17.5829,OM,OMN
9968,50.9539,15.2228,YE,YEM
9969,48.2115,4.9303,SO,SOM
9970,39.7211,15.1131,ER,ERI
9971,44.9619,10.3473,SO,SOM
9972,50.4619,11.6509,SO,SOM
9973,49.3484,7.1438,SO,SOM
9974,48.8895,6.1008,SO,SOM
9975,53.7194,12.375,YE,YEM
9976,40.809,14.5854,ER,ERI
9977,47.0116,3.6429,SO,SOM
9978,51.8886,15.5671,YE,YEM
9979,42.8563,15.8084,YE,YEM
9980,53.939,12.46,YE,YEM
9981,53.2583,16.7104,YE,YEM
9982,45.4083,2.2108,SO,SOM
9983,38.6685,17.8361,SD,SDN
9984,44.8213,10.3626,SO,SOM
9985,43.4156,11.277,DJ,DJI
9986,39.6672,15.2544,ER,ERI
9987,41.85,17.8443,SA,SAU
9988,47.409,11.0642,SO,SOM
9989,48.5159,11.2972,SO,SOM
9990,43.0895,14.709,YE,YEM
9991,46.4173,13.482,YE,YEM
9992,44.0327,12.7529,YE,YEM
9993,43.5256,0.8768,SO,SOM
9994,44.0585,1.2441,SO,SOM
9995,43.356,13.0946,YE,YEM
9996,43.3096,13.2309,YE,YEM
9997,42.9898,0.2388,SO,SOM
9998,47.1828,13.6334,YE,YEM
9999,49.2638,14.7359,YE,YEM
10000,49.062,14.5106,YE,YEM
10001,51.5551,15.372,YE,YEM
10002,55.2642,17.6864,OM,OMN
10003,50.1471,14.848,YE,YEM
10004,51.1758,11.7938,SO,SOM
10005,50.7871,11.8509,SO,SOM
10006,50.2337,11.5597,SO,SOM
10007,49.0904,6.4464,SO,SOM
10008,51.2665,10.4386,SO,SOM
10009,42.6176,16.9208,SA,SAU
10010,46.5097,3.0412,SO,SOM
10011,53.6642,12.6282,YE,YEM
10012,42.9113,16.07,YE,YEM
10013,43.0797,11.4418,DJ,DJI
10014,43.0335,11.5754,DJ,DJI
10015,45.7807,2.3168,SO,SOM
10016,46.2184,2.8043,SO,SOM
10017,54.0621,12.4393,YE,YEM
10018,39.0635,16.8239,ER,ERI
10019,44.3606,1.4901,SO,SOM
10020,54.1582,12.5446,YE,YEM
10021,47.5453,11.0472,SO,SOM
10022,42.5681,17.0634,SA,SAU
10023,48.2833,11.2029,SO,SOM
10024,46.3668,2.7944,SO,SOM
10025,42.0229,13.6462,ER,ERI
10026,42.4677,13.1993,ER,ERI
10027,43.7412,12.7879,YE,YEM
10028,43.221,0.3604,SO,SOM
10029,47.2835,13.748,YE,YEM
10030,49.4009,14.7137,YE,YEM
10031,48.8604,14.2851,YE,YEM
10032,51.0444,10.8331,SO,SOM
10033,47.9665,14.164,YE,YEM
10034,49.7394,14.9157,YE,YEM
10035,50.8283,9.9012,SO,SOM
10036,54.407,17.1107,OM,OMN
10037,40.2414,14.9192,ER,ERI
10038,50.3645,11.5413,SO,SOM
10039,52.4306,16.4898,YE,YEM
10040,48.9566,6.2163,SO,SOM
10041,53.7882,12.6073,YE,YEM
10042,42.814,16.3527,YE,YEM
10043,41.3195,14.3924,ER,ERI
10044,51.7881,15.4577,YE,YEM
10045,43.225,11.426,DJ,DJI
10046,42.7883,11.4733,DJ,DJI
10047,46.0024,2.4319,SO,SOM
10048,42.7529,15.6877,YE,YEM
10049,53.8429,12.3544,YE,YEM
10050,45.5583,2.2013,SO,SOM
10051,43.7399,10.732,SO,SOM
10052,42.0064,17.8228,SA,SAU
10053,42.4686,17.3493,SA,SAU
10054,49.2817,11.3197,SO,SOM
10055,48.4179,11.1855,SO,SOM
10056,43.8871,12.7704,YE,YEM
10057,43.3401,12.3158,DJ,DJI
10058,42.7117,12.9089,ER,ERI
10059,43.1474,12.4677,DJ,DJI
10060,44.1335,1.3717,SO,SOM
10061,43.6792,0.8683,SO,SOM
10062,43.0665,0.3686,SO,SOM
10063,43.3641,13.4864,YE,YEM
10064,47.6251,13.9565,YE,YEM
10065,47.0423,13.6533,YE,YEM
10066,49.1628,14.6233,YE,YEM
10067,48.9611,14.3979,YE,YEM
10068,49.5018,14.826,YE,YEM
10069,56.2377,17.9878,OM,OMN
10070,54.1784,17.0317,OM,OMN
10071,55.3532,17.8899,OM,OMN
10072,46.0527,10.7264,SO,SOM
10073,40.3963,14.9015,ER,ERI
10074,50.6569,11.8699,SO,SOM
10075,50.1362,11.4499,SO,SOM
10076,51.0135,11.4487,SO,SOM
10077,48.6199,5.6359,SO,SOM
10078,48.7549,5.8689,SO,SOM
10079,42.1005,16.719,SA,SAU
10080,54.0497,17.0588,OM,OMN
10081,46.581,3.1642,SO,SOM
10082,53.5678,12.5221,YE,YEM
10083,53.5399,12.649,YE,YEM
10084,40.6032,14.7433,ER,ERI
10085,47.2985,3.875,SO,SOM
10086,52.0897,15.7856,YE,YEM
10087,42.9341,11.4576,DJ,DJI
10088,45.8532,2.4416,SO,SOM
10089,52.8959,16.655,YE,YEM
10090,44.4352,1.6172,SO,SOM
10091,43.883,10.7166,SO,SOM
10092,39.4562,15.4137,ER,ERI
10093,39.4017,15.5556,ER,ERI
10094,47.0761,10.8552,SO,SOM
10095,41.9459,16.7394,SA,SAU
10096,49.4142,11.3018,SO,SOM
10097,46.4383,2.9179,SO,SOM
10098,43.1768,14.0357,YE,YEM
10099,45.8899,13.4241,YE,YEM
10100,43.3736,0.6191,SO,SOM
10101,43.2939,12.4508,DJ,DJI
10102,43.2974,0.4898,SO,SOM
10103,46.8008,13.5582,YE,YEM
10104,48.7597,14.1722,YE,YEM
10105,51.1091,11.0679,SO,SOM
10106,50.3914,8.9188,SO,SOM
10107,55.981,17.9783,OM,OMN
10108,49.6385,14.8037,YE,YEM
10109,50.8515,10.1316,SO,SOM
10110,48.1057,14.1431,YE,YEM
10111,49.8756,14.8932,YE,YEM
10112,55.7248,17.9685,OM,OMN
10113,50.3486,15.0707,YE,YEM
10114,46.1914,10.7103,SO,SOM
10115,40.0861,14.9369,ER,ERI
10116,45.4384,10.5456,SO,SOM
10117,52.3295,16.3809,YE,YEM
10118,49.0236,6.3315,SO,SOM
10119,47.5838,4.1056,SO,SOM
10120,47.7227,4.346,SO,SOM
10121,53.8201,16.9791,OM,OMN
10122,46.7995,3.2766,SO,SOM
10123,42.8692,16.6155,SA,SAU
10124,40.7573,14.7255,ER,ERI
10125,46.0745,2.5563,SO,SOM
10126,44.6613,1.7348,SO,SOM
10127,53.0269,16.6288,YE,YEM
10128,38.6114,17.9816,SD,SDN
10129,44.9604,1.9782,SO,SOM
10130,44.3978,10.4084,SO,SOM
10131,42.3638,17.2274,SA,SAU
10132,49.184,11.2089,SO,SOM
10133,47.915,11.1255,SO,SOM
10134,42.5156,13.0625,ER,ERI
10135,43.0419,14.8481,YE,YEM
10136,46.0325,13.405,YE,YEM
10137,43.263,13.3675,YE,YEM
10138,46.9417,13.5385,YE,YEM
10139,50.5834,9.2435,SO,SOM
10140,47.8656,14.05,YE,YEM
10141,50.0115,14.8706,YE,YEM
10142,55.4692,17.9583,OM,OMN
10143,39.9797,15.219,ER,ERI
10144,45.7745,10.7586,SO,SOM
10145,41.672,13.8192,ER,ERI
10146,48.6875,5.7525,SO,SOM
10147,53.5899,16.8988,OM,OMN
10148,47.9366,4.4544,SO,SOM
10149,53.9492,16.9521,OM,OMN
10150,53.4433,12.5428,YE,YEM
10151,47.3684,3.996,SO,SOM
10152,46.941,3.5211,SO,SOM
10153,52.159,16.0286,YE,YEM
10154,51.9891,15.6764,YE,YEM
10155,39.0076,16.9679,ER,ERI
10156,42.9597,15.929,YE,YEM
10157,53.3591,16.8181,YE,YEM
10158,52.795,16.5467,YE,YEM
10159,38.8388,17.4011,SD,SDN
10160,44.5392,10.3932,SO,SOM
10161,44.114,10.4388,SO,SOM
10162,47.5072,11.177,SO,SOM
10163,48.9177,11.2443,SO,SOM
10164,41.9738,13.7842,ER,ERI
10165,47.6813,11.0302,SO,SOM
10166,43.9833,1.1162,SO,SOM
10167,51.0125,10.9594,SO,SOM
10168,49.9391,8.1512,SO,SOM
10169,50.0689,8.372,SO,SOM
10170,50.3271,8.81,SO,SOM
10171,55.8639,17.9099,OM,OMN
10172,51.6557,15.4817,YE,YEM
10173,51.0773,11.1945,SO,SOM
10174,48.3481,5.1666,SO,SOM
10175,45.9137,10.7425,SO,SOM
10176,49.6441,11.3943,SO,SOM
10177,50.0051,11.4682,SO,SOM
10178,41.8231,13.8017,ER,ERI
10179,47.6533,4.2259,SO,SOM
10180,53.7194,16.8721,OM,OMN
10181,47.7919,4.4657,SO,SOM
10182,46.8704,3.399,SO,SOM
10183,42.7651,16.4944,SA,SAU
10184,47.1582,3.6323,SO,SOM
10185,43.2862,12.0632,DJ,DJI
10186,46.1465,2.6805,SO,SOM
10187,42.9941,14.9874,YE,YEM
10188,53.1278,16.7368,YE,YEM
10189,52.5625,16.4641,YE,YEM
10190,44.7354,1.8613,SO,SOM
10191,44.2859,1.3628,SO,SOM
10192,44.256,10.4236,SO,SOM
10193,43.6951,10.8639,SO,SOM
10194,47.2724,11.0812,SO,SOM
10195,42.4187,17.4925,SA,SAU
10196,49.051,11.2266,SO,SOM
10197,46.7286,3.154,SO,SOM
10198,47.817,11.0132,SO,SOM
10199,44.8565,12.7814,YE,YEM
10200,43.2239,13.898,YE,YEM
10201,42.6641,13.0453,ER,ERI
10202,45.503,13.3459,YE,YEM
10203,43.1008,12.6031,DJ,DJI
10204,43.3175,13.6233,YE,YEM
10205,51.1077,10.5814,SO,SOM
10206,50.1983,8.5916,SO,SOM
10207,50.5195,9.1356,SO,SOM
10208,47.7648,13.936,YE,YEM
10209,42.5951,11.623,DJ,DJI
10210,51.4222,15.3959,YE,YEM
10211,39.8772,15.0955,ER,ERI
10212,49.776,11.3763,SO,SOM
10213,48.0055,4.5738,SO,SOM
10214,53.4891,16.7915,YE,YEM
10215,40.551,14.8837,ER,ERI
10216,40.9626,14.5676,ER,ERI
10217,52.0582,15.9195,YE,YEM
10218,52.2285,16.2719,YE,YEM
10219,43.0403,11.9615,DJ,DJI
10220,42.8499,15.4068,YE,YEM
10221,39.3471,15.6977,ER,ERI
10222,41.8952,16.8821,SA,SAU
10223,42.3186,13.2165,ER,ERI
10224,42.2703,13.3537,ER,ERI
10225,43.1297,14.1737,YE,YEM
10226,43.0823,14.3119,YE,YEM
10227,46.5589,13.4626,YE,YEM
10228,43.595,12.8054,YE,YEM
10229,44.178,12.7353,YE,YEM
10230,45.6463,13.327,YE,YEM
10231,43.5031,13.077,YE,YEM
10232,50.0041,8.2617,SO,SOM
10233,50.1337,8.4819,SO,SOM
10234,50.7108,9.4585,SO,SOM
10235,49.4806,7.3697,SO,SOM
10236,49.6122,7.5944,SO,SOM
10237,50.7743,9.5656,SO,SOM
10238,55.1157,17.2116,OM,OMN
10239,54.2788,17.138,OM,OMN
10240,54.7892,17.0286,OM,OMN
10241,51.1883,15.3096,YE,YEM
10242,50.8532,15.1122,YE,YEM
10243,48.4163,5.2844,SO,SOM
10244,46.7036,10.7751,SO,SOM
10245,40.033,15.0778,ER,ERI
10246,50.917,11.8319,SO,SOM
10247,49.5465,11.2839,SO,SOM
10248,40.288,15.5892,ER,ERI
10249,41.4204,14.114,ER,ERI
10250,42.8203,16.7575,SA,SAU
10251,54.1314,12.6709,YE,YEM
10252,47.2284,3.7538,SO,SOM
10253,41.1668,14.4102,ER,ERI
10254,41.1158,14.5498,ER,ERI
10255,42.7942,11.8595,DJ,DJI
10256,80.3848,9.4031,LK,LKA
10257,100.2253,5.3763,MY,MYS
10258,99.9302,8.6011,TH,THA
10259,99.9045,9.0459,TH,THA
10260,79.7171,11.5464,IN,IND
10261,99.6786,7.1847,TH,THA
10262,100.1204,8.198,TH,THA
10263,98.5191,10.6559,TH,THA
10264,79.8131,8.0408,LK,LKA
10265,99.3495,10.864,TH,THA
10266,79.3314,10.3879,IN,IND
10267,106.4091,17.8007,VN,VNM
10268,99.7505,6.9028,TH,THA
10269,101.2492,6.8325,TH,THA
10270,100.2213,6.4227,MY,MYS
10271,94.5952,17.1682,MM,MMR
10272,100.5702,7.1106,TH,THA
10273,104.4405,10.4484,VN,VNM
10274,99.6671,9.2872,TH,THA
10275,75.8342,11.385,IN,IND
10276,79.7796,7.883,LK,LKA
10277,78.8668,9.5001,IN,IND
10278,100.6877,6.9904,TH,THA
10279,79.945,7.3465,LK,LKA
10280,97.8681,0.7575,ID,IDN
10281,96.3862,2.4416,ID,IDN
10282,78.834,9.3425,IN,IND
10283,103.0818,5.3562,MY,MYS
10284,81.6529,16.4618,IN,IND
10285,82.1247,16.6187,IN,IND
10286,81.7739,16.3554,IN,IND
10287,81.5727,7.7054,LK,LKA
10288,96.8295,17.2867,MM,MMR
10289,99.4679,3.244,ID,IDN
10290,97.9003,15.014,TH,THA
10291,98.3274,8.345,TH,THA
10292,80.1828,15.6717,IN,IND
10293,97.8538,14.8527,TH,THA
10294,95.9226,16.3148,MM,MMR
10295,103.3525,4.24,MY,MYS
10296,74.4297,14.4725,IN,IND
10297,76.4686,9.1389,IN,IND
10298,101.69,2.6334,MY,MYS
10299,73.9513,15.4321,IN,IND
10300,101.6206,1.8793,ID,IDN
10301,100.9529,2.1481,ID,IDN
10302,101.0306,12.9266,TH,THA
10303,99.7955,11.8772,TH,THA
10304,98.7877,12.6812,MM,MMR
10305,100.9832,12.7655,TH,THA
10306,100.0505,2.6532,ID,IDN
10307,99.0681,0.7759,ID,IDN
10308,104.2092,10.6916,KH,KHM
10309,98.5183,13.3662,MM,MMR
10310,96.9022,3.7689,ID,IDN
10311,95.4012,5.4737,ID,IDN
10312,103.6012,0.0598,ID,IDN
10313,96.368,5.1269,ID,IDN
10314,102.8134,1.8942,MY,MYS
10315,103.4138,2.9292,MY,MYS
10316,95.9839,4.2762,ID,IDN
10317,92.5429,10.7525,IN,IND
10318,102.4216,1.0612,ID,IDN
10319,82.319,16.8298,IN,IND
10320,73.5282,15.9785,IN,IND
10321,103.7009,1.393,MY,MYS
10322,103.2031,10.9012,KH,KHM
10323,80.1656,9.0376,LK,LKA
10324,100.5269,5.9017,MY,MYS
10325,79.7848,11.8635,IN,IND
10326,98.7314,10.8601,TH,THA
10327,99.2103,10.3774,TH,THA
10328,79.9474,8.6728,LK,LKA
10329,94.4602,16.6859,MM,MMR
10330,100.4064,7.0692,TH,THA
10331,104.6713,10.2053,VN,VNM
10332,99.164,10.2152,TH,THA
10333,75.8038,11.2295,IN,IND
10334,104.957,8.6392,VN,VNM
10335,75.4098,11.9569,IN,IND
10336,92.8608,13.1065,IN,IND
10337,73.1644,17.5299,IN,IND
10338,81.7503,6.5756,LK,LKA
10339,101.995,6.2731,TH,THA
10340,97.4447,16.6942,MM,MMR
10341,81.9672,16.5665,IN,IND
10342,81.2069,8.6283,LK,LKA
10343,98.8373,3.6757,ID,IDN
10344,81.6903,7.5935,LK,LKA
10345,97.8223,4.9065,ID,IDN
10346,103.212,3.7612,MY,MYS
10347,76.696,8.925,IN,IND
10348,102.3119,12.0343,TH,THA
10349,100.6927,4.8987,MY,MYS
10350,73.6411,15.8806,IN,IND
10351,100.9734,3.7806,MY,MYS
10352,99.9101,12.8064,TH,THA
10353,100.2655,13.4921,TH,THA
10354,101.2987,1.796,ID,IDN
10355,79.9916,14.1402,IN,IND
10356,80.0417,13.7162,IN,IND
10357,99.5357,11.5123,TH,THA
10358,99.8892,12.2007,TH,THA
10359,104.0651,10.2109,VN,VNM
10360,103.3677,10.9402,KH,KHM
10361,97.1385,3.532,ID,IDN
10362,102.8765,0.5964,ID,IDN
10363,102.9899,0.4805,ID,IDN
10364,103.1341,11.1833,KH,KHM
10365,94.7413,16.0117,MM,MMR
10366,74.986,12.5249,IN,IND
10367,102.4709,2.2459,MY,MYS
10368,103.9343,2.1833,MY,MYS
10369,82.4288,17.3061,IN,IND
10370,103.5412,1.3516,MY,MYS
10371,100.3884,5.418,MY,MYS
10372,79.7333,10.9623,IN,IND
10373,79.8008,11.2794,IN,IND
10374,100.1921,7.9155,TH,THA
10375,98.5929,10.3729,TH,THA
10376,79.8466,8.1987,LK,LKA
10377,106.4755,17.5237,VN,VNM
10378,99.396,11.0262,TH,THA
10379,79.8168,10.6949,IN,IND
10380,79.4817,10.4374,IN,IND
10381,99.7966,7.0646,TH,THA
10382,79.8623,7.6148,LK,LKA
10383,78.8997,9.6577,IN,IND
10384,97.8237,0.5989,ID,IDN
10385,99.0253,9.7282,TH,THA
10386,99.1446,9.6076,TH,THA
10387,78.1122,8.5199,IN,IND
10388,78.1766,8.8336,IN,IND
10389,76.2503,10.0805,IN,IND
10390,103.1497,5.0767,MY,MYS
10391,75.637,11.7492,IN,IND
10392,76.1672,10.342,IN,IND
10393,107.2835,16.6686,VN,VNM
10394,98.4009,8.0624,TH,THA
10395,98.3221,3.9894,ID,IDN
10396,76.7789,8.6621,IN,IND
10397,81.1126,15.9872,IN,IND
10398,97.9293,14.5716,MM,MMR
10399,98.6025,3.913,ID,IDN
10400,97.3219,16.813,MM,MMR
10401,96.2606,16.4001,MM,MMR
10402,103.3995,4.3996,MY,MYS
10403,74.5136,14.2177,IN,IND
10404,101.4365,3.3068,MY,MYS
10405,102.5253,12.2342,TH,THA
10406,101.6894,1.6034,ID,IDN
10407,100.5999,13.5722,TH,THA
10408,99.371,0.2681,ID,IDN
10409,99.7488,11.7153,TH,THA
10410,99.8424,12.0389,TH,THA
10411,80.073,12.5489,IN,IND
10412,80.3573,6.0037,LK,LKA
10413,99.113,0.9345,ID,IDN
10414,107.7056,10.7568,VN,VNM
10415,98.5648,13.528,MM,MMR
10416,103.5802,11.1395,KH,KHM
10417,98.5927,13.0841,MM,MMR
10418,103.6008,10.697,KH,KHM
10419,97.1402,5.1787,ID,IDN
10420,104.0394,1.0441,SG,SGP
10421,104.5167,1.168,ID,IDN
10422,96.2655,4.2004,ID,IDN
10423,103.6476,0.2167,ID,IDN
10424,95.7279,5.5599,ID,IDN
10425,102.1957,2.3219,MY,MYS
10426,102.3102,2.2044,MY,MYS
10427,83.4591,17.9365,IN,IND
10428,103.4808,2.6527,MY,MYS
10429,103.5944,2.5352,MY,MYS
10430,82.234,17.095,IN,IND
10431,101.804,1.4864,ID,IDN
10432,103.0875,1.8185,MY,MYS
10433,73.3599,16.4789,IN,IND
10434,102.7419,1.1443,ID,IDN
10435,80.6538,9.3413,LK,LKA
10436,98.8952,8.1886,TH,THA
10437,99.0141,8.0683,TH,THA
10438,101.8788,6.3931,TH,THA
10439,99.3699,7.7074,TH,THA
10440,98.7776,11.0224,TH,THA
10441,99.2566,10.5397,TH,THA
10442,98.5037,1.9559,ID,IDN
10443,79.0819,9.8646,IN,IND
10444,104.8345,10.2437,VN,VNM
10445,75.8871,10.9692,IN,IND
10446,79.8288,7.4571,LK,LKA
10447,97.473,0.9491,ID,IDN
10448,77.9652,8.4718,IN,IND
10449,78.2411,9.1476,IN,IND
10450,105.005,8.7991,VN,VNM
10451,97.5655,2.8984,ID,IDN
10452,77.9333,8.3152,IN,IND
10453,105.3777,9.0363,VN,VNM
10454,94.6064,17.766,MM,MMR
10455,92.94,12.8261,IN,IND
10456,92.9044,13.2692,IN,IND
10457,73.193,17.6821,IN,IND
10458,73.3618,17.1859,IN,IND
10459,81.1722,8.4694,LK,LKA
10460,81.2898,8.3581,LK,LKA
10461,97.1222,17.2102,MM,MMR
10462,97.2453,17.0918,MM,MMR
10463,97.8955,4.626,ID,IDN
10464,80.1136,15.3552,IN,IND
10465,77.6404,8.2193,IN,IND
10466,77.0066,8.4471,IN,IND
10467,80.8015,15.8822,IN,IND
10468,96.4756,16.6032,MM,MMR
10469,101.9662,2.5571,MY,MYS
10470,102.3596,12.1951,TH,THA
10471,102.6895,5.5544,MY,MYS
10472,73.7251,15.6292,IN,IND
10473,74.5974,13.9624,IN,IND
10474,73.8382,15.5308,IN,IND
10475,100.4327,13.5322,TH,THA
10476,101.2294,2.0723,ID,IDN
10477,80.126,13.4503,IN,IND
10478,80.076,13.8748,IN,IND
10479,80.1948,13.7678,IN,IND
10480,99.5823,11.6743,TH,THA
10481,99.9361,12.3624,TH,THA
10482,98.6948,12.3573,MM,MMR
10483,79.8527,12.1808,IN,IND
10484,100.6302,2.0646,ID,IDN
10485,98.6484,12.1952,MM,MMR
10486,99.9342,2.7712,ID,IDN
10487,98.7964,11.6297,TH,THA
10488,107.5445,10.7204,VN,VNM
10489,98.0798,14.0087,MM,MMR
10490,96.8581,5.2552,ID,IDN
10491,96.9768,5.1361,ID,IDN
10492,98.4072,12.4362,MM,MMR
10493,104.3577,1.1267,ID,IDN
10494,96.5027,3.9633,ID,IDN
10495,96.6211,3.8448,ID,IDN
10496,95.3134,5.1499,ID,IDN
10497,103.182,11.3439,KH,KHM
10498,95.5645,5.5168,ID,IDN
10499,75.0158,12.6798,IN,IND
10500,95.5519,4.9124,ID,IDN
10501,102.6956,0.9864,ID,IDN
10502,82.3922,17.1474,IN,IND
10503,102.9691,0.9116,ID,IDN
10504,102.9273,1.7771,MY,MYS
10505,100.4592,5.1374,MY,MYS
10506,100.0486,8.4805,TH,THA
10507,79.767,11.1208,IN,IND
10508,100.1668,8.3599,TH,THA
10509,100.2385,8.0774,TH,THA
10510,98.6666,10.09,TH,THA
10511,98.639,10.5353,TH,THA
10512,99.8684,6.7827,TH,THA
10513,100.3387,6.3027,MY,MYS
10514,99.0984,9.4453,TH,THA
10515,78.9326,9.8155,IN,IND
10516,79.8958,7.7725,LK,LKA
10517,99.0715,9.8906,TH,THA
10518,100.8049,6.8702,TH,THA
10519,78.1444,8.6767,IN,IND
10520,78.537,9.245,IN,IND
10521,78.2088,8.9906,IN,IND
10522,103.1967,5.2368,MY,MYS
10523,105.1193,8.6781,VN,VNM
10524,77.7867,8.2672,IN,IND
10525,105.588,9.2343,VN,VNM
10526,92.7739,12.781,IN,IND
10527,76.1979,10.4977,IN,IND
10528,94.7307,17.6495,MM,MMR
10529,102.2739,6.1941,MY,MYS
10530,106.7073,17.2796,VN,VNM
10531,99.5847,3.1257,ID,IDN
10532,99.7013,3.0074,ID,IDN
10533,97.7954,15.7361,MM,MMR
10534,98.4466,8.2248,TH,THA
10535,80.5266,15.9354,IN,IND
10536,97.3983,16.5339,MM,MMR
10537,96.6909,16.806,MM,MMR
10538,96.3064,16.5609,MM,MMR
10539,76.5823,9.032,IN,IND
10540,74.3458,14.7268,IN,IND
10541,100.576,5.018,MY,MYS
10542,101.8866,12.6811,TH,THA
10543,101.1835,1.9133,ID,IDN
10544,101.1498,12.8053,TH,THA
10545,79.9605,6.7631,LK,LKA
10546,98.1726,14.3318,MM,MMR
10547,80.1072,12.7077,IN,IND
10548,107.4957,10.5623,VN,VNM
10549,98.5095,11.7087,MM,MMR
10550,100.1667,2.5353,ID,IDN
10551,80.026,14.2987,IN,IND
10552,99.1842,0.6592,ID,IDN
10553,98.8539,1.6036,ID,IDN
10554,104.3249,10.57,KH,KHM
10555,98.6392,13.2459,TH,THA
10556,103.765,10.7359,KH,KHM
10557,103.2626,0.4063,ID,IDN
10558,95.0334,15.9377,MM,MMR
10559,103.4156,11.1007,KH,KHM
10560,94.3256,16.2026,MM,MMR
10561,83.299,17.8845,IN,IND
10562,82.1975,16.9363,IN,IND
10563,102.3538,1.336,ID,IDN
10564,73.3886,16.6317,IN,IND
10565,106.4588,17.9555,VN,VNM
10566,80.7368,9.072,LK,LKA
10567,80.0332,9.7329,LK,LKA
10568,98.3731,8.5075,TH,THA
10569,100.0994,7.5918,TH,THA
10570,106.074,9.3489,VN,VNM
10571,79.6995,10.8038,IN,IND
10572,79.7493,10.3779,IN,IND
10573,97.8734,2.3844,ID,IDN
10574,104.92,9.5212,VN,VNM
10575,75.9703,10.7085,IN,IND
10576,79.1151,10.0225,IN,IND
10577,79.9115,7.1889,LK,LKA
10578,97.5174,1.1081,ID,IDN
10579,78.3889,9.1963,IN,IND
10580,105.3296,8.8766,VN,VNM
10581,105.4258,9.1959,VN,VNM
10582,92.948,13.4319,IN,IND
10583,73.2775,17.4343,IN,IND
10584,97.2831,1.3422,ID,IDN
10585,92.6364,11.6857,IN,IND
10586,102.1111,6.1532,MY,MYS
10587,107.905,16.212,VN,VNM
10588,98.9546,3.5572,ID,IDN
10589,81.8079,7.4814,LK,LKA
10590,99.2341,3.4808,ID,IDN
10591,97.9405,4.7874,ID,IDN
10592,107.4479,16.7015,VN,VNM
10593,98.0136,4.507,ID,IDN
10594,98.4849,4.0317,ID,IDN
10595,95.202,15.9812,MM,MMR
10596,95.7081,16.1109,MM,MMR
10597,76.8099,8.8179,IN,IND
10598,101.3209,3.4251,MY,MYS
10599,101.3442,2.9872,MY,MYS
10600,101.4596,2.8692,MY,MYS
10601,103.2999,3.0471,MY,MYS
10602,74.7353,13.296,IN,IND
10603,74.627,14.1169,IN,IND
10604,101.0894,3.662,MY,MYS
10605,74.6812,13.7067,IN,IND
10606,73.9222,15.2785,IN,IND
10607,80.2102,13.1841,IN,IND
10608,99.6475,0.1938,ID,IDN
10609,80.6573,6.0954,LK,LKA
10610,98.7412,12.5193,MM,MMR
10611,79.8867,12.3394,IN,IND
10612,101.4353,12.7237,TH,THA
10613,107.3345,10.5257,VN,VNM
10614,98.7225,11.9125,MM,MMR
10615,106.6883,10.3781,VN,VNM
10616,98.1262,14.1703,MM,MMR
10617,103.1032,0.3647,ID,IDN
10618,94.8648,15.8941,MM,MMR
10619,103.251,11.0617,KH,KHM
10620,102.9261,12.0298,TH,THA
10621,102.1253,1.5696,ID,IDN
10622,75.0994,12.422,IN,IND
10623,102.5852,2.1285,MY,MYS
10624,83.1019,17.6737,IN,IND
10625,95.7461,4.5134,ID,IDN
10626,102.0791,1.4112,ID,IDN
10627,101.5294,6.7534,TH,THA
10628,100.31,7.7951,TH,THA
10629,99.2514,7.8277,TH,THA
10630,98.6852,10.6977,TH,THA
10631,106.5915,17.4017,VN,VNM
10632,98.7822,1.8804,ID,IDN
10633,98.3452,8.9527,TH,THA
10634,105.1126,10.1605,VN,VNM
10635,95.8697,2.7525,ID,IDN
10636,103.2644,4.9574,MY,MYS
10637,105.1673,8.8379,VN,VNM
10638,76.281,10.2362,IN,IND
10639,75.1828,12.1639,IN,IND
10640,73.2488,17.282,IN,IND
10641,92.8096,12.3375,IN,IND
10642,102.3428,5.9135,MY,MYS
10643,93.7219,7.1376,ID,IDN
10644,82.2824,16.6709,IN,IND
10645,80.8543,8.9613,LK,LKA
10646,107.6768,16.4568,VN,VNM
10647,97.7196,16.0162,MM,MMR
10648,97.5856,5.1447,ID,IDN
10649,97.842,15.8969,MM,MMR
10650,97.8712,15.4558,TH,THA
10651,98.051,14.4518,MM,MMR
10652,80.6815,15.988,IN,IND
10653,98.7199,3.7943,ID,IDN
10654,95.5393,16.0678,MM,MMR
10655,96.737,16.9664,MM,MMR
10656,103.332,4.6784,MY,MYS
10657,76.3027,9.6631,IN,IND
10658,100.6465,4.7379,MY,MYS
10659,103.4403,3.5246,MY,MYS
10660,99.4868,0.1519,ID,IDN
10661,80.043,6.4948,LK,LKA
10662,101.0061,13.3697,TH,THA
10663,80.5072,6.0496,LK,LKA
10664,80.9583,6.1872,LK,LKA
10665,101.2689,12.684,TH,THA
10666,80.1415,12.8665,IN,IND
10667,98.6761,11.7503,MM,MMR
10668,80.0603,14.4572,IN,IND
10669,98.8989,1.763,ID,IDN
10670,99.0418,1.2102,ID,IDN
10671,103.7171,10.5755,KH,KHM
10672,103.6967,11.0178,KH,KHM
10673,103.813,10.8962,KH,KHM
10674,97.2588,5.0596,ID,IDN
10675,104.6289,1.052,ID,IDN
10676,94.3704,16.3638,MM,MMR
10677,95.8472,5.4409,ID,IDN
10678,96.1468,4.319,ID,IDN
10679,82.9053,17.4628,IN,IND
10680,103.7079,2.4178,MY,MYS
10681,95.4327,5.0311,ID,IDN
10682,102.4,1.4943,MY,MYS
10683,102.8555,1.0279,ID,IDN
10684,103.2012,1.7016,MY,MYS
10685,73.4728,16.3819,IN,IND
10686,103.3147,1.5848,MY,MYS
10687,80.7712,9.2308,LK,LKA
10688,99.1328,7.948,TH,THA
10689,100.1457,7.7537,TH,THA
10690,100.171,7.3096,TH,THA
10691,106.4942,9.7427,VN,VNM
10692,98.5469,10.2105,TH,THA
10693,106.1223,9.5081,VN,VNM
10694,98.6205,1.8384,ID,IDN
10695,79.7831,10.5364,IN,IND
10696,79.1814,10.3385,IN,IND
10697,98.5286,9.6026,TH,THA
10698,101.0857,6.7913,TH,THA
10699,79.878,7.0314,LK,LKA
10700,104.9681,9.6811,VN,VNM
10701,76.0008,10.8641,IN,IND
10702,79.994,6.9206,LK,LKA
10703,104.9495,10.1222,VN,VNM
10704,97.5617,1.2672,ID,IDN
10705,97.6831,2.7804,ID,IDN
10706,97.7114,2.3422,ID,IDN
10707,93.0272,13.1515,IN,IND
10708,92.6796,11.8487,IN,IND
10709,81.8202,6.8928,LK,LKA
10710,97.6436,16.2959,MM,MMR
10711,81.4074,8.2466,LK,LKA
10712,81.4962,16.4093,IN,IND
10713,99.0868,7.7858,TH,THA
10714,79.9758,14.7219,IN,IND
10715,81.3725,8.0877,LK,LKA
10716,107.0535,16.9131,VN,VNM
10717,97.3683,16.9732,MM,MMR
10718,97.4222,5.1022,ID,IDN
10719,77.1205,8.3394,IN,IND
10720,95.7537,16.2719,MM,MMR
10721,74.2325,14.8267,IN,IND
10722,101.3903,3.1469,MY,MYS
10723,103.3467,3.2062,MY,MYS
10724,102.2893,12.4773,TH,THA
10725,74.765,13.4506,IN,IND
10726,74.0061,15.0257,IN,IND
10727,74.7109,13.8613,IN,IND
10728,99.884,13.2502,TH,THA
10729,101.4597,1.8377,ID,IDN
10730,80.2446,13.3429,IN,IND
10731,80.8077,6.1413,LK,LKA
10732,80.0388,12.3902,IN,IND
10733,98.7688,12.0746,MM,MMR
10734,106.7529,10.0978,VN,VNM
10735,106.7369,10.5368,VN,VNM
10736,98.2012,13.8886,MM,MMR
10737,104.0452,10.653,KH,KHM
10738,98.3225,13.7685,MM,MMR
10739,104.47,1.0107,ID,IDN
10740,103.1128,11.626,KH,KHM
10741,103.422,0.4478,ID,IDN
10742,74.9323,12.9371,IN,IND
10743,83.0646,17.5149,IN,IND
10744,92.3779,10.7075,IN,IND
10745,102.2396,1.4527,ID,IDN
10746,80.4189,9.5618,LK,LKA
10747,98.6572,8.4293,TH,THA
10748,106.3325,9.705,VN,VNM
10749,99.3239,7.5453,TH,THA
10750,99.9862,6.6627,TH,THA
10751,98.1526,2.3088,ID,IDN
10752,98.2698,2.1911,ID,IDN
10753,98.391,9.1152,TH,THA
10754,100.9221,6.75,TH,THA
10755,105.1791,9.8793,VN,VNM
10756,99.2176,9.3247,TH,THA
10757,94.6403,17.3287,MM,MMR
10758,99.3366,9.2041,TH,THA
10759,97.9126,0.9163,ID,IDN
10760,97.2121,3.2529,ID,IDN
10761,76.3641,9.9745,IN,IND
10762,92.8965,12.6633,IN,IND
10763,75.2128,12.3189,IN,IND
10764,73.3331,17.0335,IN,IND
10765,92.853,12.5004,IN,IND
10766,102.3897,6.0742,MY,MYS
10767,93.7991,6.8563,ID,IDN
10768,81.5983,6.5295,LK,LKA
10769,106.8228,17.1575,VN,VNM
10770,99.8178,2.8893,ID,IDN
10771,99.117,3.5993,ID,IDN
10772,81.4901,7.9761,LK,LKA
10773,97.9467,15.1751,TH,THA
10774,97.9177,15.6167,MM,MMR
10775,79.9255,15.1444,IN,IND
10776,95.4939,15.9066,MM,MMR
10777,97.521,16.415,MM,MMR
10778,103.379,4.8382,MY,MYS
10779,76.4994,9.2945,IN,IND
10780,102.6909,12.2731,TH,THA
10781,100.7169,4.458,MY,MYS
10782,102.0051,12.5597,TH,THA
10783,102.1234,12.4382,TH,THA
10784,100.6709,4.2974,MY,MYS
10785,100.0983,13.4519,TH,THA
10786,101.6667,2.0382,ID,IDN
10787,80.1254,6.2264,LK,LKA
10788,101.768,12.8026,TH,THA
10789,80.0765,6.6521,LK,LKA
10790,79.8187,12.0221,IN,IND
10791,80.1758,13.0253,IN,IND
10792,100.2827,2.4175,ID,IDN
10793,106.5912,10.0605,VN,VNM
10794,98.7501,11.4675,TH,THA
10795,107.0604,10.6106,VN,VNM
10796,107.8665,10.793,VN,VNM
10797,103.8812,10.6143,KH,KHM
10798,104.0006,1.9081,MY,MYS
10799,104.02,1.4756,MY,MYS
10800,94.4492,16.0853,MM,MMR
10801,102.8086,12.1515,TH,THA
10802,94.5728,15.9679,MM,MMR
10803,103.7546,2.5763,MY,MYS
10804,95.5081,4.7507,ID,IDN
10805,95.6271,4.6321,ID,IDN
10806,102.4678,1.2193,ID,IDN
10807,82.5874,17.3584,IN,IND
10808,73.557,16.1315,IN,IND
10809,102.9228,0.754,ID,IDN
10810,101.4127,6.8736,TH,THA
10811,80.1995,9.1961,LK,LKA
10812,80.1503,9.6231,LK,LKA
10813,98.4923,8.3872,TH,THA
10814,99.7858,9.1665,TH,THA
10815,99.8117,8.7217,TH,THA
10816,100.2173,7.4714,TH,THA
10817,99.5605,7.3049,TH,THA
10818,106.5427,9.9016,VN,VNM
10819,98.6206,9.9275,TH,THA
10820,79.9811,8.831,LK,LKA
10821,97.9907,2.2666,ID,IDN
10822,98.5746,9.7651,TH,THA
10823,105.0162,9.8409,VN,VNM
10824,76.084,10.6032,IN,IND
10825,75.7204,11.4895,IN,IND
10826,94.5051,16.8468,MM,MMR
10827,97.6344,0.9911,ID,IDN
10828,97.7513,0.8743,ID,IDN
10829,96.2681,2.5593,ID,IDN
10830,97.756,2.5022,ID,IDN
10831,105.9121,9.3108,VN,VNM
10832,102.9668,5.4757,MY,MYS
10833,97.4003,1.2251,ID,IDN
10834,92.7229,12.0117,IN,IND
10835,81.4465,6.4833,LK,LKA
10836,81.7378,7.1637,LK,LKA
10837,81.8553,7.0515,LK,LKA
10838,73.1086,17.9292,IN,IND
10839,80.0102,14.8803,IN,IND
10840,81.4552,7.8172,LK,LKA
10841,107.1032,17.0682,VN,VNM
10842,99.3511,3.3623,ID,IDN
10843,107.5624,16.5791,VN,VNM
10844,98.1316,4.3881,ID,IDN
10845,80.9569,15.9347,IN,IND
10846,95.3253,15.8633,MM,MMR
10847,96.6448,16.6455,MM,MMR
10848,103.2588,3.9208,MY,MYS
10849,74.3164,14.5727,IN,IND
10850,101.5749,2.7512,MY,MYS
10851,99.1392,0.5008,ID,IDN
10852,103.3262,3.6429,MY,MYS
10853,74.7946,13.6053,IN,IND
10854,81.4118,6.3251,LK,LKA
10855,74.8486,13.1941,IN,IND
10856,74.0353,15.1794,IN,IND
10857,101.2052,3.5435,MY,MYS
10858,99.9311,13.4115,TH,THA
10859,99.9571,12.9679,TH,THA
10860,101.5057,1.9966,ID,IDN
10861,101.6017,12.7632,TH,THA
10862,99.763,0.0777,ID,IDN
10863,100.8866,13.4909,TH,THA
10864,98.667,12.8017,MM,MMR
10865,106.8987,10.5737,VN,VNM
10866,98.8089,1.4444,ID,IDN
10867,98.9254,1.3273,ID,IDN
10868,103.8605,1.4343,MY,MYS
10869,96.7838,3.8874,ID,IDN
10870,94.2808,16.0413,MM,MMR
10871,96.249,5.2459,ID,IDN
10872,102.6994,2.0113,MY,MYS
10873,95.8651,4.3948,ID,IDN
10874,82.7462,17.4106,IN,IND
10875,101.646,6.6333,TH,THA
10876,100.044,9.532,TH,THA
10877,100.2925,6.1413,MY,MYS
10878,100.4098,6.0215,MY,MYS
10879,100.4345,5.5792,MY,MYS
10880,99.4425,11.1883,TH,THA
10881,79.8801,8.3566,LK,LKA
10882,98.4368,9.2777,TH,THA
10883,105.2273,10.039,VN,VNM
10884,104.8719,9.3613,VN,VNM
10885,94.6855,17.4892,MM,MMR
10886,100.2887,7.1894,TH,THA
10887,104.556,10.3269,VN,VNM
10888,106.1707,9.6673,VN,VNM
10889,78.6853,9.2937,IN,IND
10890,95.988,2.6347,ID,IDN
10891,104.8239,9.2013,VN,VNM
10892,97.2566,3.4136,ID,IDN
10893,105.7501,9.2726,VN,VNM
10894,102.8047,5.4349,MY,MYS
10895,73.3044,16.8809,IN,IND
10896,73.4174,16.7844,IN,IND
10897,75.2963,12.0605,IN,IND
10898,102.4585,5.7937,MY,MYS
10899,93.8423,7.0189,ID,IDN
10900,73.2217,17.8341,IN,IND
10901,80.9718,8.8504,LK,LKA
10902,81.0893,8.7395,LK,LKA
10903,106.9383,17.0353,VN,VNM
10904,107.791,16.3344,VN,VNM
10905,97.704,5.0256,ID,IDN
10906,79.9599,15.3026,IN,IND
10907,77.4944,8.1714,IN,IND
10908,81.148,16.1458,IN,IND
10909,98.2495,4.2693,ID,IDN
10910,103.4464,4.5594,MY,MYS
10911,74.5432,14.372,IN,IND
10912,76.5302,9.4502,IN,IND
10913,100.763,4.6187,MY,MYS
10914,81.2604,6.2791,LK,LKA
10915,100.767,13.612,TH,THA
10916,100.8573,3.8993,MY,MYS
10917,80.1589,6.3837,LK,LKA
10918,98.8239,11.1847,TH,THA
10919,106.6398,10.2193,VN,VNM
10920,103.9492,10.3324,VN,VNM
10921,96.6947,5.2125,ID,IDN
10922,104.0474,2.0662,MY,MYS
10923,97.0204,3.6504,ID,IDN
10924,104.1794,1.5169,MY,MYS
10925,103.4421,0.0182,ID,IDN
10926,102.8782,11.8693,TH,THA
10927,95.9665,5.3219,ID,IDN
10928,102.9956,11.7477,TH,THA
10929,96.0856,5.203,ID,IDN
10930,74.8189,13.0393,IN,IND
10931,103.8212,2.3005,MY,MYS
10932,102.5356,0.9448,ID,IDN
10933,103.428,1.4682,MY,MYS
10934,80.2335,9.3546,LK,LKA
10935,80.1843,9.7817,LK,LKA
10936,80.3016,9.6718,LK,LKA
10937,99.8581,8.8838,TH,THA
10938,79.6834,11.3878,IN,IND
10939,80.0149,8.9893,LK,LKA
10940,99.303,10.7019,TH,THA
10941,106.3594,17.6457,VN,VNM
10942,98.2994,8.7902,TH,THA
10943,99.6207,9.1251,TH,THA
10944,94.5501,17.0075,MM,MMR
10945,97.7069,0.7155,ID,IDN
10946,75.9175,11.1247,IN,IND
10947,97.6788,1.1501,ID,IDN
10948,97.7957,1.0332,ID,IDN
10949,97.8006,2.6624,ID,IDN
10950,104.9385,9.0801,VN,VNM
10951,75.5233,11.8531,IN,IND
10952,97.4446,1.3843,ID,IDN
10953,92.7662,12.1746,IN,IND
10954,81.7728,7.3225,LK,LKA
10955,97.7661,16.1768,MM,MMR
10956,80.0948,14.6157,IN,IND
10957,107.1686,16.7909,VN,VNM
10958,96.7832,17.1266,MM,MMR
10959,81.3755,16.5154,IN,IND
10960,97.8247,15.2947,TH,THA
10961,80.1482,15.5135,IN,IND
10962,77.2346,8.2315,IN,IND
10963,98.2537,8.6277,TH,THA
10964,77.3487,8.1235,IN,IND
10965,98.2044,4.1082,ID,IDN
10966,80.3719,15.8827,IN,IND
10967,103.3057,4.0803,MY,MYS
10968,76.3857,9.4011,IN,IND
10969,102.4074,12.3557,TH,THA
10970,103.3934,3.3653,MY,MYS
10971,74.1193,14.9263,IN,IND
10972,73.7541,15.7825,IN,IND
10973,101.5746,1.7205,ID,IDN
10974,100.0041,13.1293,TH,THA
10975,100.907,1.9889,ID,IDN
10976,100.9587,13.2088,TH,THA
10977,80.1104,14.0334,IN,IND
10978,99.2552,0.3844,ID,IDN
10979,98.7135,12.9636,MM,MMR
10980,97.9757,14.733,TH,THA
10981,98.9968,1.0513,ID,IDN
10982,98.4437,13.6483,MM,MMR
10983,96.5313,5.1697,ID,IDN
10984,95.3573,5.3118,ID,IDN
10985,103.2299,11.5044,KH,KHM
10986,103.5348,0.3322,ID,IDN
10987,102.081,2.4395,MY,MYS
10988,103.3671,2.7703,MY,MYS
10989,92.4999,10.5894,IN,IND
10990,73.4441,16.229,IN,IND
10991,80.5363,9.4516,LK,LKA
10992,100.5053,5.2985,MY,MYS
10993,98.7763,8.309,TH,THA
10994,100.4807,5.7404,MY,MYS
10995,101.7625,6.5132,TH,THA
10996,79.751,11.7049,IN,IND
10997,99.4423,7.4251,TH,THA
10998,106.4458,9.5837,VN,VNM
10999,99.4891,11.3503,TH,THA
11000,79.9138,8.5147,LK,LKA
11001,79.1482,10.1804,IN,IND
11002,100.1038,6.5426,TH,THA
11003,79.5986,10.3286,IN,IND
11004,98.4827,9.4402,TH,THA
11005,98.3868,2.0734,ID,IDN
11006,94.4152,16.5249,MM,MMR
11007,99.4556,9.0835,TH,THA
11008,75.6068,11.5938,IN,IND
11009,99.1177,10.0529,TH,THA
11010,104.8905,8.9202,VN,VNM
11011,96.15,2.6772,ID,IDN
11012,97.33,3.1347,ID,IDN
11013,97.4478,3.0165,ID,IDN
11014,76.478,9.8683,IN,IND
11015,94.4821,17.8824,MM,MMR
11016,81.7852,6.7342,LK,LKA
11017,81.931,16.4076,IN,IND
11018,98.3552,7.9,TH,THA
11019,96.999,17.3285,MM,MMR
11020,81.2192,16.4628,IN,IND
11021,80.0446,15.0386,IN,IND
11022,76.8927,8.5547,IN,IND
11023,81.1836,16.3043,IN,IND
11024,80.2174,15.8299,IN,IND
11025,96.0916,16.3575,MM,MMR
11026,76.4472,9.7125,IN,IND
11027,76.5611,9.606,IN,IND
11028,101.8513,2.6749,MY,MYS
11029,102.5741,5.674,MY,MYS
11030,100.7872,4.1785,MY,MYS
11031,100.9034,4.0597,MY,MYS
11032,100.9113,13.0478,TH,THA
11033,99.8632,12.6449,TH,THA
11034,101.1142,2.1898,ID,IDN
11035,100.7458,1.9472,ID,IDN
11036,80.2413,6.1151,LK,LKA
11037,80.0074,13.5576,IN,IND
11038,81.1092,6.2332,LK,LKA
11039,99.8163,12.4833,TH,THA
11040,100.3987,2.2998,ID,IDN
11041,98.8702,11.3469,TH,THA
11042,100.5145,2.1822,ID,IDN
11043,107.1732,10.489,VN,VNM
11044,104.1135,1.7913,MY,MYS
11045,104.2262,1.6746,MY,MYS
11046,96.3841,4.0818,ID,IDN
11047,103.7602,0.1013,ID,IDN
11048,74.9025,12.7823,IN,IND
11049,83.2616,17.7257,IN,IND
11050,101.9186,1.3696,ID,IDN
11051,104.5821,0.8948,ID,IDN
11052,124.131,6.4789,PH,PHL
11053,120.3959,16.4919,PH,PHL
11054,120.0363,15.8577,PH,PHL
11055,126.4675,7.2216,PH,PHL
11056,119.9344,15.9686,PH,PHL
11057,116.9982,7.9509,PH,PHL
11058,126.4725,7.6583,PH,PHL
11059,125.5618,7.1918,PH,PHL
11060,119.3201,10.851,PH,PHL
11061,125.3352,5.699,PH,PHL
11062,109.1171,1.0696,ID,IDN
11063,117.4527,0.1133,ID,IDN
11064,118.2723,9.3538,PH,PHL
11065,127.7168,0.163,ID,IDN
11066,120.5016,17.6023,PH,PHL
11067,111.0679,1.4369,MY,MYS
11068,111.3549,2.3603,MY,MYS
11069,128.1493,0.5263,ID,IDN
11070,127.6671,0.4453,ID,IDN
11071,120.4508,17.8591,PH,PHL
11072,123.1986,7.5874,PH,PHL
11073,122.2078,16.3852,PH,PHL
11074,123.0953,7.7098,PH,PHL
11075,122.3191,7.9792,PH,PHL
11076,122.3169,7.5503,PH,PHL
11077,122.2143,7.672,PH,PHL
11078,122.0064,17.8383,PH,PHL
11079,108.1864,4.1395,ID,IDN
11080,126.2712,8.7788,PH,PHL
11081,117.8371,2.5498,ID,IDN
11082,128.5525,2.4929,ID,IDN
11083,108.9358,14.6768,VN,VNM
11084,108.2478,3.865,ID,IDN
11085,120.8106,0.9875,ID,IDN
11086,118.0291,5.6661,MY,MYS
11087,109.4194,12.8863,VN,VNM
11088,112.6664,2.9788,MY,MYS
11089,123.0002,9.121,PH,PHL
11090,122.6448,10.6116,PH,PHL
11091,124.0508,9.6262,PH,PHL
11092,125.1003,8.8347,PH,PHL
11093,122.9551,10.252,PH,PHL
11094,122.4839,9.7244,PH,PHL
11095,123.8294,8.1462,PH,PHL
11096,120.2829,12.0518,PH,PHL
11097,121.2564,12.4166,PH,PHL
11098,125.5332,9.6424,PH,PHL
11099,116.0276,5.7749,MY,MYS
11100,125.3354,11.1815,PH,PHL
11101,125.3396,11.6114,PH,PHL
11102,115.7838,5.4373,MY,MYS
11103,124.6598,0.8025,ID,IDN
11104,125.0319,1.4437,ID,IDN
11105,118.3268,1.5239,ID,IDN
11106,118.523,1.2801,ID,IDN
11107,118.5232,0.8606,ID,IDN
11108,121.7286,14.1999,PH,PHL
11109,121.4175,1.0951,ID,IDN
11110,123.7606,12.9785,PH,PHL
11111,121.5277,15.6734,PH,PHL
11112,121.935,13.9696,PH,PHL
11113,117.779,9.1011,PH,PHL
11114,122.9047,10.5256,PH,PHL
11115,117.6812,8.8005,PH,PHL
11116,124.6028,12.4531,PH,PHL
11117,110.657,1.4712,MY,MYS
11118,117.3429,6.4972,MY,MYS
11119,120.1896,15.8957,PH,PHL
11120,126.2519,7.035,PH,PHL
11121,120.0876,16.0068,PH,PHL
11122,125.3478,7.0054,PH,PHL
11123,119.4715,11.3046,PH,PHL
11124,119.471,10.8861,PH,PHL
11125,128.2789,2.1531,ID,IDN
11126,127.8948,1.5031,ID,IDN
11127,119.3705,11.0022,PH,PHL
11128,121.3343,5.9228,PH,PHL
11129,127.6287,1.6032,ID,IDN
11130,108.9746,0.6054,ID,IDN
11131,128.6826,0.3244,ID,IDN
11132,109.0696,0.9148,ID,IDN
11133,120.1166,5.2508,PH,PHL
11134,118.0747,9.1691,PH,PHL
11135,127.8773,0.1898,ID,IDN
11136,120.1364,14.9245,PH,PHL
11137,125.5531,6.3205,PH,PHL
11138,126.1921,6.4425,PH,PHL
11139,111.2113,1.8984,MY,MYS
11140,128.3164,0.9917,ID,IDN
11141,122.0574,7.2113,PH,PHL
11142,127.8276,0.4723,ID,IDN
11143,123.361,8.4808,PH,PHL
11144,122.3672,16.8344,PH,PHL
11145,122.8863,7.5239,PH,PHL
11146,122.2608,16.535,PH,PHL
11147,122.4744,8.0115,PH,PHL
11148,122.1096,7.3648,PH,PHL
11149,123.7719,0.3628,ID,IDN
11150,108.2459,15.8447,VN,VNM
11151,124.1916,7.4998,PH,PHL
11152,124.1847,6.6337,PH,PHL
11153,124.1882,7.0669,PH,PHL
11154,126.0554,8.5916,PH,PHL
11155,117.5445,2.912,ID,IDN
11156,118.6699,5.5194,MY,MYS
11157,117.8326,5.9044,MY,MYS
11158,109.2097,12.6963,VN,VNM
11159,117.6399,4.0475,ID,IDN
11160,117.6392,4.4665,MY,MYS
11161,114.0564,4.3143,MY,MYS
11162,120.4905,13.4918,PH,PHL
11163,121.4683,13.8611,PH,PHL
11164,113.4618,3.7437,MY,MYS
11165,121.0026,13.3347,PH,PHL
11166,118.03,4.8262,MY,MYS
11167,125.0074,10.2539,PH,PHL
11168,124.209,9.659,PH,PHL
11169,124.2125,10.0894,PH,PHL
11170,124.8867,8.6477,PH,PHL
11171,124.4215,9.8463,PH,PHL
11172,124.3962,0.4695,ID,IDN
11173,115.9312,5.4728,MY,MYS
11174,115.4884,5.3661,MY,MYS
11175,117.8862,2.2799,ID,IDN
11176,120.9124,1.289,ID,IDN
11177,121.5207,14.0123,PH,PHL
11178,123.0517,0.8115,ID,IDN
11179,121.3198,15.4861,PH,PHL
11180,121.6854,16.1234,PH,PHL
11181,122.9793,14.069,PH,PHL
11182,124.4361,11.5643,PH,PHL
11183,123.6085,13.7897,PH,PHL
11184,123.9565,11.0352,PH,PHL
11185,123.0669,11.4124,PH,PHL
11186,117.9267,9.1351,PH,PHL
11187,117.4853,8.6166,PH,PHL
11188,124.7624,12.4871,PH,PHL
11189,123.4918,12.2131,PH,PHL
11190,116.5628,6.5981,MY,MYS
11191,117.1477,6.733,MY,MYS
11192,118.3762,0.8342,ID,IDN
11193,109.2481,0.1101,ID,IDN
11194,124.705,6.0128,PH,PHL
11195,124.6008,6.1373,PH,PHL
11196,120.3443,16.343,PH,PHL
11197,119.9849,15.7085,PH,PHL
11198,126.4124,7.0657,PH,PHL
11199,119.8839,16.2281,PH,PHL
11200,109.6647,1.9247,MY,MYS
11201,125.285,5.9793,PH,PHL
11202,120.8019,14.8108,PH,PHL
11203,118.223,9.2031,PH,PHL
11204,125.3436,6.5701,PH,PHL
11205,120.4498,17.4542,PH,PHL
11206,119.4706,10.4668,PH,PHL
11207,111.908,2.7854,MY,MYS
11208,119.2192,10.1295,PH,PHL
11209,127.9943,0.9371,ID,IDN
11210,120.399,17.7113,PH,PHL
11211,123.518,8.5131,PH,PHL
11212,123.0478,8.4161,PH,PHL
11213,122.1547,16.2352,PH,PHL
11214,123.9276,0.3894,ID,IDN
11215,108.4723,15.5997,VN,VNM
11216,123.977,6.881,PH,PHL
11217,108.8733,14.9546,VN,VNM
11218,108.2,3.708,ID,IDN
11219,120.7598,0.837,ID,IDN
11220,117.9797,5.9356,MY,MYS
11221,113.8584,4.1245,MY,MYS
11222,117.7856,4.4963,MY,MYS
11223,109.1101,14.2765,VN,VNM
11224,119.0169,5.3096,PH,PHL
11225,121.2611,13.6735,PH,PHL
11226,113.6121,3.7814,MY,MYS
11227,121.2596,13.2555,PH,PHL
11228,120.7967,13.1473,PH,PHL
11229,121.157,13.3709,PH,PHL
11230,118.7689,4.9774,MY,MYS
11231,125.1671,10.2867,PH,PHL
11232,124.0003,9.902,PH,PHL
11233,121.4632,12.604,PH,PHL
11234,121.4649,13.0239,PH,PHL
11235,123.7791,8.4231,PH,PHL
11236,123.4232,9.9239,PH,PHL
11237,121.2044,12.2647,PH,PHL
11238,124.3028,8.242,PH,PHL
11239,125.4784,9.4873,PH,PHL
11240,126.1152,9.1818,PH,PHL
11241,124.8363,8.9255,PH,PHL
11242,115.9794,5.6239,MY,MYS
11243,108.7671,11.2866,VN,VNM
11244,115.6362,5.4017,MY,MYS
11245,125.0858,1.5976,ID,IDN
11246,124.61,1.0819,ID,IDN
11247,122.2315,0.954,ID,IDN
11248,121.0589,14.7344,PH,PHL
11249,122.0279,11.7487,PH,PHL
11250,122.8448,0.6327,ID,IDN
11251,121.6761,14.0486,PH,PHL
11252,122.6497,11.4629,PH,PHL
11253,122.7428,0.7578,ID,IDN
11254,121.5748,14.5801,PH,PHL
11255,121.9767,1.0517,ID,IDN
11256,123.7099,13.2495,PH,PHL
11257,121.4753,15.5233,PH,PHL
11258,121.477,15.9361,PH,PHL
11259,122.7686,13.8814,PH,PHL
11260,123.3964,13.6021,PH,PHL
11261,123.767,13.8249,PH,PHL
11262,124.7508,11.2027,PH,PHL
11263,122.5053,13.5418,PH,PHL
11264,117.7301,8.9508,PH,PHL
11265,117.2901,8.4332,PH,PHL
11266,123.6498,12.2476,PH,PHL
11267,124.8633,6.0433,PH,PHL
11268,125.2934,6.8501,PH,PHL
11269,127.845,1.7862,ID,IDN
11270,120.5443,14.473,PH,PHL
11271,128.484,1.4579,ID,IDN
11272,127.5733,1.448,ID,IDN
11273,117.5489,0.4077,ID,IDN
11274,109.0343,0.3371,ID,IDN
11275,120.9563,14.8479,PH,PHL
11276,118.0255,9.0186,PH,PHL
11277,125.5072,7.0364,PH,PHL
11278,120.0859,15.1864,PH,PHL
11279,119.6217,10.5015,PH,PHL
11280,110.8101,1.5111,MY,MYS
11281,112.0601,2.8242,MY,MYS
11282,128.2667,1.2749,ID,IDN
11283,127.7837,1.1926,ID,IDN
11284,127.7722,0.3176,ID,IDN
11285,118.9188,10.0605,PH,PHL
11286,127.7779,0.7549,ID,IDN
11287,122.1576,6.6602,PH,PHL
11288,122.3163,17.0958,PH,PHL
11289,123.2043,8.4485,PH,PHL
11290,122.836,7.8,PH,PHL
11291,121.8416,16.1607,PH,PHL
11292,122.2653,17.3567,PH,PHL
11293,124.0306,7.0357,PH,PHL
11294,108.0685,16.2446,VN,VNM
11295,109.1604,12.5401,VN,VNM
11296,120.4582,0.7837,ID,IDN
11297,117.6858,5.8733,MY,MYS
11298,121.0611,0.4652,ID,IDN
11299,117.5914,3.8981,ID,IDN
11300,113.6602,3.9343,MY,MYS
11301,117.5907,4.3169,ID,IDN
11302,118.8185,5.1281,MY,MYS
11303,121.4161,13.7097,PH,PHL
11304,113.4137,3.5908,MY,MYS
11305,122.3854,10.6971,PH,PHL
11306,123.6279,9.252,PH,PHL
11307,124.953,10.0993,PH,PHL
11308,124.1585,9.935,PH,PHL
11309,124.8324,8.4927,PH,PHL
11310,122.5919,10.4582,PH,PHL
11311,120.9997,12.4974,PH,PHL
11312,124.3674,9.6918,PH,PHL
11313,125.4494,11.92,PH,PHL
11314,108.6068,11.2513,VN,VNM
11315,117.9844,1.7399,ID,IDN
11316,120.8615,1.1382,ID,IDN
11317,118.6213,1.158,ID,IDN
11318,122.1836,11.7834,PH,PHL
11319,122.5365,0.5793,ID,IDN
11320,122.8063,11.4972,PH,PHL
11321,122.8971,0.7846,ID,IDN
11322,123.4978,13.0618,PH,PHL
11323,124.1287,12.7762,PH,PHL
11324,121.6691,0.5711,ID,IDN
11325,122.609,13.4253,PH,PHL
11326,122.9259,13.9171,PH,PHL
11327,123.9027,10.8812,PH,PHL
11328,124.9103,11.2361,PH,PHL
11329,123.0137,11.2591,PH,PHL
11330,117.8776,8.9847,PH,PHL
11331,123.011,10.8327,PH,PHL
11332,123.4411,12.4849,PH,PHL
11333,117.0018,6.7002,MY,MYS
11334,126.367,7.783,PH,PHL
11335,119.8327,16.0793,PH,PHL
11336,125.8813,7.2538,PH,PHL
11337,108.9763,11.4787,VN,VNM
11338,128.6456,1.4855,ID,IDN
11339,121.0799,6.0137,PH,PHL
11340,128.4157,0.4254,ID,IDN
11341,119.1692,10.3974,PH,PHL
11342,128.0499,1.0922,ID,IDN
11343,127.562,0.573,ID,IDN
11344,119.0688,10.095,PH,PHL
11345,122.9948,8.2621,PH,PHL
11346,121.998,16.198,PH,PHL
11347,123.6186,7.9597,PH,PHL
11348,124.2957,7.3765,PH,PHL
11349,126.1656,8.9026,PH,PHL
11350,108.8105,15.2322,VN,VNM
11351,117.7395,2.6707,ID,IDN
11352,117.6419,2.7914,ID,IDN
11353,108.1385,3.9825,ID,IDN
11354,118.3242,5.7281,MY,MYS
11355,120.6089,0.8103,ID,IDN
11356,109.3084,13.0085,VN,VNM
11357,112.212,2.863,MY,MYS
11358,121.2127,0.4916,ID,IDN
11359,113.8103,3.9717,MY,MYS
11360,109.0479,14.5543,VN,VNM
11361,118.9672,5.1586,PH,PHL
11362,113.2151,3.3999,MY,MYS
11363,121.1065,13.6373,PH,PHL
11364,118.3741,4.616,MY,MYS
11365,122.0741,10.629,PH,PHL
11366,120.3372,13.4554,PH,PHL
11367,123.4202,9.4948,PH,PHL
11368,123.4143,8.635,PH,PHL
11369,125.1166,10.5633,PH,PHL
11370,123.9465,9.7477,PH,PHL
11371,123.8456,10.2985,PH,PHL
11372,121.4127,12.8722,PH,PHL
11373,123.9309,0.8206,ID,IDN
11374,122.0321,12.5934,PH,PHL
11375,123.7255,8.2686,PH,PHL
11376,123.3698,9.7699,PH,PHL
11377,124.2489,8.0872,PH,PHL
11378,126.0695,9.8944,PH,PHL
11379,126.0601,9.0264,PH,PHL
11380,124.782,8.7706,PH,PHL
11381,125.2301,11.3027,PH,PHL
11382,108.8162,11.4436,VN,VNM
11383,124.503,0.7755,ID,IDN
11384,115.6874,5.1349,MY,MYS
11385,115.588,5.2504,MY,MYS
11386,124.9282,1.57,ID,IDN
11387,118.4249,1.4021,ID,IDN
11388,121.6273,14.731,PH,PHL
11389,121.6255,14.3146,PH,PHL
11390,122.6905,0.606,ID,IDN
11391,121.5224,14.4292,PH,PHL
11392,123.6561,13.0967,PH,PHL
11393,121.923,0.473,ID,IDN
11394,121.8218,0.5976,ID,IDN
11395,121.4246,15.7862,PH,PHL
11396,124.6964,11.0485,PH,PHL
11397,121.8318,14.0848,PH,PHL
11398,122.8037,11.0716,PH,PHL
11399,122.4547,13.81,PH,PHL
11400,117.5828,8.9169,PH,PHL
11401,124.494,12.1458,PH,PHL
11402,110.1384,1.6202,MY,MYS
11403,118.1316,0.9297,ID,IDN
11404,116.8075,6.5161,MY,MYS
11405,120.4938,14.7365,PH,PHL
11406,109.1729,12.1053,VN,VNM
11407,109.1854,11.6703,VN,VNM
11408,127.5179,1.2929,ID,IDN
11409,117.5007,0.2604,ID,IDN
11410,109.0817,0.4915,ID,IDN
11411,128.5771,0.4524,ID,IDN
11412,120.0354,15.4477,PH,PHL
11413,125.4483,6.4454,PH,PHL
11414,119.3198,10.4321,PH,PHL
11415,122.1054,6.5066,PH,PHL
11416,122.7858,8.0758,PH,PHL
11417,122.5247,7.736,PH,PHL
11418,108.3592,15.7222,VN,VNM
11419,124.0876,7.623,PH,PHL
11420,117.4471,3.0324,ID,IDN
11421,108.2957,4.0219,ID,IDN
11422,118.571,5.6393,MY,MYS
11423,118.4721,5.7591,MY,MYS
11424,120.4076,0.6336,ID,IDN
11425,109.1112,12.3838,VN,VNM
11426,112.3636,2.9016,MY,MYS
11427,112.9684,3.0556,MY,MYS
11428,120.1567,0.3076,ID,IDN
11429,124.3492,13.8123,PH,PHL
11430,118.7689,5.3993,MY,MYS
11431,124.2441,13.9301,PH,PHL
11432,113.3656,3.4379,MY,MYS
11433,120.9016,13.8667,PH,PHL
11434,120.8989,13.032,PH,PHL
11435,120.9002,13.4498,PH,PHL
11436,122.2297,10.6631,PH,PHL
11437,118.5218,5.0673,MY,MYS
11438,124.9064,10.8063,PH,PHL
11439,124.9024,10.3757,PH,PHL
11440,114.7983,4.9183,BN,BRN
11441,122.5366,9.8779,PH,PHL
11442,124.0869,0.8475,ID,IDN
11443,123.6194,0.7667,ID,IDN
11444,123.1595,9.5829,PH,PHL
11445,123.1623,10.0114,PH,PHL
11446,124.5151,8.4288,PH,PHL
11447,120.9493,12.7649,PH,PHL
11448,125.7438,9.3965,PH,PHL
11449,124.9411,8.8027,PH,PHL
11450,125.0195,11.5446,PH,PHL
11451,125.3945,11.7657,PH,PHL
11452,125.0155,11.1151,PH,PHL
11453,109.0254,11.6355,VN,VNM
11454,115.4916,4.9476,MY,MYS
11455,124.7172,1.3889,ID,IDN
11456,122.0781,0.9271,ID,IDN
11457,124.0746,12.6229,PH,PHL
11458,122.556,13.2731,PH,PHL
11459,122.8752,14.1852,PH,PHL
11460,123.5009,13.4848,PH,PHL
11461,123.5039,13.9068,PH,PHL
11462,122.9605,11.1057,PH,PHL
11463,122.1417,13.7384,PH,PHL
11464,117.3872,8.733,PH,PHL
11465,125.2932,12.315,PH,PHL
11466,123.3875,12.3318,PH,PHL
11467,109.9844,1.5802,MY,MYS
11468,117.0501,6.8502,MY,MYS
11469,116.9536,6.5502,MY,MYS
11470,117.8393,0.8768,ID,IDN
11471,126.3167,8.0633,PH,PHL
11472,120.3949,16.083,PH,PHL
11473,109.7714,1.8097,MY,MYS
11474,127.9563,2.0972,ID,IDN
11475,128.6022,2.2089,ID,IDN
11476,128.5896,1.3299,ID,IDN
11477,127.6842,1.7585,ID,IDN
11478,120.6995,14.9239,PH,PHL
11479,125.2389,6.6947,PH,PHL
11480,119.119,10.2462,PH,PHL
11481,118.6694,9.724,PH,PHL
11482,122.9418,8.108,PH,PHL
11483,122.3695,17.2451,PH,PHL
11484,108.5852,15.4772,VN,VNM
11485,123.3586,0.4353,ID,IDN
11486,117.3972,3.7197,ID,IDN
11487,126.2663,8.3434,PH,PHL
11488,108.7609,15.077,VN,VNM
11489,109.2467,13.2867,VN,VNM
11490,120.207,0.4573,ID,IDN
11491,113.1191,3.0939,MY,MYS
11492,119.9567,0.1321,ID,IDN
11493,109.1723,13.9985,VN,VNM
11494,118.9177,5.4299,MY,MYS
11495,120.029,12.1318,PH,PHL
11496,113.1671,3.2469,MY,MYS
11497,120.6946,13.2624,PH,PHL
11498,122.0217,10.476,PH,PHL
11499,118.325,4.4658,MY,MYS
11500,122.0237,10.9009,PH,PHL
11501,118.67,5.0977,MY,MYS
11502,118.2262,5.0066,MY,MYS
11503,122.8968,9.2421,PH,PHL
11504,114.6011,4.7297,BN,BRN
11505,114.947,4.9546,BN,BRN
11506,123.7951,10.5732,PH,PHL
11507,125.5792,8.9307,PH,PHL
11508,121.9795,12.4412,PH,PHL
11509,123.775,0.7936,ID,IDN
11510,124.6736,8.4607,PH,PHL
11511,122.849,9.9447,PH,PHL
11512,126.0097,9.3053,PH,PHL
11513,125.9042,9.4286,PH,PHL
11514,124.0836,0.4161,ID,IDN
11515,115.1957,4.8753,BN,BRN
11516,115.5366,5.5175,MY,MYS
11517,134.5569,7.512,PW,PLW
11518,118.0822,1.6184,ID,IDN
11519,118.9659,0.9401,ID,IDN
11520,118.8673,1.0625,ID,IDN
11521,121.9249,11.8665,PH,PHL
11522,122.5463,11.5815,PH,PHL
11523,122.6408,0.8829,ID,IDN
11524,123.6054,13.3672,PH,PHL
11525,122.6647,13.9976,PH,PHL
11526,124.0104,11.1891,PH,PHL
11527,123.2921,13.7192,PH,PHL
11528,122.404,14.0776,PH,PHL
11529,122.7507,10.9183,PH,PHL
11530,122.4017,13.6581,PH,PHL
11531,123.3757,10.6266,PH,PHL
11532,124.4434,12.4189,PH,PHL
11533,123.5454,12.3663,PH,PHL
11534,117.5871,6.4106,MY,MYS
11535,117.196,6.8827,MY,MYS
11536,117.6453,0.7027,ID,IDN
11537,116.7577,6.7826,MY,MYS
11538,117.9853,0.9032,ID,IDN
11539,125.9864,7.1291,PH,PHL
11540,127.7397,1.9139,ID,IDN
11541,120.4422,14.5862,PH,PHL
11542,120.3402,14.6992,PH,PHL
11543,109.1237,11.9488,VN,VNM
11544,127.4625,1.1379,ID,IDN
11545,119.9842,15.2983,PH,PHL
11546,118.421,9.388,PH,PHL
11547,119.2694,10.2808,PH,PHL
11548,128.3103,0.5534,ID,IDN
11549,110.2922,1.6601,MY,MYS
11550,122.733,7.9219,PH,PHL
11551,123.3552,7.6192,PH,PHL
11552,123.7224,7.8371,PH,PHL
11553,122.1613,17.4679,PH,PHL
11554,123.6163,0.3362,ID,IDN
11555,126.8085,4.3738,ID,IDN
11556,117.398,3.3016,ID,IDN
11557,117.6851,6.2921,MY,MYS
11558,120.3572,0.4836,ID,IDN
11559,117.5878,5.992,MY,MYS
11560,120.1064,0.1581,ID,IDN
11561,124.1898,13.7774,PH,PHL
11562,118.4727,4.4956,MY,MYS
11563,123.1567,9.1538,PH,PHL
11564,118.3739,5.037,MY,MYS
11565,124.8519,10.6518,PH,PHL
11566,124.848,10.2211,PH,PHL
11567,114.7501,4.7662,BN,BRN
11568,123.9532,10.6067,PH,PHL
11569,123.5806,9.9571,PH,PHL
11570,116.3195,6.2624,MY,MYS
11571,125.2597,8.8667,PH,PHL
11572,123.1064,9.4289,PH,PHL
11573,123.1091,9.8575,PH,PHL
11574,123.9836,7.7461,PH,PHL
11575,124.3567,8.3968,PH,PHL
11576,125.6889,9.2412,PH,PHL
11577,124.9649,11.3904,PH,PHL
11578,125.3439,12.0406,PH,PHL
11579,109.0745,11.7922,VN,VNM
11580,124.2398,0.4428,ID,IDN
11581,115.3438,4.9115,BN,BRN
11582,125.3988,12.1947,PH,PHL
11583,124.6636,1.2353,ID,IDN
11584,117.8867,1.8612,ID,IDN
11585,120.9273,5.9828,PH,PHL
11586,118.6705,0.8871,ID,IDN
11587,122.2341,11.5125,PH,PHL
11588,123.3935,13.1796,PH,PHL
11589,124.0239,12.8948,PH,PHL
11590,123.9192,13.0133,PH,PHL
11591,123.4502,13.7545,PH,PHL
11592,122.9766,13.6484,PH,PHL
11593,123.3457,13.8714,PH,PHL
11594,124.8053,11.3569,PH,PHL
11595,122.91,11.3782,PH,PHL
11596,117.3386,8.5831,PH,PHL
11597,124.8637,11.9397,PH,PHL
11598,121.9918,14.9551,PH,PHL
11599,123.334,12.1787,PH,PHL
11600,122.614,14.2652,PH,PHL
11601,123.9632,11.89,PH,PHL
11602,124.4429,6.1067,PH,PHL
11603,126.2615,7.9076,PH,PHL
11604,120.3432,15.9337,PH,PHL
11605,125.7762,7.3784,PH,PHL
11606,120.7488,14.2458,PH,PHL
11607,120.5455,14.8866,PH,PHL
11608,118.57,9.4221,PH,PHL
11609,126.1969,6.8792,PH,PHL
11610,120.4476,16.6407,PH,PHL
11611,111.7558,2.7465,MY,MYS
11612,111.307,2.2063,MY,MYS
11613,127.8392,1.3478,ID,IDN
11614,118.6197,9.573,PH,PHL
11615,118.9688,10.2116,PH,PHL
11616,128.4716,0.5805,ID,IDN
11617,110.4458,1.6999,MY,MYS
11618,122.2645,7.3966,PH,PHL
11619,122.8334,7.3698,PH,PHL
11620,117.349,3.5706,ID,IDN
11621,108.698,15.3547,VN,VNM
11622,109.1973,13.1307,VN,VNM
11623,120.1576,0.7306,ID,IDN
11624,120.6584,0.5363,ID,IDN
11625,119.9074,0.4049,ID,IDN
11626,109.2343,13.7206,VN,VNM
11627,117.7862,4.077,ID,IDN
11628,109.1228,13.8429,VN,VNM
11629,121.004,13.7521,PH,PHL
11630,121.9713,10.748,PH,PHL
11631,125.0115,10.6849,PH,PHL
11632,125.6473,10.3849,PH,PHL
11633,114.5529,4.5775,BN,BRN
11634,123.7414,10.4192,PH,PHL
11635,124.371,10.1224,PH,PHL
11636,125.4194,8.8987,PH,PHL
11637,123.2689,10.319,PH,PHL
11638,121.0516,12.6491,PH,PHL
11639,125.1248,11.4238,PH,PHL
11640,118.0326,2.3077,ID,IDN
11641,124.9781,1.29,ID,IDN
11642,121.1646,1.1922,ID,IDN
11643,118.818,0.9136,ID,IDN
11644,121.5242,14.845,PH,PHL
11645,121.4211,14.9588,PH,PHL
11646,123.2065,0.8384,ID,IDN
11647,122.39,11.547,PH,PHL
11648,121.8237,1.0247,ID,IDN
11649,121.3646,0.518,ID,IDN
11650,124.078,13.0479,PH,PHL
11651,123.2892,13.2971,PH,PHL
11652,121.4735,15.1093,PH,PHL
11653,123.1342,13.6838,PH,PHL
11654,124.5915,11.1693,PH,PHL
11655,124.4866,11.2899,PH,PHL
11656,122.351,13.926,PH,PHL
11657,121.8804,13.399,PH,PHL
11658,123.3223,10.4728,PH,PHL
11659,122.2452,13.6224,PH,PHL
11660,124.3891,12.2654,PH,PHL
11661,125.0276,12.4013,PH,PHL
11662,122.7712,14.3011,PH,PHL
11663,117.5971,0.5551,ID,IDN
11664,116.7094,6.6323,MY,MYS
11665,124.2349,6.355,PH,PHL
11666,117.1951,7.2998,MY,MYS
11667,126.578,7.5334,PH,PHL
11668,119.4206,10.7347,PH,PHL
11669,128.3225,1.4304,ID,IDN
11670,109.51,1.8848,MY,MYS
11671,109.0619,12.2273,VN,VNM
11672,120.903,14.2826,PH,PHL
11673,125.5487,5.8846,PH,PHL
11674,109.0098,1.1841,ID,IDN
11675,119.9337,15.5592,PH,PHL
11676,118.3715,9.2371,PH,PHL
11677,127.8219,0.0353,ID,IDN
11678,128.5337,1.1744,ID,IDN
11679,120.5005,17.1965,PH,PHL
11680,111.1635,1.7445,MY,MYS
11681,111.4507,2.6685,MY,MYS
11682,127.6174,0.7277,ID,IDN
11683,127.623,1.1652,ID,IDN
11684,122.0052,7.0578,PH,PHL
11685,118.7691,10.0259,PH,PHL
11686,128.2607,0.8365,ID,IDN
11687,122.0031,6.6288,PH,PHL
11688,122.1104,17.7277,PH,PHL
11689,123.4611,0.3097,ID,IDN
11690,126.3719,8.2191,PH,PHL
11691,117.3498,3.1527,ID,IDN
11692,117.5385,6.2606,MY,MYS
11693,120.3077,0.7571,ID,IDN
11694,120.9097,0.4388,ID,IDN
11695,120.8094,0.5628,ID,IDN
11696,120.057,0.4311,ID,IDN
11697,118.0304,4.4062,MY,MYS
11698,114.0083,4.1617,MY,MYS
11699,120.1303,12.0162,PH,PHL
11700,120.7993,13.981,PH,PHL
11701,119.1661,5.3402,PH,PHL
11702,122.1288,11.2068,PH,PHL
11703,123.4736,9.6489,PH,PHL
11704,124.7975,10.4973,PH,PHL
11705,124.8014,10.9275,PH,PHL
11706,123.8994,10.4526,PH,PHL
11707,123.5271,9.803,PH,PHL
11708,123.056,9.7037,PH,PHL
11709,122.587,9.6041,PH,PHL
11710,124.4107,8.5516,PH,PHL
11711,120.8471,12.8806,PH,PHL
11712,123.9333,8.0235,PH,PHL
11713,125.6341,9.086,PH,PHL
11714,125.6385,9.5195,PH,PHL
11715,125.4451,11.4904,PH,PHL
11716,108.0762,10.9868,VN,VNM
11717,117.8377,2.1311,ID,IDN
11718,121.3166,1.2192,ID,IDN
11719,122.3851,0.9809,ID,IDN
11720,122.3828,0.5527,ID,IDN
11721,123.3615,0.8653,ID,IDN
11722,122.1814,11.3596,PH,PHL
11723,121.5185,0.9709,ID,IDN
11724,121.5167,0.5445,ID,IDN
11725,123.9699,12.7417,PH,PHL
11726,123.8652,12.8602,PH,PHL
11727,121.6328,15.9735,PH,PHL
11728,122.5077,13.9618,PH,PHL
11729,122.0362,13.4348,PH,PHL
11730,122.0383,13.8541,PH,PHL
11731,125.1877,12.4351,PH,PHL
11732,121.9391,14.8042,PH,PHL
11733,123.2834,12.4502,PH,PHL
11734,110.5515,1.5855,MY,MYS
11735,118.18,1.4968,ID,IDN
11736,116.5146,6.4476,MY,MYS
11737,125.0218,6.0737,PH,PHL
11738,109.878,1.6949,MY,MYS
11739,109.2599,1.5345,ID,IDN
11740,119.5717,10.7697,PH,PHL
11741,109.3552,1.8447,ID,IDN
11742,128.0002,1.3753,ID,IDN
11743,120.697,14.0951,PH,PHL
11744,125.2307,5.824,PH,PHL
11745,126.1419,6.7234,PH,PHL
11746,120.397,16.8996,PH,PHL
11747,125.6579,6.1955,PH,PHL
11748,128.6953,1.2018,ID,IDN
11749,122.0594,17.9867,PH,PHL
11750,111.6033,2.7075,MY,MYS
11751,111.2591,2.0523,MY,MYS
11752,122.1598,7.0894,PH,PHL
11753,127.9387,0.782,ID,IDN
11754,123.4616,7.9278,PH,PHL
11755,122.2121,7.243,PH,PHL
11756,122.5773,7.8898,PH,PHL
11757,108.1324,15.9671,VN,VNM
11758,126.1608,8.4676,PH,PHL
11759,118.1765,5.6971,MY,MYS
11760,109.1354,13.409,VN,VNM
11761,120.1073,0.5808,ID,IDN
11762,117.9308,5.7854,MY,MYS
11763,119.8573,0.2554,ID,IDN
11764,118.1775,4.436,MY,MYS
11765,114.2543,4.5039,BN,BRN
11766,109.1848,13.5648,VN,VNM
11767,109.0606,14.1209,VN,VNM
11768,119.927,11.8292,PH,PHL
11769,119.9277,12.2473,PH,PHL
11770,120.5925,13.3772,PH,PHL
11771,118.2265,4.5861,MY,MYS
11772,122.5414,10.731,PH,PHL
11773,118.1282,4.7062,MY,MYS
11774,124.9609,10.9607,PH,PHL
11775,120.0562,0.0086,ID,IDN
11776,122.7934,9.3629,PH,PHL
11777,125.5924,10.23,PH,PHL
11778,123.6878,10.2652,PH,PHL
11779,116.0758,5.9259,MY,MYS
11780,123.2156,10.1652,PH,PHL
11781,121.411,12.4521,PH,PHL
11782,124.2965,1.0276,ID,IDN
11783,124.091,8.0554,PH,PHL
11784,115.0474,4.8391,MY,MYS
11785,125.0742,11.6988,PH,PHL
11786,116.2712,6.1116,MY,MYS
11787,108.3974,11.0584,VN,VNM
11788,108.0273,10.8291,VN,VNM
11789,124.9243,1.1364,ID,IDN
11790,118.7688,1.1848,ID,IDN
11791,121.0069,14.5839,PH,PHL
11792,121.671,0.9978,ID,IDN
11793,124.1356,13.6247,PH,PHL
11794,123.0808,13.5315,PH,PHL
11795,124.5372,11.0151,PH,PHL
11796,124.4324,11.1358,PH,PHL
11797,122.1945,13.89,PH,PHL
11798,123.168,10.8666,PH,PHL
11799,124.3384,12.5382,PH,PHL
11800,124.9689,11.8193,PH,PHL
11801,117.4892,6.5289,MY,MYS
11802,117.2453,6.6152,MY,MYS
11803,109.1413,0.2235,ID,IDN
11804,125.1805,6.1042,PH,PHL
11805,120.4465,16.2321,PH,PHL
11806,119.9857,16.1176,PH,PHL
11807,126.5228,7.3775,PH,PHL
11808,118.124,9.3197,PH,PHL
11809,125.6164,7.3473,PH,PHL
11810,109.1049,1.4943,ID,IDN
11811,128.6583,2.3649,ID,IDN
11812,120.2383,14.812,PH,PHL
11813,119.3701,10.5834,PH,PHL
11814,125.4942,5.7292,PH,PHL
11815,109.0573,1.3392,ID,IDN
11816,121.2675,15.3359,PH,PHL
11817,118.3218,9.5046,PH,PHL
11818,120.5523,17.3448,PH,PHL
11819,128.4778,1.019,ID,IDN
11820,120.4487,17.0481,PH,PHL
11821,119.9248,10.5709,PH,PHL
11822,111.1157,1.5906,MY,MYS
11823,111.4028,2.5144,MY,MYS
11824,127.5676,1.0103,ID,IDN
11825,128.211,1.1196,ID,IDN
11826,118.7192,9.8749,PH,PHL
11827,121.951,6.4754,PH,PHL
11828,128.2049,0.6813,ID,IDN
11829,121.8488,6.5975,PH,PHL
11830,122.63,8.0437,PH,PHL
11831,122.3693,7.704,PH,PHL
11832,122.2667,7.8256,PH,PHL
11833,122.0573,17.579,PH,PHL
11834,123.8262,7.7144,PH,PHL
11835,124.0808,6.7574,PH,PHL
11836,126.3215,8.4991,PH,PHL
11837,117.3008,3.4217,ID,IDN
11838,108.9855,14.8321,VN,VNM
11839,117.49,6.1107,MY,MYS
11840,112.8175,3.0172,MY,MYS
11841,117.9816,4.2563,MY,MYS
11842,114.4037,4.5407,BN,BRN
11843,117.8835,4.3764,MY,MYS
11844,117.543,3.7488,ID,IDN
11845,120.7462,13.4135,PH,PHL
11846,119.1163,5.189,PH,PHL
11847,121.3622,13.1398,PH,PHL
11848,122.0762,11.0538,PH,PHL
11849,122.6977,10.765,PH,PHL
11850,123.6752,8.5453,PH,PHL
11851,123.4767,10.0779,PH,PHL
11852,123.8489,10.7272,PH,PHL
11853,124.4756,10.0008,PH,PHL
11854,123.0083,10.4057,PH,PHL
11855,123.464,0.7398,ID,IDN
11856,124.4532,1.0547,ID,IDN
11857,122.902,10.0984,PH,PHL
11858,125.5836,9.3643,PH,PHL
11859,125.4957,11.2146,PH,PHL
11860,125.1896,1.4712,ID,IDN
11861,117.7892,1.9824,ID,IDN
11862,108.2369,11.0227,VN,VNM
11863,124.7134,0.9557,ID,IDN
11864,122.9468,0.5074,ID,IDN
11865,122.1309,11.6307,PH,PHL
11866,124.2949,13.6596,PH,PHL
11867,122.076,0.4995,ID,IDN
11868,122.5511,12.429,PH,PHL
11869,122.8726,13.765,PH,PHL
11870,122.457,14.2293,PH,PHL
11871,121.9836,13.2829,PH,PHL
11872,123.4292,10.7804,PH,PHL
11873,122.9578,10.6792,PH,PHL
11874,123.3252,10.9003,PH,PHL
11875,117.8286,8.8343,PH,PHL
11876,124.7585,12.0598,PH,PHL
11877,124.6534,12.1797,PH,PHL
11878,123.8587,12.0094,PH,PHL
11879,123.7542,12.1286,PH,PHL
11880,116.806,6.9329,MY,MYS
11881,116.4663,6.297,MY,MYS
11882,117.6936,0.8505,ID,IDN
11883,124.3389,6.2309,PH,PHL
11884,118.2782,0.9562,ID,IDN
11885,124.9676,5.9186,PH,PHL
11886,109.3075,1.6896,ID,IDN
11887,128.4405,2.181,ID,IDN
11888,119.5211,10.6182,PH,PHL
11889,128.3348,2.3089,ID,IDN
11890,120.6453,13.9444,PH,PHL
11891,119.5216,11.0374,PH,PHL
11892,127.9504,1.6585,ID,IDN
11893,119.421,11.1534,PH,PHL
11894,108.9147,0.8743,ID,IDN
11895,109.022,0.7601,ID,IDN
11896,118.4706,9.5388,PH,PHL
11897,126.0916,7.0042,PH,PHL
11898,120.1878,15.0743,PH,PHL
11899,120.3453,16.751,PH,PHL
11900,125.6033,6.04,PH,PHL
11901,110.9152,1.397,MY,MYS
11902,111.2021,2.321,MY,MYS
11903,118.5202,9.6896,PH,PHL
11904,122.1075,6.9358,PH,PHL
11905,127.9884,0.4993,ID,IDN
11906,122.4204,16.9839,PH,PHL
11907,123.4084,7.7735,PH,PHL
11908,122.9391,7.6779,PH,PHL
11909,122.314,16.6847,PH,PHL
11910,122.1619,7.5184,PH,PHL
11911,123.2037,0.4087,ID,IDN
11912,108.1822,16.1222,VN,VNM
11913,124.2419,7.2217,PH,PHL
11914,126.1105,8.7471,PH,PHL
11915,128.3907,2.4648,ID,IDN
11916,109.2591,12.8525,VN,VNM
11917,120.5582,0.6601,ID,IDN
11918,112.5151,2.9402,MY,MYS
11919,117.6884,4.197,ID,IDN
11920,114.1046,4.4669,MY,MYS
11921,108.9983,14.3989,VN,VNM
11922,117.6891,3.778,ID,IDN
11923,123.2099,9.3078,PH,PHL
11924,118.0789,4.9763,MY,MYS
11925,125.062,10.4086,PH,PHL
11926,123.6342,10.1111,PH,PHL
11927,121.3605,12.7204,PH,PHL
11928,124.2432,0.8745,ID,IDN
11929,122.6902,9.4836,PH,PHL
11930,122.6927,9.9113,PH,PHL
11931,121.102,12.3811,PH,PHL
11932,116.2229,5.9608,MY,MYS
11933,125.5506,11.3692,PH,PHL
11934,124.4496,0.6224,ID,IDN
11935,115.6393,4.9836,MY,MYS
11936,108.4464,11.2158,VN,VNM
11937,124.8706,0.9829,ID,IDN
11938,117.9348,2.4288,ID,IDN
11939,124.8745,1.4163,ID,IDN
11940,121.064,1.3161,ID,IDN
11941,122.4868,0.856,ID,IDN
11942,120.9549,14.4332,PH,PHL
11943,123.1014,0.5341,ID,IDN
11944,122.2868,11.6653,PH,PHL
11945,122.2293,0.5261,ID,IDN
11946,123.6023,12.9438,PH,PHL
11947,123.1849,13.4144,PH,PHL
11948,121.3705,15.2227,PH,PHL
11949,123.0301,13.8006,PH,PHL
11950,124.007,10.7607,PH,PHL
11951,124.3818,11.4103,PH,PHL
11952,117.5341,8.7668,PH,PHL
11953,124.9222,12.5211,PH,PHL
11954,144.7707,13.4651,GU,GUM
11955,158.1646,6.9185,FM,FSM
11956,144.7095,13.3136,GU,GUM
11957,-157.9881,21.6094,US,USA
11958,-155.5594,20.0268,US,USA
11959,-156.2179,20.8187,US,USA
11960,-155.6338,18.99,US,USA
11961,-154.9783,19.5537,US,USA
11962,-155.5405,19.2654,US,USA
11963,-156.8565,20.8492,US,USA
11964,-159.6775,22.0572,US,USA
11965,-155.8395,19.2019,US,USA
11966,-155.2216,19.928,US,USA
11967,-155.4095,19.3783,US,USA
11968,-156.3872,20.8668,US,USA
11969,-159.549,22.1715,US,USA
11970,-157.9489,21.4499,US,USA
11971,-156.1799,20.6576,US,USA
11972,-155.7659,20.2376,US,USA
11973,-154.9412,19.3912,US,USA
11974,-156.0486,20.7704,US,USA
11975,-155.1843,19.7659,US,USA
11976,-155.802,19.0395,US,USA
11977,-156.9335,21.1702,US,USA
11978,-155.9525,19.6883,US,USA
11979,-159.5088,22.0134,US,USA
11980,-155.7282,20.0759,US,USA
11981,-155.6713,19.1525,US,USA
11982,-157.7798,21.4038,US,USA
11983,-155.8217,19.8012,US,USA
11984,-155.241,19.3285,US,USA
11985,-159.3801,22.1276,US,USA
11986,-156.3491,20.7058,US,USA
11987,-155.3905,19.9775,US,USA
11988,-155.9148,19.5263,US,USA
11989,-155.0155,19.7161,US,USA
11990,-156.5565,20.9146,US,USA
11991,-158.118,21.4958,US,USA
11992,-155.6906,19.9141,US,USA
11993,-155.8772,19.3641,US,USA
11994,-158.0787,21.3362,US,USA
11995,-155.1098,19.4412,US,USA
11996,-110.0186,23.9792,MX,MEX
11997,-115.2398,28.2117,MX,MEX
11998,-120.4976,34.8913,US,USA
11999,-112.0629,24.9771,MX,MEX
12000,-112.6281,27.6834,MX,MEX
12001,-114.367,31.7885,MX,MEX
12002,-111.6054,28.6675,MX,MEX
12003,-111.1331,28.0665,MX,MEX
12004,-111.5338,26.2266,MX,MEX
12005,-113.7426,29.2911,MX,MEX
12006,-108.9634,25.6222,MX,MEX
12007,-112.1884,26.0757,MX,MEX
12008,-108.65,25.4381,MX,MEX
12009,-113.9257,28.3729,MX,MEX
12010,-114.5603,30.0462,MX,MEX
12011,-113.1928,31.3675,MX,MEX
12012,-112.3425,26.3319,MX,MEX
12013,-120.6828,35.2825,US,USA
12014,-115.7234,29.9603,MX,MEX
12015,-109.8659,27.012,MX,MEX
12016,-121.2081,35.6515,US,USA
12017,-114.0857,28.6253,MX,MEX
12018,-112.7178,30.2799,MX,MEX
12019,-114.5739,29.0459,MX,MEX
12020,-111.2827,24.3636,MX,MEX
12021,-113.5859,28.8716,MX,MEX
12022,-115.8871,30.7058,MX,MEX
12023,-114.8746,31.7052,MX,MEX
12024,-116.5553,31.5243,MX,MEX
12025,-117.9221,33.6244,US,USA
12026,-110.1662,24.2386,MX,MEX
12027,-112.8783,30.5323,MX,MEX
12028,-109.5617,23.5373,MX,MEX
12029,-114.8839,30.8771,MX,MEX
12030,-120.4852,34.57,US,USA
12031,-112.2511,29.1853,MX,MEX
12032,-118.0956,33.8631,US,USA
12033,-116.5564,31.854,MX,MEX
12034,-114.1002,27.7883,MX,MEX
12035,-112.7129,30.4465,MX,MEX
12036,-114.2355,29.5451,MX,MEX
12037,-112.8222,26.5947,MX,MEX
12038,-116.7253,32.098,MX,MEX
12039,-110.4812,27.8772,MX,MEX
12040,-114.3976,29.7959,MX,MEX
12041,-117.0637,32.42,MX,MEX
12042,-112.8737,30.6987,MX,MEX
12043,-111.3812,25.9692,MX,MEX
12044,-112.2456,29.3525,MX,MEX
12045,-114.4271,27.7908,MX,MEX
12046,-112.0007,26.8287,MX,MEX
12047,-113.4071,29.4547,MX,MEX
12048,-113.3637,31.2862,MX,MEX
12049,-114.7216,30.4622,MX,MEX
12050,-112.404,29.6066,MX,MEX
12051,-110.6499,24.1728,MX,MEX
12052,-110.6648,23.8357,MX,MEX
12053,-113.5267,31.5365,MX,MEX
12054,-117.9246,33.7871,US,USA
12055,-109.2399,26.4794,MX,MEX
12056,-111.078,25.4536,MX,MEX
12057,-113.1007,28.4466,MX,MEX
12058,-115.7215,30.4585,MX,MEX
12059,-118.609,34.0889,US,USA
12060,-110.1984,23.5644,MX,MEX
12061,-109.389,26.7391,MX,MEX
12062,-112.1554,27.0849,MX,MEX
12063,-110.7989,24.4314,MX,MEX
12064,-119.9762,34.5155,US,USA
12065,-110.1849,27.1929,MX,MEX
12066,-112.4199,29.1049,MX,MEX
12067,-111.9052,24.8885,MX,MEX
12068,-118.2636,33.7762,US,USA
12069,-110.3302,24.1606,MX,MEX
12070,-114.9178,27.7095,MX,MEX
12071,-113.9068,29.376,MX,MEX
12072,-110.9343,25.0269,MX,MEX
12073,-112.3107,27.3407,MX,MEX
12074,-112.0573,25.1455,MX,MEX
12075,-117.2357,32.8261,US,USA
12076,-109.8716,23.7197,MX,MEX
12077,-111.5274,26.3949,MX,MEX
12078,-108.4936,25.3458,MX,MEX
12079,-113.4226,28.786,MX,MEX
12080,-113.4642,26.9419,MX,MEX
12081,-110.8032,28.0562,MX,MEX
12082,-114.5916,27.7081,MX,MEX
12083,-113.5823,29.0388,MX,MEX
12084,-109.2778,25.8056,MX,MEX
12085,-113.1429,26.7687,MX,MEX
12086,-112.0349,25.8191,MX,MEX
12087,-117.4106,33.3942,US,USA
12088,-121.0351,35.5821,US,USA
12089,-115.7227,30.1265,MX,MEX
12090,-111.6807,26.6519,MX,MEX
12091,-113.9226,28.5403,MX,MEX
12092,-109.5794,23.2003,MX,MEX
12093,-113.0305,31.1166,MX,MEX
12094,-111.1261,24.2741,MX,MEX
12095,-120.5039,35.0517,US,USA
12096,-121.2154,35.8107,US,USA
12097,-119.1189,34.15,US,USA
12098,-114.7557,27.6251,MX,MEX
12099,-110.8134,24.0944,MX,MEX
12100,-114.9002,29.3802,MX,MEX
12101,-111.3943,25.6323,MX,MEX
12102,-114.432,27.4558,MX,MEX
12103,-119.2948,34.3854,US,USA
12104,-116.2203,31.0334,MX,MEX
12105,-112.5579,30.027,MX,MEX
12106,-114.5716,29.2128,MX,MEX
12107,-114.882,31.043,MX,MEX
12108,-116.3875,31.2791,MX,MEX
12109,-110.5091,23.7455,MX,MEX
12110,-114.0973,27.9558,MX,MEX
12111,-111.9306,28.8432,MX,MEX
12112,-112.7897,27.7704,MX,MEX
12113,-109.2304,26.6477,MX,MEX
12114,-117.065,32.5841,US,USA
12115,-114.5348,31.8712,MX,MEX
12116,-111.3747,26.1376,MX,MEX
12117,-113.6286,26.8602,MX,MEX
12118,-112.2401,29.5197,MX,MEX
12119,-111.2946,28.1553,MX,MEX
12120,-108.1815,25.1606,MX,MEX
12121,-113.411,29.2876,MX,MEX
12122,-109.1205,25.714,MX,MEX
12123,-112.947,28.025,MX,MEX
12124,-114.7195,30.6283,MX,MEX
12125,-111.9247,29.0106,MX,MEX
12126,-110.9718,27.9775,MX,MEX
12127,-112.3987,29.7736,MX,MEX
12128,-110.0597,23.1366,MX,MEX
12129,-108.8066,25.5302,MX,MEX
12130,-114.7257,30.1296,MX,MEX
12131,-114.2729,27.203,MX,MEX
12132,-109.7424,23.1231,MX,MEX
12133,-112.5022,26.4197,MX,MEX
12134,-110.5048,27.373,MX,MEX
12135,-113.9505,27.0321,MX,MEX
12136,-114.249,28.7101,MX,MEX
12137,-111.4395,24.453,MX,MEX
12138,-114.8802,31.2087,MX,MEX
12139,-109.0915,26.2194,MX,MEX
12140,-110.0253,27.1026,MX,MEX
12141,-110.9272,25.1955,MX,MEX
12142,-114.265,27.7059,MX,MEX
12143,-110.7917,24.6,MX,MEX
12144,-110.0516,23.3051,MX,MEX
12145,-111.4497,28.4116,MX,MEX
12146,-113.2471,29.202,MX,MEX
12147,-108.0368,24.8993,MX,MEX
12148,-112.0685,24.8087,MX,MEX
12149,-109.7166,23.6286,MX,MEX
12150,-115.2293,29.5466,MX,MEX
12151,-120.1479,34.5876,US,USA
12152,-112.2621,28.8505,MX,MEX
12153,-111.7536,24.6312,MX,MEX
12154,-118.2666,33.9387,US,USA
12155,-109.8631,23.8883,MX,MEX
12156,-116.7246,31.9335,MX,MEX
12157,-110.7844,24.7685,MX,MEX
12158,-112.9825,26.6818,MX,MEX
12159,-112.0517,25.3139,MX,MEX
12160,-115.559,29.7118,MX,MEX
12161,-117.2372,32.9898,US,USA
12162,-110.497,27.5411,MX,MEX
12163,-111.521,26.5632,MX,MEX
12164,-116.8938,32.1771,MX,MEX
12165,-109.2684,25.9741,MX,MEX
12166,-113.0395,30.7841,MX,MEX
12167,-114.5626,29.8797,MX,MEX
12168,-114.0319,31.6222,MX,MEX
12169,-112.0292,25.9874,MX,MEX
12170,-117.4088,33.2309,US,USA
12171,-113.0261,31.2826,MX,MEX
12172,-112.667,26.3391,MX,MEX
12173,-120.5102,35.2119,US,USA
12174,-112.0461,25.4823,MX,MEX
12175,-120.8554,35.3527,US,USA
12176,-115.5581,29.8782,MX,MEX
12177,-109.9053,23.0457,MX,MEX
12178,-110.8062,24.2629,MX,MEX
12179,-110.8206,23.9258,MX,MEX
12180,-113.6939,31.6205,MX,MEX
12181,-109.2589,26.1426,MX,MEX
12182,-115.8876,30.5401,MX,MEX
12183,-118.7803,34.1635,US,USA
12184,-116.2203,31.1987,MX,MEX
12185,-109.5477,26.8303,MX,MEX
12186,-109.7067,26.9212,MX,MEX
12187,-112.3161,27.1727,MX,MEX
12188,-111.3878,25.8008,MX,MEX
12189,-116.3878,31.4443,MX,MEX
12190,-117.7515,33.548,US,USA
12191,-119.6381,34.5316,US,USA
12192,-114.41,28.9617,MX,MEX
12193,-114.7174,30.7943,MX,MEX
12194,-120.3136,34.4985,US,USA
12195,-110.3448,27.2831,MX,MEX
12196,-112.4718,27.4282,MX,MEX
12197,-112.0878,29.0981,MX,MEX
12198,-114.0944,28.1233,MX,MEX
12199,-114.0711,29.4607,MX,MEX
12200,-112.785,27.9382,MX,MEX
12201,-112.1829,26.2439,MX,MEX
12202,-120.1251,33.9426,US,USA
12203,-114.2328,29.7118,MX,MEX
12204,-116.8949,32.3414,MX,MEX
12205,-120.4914,34.7307,US,USA
12206,-111.2878,28.3231,MX,MEX
12207,-114.2022,31.5399,MX,MEX
12208,-112.6621,26.5073,MX,MEX
12209,-112.9425,28.1926,MX,MEX
12210,-114.3696,31.623,MX,MEX
12211,-114.7538,27.7926,MX,MEX
12212,-111.8406,26.7404,MX,MEX
12213,-113.746,29.124,MX,MEX
12214,-114.7236,30.2959,MX,MEX
12215,-113.3035,26.8554,MX,MEX
12216,-117.581,33.4712,US,USA
12217,-113.9288,28.2055,MX,MEX
12218,-114.8783,31.3743,MX,MEX
12219,-109.0818,26.3878,MX,MEX
12220,-121.3887,35.8796,US,USA
12221,-112.938,28.3602,MX,MEX
12222,-114.2463,28.8772,MX,MEX
12223,-110.4939,24.0825,MX,MEX
12224,-112.7227,30.1131,MX,MEX
12225,-109.7156,26.7529,MX,MEX
12226,-117.2387,33.1534,US,USA
12227,-115.0647,29.4635,MX,MEX
12228,-119.4664,34.4587,US,USA
12229,-113.2634,28.5327,MX,MEX
12230,-118.4378,34.014,US,USA
12231,-119.8046,34.4431,US,USA
12232,-112.2566,29.0179,MX,MEX
12233,-111.7476,24.7997,MX,MEX
12234,-114.8765,31.5398,MX,MEX
12235,-108.0258,25.0678,MX,MEX
12236,-119.1232,34.3118,US,USA
12237,-110.1743,24.07,MX,MEX
12238,-109.5706,23.3688,MX,MEX
12239,-110.7771,24.9371,MX,MEX
12240,-118.3438,29.0892,MX,MEX
12241,-110.4891,27.7092,MX,MEX
12242,-116.5559,31.6892,MX,MEX
12243,-108.3374,25.2533,MX,MEX
12244,-113.2594,28.7002,MX,MEX
12245,-113.035,30.9504,MX,MEX
12246,-113.7895,26.9463,MX,MEX
12247,-117.0662,32.7481,US,USA
12248,-113.8613,31.7043,MX,MEX
12249,-110.6421,27.9668,MX,MEX
12250,-116.0536,30.787,MX,MEX
12251,-112.5631,29.8601,MX,MEX
12252,-112.0405,25.6507,MX,MEX
12253,-120.8622,35.5124,US,USA
12254,-114.4344,27.2882,MX,MEX
12255,-118.4248,33.3637,US,USA
12256,-110.9696,24.1843,MX,MEX
12257,-111.0849,25.2851,MX,MEX
12258,-114.1116,27.1177,MX,MEX
12259,-118.9477,34.0759,US,USA
12260,-114.5938,27.5406,MX,MEX
12261,-113.5305,31.3707,MX,MEX
12262,-111.5965,24.5422,MX,MEX
12263,-115.7221,30.2925,MX,MEX
12264,-116.0534,30.9526,MX,MEX
12265,-110.2064,23.3959,MX,MEX
12266,-114.7358,29.2966,MX,MEX
12267,-111.6118,28.4998,MX,MEX
12268,-112.1609,26.9167,MX,MEX
12269,-111.236,25.5431,MX,MEX
12270,-114.7049,31.7883,MX,MEX
12271,-110.3537,23.655,MX,MEX
12272,-115.3941,29.6293,MX,MEX
12273,-111.7679,28.7554,MX,MEX
12274,-112.4666,27.5962,MX,MEX
12275,-112.4251,28.9375,MX,MEX
12276,-95.335,29.1024,US,USA
12277,-78.3953,26.605,BS,BHS
12278,-90.4302,19.9553,MX,MEX
12279,-87.6071,19.801,MX,MEX
12280,-80.9676,25.2594,US,USA
12281,-81.1167,22.204,CU,CUB
12282,-82.4662,28.0431,US,USA
12283,-77.1312,20.3427,CU,CUB
12284,-79.3273,33.2478,US,USA
12285,-89.825,29.4731,US,USA
12286,-97.5046,21.3618,MX,MEX
12287,-77.8821,22.0848,CU,CUB
12288,-102.9342,18.3097,MX,MEX
12289,-78.6879,26.5327,BS,BHS
12290,-75.8638,20.0809,CU,CUB
12291,-89.5832,21.2873,MX,MEX
12292,-106.9673,24.0767,MX,MEX
12293,-77.9798,22.1887,CU,CUB
12294,-80.9174,22.9461,CU,CUB
12295,-74.0345,18.5624,HT,HTI
12296,-77.5443,18.4048,JM,JAM
12297,-82.2013,22.7002,CU,CUB
12298,-83.5771,22.6963,CU,CUB
12299,-86.9091,21.0479,MX,MEX
12300,-83.9909,22.1463,CU,CUB
12301,-86.1615,30.4814,US,USA
12302,-80.6154,28.5027,US,USA
12303,-72.5922,18.405,HT,HTI
12304,-82.5744,28.7118,US,USA
12305,-77.1841,20.5868,CU,CUB
12306,-80.8105,28.3185,US,USA
12307,-77.2608,21.6079,CU,CUB
12308,-76.679,35.127,US,USA
12309,-78.3107,21.0346,CU,CUB
12310,-80.2946,32.5225,US,USA
12311,-72.9765,19.8591,HT,HTI
12312,-90.9706,29.2813,US,USA
12313,-74.4013,20.1397,CU,CUB
12314,-90.4645,30.1718,US,USA
12315,-77.0284,21.5448,CU,CUB
12316,-80.9067,28.9809,US,USA
12317,-77.8563,18.052,JM,JAM
12318,-81.5429,22.6232,CU,CUB
12319,-97.5028,27.7361,US,USA
12320,-77.2538,25.9543,BS,BHS
12321,-79.9155,21.7523,CU,CUB
12322,-76.7741,18.0413,JM,JAM
12323,-87.8381,30.6145,US,USA
12324,-90.1272,29.5321,US,USA
12325,-79.6709,21.6913,CU,CUB
12326,-76.0753,35.7588,US,USA
12327,-80.121,21.9603,CU,CUB
12328,-92.1346,29.8224,US,USA
12329,-79.5298,33.0758,US,USA
12330,-97.5779,27.243,US,USA
12331,-74.6788,20.4326,CU,CUB
12332,-84.2754,30.1084,US,USA
12333,-87.2657,21.3586,MX,MEX
12334,-74.2969,18.6015,HT,HTI
12335,-77.8811,20.769,CU,CUB
12336,-82.7292,21.7073,CU,CUB
12337,-104.5366,19.1888,MX,MEX
12338,-92.4764,29.7175,US,USA
12339,-94.5584,18.09,MX,MEX
12340,-97.8031,23.5773,MX,MEX
12341,-84.4423,22.0027,CU,CUB
12342,-88.0785,18.9141,MX,MEX
12343,-82.9775,22.8805,CU,CUB
12344,-83.0544,22.5784,CU,CUB
12345,-80.126,22.9057,CU,CUB
12346,-83.539,22.848,CU,CUB
12347,-78.5069,21.2401,CU,CUB
12348,-80.3727,25.4204,US,USA
12349,-81.3044,31.6321,US,USA
12350,-78.4895,33.9496,US,USA
12351,-73.0012,18.276,HT,HTI
12352,-105.6518,22.5535,MX,MEX
12353,-94.9514,18.3873,MX,MEX
12354,-107.7379,24.5447,MX,MEX
12355,-77.0113,18.3347,JM,JAM
12356,-77.1666,26.24,BS,BHS
12357,-88.3407,30.4782,US,USA
12358,-82.6624,27.8532,US,USA
12359,-77.7128,34.3537,US,USA
12360,-90.4616,20.5333,MX,MEX
12361,-76.3688,35.8656,US,USA
12362,-79.7321,32.9028,US,USA
12363,-90.6664,29.2243,US,USA
12364,-81.5148,22.2202,CU,CUB
12365,-90.2607,30.3783,US,USA
12366,-96.5935,28.3666,US,USA
12367,-74.1853,18.3914,HT,HTI
12368,-89.3144,30.3538,US,USA
12369,-82.7659,29.082,US,USA
12370,-85.3714,29.9722,US,USA
12371,-103.0939,18.2393,MX,MEX
12372,-75.1182,20.5572,CU,CUB
12373,-97.7551,23.9074,MX,MEX
12374,-77.9334,18.4027,JM,JAM
12375,-93.3313,18.42,MX,MEX
12376,-82.4,27.2252,US,USA
12377,-79.4275,21.6302,CU,CUB
12378,-79.878,22.8425,CU,CUB
12379,-92.734,18.5011,MX,MEX
12380,-73.4263,21.0431,BS,BHS
12381,-80.4968,32.3463,US,USA
12382,-105.2534,19.8285,MX,MEX
12383,-91.266,18.6147,MX,MEX
12384,-88.6788,21.4556,MX,MEX
12385,-82.6201,21.6032,CU,CUB
12386,-89.5239,29.4136,US,USA
12387,-91.2431,29.4964,US,USA
12388,-73.2622,18.3164,HT,HTI
12389,-75.6953,20.6426,CU,CUB
12390,-97.3061,27.9614,US,USA
12391,-77.827,24.4828,BS,BHS
12392,-107.8816,24.8063,MX,MEX
12393,-97.8285,22.3217,MX,MEX
12394,-77.2777,18.3699,JM,JAM
12395,-82.7372,28.1129,US,USA
12396,-95.1345,29.3217,US,USA
12397,-82.4735,27.4843,US,USA
12398,-82.7175,22.8206,CU,CUB
12399,-78.5415,26.5689,BS,BHS
12400,-86.9785,20.7372,MX,MEX
12401,-72.3357,19.6947,HT,HTI
12402,-106.3945,23.195,MX,MEX
12403,-93.8011,18.2373,MX,MEX
12404,-89.6224,29.6791,US,USA
12405,-90.4303,20.6921,MX,MEX
12406,-89.7398,21.2322,MX,MEX
12407,-72.655,19.1163,HT,HTI
12408,-77.8841,24.7334,BS,BHS
12409,-88.2633,18.7034,MX,MEX
12410,-82.3923,27.7838,US,USA
12411,-75.551,19.92,CU,CUB
12412,-97.2997,20.6688,MX,MEX
12413,-92.9587,29.7179,US,USA
12414,-80.7211,22.1869,CU,CUB
12415,-83.7274,22.6496,CU,CUB
12416,-97.7311,24.0724,MX,MEX
12417,-72.4562,18.4476,HT,HTI
12418,-81.1169,25.2185,US,USA
12419,-105.9397,22.9113,MX,MEX
12420,-104.9744,19.4727,MX,MEX
12421,-97.783,21.5622,MX,MEX
12422,-84.5987,30.0273,US,USA
12423,-80.0923,32.6979,US,USA
12424,-72.8408,19.9002,HT,HTI
12425,-72.5435,18.9083,HT,HTI
12426,-106.2426,23.1006,MX,MEX
12427,-90.8953,19.048,MX,MEX
12428,-74.2644,20.1816,CU,CUB
12429,-95.9303,18.7573,MX,MEX
12430,-77.5908,21.7742,CU,CUB
12431,-105.1101,21.502,MX,MEX
12432,-77.7843,24.6268,BS,BHS
12433,-74.6718,20.0573,CU,CUB
12434,-81.5306,30.3465,US,USA
12435,-95.1061,29.4836,US,USA
12436,-75.8866,35.7676,US,USA
12437,-80.2645,21.9172,CU,CUB
12438,-78.1158,20.8296,CU,CUB
12439,-72.6306,19.3652,HT,HTI
12440,-79.6874,33.0458,US,USA
12441,-80.0814,26.4511,US,USA
12442,-106.3814,23.3633,MX,MEX
12443,-97.382,27.469,US,USA
12444,-77.1654,21.5049,CU,CUB
12445,-87.5395,21.41,MX,MEX
12446,-73.8111,18.1413,HT,HTI
12447,-87.0772,21.5662,MX,MEX
12448,-78.1049,18.2177,JM,JAM
12449,-97.6585,24.5673,MX,MEX
12450,-72.9516,18.7815,HT,HTI
12451,-82.8769,21.6608,CU,CUB
12452,-92.6474,29.6646,US,USA
12453,-94.4014,18.1519,MX,MEX
12454,-81.3864,29.8295,US,USA
12455,-80.5218,27.8415,US,USA
12456,-93.2403,29.9309,US,USA
12457,-84.5931,21.9544,CU,CUB
12458,-76.6227,19.9796,CU,CUB
12459,-80.8373,28.7233,US,USA
12460,-81.8765,26.5307,US,USA
12461,-76.8529,35.9619,US,USA
12462,-81.6033,30.6052,US,USA
12463,-76.7155,20.0803,CU,CUB
12464,-83.2038,22.5323,CU,CUB
12465,-89.8966,21.1769,MX,MEX
12466,-80.2707,22.8635,CU,CUB
12467,-92.2948,18.5206,MX,MEX
12468,-97.4374,26.0506,US,USA
12469,-73.3846,19.7348,HT,HTI
12470,-80.1706,27.1096,US,USA
12471,-80.2788,27.2188,US,USA
12472,-78.3082,33.9618,US,USA
12473,-84.437,30.068,US,USA
12474,-74.1592,18.6454,HT,HTI
12475,-96.3076,19.2176,MX,MEX
12476,-81.6791,23.1325,CU,CUB
12477,-72.8647,18.3192,HT,HTI
12478,-75.3397,20.6194,CU,CUB
12479,-104.246,18.9993,MX,MEX
12480,-80.5895,28.0985,US,USA
12481,-81.9479,26.7889,US,USA
12482,-88.5085,30.4321,US,USA
12483,-77.0897,20.4852,CU,CUB
12484,-77.6712,24.1265,BS,BHS
12485,-79.8899,32.8723,US,USA
12486,-90.4642,29.4327,US,USA
12487,-105.1822,20.6645,MX,MEX
12488,-89.8901,29.896,US,USA
12489,-95.879,28.7661,US,USA
12490,-96.5036,19.906,MX,MEX
12491,-76.4313,35.5,US,USA
12492,-97.5073,26.6469,US,USA
12493,-107.2749,24.2643,MX,MEX
12494,-76.9231,34.7556,US,USA
12495,-79.2821,33.39,US,USA
12496,-78.4986,22.1711,CU,CUB
12497,-97.3568,27.6332,US,USA
12498,-104.8282,19.3781,MX,MEX
12499,-74.8945,20.1164,CU,CUB
12500,-72.3084,18.6161,HT,HTI
12501,-87.6234,19.0772,MX,MEX
12502,-88.3289,18.3918,BZ,BLZ
12503,-90.1952,29.2167,US,USA
12504,-76.1797,35.8749,US,USA
12505,-73.2979,21.0792,BS,BHS
12506,-84.217,22.3559,CU,CUB
12507,-90.4305,30.3293,US,USA
12508,-82.7675,21.5567,CU,CUB
12509,-89.6916,29.3648,US,USA
12510,-103.7962,18.8808,MX,MEX
12511,-89.4832,30.3062,US,USA
12512,-83.0,29.3029,US,USA
12513,-97.6276,26.914,US,USA
12514,-106.8139,23.9827,MX,MEX
12515,-75.5623,20.6817,CU,CUB
12516,-97.4777,27.9002,US,USA
12517,-103.9407,18.9758,MX,MEX
12518,-77.9693,24.4452,BS,BHS
12519,-75.9966,20.0409,CU,CUB
12520,-81.1311,29.2021,US,USA
12521,-97.3434,25.6189,US,USA
12522,-82.5297,23.0163,CU,CUB
12523,-90.399,20.1138,MX,MEX
12524,-79.6721,22.6326,CU,CUB
12525,-86.0352,30.3711,US,USA
12526,-93.6444,18.2984,MX,MEX
12527,-78.0501,34.0963,US,USA
12528,-90.242,20.907,MX,MEX
12529,-95.215,18.5856,MX,MEX
12530,-76.2877,21.1115,CU,CUB
12531,-97.8508,23.2473,MX,MEX
12532,-73.1254,18.3597,HT,HTI
12533,-81.1441,25.6234,US,USA
12534,-74.5035,20.232,CU,CUB
12535,-102.0462,18.0674,MX,MEX
12536,-82.6284,27.4437,US,USA
12537,-90.7095,19.2641,MX,MEX
12538,-86.8744,21.2032,MX,MEX
12539,-93.7263,29.9289,US,USA
12540,-72.5821,19.8591,HT,HTI
12541,-87.5224,19.5434,MX,MEX
12542,-72.6044,18.2784,HT,HTI
12543,-80.7684,28.4658,US,USA
12544,-84.6383,29.8759,US,USA
12545,-97.3899,21.0972,MX,MEX
12546,-96.039,19.019,MX,MEX
12547,-77.8263,21.8373,CU,CUB
12548,-88.8088,30.4949,US,USA
12549,-80.2504,32.6666,US,USA
12550,-91.0505,18.9902,MX,MEX
12551,-81.4331,31.1929,US,USA
12552,-82.0837,23.1501,CU,CUB
12553,-88.0261,18.5019,MX,MEX
12554,-82.5334,28.8612,US,USA
12555,-83.3914,22.3345,CU,CUB
12556,-77.2103,26.0972,BS,BHS
12557,-94.689,18.189,MX,MEX
12558,-81.0888,29.3494,US,USA
12559,-85.7453,30.3032,US,USA
12560,-105.1065,19.7341,MX,MEX
12561,-78.7391,22.2343,CU,CUB
12562,-94.9048,29.702,US,USA
12563,-76.7014,35.3658,US,USA
12564,-76.6569,34.8891,US,USA
12565,-97.5529,27.4075,US,USA
12566,-81.2769,23.1139,CU,CUB
12567,-78.7628,21.6948,CU,CUB
12568,-91.6057,18.3388,MX,MEX
12569,-73.6481,18.4398,HT,HTI
12570,-96.3684,28.7525,US,USA
12571,-96.9122,20.2053,MX,MEX
12572,-105.4081,21.6921,MX,MEX
12573,-97.6098,24.8971,MX,MEX
12574,-74.5372,20.0982,CU,CUB
12575,-93.4123,29.877,US,USA
12576,-77.1371,18.4166,JM,JAM
12577,-76.8501,20.0394,CU,CUB
12578,-90.0534,21.1214,MX,MEX
12579,-97.8757,21.992,MX,MEX
12580,-77.6476,20.7083,CU,CUB
12581,-73.2484,19.7764,HT,HTI
12582,-78.4658,21.3848,CU,CUB
12583,-80.3314,25.5679,US,USA
12584,-80.414,25.2729,US,USA
12585,-76.3805,21.2137,CU,CUB
12586,-79.0725,33.556,US,USA
12587,-74.31,18.4745,HT,HTI
12588,-97.0248,20.469,MX,MEX
12589,-81.9056,22.7894,CU,CUB
12590,-91.5173,29.7114,US,USA
12591,-75.2076,20.6581,CU,CUB
12592,-75.3417,24.2113,BS,BHS
12593,-78.6634,21.5913,CU,CUB
12594,-76.3548,20.0609,CU,CUB
12595,-77.1229,26.3828,BS,BHS
12596,-94.5884,29.6528,US,USA
12597,-77.8127,24.0886,BS,BHS
12598,-73.5116,21.1439,BS,BHS
12599,-89.7865,30.3669,US,USA
12600,-90.6329,29.3825,US,USA
12601,-78.4985,26.7136,BS,BHS
12602,-91.8865,18.3799,MX,MEX
12603,-81.2614,31.7782,US,USA
12604,-78.1267,33.9736,US,USA
12605,-96.5671,28.53,US,USA
12606,-83.4731,29.7453,US,USA
12607,-96.051,28.7075,US,USA
12608,-75.9266,21.0879,CU,CUB
12609,-103.3804,18.4296,MX,MEX
12610,-72.7284,18.3622,HT,HTI
12611,-76.7383,34.7656,US,USA
12612,-105.5155,22.2906,MX,MEX
12613,-86.9502,30.4185,US,USA
12614,-75.0677,19.9384,CU,CUB
12615,-86.9297,20.3238,MX,MEX
12616,-93.9285,29.7135,US,USA
12617,-87.708,19.3341,MX,MEX
12618,-79.5697,22.5278,CU,CUB
12619,-82.6218,28.0031,US,USA
12620,-77.2552,19.9153,CU,CUB
12621,-90.3678,20.2724,MX,MEX
12622,-97.9456,22.5873,MX,MEX
12623,-84.3679,22.3081,CU,CUB
12624,-72.2087,18.2799,HT,HTI
12625,-83.9529,30.1883,US,USA
12626,-102.7915,18.2144,MX,MEX
12627,-86.9582,21.4623,MX,MEX
12628,-107.4172,24.5264,MX,MEX
12629,-88.8346,21.4017,MX,MEX
12630,-76.1297,20.0007,CU,CUB
12631,-82.6966,28.2628,US,USA
12632,-82.3269,26.9662,US,USA
12633,-82.6788,22.9713,CU,CUB
12634,-86.9438,20.8925,MX,MEX
12635,-77.0791,26.5254,BS,BHS
12636,-79.1225,22.256,CU,CUB
12637,-72.2007,19.7354,HT,HTI
12638,-76.153,21.1508,CU,CUB
12639,-75.7439,20.8844,CU,CUB
12640,-78.161,22.004,CU,CUB
12641,-105.3302,20.7593,MX,MEX
12642,-77.7702,24.2326,BS,BHS
12643,-74.3734,20.2703,CU,CUB
12644,-87.7931,19.5915,MX,MEX
12645,-88.092,18.191,BZ,BLZ
12646,-81.8761,22.3851,CU,CUB
12647,-82.3516,27.9334,US,USA
12648,-78.1118,24.4073,BS,BHS
12649,-82.433,27.6341,US,USA
12650,-97.2757,20.8329,MX,MEX
12651,-73.6839,20.9704,BS,BHS
12652,-97.7069,24.2374,MX,MEX
12653,-86.2881,30.5916,US,USA
12654,-72.4683,18.3212,HT,HTI
12655,-81.0761,25.367,US,USA
12656,-80.866,22.1433,CU,CUB
12657,-89.9588,29.5814,US,USA
12658,-81.1027,31.812,US,USA
12659,-77.9653,21.7968,CU,CUB
12660,-88.9772,30.4482,US,USA
12661,-78.0189,20.7274,CU,CUB
12662,-75.7732,19.9805,CU,CUB
12663,-107.121,24.1706,MX,MEX
12664,-76.7451,21.2369,CU,CUB
12665,-73.91,18.4793,HT,HTI
12666,-77.6626,18.4907,JM,JAM
12667,-82.3104,22.8055,CU,CUB
12668,-83.541,22.2878,CU,CUB
12669,-90.8648,19.2066,MX,MEX
12670,-76.6193,18.2168,JM,JAM
12671,-105.8024,22.6484,MX,MEX
12672,-82.656,28.4126,US,USA
12673,-77.2788,20.6886,CU,CUB
12674,-95.0776,29.6454,US,USA
12675,-89.1271,29.0883,US,USA
12676,-97.7594,21.7269,MX,MEX
12677,-77.3566,21.711,CU,CUB
12678,-76.4716,34.8986,US,USA
12679,-91.1066,29.3889,US,USA
12680,-80.0394,26.598,US,USA
12681,-81.3631,25.8395,US,USA
12682,-78.9034,21.6531,CU,CUB
12683,-91.4508,18.3975,MX,MEX
12684,-81.0187,29.0915,US,USA
12685,-78.9261,33.8018,US,USA
12686,-73.7982,18.2688,HT,HTI
12687,-96.5406,28.6932,US,USA
12688,-81.6218,22.3249,CU,CUB
12689,-78.0846,24.9471,BS,BHS
12690,-97.6342,24.7322,MX,MEX
12691,-82.8386,21.8115,CU,CUB
12692,-80.0181,21.8563,CU,CUB
12693,-87.4113,30.4399,US,USA
12694,-81.3441,29.9768,US,USA
12695,-85.4956,30.0825,US,USA
12696,-80.7951,28.8704,US,USA
12697,-81.4583,30.088,US,USA
12698,-97.1346,28.0222,US,USA
12699,-78.1037,26.6764,BS,BHS
12700,-79.7728,21.7951,CU,CUB
12701,-75.9715,35.6429,US,USA
12702,-97.4125,26.2152,US,USA
12703,-72.7419,19.5715,HT,HTI
12704,-74.9866,20.5957,CU,CUB
12705,-80.4156,22.8211,CU,CUB
12706,-105.3584,20.4246,MX,MEX
12707,-80.5623,25.2327,US,USA
12708,-76.5158,21.1742,CU,CUB
12709,-87.3853,21.4623,MX,MEX
12710,-96.6395,20.0058,MX,MEX
12711,-81.5835,26.056,US,USA
12712,-78.0684,18.3587,JM,JAM
12713,-104.2307,19.1657,MX,MEX
12714,-76.4887,20.0203,CU,CUB
12715,-80.4545,27.5847,US,USA
12716,-76.8854,18.2526,JM,JAM
12717,-81.8055,26.2728,US,USA
12718,-81.5609,30.7523,US,USA
12719,-83.0886,22.986,CU,CUB
12720,-90.2104,21.0657,MX,MEX
12721,-73.3829,21.18,BS,BHS
12722,-89.4195,29.8843,US,USA
12723,-83.2357,29.524,US,USA
12724,-74.448,18.4303,HT,HTI
12725,-73.1124,19.8179,HT,HTI
12726,-80.1048,26.8537,US,USA
12727,-89.8557,30.0531,US,USA
12728,-96.7391,28.4702,US,USA
12729,-74.0605,18.3082,HT,HTI
12730,-72.8771,18.1922,HT,HTI
12731,-79.2367,33.532,US,USA
12732,-107.8928,24.6378,MX,MEX
12733,-74.9368,19.9776,CU,CUB
12734,-82.7777,27.9629,US,USA
12735,-77.3907,19.8735,CU,CUB
12736,-77.5558,34.6004,US,USA
12737,-90.1612,29.3745,US,USA
12738,-77.6151,23.8769,BS,BHS
12739,-97.393,25.2895,MX,MEX
12740,-89.9558,30.3186,US,USA
12741,-73.0012,19.6124,HT,HTI
12742,-76.7608,35.003,US,USA
12743,-72.0731,18.3224,HT,HTI
12744,-81.2623,22.1599,CU,CUB
12745,-92.139,18.58,MX,MEX
12746,-96.3929,19.6431,MX,MEX
12747,-76.0559,35.5184,US,USA
12748,-75.4192,19.9597,CU,CUB
12749,-88.9906,21.3476,MX,MEX
12750,-82.9151,21.5101,CU,CUB
12751,-86.6188,30.5056,US,USA
12752,-72.3204,18.4901,HT,HTI
12753,-91.2359,18.7734,MX,MEX
12754,-93.2027,18.3204,MX,MEX
12755,-97.3185,25.7835,US,USA
12756,-82.9052,22.6243,CU,CUB
12757,-79.1853,21.569,CU,CUB
12758,-105.4005,19.923,MX,MEX
12759,-78.6707,33.9372,US,USA
12760,-83.7122,29.9667,US,USA
12761,-77.7292,21.7339,CU,CUB
12762,-103.6679,18.6197,MX,MEX
12763,-91.38,29.604,US,USA
12764,-97.6028,27.0786,US,USA
12765,-73.1379,18.2327,HT,HTI
12766,-106.6735,23.7202,MX,MEX
12767,-77.2923,34.7349,US,USA
12768,-105.1535,20.9994,MX,MEX
12769,-87.9353,21.5649,MX,MEX
12770,-97.9691,22.4223,MX,MEX
12771,-87.7446,30.3503,US,USA
12772,-87.908,18.4013,MX,MEX
12773,-82.0232,22.3403,CU,CUB
12774,-77.4442,20.1173,CU,CUB
12775,-82.4588,22.7605,CU,CUB
12776,-105.534,20.1845,MX,MEX
12777,-81.0111,22.0994,CU,CUB
12778,-89.7561,29.7876,US,USA
12779,-80.9009,31.991,US,USA
12780,-77.7846,21.9811,CU,CUB
12781,-75.6409,20.0203,CU,CUB
12782,-89.4591,21.1841,MX,MEX
12783,-84.8001,29.8348,US,USA
12784,-80.165,26.1571,US,USA
12785,-77.9842,24.8402,BS,BHS
12786,-81.3903,31.3395,US,USA
12787,-73.7725,18.523,HT,HTI
12788,-95.797,18.6582,MX,MEX
12789,-87.993,18.6574,MX,MEX
12790,-93.0993,29.8244,US,USA
12791,-90.6788,19.4226,MX,MEX
12792,-80.4721,22.1258,CU,CUB
12793,-73.555,21.0069,BS,BHS
12794,-86.4534,30.5488,US,USA
12795,-105.1208,19.5671,MX,MEX
12796,-81.5184,30.8993,US,USA
12797,-96.064,18.8565,MX,MEX
12798,-77.4944,21.6709,CU,CUB
12799,-78.2131,20.932,CU,CUB
12800,-77.6214,19.9325,CU,CUB
12801,-72.7175,19.8182,HT,HTI
12802,-72.4199,18.8251,HT,HTI
12803,-105.3865,20.0901,MX,MEX
12804,-90.3289,30.0636,US,USA
12805,-87.6598,21.5137,MX,MEX
12806,-73.6608,18.3127,HT,HTI
12807,-78.3129,24.6204,BS,BHS
12808,-94.9621,29.3786,US,USA
12809,-105.1391,21.1669,MX,MEX
12810,-94.7938,18.4495,MX,MEX
12811,-97.5853,25.062,MX,MEX
12812,-87.5779,30.3952,US,USA
12813,-87.5054,20.2681,MX,MEX
12814,-87.5732,19.9567,MX,MEX
12815,-87.8749,18.5567,MX,MEX
12816,-96.9371,28.2465,US,USA
12817,-78.2494,26.6408,BS,BHS
12818,-75.7832,35.6515,US,USA
12819,-80.3682,22.0214,CU,CUB
12820,-74.8553,20.634,CU,CUB
12821,-90.835,29.1737,US,USA
12822,-95.363,28.9402,US,USA
12823,-106.5337,23.4576,MX,MEX
12824,-105.5202,20.3518,MX,MEX
12825,-79.0442,21.6112,CU,CUB
12826,-74.7669,20.5332,CU,CUB
12827,-76.9336,21.442,CU,CUB
12828,-80.3875,27.3282,US,USA
12829,-80.8573,32.1363,US,USA
12830,-78.2037,18.3146,JM,JAM
12831,-88.2304,18.8593,MX,MEX
12832,-82.9867,21.765,CU,CUB
12833,-92.7873,29.7713,US,USA
12834,-105.394,21.8599,MX,MEX
12835,-94.2712,18.0528,MX,MEX
12836,-87.0787,30.5284,US,USA
12837,-73.1697,21.1151,BS,BHS
12838,-84.3289,21.8983,CU,CUB
12839,-105.5436,21.9548,MX,MEX
12840,-87.9599,18.813,MX,MEX
12841,-76.7467,35.8462,US,USA
12842,-90.648,19.5812,MX,MEX
12843,-80.0222,22.8006,CU,CUB
12844,-92.5779,18.561,MX,MEX
12845,-89.5877,29.8361,US,USA
12846,-73.2609,19.6529,HT,HTI
12847,-78.4086,21.1373,CU,CUB
12848,-80.2899,25.7153,US,USA
12849,-80.7108,25.1924,US,USA
12850,-90.0246,30.0044,US,USA
12851,-76.6513,21.1346,CU,CUB
12852,-96.4424,19.317,MX,MEX
12853,-81.424,23.0705,CU,CUB
12854,-91.8576,29.6081,US,USA
12855,-77.9452,33.9852,US,USA
12856,-72.7406,18.2354,HT,HTI
12857,-95.0831,18.4864,MX,MEX
12858,-80.6998,28.2084,US,USA
12859,-86.8951,20.479,MX,MEX
12860,-82.0603,26.8978,US,USA
12861,-88.2094,30.3688,US,USA
12862,-82.8667,22.7752,CU,CUB
12863,-90.3364,20.431,MX,MEX
12864,-97.922,22.7523,MX,MEX
12865,-97.5608,25.2269,MX,MEX
12866,-87.1313,20.6849,MX,MEX
12867,-80.6256,23.0317,CU,CUB
12868,-91.9833,18.6392,MX,MEX
12869,-96.9111,28.4102,US,USA
12870,-76.3271,35.3849,US,USA
12871,-82.6495,28.9716,US,USA
12872,-91.9638,29.8745,US,USA
12873,-75.2877,19.9992,CU,CUB
12874,-107.429,24.3579,MX,MEX
12875,-85.2476,29.8619,US,USA
12876,-78.598,22.2752,CU,CUB
12877,-86.7844,30.4622,US,USA
12878,-94.2729,29.6031,US,USA
12879,-87.6744,19.4897,MX,MEX
12880,-79.7749,22.7375,CU,CUB
12881,-73.2132,20.9786,BS,BHS
12882,-83.878,22.6028,CU,CUB
12883,-84.2917,22.0508,CU,CUB
12884,-89.3912,29.3052,US,USA
12885,-83.1177,29.4135,US,USA
12886,-75.7862,20.7439,CU,CUB
12887,-104.0856,19.0708,MX,MEX
12888,-105.316,20.9267,MX,MEX
12889,-80.2484,25.8627,US,USA
12890,-88.0904,21.512,MX,MEX
12891,-87.7595,19.7473,MX,MEX
12892,-88.1249,18.0356,BZ,BLZ
12893,-82.6074,22.7153,CU,CUB
12894,-93.8686,30.0349,US,USA
12895,-72.4589,19.777,HT,HTI
12896,-88.173,30.5239,US,USA
12897,-77.1726,20.2003,CU,CUB
12898,-77.8957,34.3424,US,USA
12899,-73.5109,18.4833,HT,HTI
12900,-81.0594,31.9577,US,USA
12901,-97.5284,21.1973,MX,MEX
12902,-95.5056,18.6221,MX,MEX
12903,-76.6189,35.4904,US,USA
12904,-97.8983,22.9173,MX,MEX
12905,-73.3865,18.3999,HT,HTI
12906,-84.9621,29.7934,US,USA
12907,-77.1077,34.7454,US,USA
12908,-81.2534,25.7314,US,USA
12909,-78.1272,24.8027,BS,BHS
12910,-81.315,29.5711,US,USA
12911,-93.5843,29.8228,US,USA
12912,-76.9849,19.9982,CU,CUB
12913,-80.6165,22.0824,CU,CUB
12914,-97.6827,24.4023,MX,MEX
12915,-80.4528,32.4908,US,USA
12916,-83.6908,22.2408,CU,CUB
12917,-105.7886,22.8165,MX,MEX
12918,-78.8391,22.3385,CU,CUB
12919,-74.2071,22.7155,BS,BHS
12920,-82.6152,28.5623,US,USA
12921,-79.3724,33.1055,US,USA
12922,-76.5969,35.2511,US,USA
12923,-72.8653,19.6538,HT,HTI
12924,-106.0911,23.006,MX,MEX
12925,-79.0001,33.6792,US,USA
12926,-95.6385,18.7213,MX,MEX
12927,-81.8269,23.0886,CU,CUB
12928,-81.5824,22.4741,CU,CUB
12929,-78.0419,25.0914,BS,BHS
12930,-89.1466,21.2933,MX,MEX
12931,-81.2017,29.4602,US,USA
12932,-87.3185,20.4767,MX,MEX
12933,-74.5243,24.0335,BS,BHS
12934,-87.6904,18.7665,MX,MEX
12935,-81.416,30.2352,US,USA
12936,-82.2322,23.1057,CU,CUB
12937,-97.1089,28.1861,US,USA
12938,-97.6436,21.462,MX,MEX
12939,-92.1665,29.6631,US,USA
12940,-76.5535,34.7753,US,USA
12941,-72.6672,18.9914,HT,HTI
12942,-95.535,28.8824,US,USA
12943,-81.0236,23.0515,CU,CUB
12944,-87.8145,21.4612,MX,MEX
12945,-73.5236,18.3564,HT,HTI
12946,-80.6551,32.314,US,USA
12947,-73.0756,18.8646,HT,HTI
12948,-87.2449,30.4843,US,USA
12949,-74.764,20.1551,CU,CUB
12950,-81.2727,29.7185,US,USA
12951,-80.4123,27.7318,US,USA
12952,-84.4794,21.85,CU,CUB
12953,-80.7262,28.6129,US,USA
12954,-81.7649,26.4221,US,USA
12955,-90.4614,19.7968,MX,MEX
12956,-92.4218,18.6206,MX,MEX
12957,-83.2386,22.9402,CU,CUB
12958,-73.1248,19.6945,HT,HTI
12959,-97.1621,20.5689,MX,MEX
12960,-81.5712,23.0269,CU,CUB
12961,-77.9824,18.1339,JM,JAM
12962,-81.6503,22.7284,CU,CUB
12963,-91.6549,29.8188,US,USA
12964,-75.4297,20.7205,CU,CUB
12965,-72.58,18.5313,HT,HTI
12966,-97.827,23.4123,MX,MEX
12967,-82.2137,26.8572,US,USA
12968,-81.4882,30.4937,US,USA
12969,-94.1145,18.1145,MX,MEX
12970,-77.6345,34.477,US,USA
12971,-94.732,29.7582,US,USA
12972,-77.5726,24.0205,BS,BHS
12973,-97.3682,25.4542,MX,MEX
12974,-87.2842,20.6323,MX,MEX
12975,-84.0283,21.9941,CU,CUB
12976,-90.3295,29.3247,US,USA
12977,-80.7714,22.989,CU,CUB
12978,-81.3474,31.4859,US,USA
12979,-90.1937,29.9553,US,USA
12980,-83.5925,29.856,US,USA
12981,-96.1961,28.8116,US,USA
12982,-75.8351,20.9861,CU,CUB
12983,-76.1399,35.3941,US,USA
12984,-103.524,18.5246,MX,MEX
12985,-72.9888,18.4029,HT,HTI
12986,-78.4158,22.4608,CU,CUB
12987,-105.6657,22.3855,MX,MEX
12988,-104.6823,19.2835,MX,MEX
12989,-94.071,29.8194,US,USA
12990,-91.2058,18.9322,MX,MEX
12991,-88.2103,18.2913,BZ,BLZ
12992,-93.0465,18.3808,MX,MEX
12993,-84.0287,22.5557,CU,CUB
12994,-79.2235,22.3603,CU,CUB
12995,-88.3674,21.5626,MX,MEX
12996,-102.4895,18.189,MX,MEX
12997,-89.5585,29.2565,US,USA
12998,-103.6519,18.7857,MX,MEX
12999,-77.3738,20.7905,CU,CUB
13000,-97.7792,23.7424,MX,MEX
13001,-76.2212,20.1013,CU,CUB
13002,-97.7357,21.8916,MX,MEX
13003,-97.2935,25.9481,US,USA
13004,-82.4404,27.0753,US,USA
13005,-85.9094,30.2609,US,USA
13006,-87.9689,30.7242,US,USA
13007,-91.2959,18.4561,MX,MEX
13008,-72.0777,19.653,HT,HTI
13009,-95.3474,18.6849,MX,MEX
13010,-76.0608,21.0488,CU,CUB
13011,-81.7684,22.2803,CU,CUB
13012,-82.8827,29.1924,US,USA
13013,-73.2497,18.4432,HT,HTI
13014,-77.3718,34.6113,US,USA
13015,-78.1763,22.3968,CU,CUB
13016,-78.2594,22.1079,CU,CUB
13017,-80.1232,26.3041,US,USA
13018,-74.591,20.3322,CU,CUB
13019,-88.2456,21.4589,MX,MEX
13020,-93.7564,29.7683,US,USA
13021,-97.8521,22.1569,MX,MEX
13022,-102.3474,18.0934,MX,MEX
13023,-77.1199,19.9568,CU,CUB
13024,-78.2122,24.5138,BS,BHS
13025,-95.1628,29.1597,US,USA
13026,-82.514,27.3344,US,USA
13027,-97.4138,20.9329,MX,MEX
13028,-94.0412,29.9802,US,USA
13029,-83.8407,22.1937,CU,CUB
13030,-72.3445,18.2373,HT,HTI
13031,-80.8186,25.3,US,USA
13032,-77.3083,20.1589,CU,CUB
13033,-81.4758,31.0462,US,USA
13034,-89.657,29.522,US,USA
13035,-78.063,21.9004,CU,CUB
13036,-88.6764,30.3858,US,USA
13037,-85.1242,29.7517,US,USA
13038,-72.6428,19.2409,HT,HTI
13039,-81.0352,25.5155,US,USA
13040,-76.8392,21.3394,CU,CUB
13041,-81.9748,23.0445,CU,CUB
13042,-88.2962,18.5476,MX,MEX
13043,-77.4036,18.4517,JM,JAM
13044,-82.0534,22.7449,CU,CUB
13045,-78.2705,24.765,BS,BHS
13046,-89.3028,21.2388,MX,MEX
13047,-105.1246,21.3344,MX,MEX
13048,-94.8201,18.2881,MX,MEX
13049,-87.4714,20.4238,MX,MEX
13050,-76.4936,18.1344,JM,JAM
13051,-85.6203,30.1929,US,USA
13052,-87.5394,20.1124,MX,MEX
13053,-78.9807,22.2974,CU,CUB
13054,-87.8416,18.7121,MX,MEX
13055,-76.3678,18.0518,JM,JAM
13056,-82.3809,23.0611,CU,CUB
13057,-89.2589,29.1967,US,USA
13058,-96.1731,19.1183,MX,MEX
13059,-72.6185,19.4891,HT,HTI
13060,-80.1468,26.7068,US,USA
13061,-81.4731,25.9477,US,USA
13062,-106.5208,23.6259,MX,MEX
13063,-81.1701,23.0084,CU,CUB
13064,-91.7313,18.4389,MX,MEX
13065,-80.8137,32.2814,US,USA
13066,-96.7757,20.1055,MX,MEX
13067,-81.7291,22.4297,CU,CUB
13068,-82.9485,21.9159,CU,CUB
13069,-78.3391,18.2703,JM,JAM
13070,-84.7441,21.9059,CU,CUB
13071,-105.5295,22.1227,MX,MEX
13072,-79.5287,21.7339,CU,CUB
13073,-90.6171,19.7398,MX,MEX
13074,-75.8014,35.8925,US,USA
13075,-83.3887,22.8942,CU,CUB
13076,-92.3372,29.6106,US,USA
13077,-97.5569,26.3177,US,USA
13078,-95.7069,28.8244,US,USA
13079,-80.2127,26.9627,US,USA
13080,-80.5205,22.9263,CU,CUB
13081,-80.3454,27.4752,US,USA
13082,-84.1141,30.1484,US,USA
13083,-87.1119,21.4106,MX,MEX
13084,-81.6943,26.1643,US,USA
13085,-96.4177,19.48,MX,MEX
13086,-81.7975,22.6842,CU,CUB
13087,-91.8254,29.7672,US,USA
13088,-77.7435,20.8104,CU,CUB
13089,-104.376,19.2606,MX,MEX
13090,-78.5645,21.488,CU,CUB
13091,-105.259,21.5971,MX,MEX
13092,-73.1179,22.3755,BS,BHS
13093,-76.7596,18.1703,JM,JAM
13094,-93.9577,18.176,MX,MEX
13095,-82.828,22.926,CU,CUB
13096,-83.242,22.381,CU,CUB
13097,-77.7137,23.9827,BS,BHS
13098,-83.3542,29.6347,US,USA
13099,-84.1785,21.9463,CU,CUB
13100,-74.3232,18.3472,HT,HTI
13101,-92.0126,18.4799,MX,MEX
13102,-73.9358,18.2248,HT,HTI
13103,-96.8878,20.369,MX,MEX
13104,-96.5283,19.7427,MX,MEX
13105,-75.7015,21.0249,CU,CUB
13106,-107.5717,24.6198,MX,MEX
13107,-75.1564,20.0384,CU,CUB
13108,-80.6317,27.9513,US,USA
13109,-94.2434,29.7642,US,USA
13110,-81.9885,26.6395,US,USA
13111,-91.3612,18.874,MX,MEX
13112,-79.4676,22.4232,CU,CUB
13113,-77.4853,19.9745,CU,CUB
13114,-94.4451,29.5474,US,USA
13115,-77.9583,26.7117,BS,BHS
13116,-79.2859,21.6726,CU,CUB
13117,-92.8902,18.441,MX,MEX
13118,-76.5578,35.8561,US,USA
13119,-89.6521,30.2583,US,USA
13120,-79.9344,32.7289,US,USA
13121,-84.2544,22.2033,CU,CUB
13122,-105.1965,20.4972,MX,MEX
13123,-81.3687,22.2645,CU,CUB
13124,-90.0909,30.427,US,USA
13125,-88.523,21.5092,MX,MEX
13126,-83.8324,30.0775,US,USA
13127,-102.6491,18.119,MX,MEX
13128,-86.8395,21.3585,MX,MEX
13129,-103.237,18.3345,MX,MEX
13130,-89.1457,30.4012,US,USA
13131,-97.5321,26.4823,US,USA
13132,-77.5106,20.7495,CU,CUB
13133,-73.1996,18.9475,HT,HTI
13134,-80.2067,26.0099,US,USA
13135,-87.5898,19.2326,MX,MEX
13136,-72.2964,18.7417,HT,HTI
13137,-87.6569,18.9218,MX,MEX
13138,-77.7983,18.4465,JM,JAM
13139,-93.4878,18.3593,MX,MEX
13140,-84.1796,22.5084,CU,CUB
13141,-88.1366,30.6789,US,USA
13142,-79.3659,22.3187,CU,CUB
13143,-77.9731,34.2192,US,USA
13144,-90.2736,20.7483,MX,MEX
13145,-97.8746,23.0823,MX,MEX
13146,-97.6523,26.7494,US,USA
13147,-73.3992,18.2729,HT,HTI
13148,-106.8265,23.8143,MX,MEX
13149,-78.3996,22.0672,CU,CUB
13150,-78.7455,33.8145,US,USA
13151,-87.8748,30.4598,US,USA
13152,-69.1591,18.9674,DO,DOM
13153,-65.8494,18.0378,PR,PRI
13154,-69.5227,19.2192,DO,DOM
13155,-66.1776,18.4573,PR,PRI
13156,-69.4118,19.0124,DO,DOM
13157,-66.0858,18.0113,PR,PRI
13158,-68.8162,18.4671,DO,DOM
13159,-69.8975,19.3475,DO,DOM
13160,-68.7053,18.258,DO,DOM
13161,-70.6388,19.7243,DO,DOM
13162,-71.4058,19.8539,DO,DOM
13163,-71.7026,18.0698,HT,HTI
13164,-67.0562,18.2668,PR,PRI
13165,-65.7124,18.3804,PR,PRI
13166,-69.665,19.0572,DO,DOM
13167,-68.4338,18.4607,DO,DOM
13168,-68.776,18.9608,DO,DOM
13169,-66.9459,18.058,PR,PRI
13170,-65.9491,18.3535,PR,PRI
13171,-71.0161,19.8505,DO,DOM
13172,-65.964,18.0905,PR,PRI
13173,-68.9474,18.4277,DO,DOM
13174,-66.2992,18.3799,PR,PRI
13175,-70.5059,19.7635,DO,DOM
13176,-69.5855,18.4777,DO,DOM
13177,-66.9188,18.4277,PR,PRI
13178,-70.3823,18.2346,DO,DOM
13179,-66.5704,18.0487,PR,PRI
13180,-70.8949,18.3211,DO,DOM
13181,-70.8828,19.8898,DO,DOM
13182,-69.2002,18.4727,DO,DOM
13183,-66.5439,18.4177,PR,PRI
13184,-69.9723,18.4818,DO,DOM
13185,-71.152,18.364,DO,DOM
13186,-70.0083,19.5532,DO,DOM
13187,-69.4534,18.5176,DO,DOM
13188,-66.7907,18.4653,PR,PRI
13189,-69.038,18.8832,DO,DOM
13190,-70.7498,18.4878,DO,DOM
13191,-70.2623,19.5975,DO,DOM
13192,-66.4426,18.0866,PR,PRI
13193,-67.0653,18.1434,PR,PRI
13194,-69.776,19.2639,DO,DOM
13195,-68.5445,18.6689,DO,DOM
13196,-70.761,18.3624,DO,DOM
13197,-69.2905,18.9284,DO,DOM
13198,-69.0686,18.5123,DO,DOM
13199,-66.4164,18.455,PR,PRI
13200,-69.8397,18.522,DO,DOM
13201,-71.2833,19.7714,DO,DOM
13202,-69.391,19.258,DO,DOM
13203,-67.0744,18.0196,PR,PRI
13204,-70.6162,18.5287,DO,DOM
13205,-70.4937,18.4444,DO,DOM
13206,-68.9069,18.9221,DO,DOM
13207,-71.8201,19.611,HT,HTI
13208,-68.6553,18.8765,DO,DOM
13209,-69.644,19.3029,DO,DOM
13210,-71.674,19.7741,DO,DOM
13211,-65.8346,18.3012,PR,PRI
13212,-71.1634,18.238,DO,DOM
13213,-66.1999,18.0637,PR,PRI
13214,-70.1051,18.4414,DO,DOM
13215,-70.3841,19.6805,DO,DOM
13216,-71.1496,19.811,DO,DOM
13217,-69.2596,19.2967,DO,DOM
13218,-71.826,18.1541,HT,HTI
13219,-65.842,18.1696,PR,PRI
13220,-67.1757,18.352,PR,PRI
13221,-71.1748,18.1118,DO,DOM
13222,-66.6983,18.0107,PR,PRI
13223,-70.7608,19.8071,DO,DOM
13224,-71.5398,19.8141,DO,DOM
13225,-66.0635,18.4055,PR,PRI
13226,-69.8868,19.4699,DO,DOM
13227,-70.249,18.2755,DO,DOM
13228,-69.7072,18.5621,DO,DOM
13229,-68.6953,18.3823,DO,DOM
13230,-67.0381,18.5127,PR,PRI
13231,-70.5048,18.3191,DO,DOM
13232,-70.1407,19.5143,DO,DOM
13233,-66.3238,18.0013,PR,PRI
13234,-69.6545,19.1802,DO,DOM
13235,-68.4239,18.5843,DO,DOM
13236,-65.7198,18.2488,PR,PRI
13237,-67.0471,18.3899,PR,PRI
13238,-68.6653,18.7534,DO,DOM
13239,-71.0177,18.4054,DO,DOM
13240,-69.5436,18.9732,DO,DOM
13241,-69.3216,18.5573,DO,DOM
13242,-71.6856,19.6514,DO,DOM
13243,-70.1159,18.3163,DO,DOM
13244,-71.9496,18.2383,HT,HTI
13245,-68.5644,18.4216,DO,DOM
13246,-71.9429,19.6936,HT,HTI
13247,-66.6717,18.3802,PR,PRI
13248,-11.3315,28.2895,MA,MAR
13249,-1.3841,35.2371,DZ,DZA
13250,-10.4964,28.9597,MA,MAR
13251,-14.0706,28.3809,ES,ESP
13252,-15.7919,23.6794,EH,ESH
13253,-13.2425,27.1445,EH,ESH
13254,-13.1621,27.4642,EH,ESH
13255,-6.6662,34.2524,MA,MAR
13256,-4.108,35.1871,MA,MAR
13257,-14.9764,24.5365,EH,ESH
13258,-16.3957,22.302,EH,ESH
13259,-0.4762,35.7969,DZ,DZA
13260,-8.3983,33.144,MA,MAR
13261,-10.7171,28.7531,MA,MAR
13262,-15.9849,18.5658,MR,MRT
13263,-9.7362,29.8929,MA,MAR
13264,-6.3178,34.7578,MA,MAR
13265,-16.301,19.1625,MR,MRT
13266,-15.8913,18.3171,MR,MRT
13267,-1.0791,35.5646,DZ,DZA
13268,-5.4243,35.7974,ES,ESP
13269,-16.062,23.1479,EH,ESH
13270,-15.3857,24.1083,EH,ESH
13271,-16.8554,21.5595,MR,MRT
13272,-11.1125,28.4974,MA,MAR
13273,-12.0315,28.0906,MA,MAR
13274,-13.8942,28.4339,ES,ESP
13275,-11.6815,28.1906,MA,MAR
13276,-14.8305,25.1733,EH,ESH
13277,-3.2532,35.1999,MA,MAR
13278,-9.8099,30.7519,MA,MAR
13279,-16.1716,19.7778,MR,MRT
13280,-16.4287,20.6931,MR,MRT
13281,-5.3525,35.5242,MA,MAR
13282,-9.1957,32.2239,MA,MAR
13283,-14.7339,24.9094,EH,ESH
13284,-2.9493,35.1125,MA,MAR
13285,-16.3315,20.4388,MR,MRT
13286,-9.6892,30.0513,MA,MAR
13287,-14.5111,25.8662,EH,ESH
13288,-14.8072,24.5913,EH,ESH
13289,-13.4955,26.7725,EH,ESH
13290,-13.7746,28.9173,ES,ESP
13291,-2.2852,35.0869,MA,MAR
13292,-4.785,35.2031,MA,MAR
13293,-15.6559,27.8926,ES,ESP
13294,-17.9793,27.7445,ES,ESP
13295,-9.5713,31.5452,MA,MAR
13296,-1.9856,34.9976,MA,MAR
13297,-4.475,35.1189,MA,MAR
13298,-7.1946,33.705,MA,MAR
13299,-5.7972,35.7257,MA,MAR
13300,-11.0683,28.6563,MA,MAR
13301,-8.1638,33.3436,MA,MAR
13302,-16.5349,28.3684,ES,ESP
13303,-4.6587,35.0843,MA,MAR
13304,-7.7971,33.4265,MA,MAR
13305,-10.0527,29.3713,MA,MAR
13306,-14.1099,28.2198,ES,ESP
13307,-16.0172,18.4135,MR,MRT
13308,-16.2958,22.7753,EH,ESH
13309,-9.7625,30.9105,MA,MAR
13310,-17.0999,32.7748,PT,PRT
13311,-9.1465,32.3823,MA,MAR
13312,-3.6181,35.1346,MA,MAR
13313,-9.2936,31.9071,MA,MAR
13314,-16.3645,19.5675,MR,MRT
13315,-16.0789,18.8152,MR,MRT
13316,-16.0279,23.3063,EH,ESH
13317,-9.7831,29.7346,MA,MAR
13318,-2.6469,35.0245,MA,MAR
13319,-16.0958,22.9898,EH,ESH
13320,-0.0019,35.7326,DZ,DZA
13321,-15.4801,27.9479,ES,ESP
13322,-9.5231,31.7038,MA,MAR
13323,-7.5615,33.6244,MA,MAR
13324,-14.0312,28.5421,ES,ESP
13325,-16.8875,21.4027,MR,MRT
13326,-16.358,28.4249,ES,ESP
13327,-1.2045,35.2662,DZ,DZA
13328,-13.8803,26.5068,EH,ESH
13329,-6.4822,34.2909,MA,MAR
13330,-14.6231,25.3873,EH,ESH
13331,-13.9337,28.2729,ES,ESP
13332,-16.7881,21.1467,MR,MRT
13333,-16.1296,22.8317,EH,ESH
13334,-10.3205,29.0073,MA,MAR
13335,-15.5891,23.8939,EH,ESH
13336,-5.966,35.2609,MA,MAR
13337,-9.6783,30.6391,MA,MAR
13338,-3.9248,35.2207,MA,MAR
13339,-5.2243,35.4055,MA,MAR
13340,-13.5568,29.1309,ES,ESP
13341,-16.2041,19.6237,MR,MRT
13342,-14.7706,24.7503,EH,ESH
13343,-2.828,34.9929,MA,MAR
13344,-9.2447,32.0655,MA,MAR
13345,-16.1736,19.0653,MR,MRT
13346,-8.632,32.9436,MA,MAR
13347,-0.8992,35.5929,DZ,DZA
13348,-13.5349,26.6127,EH,ESH
13349,-16.7586,22.0309,MR,MRT
13350,-15.4432,28.1098,ES,ESP
13351,-5.0965,35.2868,MA,MAR
13352,-16.8201,20.9904,MR,MRT
13353,-9.5947,30.3679,MA,MAR
13354,-8.8649,32.7425,MA,MAR
13355,-16.5701,28.2057,ES,ESP
13356,-13.7076,26.5599,EH,ESH
13357,-9.7997,31.3411,MA,MAR
13358,-6.4276,34.4466,MA,MAR
13359,-16.3292,22.6174,EH,ESH
13360,-11.5065,28.2401,MA,MAR
13361,-1.1419,35.4155,DZ,DZA
13362,-6.7743,33.9404,MA,MAR
13363,-5.9099,35.4159,MA,MAR
13364,-16.0735,20.2414,MR,MRT
13365,-11.8565,28.1407,MA,MAR
13366,-15.9238,18.1653,MR,MRT
13367,-10.6722,28.9119,MA,MAR
13368,-17.7823,28.7251,ES,ESP
13369,-16.6051,28.0431,ES,ESP
13370,-6.2626,34.9133,MA,MAR
13371,-7.0113,33.7448,MA,MAR
13372,-16.3967,19.4135,MR,MRT
13373,-15.8264,23.5208,EH,ESH
13374,-1.564,35.2077,DZ,DZA
13375,-8.5815,33.1015,MA,MAR
13376,-10.8927,28.7049,MA,MAR
13377,-16.1112,18.6625,MR,MRT
13378,-16.2023,20.3401,MR,MRT
13379,-9.5117,30.0971,MA,MAR
13380,-14.4358,26.1859,EH,ESH
13381,-16.7261,22.1884,MR,MRT
13382,-9.0972,32.5407,MA,MAR
13383,-12.3814,27.9895,MA,MAR
13384,-15.5168,27.7861,ES,ESP
13385,-0.8359,35.7417,DZ,DZA
13386,-9.5472,30.5263,MA,MAR
13387,-12.9062,27.836,MA,MAR
13388,-5.6107,35.7617,MA,MAR
13389,-1.8056,35.0279,DZ,DZA
13390,-4.2915,35.1531,MA,MAR
13391,-0.2967,35.824,DZ,DZA
13392,-16.3934,28.2622,ES,ESP
13393,-0.54,35.6485,DZ,DZA
13394,-13.919,26.347,EH,ESH
13395,-9.7149,31.0692,MA,MAR
13396,-1.6259,35.0578,DZ,DZA
13397,-11.2878,28.4485,MA,MAR
13398,-7.9804,33.3852,MA,MAR
13399,-7.6138,33.4675,MA,MAR
13400,-14.5486,25.7064,EH,ESH
13401,-6.7204,34.0964,MA,MAR
13402,-16.7118,28.3117,ES,ESP
13403,-5.2954,35.6785,MA,MAR
13404,-10.2749,29.1658,MA,MAR
13405,-5.8537,35.5709,MA,MAR
13406,-6.2073,35.0686,MA,MAR
13407,-3.4356,35.1674,MA,MAR
13408,-13.5972,28.9697,ES,ESP
13409,-15.7572,23.8381,EH,ESH
13410,-8.8149,32.9006,MA,MAR
13411,-3.8007,35.1014,MA,MAR
13412,-16.95,32.6666,PT,PRT
13413,-13.2024,27.3043,EH,ESH
13414,-13.1216,27.6242,MA,MAR
13415,-16.5588,20.7922,MR,MRT
13416,-2.4659,35.0558,MA,MAR
13417,-16.791,21.8736,MR,MRT
13418,-16.3625,22.4596,EH,ESH
13419,-9.0477,32.699,MA,MAR
13420,-12.2064,28.0402,MA,MAR
13421,-9.4642,30.2553,MA,MAR
13422,-12.7313,27.8874,MA,MAR
13423,-16.5911,20.6365,MR,MRT
13424,-10.0064,29.5297,MA,MAR
13425,-7.378,33.6649,MA,MAR
13426,-9.6672,31.2279,MA,MAR
13427,-15.5541,24.0527,EH,ESH
13428,-9.752,31.4999,MA,MAR
13429,-2.1657,34.967,MA,MAR
13430,-15.3502,24.2672,EH,ESH
13431,-16.8232,21.7164,MR,MRT
13432,-10.2291,29.3243,MA,MAR
13433,-14.2636,26.2399,EH,ESH
13434,-16.1063,20.0867,MR,MRT
13435,-8.3473,33.3017,MA,MAR
13436,-15.9561,18.0136,MR,MRT
13437,-17.8154,28.5615,ES,ESP
13438,-16.9194,21.2461,MR,MRT
13439,-13.4162,27.0921,EH,ESH
13440,-17.2417,28.1401,ES,ESP
13441,-12.947,27.676,MA,MAR
13442,-6.1517,35.2239,MA,MAR
13443,-14.7937,25.3328,EH,ESH
13444,-15.8608,23.3624,EH,ESH
13445,-16.139,19.9321,MR,MRT
13446,-16.4287,19.2598,MR,MRT
13447,-14.4735,26.026,EH,ESH
13448,-15.1455,24.4815,EH,ESH
13449,-14.6971,25.0685,EH,ESH
13450,-3.0711,35.2321,ES,ESP
13451,-9.4748,31.8625,MA,MAR
13452,-16.0465,18.9681,MR,MRT
13453,-16.5609,22.2453,MR,MRT
13454,-4.9118,35.3219,MA,MAR
13455,-13.8545,28.595,ES,ESP
13456,-16.299,20.5941,MR,MRT
13457,-6.3728,34.6022,MA,MAR
13458,-0.7194,35.6209,DZ,DZA
13459,-13.4559,26.9322,EH,ESH
13460,-13.7345,29.0786,ES,ESP
13461,-9.96,29.6882,MA,MAR
13462,-0.1816,35.703,DZ,DZA
13463,-6.9578,33.9011,MA,MAR
13464,-16.6893,20.8913,MR,MRT
13465,-15.6194,28.0546,ES,ESP
13466,-12.5563,27.9386,MA,MAR
13467,-15.1814,24.3225,EH,ESH
13468,-14.5859,25.5468,EH,ESH
13469,-16.7466,28.1489,ES,ESP
13470,-14.0913,26.2935,EH,ESH
13471,33.0501,35.1609,CY,CYP
13472,11.1181,33.2232,TN,TUN
13473,10.9026,33.495,TN,TUN
13474,29.0284,30.7663,EG,EGY
13475,32.7902,29.8342,EG,EGY
13476,35.9593,27.1384,SA,SAU
13477,20.8302,32.6032,LY,LBY
13478,23.5687,35.4313,GR,GRC
13479,32.5321,35.0752,CY,CYP
13480,32.4496,29.4335,EG,EGY
13481,33.7854,28.1248,EG,EGY
13482,32.8973,28.513,EG,EGY
13483,23.9792,35.4165,GR,GRC
13484,27.4976,31.169,EG,EGY
13485,15.3929,31.8382,LY,LBY
13486,35.6464,24.0001,EG,EGY
13487,33.641,28.4318,EG,EGY
13488,35.0411,32.6139,IL,ISR
13489,21.3331,32.7405,LY,LBY
13490,35.8306,35.526,SY,SYR
13491,27.8885,31.1424,EG,EGY
13492,23.0129,32.2632,LY,LBY
13493,34.0898,26.3477,EG,EGY
13494,18.1481,30.7235,LY,LBY
13495,35.2551,27.9512,SA,SAU
13496,32.9473,30.9803,EG,EGY
13497,35.8859,22.6796,SD,SDN
13498,34.9226,32.4847,IL,ISR
13499,29.6402,31.0084,EG,EGY
13500,34.8627,28.4345,EG,EGY
13501,25.6446,31.4248,LY,LBY
13502,31.9902,31.0817,EG,EGY
13503,33.8433,35.0677,CY,CYP
13504,35.5063,27.775,SA,SAU
13505,9.8852,33.9926,TN,TUN
13506,14.3939,32.3837,LY,LBY
13507,14.1859,32.6643,LY,LBY
13508,13.4934,32.7793,LY,LBY
13509,0.2436,35.9114,DZ,DZA
13510,14.7859,32.3976,LY,LBY
13511,34.5974,31.6578,IL,ISR
13512,19.1212,30.1423,LY,LBY
13513,31.2558,31.4455,EG,EGY
13514,10.8809,35.0621,TN,TUN
13515,10.2121,33.5894,TN,TUN
13516,13.7939,32.6483,LY,LBY
13517,35.6603,33.9729,LB,LBN
13518,26.4313,31.3814,EG,EGY
13519,20.0153,31.4487,LY,LBY
13520,23.0257,32.5538,LY,LBY
13521,35.0648,29.1351,JO,JOR
13522,35.7111,27.3146,SA,SAU
13523,32.9714,35.3134,CY,CYP
13524,17.8547,30.867,LY,LBY
13525,27.2163,31.3333,EG,EGY
13526,32.6364,28.6861,EG,EGY
13527,34.8528,29.5966,IL,ISR
13528,19.9031,30.4297,LY,LBY
13529,17.4644,30.8633,LY,LBY
13530,32.1852,29.6064,EG,EGY
13531,32.297,31.1954,EG,EGY
13532,25.9502,31.5543,LY,LBY
13533,15.4017,31.549,LY,LBY
13534,35.6475,22.8506,SD,SDN
13535,20.1116,31.3022,LY,LBY
13536,34.9682,32.7677,IL,ISR
13537,24.7814,35.0951,GR,GRC
13538,16.6801,31.1428,LY,LBY
13539,33.5249,34.9622,CY,CYP
13540,33.0627,31.1129,EG,EGY
13541,35.4276,23.7379,EG,EGY
13542,32.93,35.0309,CY,CYP
13543,32.8262,29.3938,EG,EGY
13544,16.9751,31.0023,LY,LBY
13545,22.2379,32.8666,LY,LBY
13546,25.5983,35.0559,GR,GRC
13547,32.261,29.453,EG,EGY
13548,34.9766,28.5657,EG,EGY
13549,33.3031,28.0328,EG,EGY
13550,35.0206,28.8505,EG,EGY
13551,34.4383,25.5838,EG,EGY
13552,15.5034,31.4069,LY,LBY
13553,33.6642,27.2663,EG,EGY
13554,24.7997,35.3826,GR,GRC
13555,24.1901,31.9296,LY,LBY
13556,22.5324,32.7136,LY,LBY
13557,21.533,32.7368,LY,LBY
13558,29.4158,30.7353,EG,EGY
13559,33.8244,31.0261,EG,EGY
13560,32.5249,29.2801,EG,EGY
13561,25.7532,31.5649,LY,LBY
13562,12.3224,32.7213,LY,LBY
13563,34.3095,28.5005,EG,EGY
13564,10.9688,35.2104,TN,TUN
13565,22.3326,32.7189,LY,LBY
13566,11.0971,33.5079,TN,TUN
13567,35.094,24.497,EG,EGY
13568,20.1161,31.5934,LY,LBY
13569,18.441,30.5792,LY,LBY
13570,13.1022,32.7611,LY,LBY
13571,32.3738,31.0419,EG,EGY
13572,32.8651,29.6807,EG,EGY
13573,35.3377,24.3244,EG,EGY
13574,33.3093,28.7594,EG,EGY
13575,11.614,33.1111,LY,LBY
13576,33.8573,27.9714,EG,EGY
13577,32.971,28.3596,EG,EGY
13578,31.6421,31.4076,EG,EGY
13579,24.0737,35.2688,GR,GRC
13580,10.6001,33.6172,TN,TUN
13581,32.2985,29.7404,EG,EGY
13582,26.824,31.3579,EG,EGY
13583,14.4517,35.831,MT,MLT
13584,33.138,30.9593,EG,EGY
13585,11.9153,32.9856,LY,LBY
13586,23.6638,35.284,GR,GRC
13587,35.1612,24.345,EG,EGY
13588,33.7133,28.2783,EG,EGY
13589,27.9729,30.9906,EG,EGY
13590,20.0028,30.5746,LY,LBY
13591,10.619,34.6167,TN,TUN
13592,18.2461,30.5784,LY,LBY
13593,26.2347,31.3927,EG,EGY
13594,34.2067,35.4533,CY,CYP
13595,22.8261,32.5598,LY,LBY
13596,35.3848,23.4552,EG,EGY
13597,32.8888,34.748,CY,CYP
13598,35.4044,24.1725,EG,EGY
13599,33.3758,27.8794,EG,EGY
13600,23.9004,32.0867,LY,LBY
13601,34.16,26.1948,EG,EGY
13602,10.7262,35.7609,TN,TUN
13603,35.3723,33.436,LB,LBN
13604,30.2536,31.2471,EG,EGY
13605,25.7109,35.1943,GR,GRC
13606,32.6905,34.7702,CY,CYP
13607,25.0721,31.7449,LY,LBY
13608,35.5748,27.6215,SA,SAU
13609,21.6374,32.88,LY,LBY
13610,9.9944,33.8585,TN,TUN
13611,33.7662,35.2205,CY,CYP
13612,29.5279,30.8719,EG,EGY
13613,35.5398,33.8454,LB,LBN
13614,26.0063,35.0343,GR,GRC
13615,32.487,28.9928,EG,EGY
13616,16.2902,31.1355,LY,LBY
13617,35.4508,23.3039,EG,EGY
13618,34.2675,28.2149,EG,EGY
13619,32.7151,29.9877,EG,EGY
13620,33.1622,29.0665,EG,EGY
13621,35.0027,28.1272,EG,EGY
13622,18.8302,30.2884,LY,LBY
13623,24.5864,31.9129,LY,LBY
13624,35.3254,33.154,LB,LBN
13625,24.8743,34.9467,GR,GRC
13626,15.188,32.1215,LY,LBY
13627,12.7119,32.7418,LY,LBY
13628,19.6089,30.286,LY,LBY
13629,33.1705,35.2906,CY,CYP
13630,17.3653,31.0075,LY,LBY
13631,11.2255,33.0869,TN,TUN
13632,21.0297,32.6003,LY,LBY
13633,35.7126,22.6997,SD,SDN
13634,23.774,35.4241,GR,GRC
13635,33.878,26.8068,EG,EGY
13636,32.7312,35.0532,CY,CYP
13637,33.7357,27.1131,EG,EGY
13638,20.2077,31.1557,LY,LBY
13639,23.2118,32.2568,LY,LBY
13640,24.1844,35.4085,GR,GRC
13641,27.6931,31.1558,EG,EGY
13642,35.4937,23.5864,EG,EGY
13643,35.3613,23.8895,EG,EGY
13644,34.2256,27.9293,EG,EGY
13645,24.4834,35.2522,GR,GRC
13646,35.4376,27.9285,SA,SAU
13647,30.367,31.3826,EG,EGY
13648,33.3693,35.2676,CY,CYP
13649,35.8296,34.3806,LB,LBN
13650,34.4658,28.9177,EG,EGY
13651,28.3626,30.9626,EG,EGY
13652,23.5032,32.1013,LY,LBY
13653,34.8773,32.2014,IL,ISR
13654,29.834,30.9921,EG,EGY
13655,10.947,35.493,TN,TUN
13656,33.6888,35.3732,CY,CYP
13657,25.302,35.215,GR,GRC
13658,32.5998,29.1267,EG,EGY
13659,33.0445,28.2062,EG,EGY
13660,34.2468,31.266,EG,EGY
13661,34.3807,28.3469,EG,EGY
13662,28.7516,30.9335,EG,EGY
13663,35.9768,35.2198,SY,SYR
13664,32.1821,31.062,EG,EGY
13665,35.6124,33.6917,LB,LBN
13666,0.063,35.8812,DZ,DZA
13667,14.5898,32.3908,LY,LBY
13668,35.781,34.1001,LB,LBN
13669,26.1193,35.1722,GR,GRC
13670,18.5384,30.4338,LY,LBY
13671,14.9821,32.4041,LY,LBY
13672,34.7147,31.7879,IL,ISR
13673,34.8322,31.9179,IL,ISR
13674,30.9482,31.3293,EG,EGY
13675,10.4059,33.6034,TN,TUN
13676,13.9898,32.6565,LY,LBY
13677,24.9857,35.0858,GR,GRC
13678,26.6277,31.3698,EG,EGY
13679,33.3825,28.6059,EG,EGY
13680,15.2814,32.2689,LY,LBY
13681,34.2299,26.042,EG,EGY
13682,30.5609,31.3651,EG,EGY
13683,31.7203,31.2544,EG,EGY
13684,35.8919,27.2917,SA,SAU
13685,10.7083,33.4818,TN,TUN
13686,28.8344,30.7813,EG,EGY
13687,32.8233,28.6664,EG,EGY
13688,32.7514,29.5473,EG,EGY
13689,34.8232,25.1059,EG,EGY
13690,17.6595,30.8653,LY,LBY
13691,10.706,34.7652,TN,TUN
13692,12.0218,32.8482,LY,LBY
13693,26.1472,31.5435,LY,LBY
13694,22.9196,32.4116,LY,LBY
13695,33.0141,29.3736,EG,EGY
13696,35.4708,24.0207,EG,EGY
13697,33.4482,27.7261,EG,EGY
13698,34.3385,28.0614,EG,EGY
13699,33.4554,28.4524,EG,EGY
13700,35.087,32.8967,IL,ISR
13701,21.1332,32.7439,LY,LBY
13702,34.9502,29.0042,EG,EGY
13703,20.3238,32.1733,LY,LBY
13704,17.9531,30.7222,LY,LBY
13705,10.8367,35.627,TN,TUN
13706,33.6454,35.0915,CY,CYP
13707,32.7564,31.0011,EG,EGY
13708,27.302,31.1818,EG,EGY
13709,34.4231,28.6323,EG,EGY
13710,25.1616,31.5949,LY,LBY
13711,29.9467,31.1282,EG,EGY
13712,17.1701,31.0051,LY,LBY
13713,25.0047,35.3732,GR,GRC
13714,33.4047,34.8327,CY,CYP
13715,24.9824,31.8949,LY,LBY
13716,13.6892,32.7879,LY,LBY
13717,20.0238,32.0306,LY,LBY
13718,34.6178,25.5634,EG,EGY
13719,15.6983,31.412,LY,LBY
13720,35.5165,23.1527,EG,EGY
13721,33.5204,27.5728,EG,EGY
13722,9.9702,34.1416,TN,TUN
13723,24.3883,31.9214,LY,LBY
13724,22.7323,32.708,LY,LBY
13725,13.2977,32.7703,LY,LBY
13726,33.9405,31.1576,EG,EGY
13727,33.2359,28.913,EG,EGY
13728,15.9945,31.2742,LY,LBY
13729,25.4477,31.4349,LY,LBY
13730,12.5171,32.7317,LY,LBY
13731,18.9269,30.1426,LY,LBY
13732,31.7981,31.1012,EG,EGY
13733,31.0623,31.464,EG,EGY
13734,35.7085,34.2536,LB,LBN
13735,10.4167,35.8796,TN,TUN
13736,34.9591,24.8013,EG,EGY
13737,15.2906,31.98,LY,LBY
13738,34.4803,31.5274,PS,PSE
13739,34.7491,28.3031,EG,EGY
13740,32.5652,31.0217,EG,EGY
13741,34.6865,25.4108,EG,EGY
13742,27.0202,31.3457,EG,EGY
13743,33.3285,30.9379,EG,EGY
13744,34.1304,31.135,EG,EGY
13745,33.9489,26.6537,EG,EGY
13746,33.807,26.9599,EG,EGY
13747,34.0416,27.9504,EG,EGY
13748,24.2786,35.2607,GR,GRC
13749,11.0105,33.3592,TN,TUN
13750,10.7933,34.9137,TN,TUN
13751,20.3035,31.009,LY,LBY
13752,20.4258,32.3176,LY,LBY
13753,28.1678,30.9768,EG,EGY
13754,19.708,30.4311,LY,LBY
13755,35.88,35.8048,SY,SYR
13756,23.3045,32.1081,LY,LBY
13757,10.3365,34.4538,TN,TUN
13758,16.4851,31.1393,LY,LBY
13759,33.5679,35.2442,CY,CYP
13760,33.0869,34.7256,CY,CYP
13761,34.537,28.764,EG,EGY
13762,34.5799,29.0493,EG,EGY
13763,34.0195,26.5007,EG,EGY
13764,35.1858,28.1048,EG,EGY
13765,35.4922,33.564,LB,LBN
13766,22.0377,32.8714,LY,LBY
13767,33.8872,35.3493,CY,CYP
13768,25.3942,35.0662,GR,GRC
13769,33.1178,28.0528,EG,EGY
13770,35.9534,35.6518,SY,SYR
13771,10.0555,34.2904,TN,TUN
13772,21.8376,32.8759,LY,LBY
13773,29.2222,30.7509,EG,EGY
13774,35.9275,34.9404,SY,SYR
13775,15.0852,32.2629,LY,LBY
13776,20.1252,32.1751,LY,LBY
13777,23.9919,31.9375,LY,LBY
13778,14.29,32.5241,LY,LBY
13779,32.412,29.8742,EG,EGY
13780,18.6356,30.2883,LY,LBY
13781,34.2996,25.8892,EG,EGY
13782,12.9069,32.7516,LY,LBY
13783,24.7844,31.9041,LY,LBY
13784,20.1027,30.7195,LY,LBY
13785,10.1034,33.7241,TN,TUN
13786,11.4196,33.0991,TN,TUN
13787,34.6231,29.3344,EG,EGY
13788,24.5947,35.3916,GR,GRC
13789,19.3157,30.1416,LY,LBY
13790,31.4491,31.4267,EG,EGY
13791,34.9944,29.2889,JO,JOR
13792,34.8912,24.9535,EG,EGY
13793,35.6431,27.468,SA,SAU
13794,10.881,33.7794,TN,TUN
13795,32.5618,28.8394,EG,EGY
13796,33.4441,31.07,EG,EGY
13797,20.7273,32.4593,LY,LBY
13798,32.4125,34.9445,CY,CYP
13799,23.8687,35.2766,GR,GRC
13800,10.4228,34.6024,TN,TUN
13801,10.1411,34.4392,TN,TUN
13802,11.7208,32.9741,LY,LBY
13803,15.2997,31.6909,LY,LBY
13804,33.2068,34.8556,CY,CYP
13805,33.0883,29.22,EG,EGY
13806,34.6943,29.1806,EG,EGY
13807,20.5281,32.4617,LY,LBY
13808,23.7018,32.0941,LY,LBY
13809,24.6882,35.2434,GR,GRC
13810,34.9954,32.3309,PS,PSE
13811,10.5276,35.7463,TN,TUN
13812,30.0597,31.2641,EG,EGY
13813,35.9509,34.5073,LB,LBN
13814,25.5065,35.2048,GR,GRC
13815,34.7594,32.0717,IL,ISR
13816,28.5572,30.9482,EG,EGY
13817,15.7997,31.2696,LY,LBY
13818,32.492,34.792,CY,CYP
13819,25.2507,31.4447,LY,LBY
13820,33.5924,27.4195,EG,EGY
13821,25.0975,35.2248,GR,GRC
13822,35.2527,33.3077,LB,LBN
13823,34.9064,28.7194,EG,EGY
13824,35.0387,29.5736,JO,JOR
13825,20.1206,31.8844,LY,LBY
13826,34.3691,25.7365,EG,EGY
13827,16.0954,31.1314,LY,LBY
13828,34.3634,31.3968,PS,PSE
13829,35.5821,23.0016,SD,SDN
13830,33.6344,31.0482,EG,EGY
13831,25.8024,35.0452,GR,GRC
13832,32.5257,30.0078,EG,EGY
13833,35.0266,24.6491,EG,EGY
13834,12.2163,32.8591,LY,LBY
13835,34.8193,28.1495,EG,EGY
13836,10.8589,35.3447,TN,TUN
13837,35.2061,33.0255,IL,ISR
13838,20.203,30.8643,LY,LBY
13839,34.755,25.2583,EG,EGY
13840,16.8753,31.146,LY,LBY
13841,25.19,35.0762,GR,GRC
13842,20.0195,31.7397,LY,LBY
13843,34.7378,29.4656,IL,ISR
13844,30.7547,31.3474,EG,EGY
13845,19.4141,30.287,LY,LBY
13846,35.1092,29.4197,JO,JOR
13847,47.8943,29.7002,IQ,IRQ
13848,61.8349,25.2311,PK,PAK
13849,58.5028,20.5662,OM,OMN
13850,38.7108,23.3211,SA,SAU
13851,53.2138,24.0066,AE,ARE
13852,48.5365,28.0095,SA,SAU
13853,48.6943,27.9722,SA,SAU
13854,37.8302,24.2989,SA,SAU
13855,47.6596,29.4748,KW,KWT
13856,57.2519,18.9949,OM,OMN
13857,51.4051,28.1833,IR,IRN
13858,51.4854,25.4942,QA,QAT
13859,69.6694,21.6782,IN,IND
13860,62.1315,25.2375,PK,PAK
13861,48.6878,30.0692,IQ,IRQ
13862,51.0285,29.1125,IR,IRN
13863,70.5924,23.0629,IN,IND
13864,36.7203,21.8666,SD,SDN
13865,66.3108,25.7071,PK,PAK
13866,40.1974,20.2886,SA,SAU
13867,57.5013,23.71,OM,OMN
13868,64.5175,25.2674,PK,PAK
13869,67.2243,24.6684,PK,PAK
13870,51.3774,25.9325,QA,QAT
13871,53.9173,23.9891,AE,ARE
13872,48.3353,29.7352,IQ,IRQ
13873,48.9774,27.4871,SA,SAU
13874,60.7928,25.2768,IR,IRN
13875,54.9653,26.7324,IR,IRN
13876,48.5702,29.9581,IQ,IRQ
13877,56.7172,24.1673,OM,OMN
13878,49.4037,30.1703,IR,IRN
13879,57.6325,23.7872,OM,OMN
13880,55.0258,24.8494,AE,ARE
13881,50.8943,25.6407,QA,QAT
13882,36.9748,25.5625,SA,SAU
13883,51.5609,25.7491,QA,QAT
13884,41.3283,18.88,SA,SAU
13885,39.1762,22.5453,SA,SAU
13886,68.5523,23.5556,IN,IND
13887,50.9376,28.8774,IR,IRN
13888,57.8545,20.3422,OM,OMN
13889,49.1746,27.301,SA,SAU
13890,61.5387,25.2241,PK,PAK
13891,48.0725,29.0976,KW,KWT
13892,69.2526,22.1829,IN,IND
13893,57.7597,19.143,OM,OMN
13894,58.8498,21.0522,OM,OMN
13895,56.1972,25.575,AE,ARE
13896,50.1421,26.3754,SA,SAU
13897,51.2968,24.5835,QA,QAT
13898,36.7152,26.1734,SA,SAU
13899,57.2457,26.3682,IR,IRN
13900,58.2202,23.6718,OM,OMN
13901,56.5715,18.3212,OM,OMN
13902,36.4229,22.1874,SD,SDN
13903,57.6636,19.8009,OM,OMN
13904,58.6652,20.369,OM,OMN
13905,53.4303,27.0492,IR,IRN
13906,38.2369,24.1004,SA,SAU
13907,49.684,30.2324,IR,IRN
13908,49.9558,26.0058,SA,SAU
13909,55.2298,26.8992,IR,IRN
13910,59.4957,22.5921,OM,OMN
13911,71.9678,21.7299,IN,IND
13912,50.8568,24.6897,QA,QAT
13913,56.3556,27.2738,IR,IRN
13914,56.8702,24.1043,OM,OMN
13915,51.208,28.385,IR,IRN
13916,55.7901,27.0871,IR,IRN
13917,50.9313,25.4943,QA,QAT
13918,36.7656,22.1463,SD,SDN
13919,71.6384,21.0464,IN,IND
13920,55.5224,26.9204,IR,IRN
13921,52.9094,24.1235,AE,ARE
13922,56.6523,27.2931,IR,IRN
13923,56.2572,26.0886,OM,OMN
13924,39.1254,22.2685,SA,SAU
13925,41.4857,18.4441,SA,SAU
13926,60.6229,25.4907,IR,IRN
13927,52.7597,27.4306,IR,IRN
13928,57.268,26.2226,IR,IRN
13929,70.0024,22.9406,IN,IND
13930,71.2015,20.8568,IN,IND
13931,49.9116,26.7078,SA,SAU
13932,58.4847,20.7008,OM,OMN
13933,37.2163,19.1208,SD,SDN
13934,40.9019,19.6329,SA,SAU
13935,53.7365,24.1877,AE,ARE
13936,50.4863,25.0526,QA,QAT
13937,56.5159,27.2101,IR,IRN
13938,51.9236,27.8665,IR,IRN
13939,47.8667,29.2861,KW,KWT
13940,51.37,28.3282,IR,IRN
13941,51.4103,25.2391,QA,QAT
13942,69.8054,21.4641,IN,IND
13943,39.4798,20.9481,SA,SAU
13944,69.3909,21.9675,IN,IND
13945,49.2016,30.3607,IR,IRN
13946,69.271,22.8918,IN,IND
13947,37.0637,20.265,SD,SDN
13948,59.4257,25.5943,IR,IRN
13949,37.7257,18.6422,SD,SDN
13950,63.168,25.3284,PK,PAK
13951,38.9402,23.1468,SA,SAU
13952,67.3741,24.4474,PK,PAK
13953,50.6721,24.871,QA,QAT
13954,56.8126,27.229,IR,IRN
13955,41.2226,19.1716,SA,SAU
13956,69.1134,22.3989,IN,IND
13957,41.5379,18.2992,SA,SAU
13958,57.683,19.6687,OM,OMN
13959,69.5625,22.8832,IN,IND
13960,62.4286,25.2433,PK,PAK
13961,57.749,20.1374,OM,OMN
13962,57.0096,18.8558,OM,OMN
13963,58.8377,25.5697,IR,IRN
13964,56.0162,25.7815,AE,ARE
13965,40.4154,20.1188,SA,SAU
13966,51.872,23.8986,AE,ARE
13967,38.0657,18.1845,SD,SDN
13968,56.6945,24.3086,OM,OMN
13969,70.2766,22.504,IN,IND
13970,59.4633,21.688,OM,OMN
13971,63.4666,25.3322,PK,PAK
13972,49.951,26.5599,SA,SAU
13973,51.0059,25.7506,QA,QAT
13974,51.0809,26.0067,QA,QAT
13975,52.7915,27.2861,IR,IRN
13976,41.7471,18.1329,SA,SAU
13977,65.5608,25.4891,PK,PAK
13978,68.6956,23.3365,IN,IND
13979,70.3585,21.0277,IN,IND
13980,37.0316,21.1183,SD,SDN
13981,52.0846,27.8087,IR,IRN
13982,48.0282,29.2482,KW,KWT
13983,58.232,25.6877,IR,IRN
13984,58.3762,20.4946,OM,OMN
13985,55.3868,25.2332,AE,ARE
13986,40.6322,19.9491,SA,SAU
13987,54.7025,26.5657,IR,IRN
13988,69.9456,21.3897,IN,IND
13989,36.3395,26.6557,SA,SAU
13990,58.8323,21.1881,OM,OMN
13991,39.3144,20.9703,SA,SAU
13992,51.407,24.6931,QA,QAT
13993,57.2233,26.5141,IR,IRN
13994,59.0301,22.927,OM,OMN
13995,54.1665,24.1484,AE,ARE
13996,67.9659,23.8568,PK,PAK
13997,57.6441,19.9333,OM,OMN
13998,36.9076,21.4172,SD,SDN
13999,56.5294,18.5783,OM,OMN
14000,40.0343,20.3109,SA,SAU
14001,37.2616,19.3965,SD,SDN
14002,56.1729,25.7188,AE,ARE
14003,71.9771,21.8701,IN,IND
14004,38.5302,23.7742,SA,SAU
14005,36.9102,25.7151,SA,SAU
14006,60.3272,25.4811,IR,IRN
14007,57.0449,23.9002,OM,OMN
14008,51.1724,28.5301,IR,IRN
14009,50.857,25.2379,QA,QAT
14010,66.4634,25.632,PK,PAK
14011,69.5453,22.3155,IN,IND
14012,54.67,24.4678,AE,ARE
14013,55.7075,26.7123,IR,IRN
14014,64.8112,25.4153,PK,PAK
14015,38.4491,18.0007,SD,SDN
14016,68.6931,23.1932,IN,IND
14017,63.9112,25.4101,PK,PAK
14018,37.6571,24.322,SA,SAU
14019,52.7277,27.5753,IR,IRN
14020,58.594,20.9079,OM,OMN
14021,54.2263,26.7485,IR,IRN
14022,68.1129,23.7816,PK,PAK
14023,56.2693,25.1452,AE,ARE
14024,36.0266,26.9851,SA,SAU
14025,39.1915,21.6928,SA,SAU
14026,39.2347,22.3952,SA,SAU
14027,59.8095,22.3223,OM,OMN
14028,48.7367,27.8227,SA,SAU
14029,36.0725,34.6337,SY,SYR
14030,57.3122,25.9321,IR,IRN
14031,58.213,20.6917,OM,OMN
14032,69.8102,21.6037,IN,IND
14033,69.5283,21.7527,IN,IND
14034,57.7787,19.0123,OM,OMN
14035,37.1703,20.3937,SD,SDN
14036,70.9117,20.7302,IN,IND
14037,36.7829,21.7167,SD,SDN
14038,52.4098,23.9016,AE,ARE
14039,55.9752,26.8781,IR,IRN
14040,58.862,23.1319,OM,OMN
14041,64.2109,25.4125,PK,PAK
14042,56.996,27.0178,IR,IRN
14043,64.9642,25.3421,PK,PAK
14044,70.3,23.0734,IN,IND
14045,57.7296,20.2707,OM,OMN
14046,71.4925,20.9832,IN,IND
14047,54.3852,26.6877,IR,IRN
14048,36.4057,26.5026,SA,SAU
14049,70.2824,22.6459,IN,IND
14050,57.7845,23.7233,OM,OMN
14051,51.1928,26.1162,QA,QAT
14052,39.2495,21.5436,SA,SAU
14053,59.6448,22.5268,OM,OMN
14054,48.0563,29.6618,KW,KWT
14055,67.3747,24.1568,PK,PAK
14056,69.9866,22.5139,IN,IND
14057,48.7789,27.6733,SA,SAU
14058,51.3713,24.8385,QA,QAT
14059,70.0802,21.1763,IN,IND
14060,49.5629,30.13,IR,IRN
14061,55.6218,25.538,AE,ARE
14062,50.1808,26.2279,SA,SAU
14063,59.4468,21.8256,OM,OMN
14064,51.3326,24.4382,QA,QAT
14065,36.7805,26.0206,SA,SAU
14066,59.1972,22.7223,OM,OMN
14067,49.2157,27.1522,SA,SAU
14068,65.8622,25.4881,PK,PAK
14069,61.2429,25.2165,PK,PAK
14070,56.6489,18.6476,OM,OMN
14071,52.1584,23.8284,AE,ARE
14072,38.2981,23.949,SA,SAU
14073,49.85,30.1779,IR,IRN
14074,55.2572,25.1524,AE,ARE
14075,56.3534,25.5121,AE,ARE
14076,55.3892,26.8371,IR,IRN
14077,57.2009,26.6603,IR,IRN
14078,37.2787,25.2344,SA,SAU
14079,66.7725,25.04,PK,PAK
14080,57.0229,24.0412,OM,OMN
14081,57.9364,23.6593,OM,OMN
14082,66.6176,25.4092,PK,PAK
14083,36.0496,35.0665,SY,SYR
14084,48.1606,28.7969,KW,KWT
14085,70.1288,22.4382,IN,IND
14086,37.0477,20.6912,SD,SDN
14087,54.6431,24.6085,AE,ARE
14088,49.5249,27.0783,SA,SAU
14089,71.9864,22.0105,IN,IND
14090,56.0596,27.2538,IR,IRN
14091,51.1367,28.6754,IR,IRN
14092,56.4146,26.0254,OM,OMN
14093,67.5229,23.9372,PK,PAK
14094,51.3683,24.2932,QA,QAT
14095,36.8283,21.9961,SD,SDN
14096,62.7155,25.3948,PK,PAK
14097,56.2454,25.2882,AE,ARE
14098,50.1844,25.6751,BH,BHR
14099,52.6352,24.1013,AE,ARE
14100,37.2765,18.9737,SD,SDN
14101,40.9557,19.4864,SA,SAU
14102,39.1839,22.1187,SA,SAU
14103,53.6197,26.8451,IR,IRN
14104,36.0001,34.7871,SY,SYR
14105,66.9232,24.965,PK,PAK
14106,39.5369,20.7996,SA,SAU
14107,69.5326,21.8929,IN,IND
14108,48.0848,30.0754,IQ,IRQ
14109,51.6584,24.2227,QA,QAT
14110,48.0117,29.8125,IQ,IRQ
14111,37.1248,20.1166,SD,SDN
14112,49.7189,26.8929,SA,SAU
14113,56.3169,24.86,OM,OMN
14114,38.8807,23.2975,SA,SAU
14115,53.3367,24.0866,AE,ARE
14116,58.5252,25.7016,IR,IRN
14117,59.0902,21.333,OM,OMN
14118,38.9995,22.9962,SA,SAU
14119,37.9487,18.4767,SD,SDN
14120,48.4506,28.3091,SA,SAU
14121,38.0031,24.2755,SA,SAU
14122,56.9728,27.1647,IR,IRN
14123,47.7769,29.5876,KW,KWT
14124,57.9608,20.5479,OM,OMN
14125,48.8055,30.1801,IQ,IRQ
14126,41.5898,18.1544,SA,SAU
14127,57.7023,19.5368,OM,OMN
14128,50.7007,29.225,IR,IRN
14129,70.4369,22.8541,IN,IND
14130,62.2743,25.3134,PK,PAK
14131,58.9937,25.5035,IR,IRN
14132,40.3603,20.2662,SA,SAU
14133,52.5187,24.0096,AE,ARE
14134,59.5816,25.5273,IR,IRN
14135,57.1972,23.8369,OM,OMN
14136,62.8697,25.324,PK,PAK
14137,49.9902,26.4121,SA,SAU
14138,64.6641,25.3414,PK,PAK
14139,50.8939,25.0918,QA,QAT
14140,50.2228,25.5282,SA,SAU
14141,51.1176,25.8602,QA,QAT
14142,41.0094,19.34,SA,SAU
14143,39.1991,21.2679,SA,SAU
14144,52.9514,27.2272,IR,IRN
14145,54.0417,24.0687,AE,ARE
14146,65.7135,25.415,PK,PAK
14147,67.3744,24.302,PK,PAK
14148,69.7059,22.8075,IN,IND
14149,37.0932,20.9691,SD,SDN
14150,60.9333,25.3539,IR,IRN
14151,52.2455,27.7507,IR,IRN
14152,51.4818,24.9479,QA,QAT
14153,40.6867,19.8021,SA,SAU
14154,70.0855,21.3153,IN,IND
14155,51.6933,24.0781,QA,QAT
14156,56.3406,24.7178,OM,OMN
14157,37.1857,19.9684,SD,SDN
14158,37.1509,25.5393,SA,SAU
14159,53.489,24.0278,AE,ARE
14160,51.4401,28.0386,IR,IRN
14161,59.1799,22.862,OM,OMN
14162,39.0586,22.8458,SA,SAU
14163,36.0031,35.9302,SY,SYR
14164,70.4973,20.9534,IN,IND
14165,36.0588,22.6594,SD,SDN
14166,57.9798,20.4138,OM,OMN
14167,36.9697,21.2677,SD,SDN
14168,58.3884,25.6222,IR,IRN
14169,58.792,20.4403,OM,OMN
14170,69.3988,22.2492,IN,IND
14171,57.7215,19.4053,OM,OMN
14172,36.0936,26.8319,SA,SAU
14173,38.5906,23.623,SA,SAU
14174,59.7373,25.4603,IR,IRN
14175,66.7709,25.1869,PK,PAK
14176,50.4239,29.7194,IR,IRN
14177,36.2955,22.4883,SD,SDN
14178,66.6157,25.5568,PK,PAK
14179,37.3219,19.249,SD,SDN
14180,37.1547,20.8201,SD,SDN
14181,50.4826,26.1544,BH,BHR
14182,60.032,25.471,IR,IRN
14183,55.9246,27.1704,IR,IRN
14184,68.838,23.1179,IN,IND
14185,48.1166,28.9472,KW,KWT
14186,54.5705,24.2477,AE,ARE
14187,68.2597,23.7063,IN,IND
14188,70.6357,20.879,IN,IND
14189,71.7846,21.1094,IN,IND
14190,55.656,27.0037,IR,IRN
14191,56.1486,25.8628,AE,ARE
14192,58.6931,23.3372,OM,OMN
14193,41.381,18.7345,SA,SAU
14194,67.523,24.0819,PK,PAK
14195,37.4208,24.4969,SA,SAU
14196,37.2944,24.8009,SA,SAU
14197,57.4693,25.8676,IR,IRN
14198,47.967,29.9633,IQ,IRQ
14199,70.1511,23.007,IN,IND
14200,56.2932,25.0025,AE,ARE
14201,58.6119,20.7727,OM,OMN
14202,39.8146,20.481,SA,SAU
14203,50.791,29.4612,IR,IRN
14204,50.4107,25.3456,QA,QAT
14205,64.3643,25.34,PK,PAK
14206,51.5568,25.2027,QA,QAT
14207,61.9892,25.1614,PK,PAK
14208,48.7622,30.3305,IR,IRN
14209,68.5545,23.6996,IN,IND
14210,48.8802,30.4411,IR,IRN
14211,36.8454,21.5669,SD,SDN
14212,66.1609,25.6341,PK,PAK
14213,54.5439,26.6268,IR,IRN
14214,36.4717,26.3496,SA,SAU
14215,50.2204,29.9213,IR,IRN
14216,39.3074,21.3944,SA,SAU
14217,59.7936,22.4615,OM,OMN
14218,48.218,29.6233,KW,KWT
14219,62.5718,25.319,PK,PAK
14220,48.821,27.524,SA,SAU
14221,56.748,18.8464,OM,OMN
14222,54.8337,26.649,IR,IRN
14223,38.2287,18.1655,SD,SDN
14224,59.3495,21.4781,OM,OMN
14225,56.518,24.5131,OM,OMN
14226,37.1404,19.6918,SD,SDN
14227,63.6118,25.4072,PK,PAK
14228,54.8978,24.7691,AE,ARE
14229,50.9673,24.8,QA,QAT
14230,61.3974,25.1476,PK,PAK
14231,51.5923,25.0572,QA,QAT
14232,55.5167,25.314,AE,ARE
14233,58.9611,21.2605,OM,OMN
14234,38.8302,23.0196,SA,SAU
14235,36.5374,26.1966,SA,SAU
14236,37.3423,25.0821,SA,SAU
14237,36.0265,35.4987,SY,SYR
14238,50.386,29.8659,IR,IRN
14239,58.0881,23.5952,OM,OMN
14240,54.2918,24.2282,AE,ARE
14241,69.1067,22.1165,IN,IND
14242,37.1091,20.5424,SD,SDN
14243,55.0973,26.8158,IR,IRN
14244,50.7092,24.725,QA,QAT
14245,56.2199,27.1905,IR,IRN
14246,66.7693,25.334,PK,PAK
14247,51.1008,28.8209,IR,IRN
14248,48.3206,28.7592,SA,SAU
14249,69.6921,22.3817,IN,IND
14250,49.5652,26.9299,SA,SAU
14251,55.8411,26.7952,IR,IRN
14252,52.7873,24.0432,AE,ARE
14253,56.1241,26.0071,OM,OMN
14254,58.6747,23.4779,OM,OMN
14255,58.3718,23.6073,OM,OMN
14256,67.6705,23.8624,PK,PAK
14257,64.0572,25.4848,PK,PAK
14258,53.7787,26.7851,IR,IRN
14259,36.5944,22.1669,SD,SDN
14260,48.3641,28.609,SA,SAU
14261,37.4057,24.9299,SA,SAU
14262,67.0736,24.8898,PK,PAK
14263,58.7217,20.98,OM,OMN
14264,53.9082,26.8693,IR,IRN
14265,53.5897,26.9894,IR,IRN
14266,48.247,30.0364,IQ,IRQ
14267,71.0565,20.7935,IN,IND
14268,49.9949,25.8584,SA,SAU
14269,56.1097,26.9611,IR,IRN
14270,58.6815,25.6357,IR,IRN
14271,37.3366,18.8268,SD,SDN
14272,39.0749,21.9918,SA,SAU
14273,65.2596,25.4895,PK,PAK
14274,48.4936,28.1592,SA,SAU
14275,59.6933,22.1101,OM,OMN
14276,38.0647,24.1239,SA,SAU
14277,39.5938,20.6513,SA,SAU
14278,57.5151,19.0038,OM,OMN
14279,50.8646,29.1689,IR,IRN
14280,69.854,22.874,IN,IND
14281,61.6804,25.3005,PK,PAK
14282,58.358,20.629,OM,OMN
14283,38.6508,23.472,SA,SAU
14284,53.0616,24.0652,AE,ARE
14285,37.5612,18.6611,SD,SDN
14286,57.3493,23.7736,OM,OMN
14287,40.5776,20.0963,SA,SAU
14288,63.0237,25.2531,PK,PAK
14289,50.182,30.0679,IR,IRN
14290,50.9307,24.9458,QA,QAT
14291,50.2611,25.3813,QA,QAT
14292,41.0628,19.1938,SA,SAU
14293,59.0124,23.067,OM,OMN
14294,68.9672,22.3322,IN,IND
14295,65.1117,25.4158,PK,PAK
14296,70.4493,23.1397,IN,IND
14297,61.0882,25.2853,IR,IRN
14298,56.8684,18.916,OM,OMN
14299,59.1495,25.4371,IR,IRN
14300,55.8843,25.7003,AE,ARE
14301,51.7282,23.9336,AE,ARE
14302,59.2874,25.5157,IR,IRN
14303,70.4307,22.7118,IN,IND
14304,59.3328,21.6152,OM,OMN
14305,56.4948,24.655,OM,OMN
14306,37.2465,19.8203,SD,SDN
14307,59.5779,21.8987,OM,OMN
14308,37.2149,25.3868,SA,SAU
14309,53.6412,23.9687,AE,ARE
14310,51.3412,26.0788,QA,QAT
14311,51.6013,27.9814,IR,IRN
14312,53.1111,27.168,IR,IRN
14313,39.1175,22.6955,SA,SAU
14314,53.765,24.0485,AE,ARE
14315,48.1737,29.7739,KW,KWT
14316,65.4125,25.4157,PK,PAK
14317,36.1231,22.5087,SD,SDN
14318,69.4147,22.8163,IN,IND
14319,52.4063,27.6924,IR,IRN
14320,58.2501,20.4231,OM,OMN
14321,55.4912,25.4569,AE,ARE
14322,39.6505,20.5031,SA,SAU
14323,57.7407,19.274,OM,OMN
14324,49.244,30.2105,IR,IRN
14325,63.3218,25.2572,PK,PAK
14326,50.5238,24.9064,QA,QAT
14327,55.7528,25.6191,AE,ARE
14328,59.8928,25.393,IR,IRN
14329,57.019,26.8711,IR,IRN
14330,51.5251,25.8952,QA,QAT
14331,41.2755,19.0257,SA,SAU
14332,50.589,29.6636,IR,IRN
14333,36.3593,22.3378,SD,SDN
14334,49.1333,27.45,SA,SAU
14335,66.0114,25.5612,PK,PAK
14336,58.0958,25.6081,IR,IRN
14337,39.8708,20.3331,SA,SAU
14338,69.11,22.2576,IN,IND
14339,38.4696,23.9254,SA,SAU
14340,49.9771,30.2698,IR,IRN
14341,55.1543,24.9298,AE,ARE
14342,50.5206,26.0073,BH,BHR
14343,60.1875,25.4034,IR,IRN
14344,56.5505,18.4496,OM,OMN
14345,51.0647,28.9666,IR,IRN
14346,58.6828,20.2351,OM,OMN
14347,53.2708,27.1087,IR,IRN
14348,70.7738,20.8046,IN,IND
14349,54.7703,24.6887,AE,ARE
14350,49.9167,26.1533,SA,SAU
14351,59.3466,22.6573,OM,OMN
14352,56.3055,25.7998,AE,ARE
14353,58.844,23.2723,OM,OMN
14354,41.4334,18.5892,SA,SAU
14355,68.9826,23.0426,IN,IND
14356,51.5135,24.2579,QA,QAT
14357,37.3577,24.6488,SA,SAU
14358,61.8472,25.0854,PK,PAK
14359,56.3556,18.0561,OM,OMN
14360,49.8721,26.8559,SA,SAU
14361,50.4485,25.199,QA,QAT
14362,59.6772,22.2488,OM,OMN
14363,60.4673,25.5589,IR,IRN
14364,57.6262,25.803,IR,IRN
14365,58.0867,20.6198,OM,OMN
14366,57.6372,19.0734,OM,OMN
14367,49.0411,30.401,IR,IRN
14368,59.2196,21.4056,OM,OMN
14369,51.7625,27.9241,IR,IRN
14370,47.7048,29.3239,KW,KWT
14371,57.1306,18.9253,OM,OMN
14372,57.9187,25.8182,IR,IRN
14373,51.3743,25.3849,QA,QAT
14374,54.5435,24.3879,AE,ARE
14375,50.8279,29.315,IR,IRN
14376,70.5858,22.9201,IN,IND
14377,69.127,22.9672,IN,IND
14378,71.3469,20.9201,IN,IND
14379,56.7688,18.7169,OM,OMN
14380,52.2673,23.937,AE,ARE
14381,37.7848,18.4957,SD,SDN
14382,50.1434,30.2148,IR,IRN
14383,67.225,24.5225,PK,PAK
14384,57.1783,26.8067,IR,IRN
14385,56.0984,18.0467,OM,OMN
14386,68.55,23.4118,IN,IND
14387,69.8392,22.4478,IN,IND
14388,57.7829,25.7382,IR,IRN
14389,40.848,19.7797,SA,SAU
14390,38.0073,18.3305,SD,SDN
14391,56.5411,24.3715,OM,OMN
14392,59.5616,22.0368,OM,OMN
14393,71.931,21.1724,IN,IND
14394,51.4496,25.6401,QA,QAT
14395,54.4446,24.1681,AE,ARE
14396,70.2195,21.102,IN,IND
14397,58.0755,25.753,IR,IRN
14398,58.9192,20.5116,OM,OMN
14399,69.2489,22.042,IN,IND
14400,52.0154,23.8635,AE,ARE
14401,36.2731,26.8088,SA,SAU
14402,37.3964,18.68,SD,SDN
14403,55.1282,25.0717,AE,ARE
14404,56.2213,25.4315,AE,ARE
14405,50.0293,26.2644,SA,SAU
14406,39.2568,21.119,SA,SAU
14407,56.4527,18.2525,OM,OMN
14408,67.8185,23.9319,PK,PAK
14409,50.8199,25.3842,QA,QAT
14410,36.0993,35.3456,SY,SYR
14411,37.2011,19.5441,SD,SDN
14412,36.8454,25.8678,SA,SAU
14413,56.2814,25.9441,OM,OMN
14414,58.5233,23.5427,OM,OMN
14415,50.6264,29.5172,IR,IRN
14416,57.7683,20.0044,OM,OMN
14417,48.4074,28.459,SA,SAU
14418,54.0673,26.809,IR,IRN
14419,66.7741,24.8934,PK,PAK
14420,68.408,23.7752,IN,IND
14421,57.3736,19.0646,OM,OMN
14422,49.3705,27.1153,SA,SAU
14423,50.0337,25.7111,SA,SAU
14424,39.1333,21.8423,SA,SAU
14425,38.3915,18.1464,SD,SDN
14426,63.7573,25.4822,PK,PAK
14427,37.5946,24.4738,SA,SAU
14428,60.6378,25.345,IR,IRN
14429,52.567,27.634,IR,IRN
14430,67.2237,24.8146,PK,PAK
14431,57.2902,26.0772,IR,IRN
14432,48.4088,29.9973,IQ,IRQ
14433,56.4738,18.1246,OM,OMN
14434,88.8258,21.7711,IN,IND
14435,87.4007,21.6424,IN,IND
14436,105.6231,19.2374,VN,VNM
14437,94.2439,18.7098,MM,MMR
14438,72.0967,21.5137,IN,IND
14439,106.3425,18.0774,VN,VNM
14440,84.6173,19.04,IN,IND
14441,72.6887,21.7658,IN,IND
14442,106.0597,18.1662,VN,VNM
14443,93.7541,19.7622,MM,MMR
14444,105.8224,19.8524,VN,VNM
14445,90.1343,21.9976,BD,BGD
14446,86.0423,19.9238,IN,IND
14447,72.8271,19.214,IN,IND
14448,84.4166,18.83,IN,IND
14449,90.3935,22.934,BD,BGD
14450,107.5611,21.3141,VN,VNM
14451,86.4119,20.1829,IN,IND
14452,72.9134,21.052,IN,IND
14453,86.8603,21.3356,IN,IND
14454,72.7707,19.6084,IN,IND
14455,94.3235,18.4344,MM,MMR
14456,90.6073,23.1362,BD,BGD
14457,107.1769,21.1041,VN,VNM
14458,93.3781,20.1048,MM,MMR
14459,88.1958,21.7328,IN,IND
14460,87.9437,21.9477,IN,IND
14461,72.5613,21.9833,IN,IND
14462,107.7782,21.4934,VN,VNM
14463,94.1642,18.9846,MM,MMR
14464,72.4434,22.3426,IN,IND
14465,72.1062,21.6534,IN,IND
14466,88.4896,21.6738,IN,IND
14467,87.7349,21.7417,IN,IND
14468,84.656,19.1983,IN,IND
14469,93.8694,19.0559,MM,MMR
14470,91.4559,22.7922,BD,BGD
14471,92.328,20.8521,BD,BGD
14472,86.6577,20.5489,IN,IND
14473,72.8153,21.549,IN,IND
14474,86.8233,20.5992,IN,IND
14475,93.8343,19.4889,MM,MMR
14476,105.7725,19.6989,VN,VNM
14477,85.4255,19.8782,IN,IND
14478,72.6858,19.8512,IN,IND
14479,94.0844,19.259,MM,MMR
14480,85.2619,19.827,IN,IND
14481,72.6566,21.3472,IN,IND
14482,91.8741,22.0388,BD,BGD
14483,86.901,21.4925,IN,IND
14484,93.6194,19.2857,MM,MMR
14485,84.1782,18.4612,IN,IND
14486,107.5106,21.1636,VN,VNM
14487,83.6572,18.1471,IN,IND
14488,72.7992,19.7591,IN,IND
14489,89.7957,21.9027,BD,BGD
14490,105.6412,18.8073,VN,VNM
14491,87.9853,22.1041,IN,IND
14492,106.8427,21.0438,VN,VNM
14493,93.0377,20.0156,MM,MMR
14494,89.289,21.7592,IN,IND
14495,72.2839,22.1379,IN,IND
14496,89.6266,21.855,BD,BGD
14497,88.2375,21.8894,IN,IND
14498,94.1192,18.8253,MM,MMR
14499,91.5827,22.6824,BD,BGD
14500,90.8174,22.763,BD,BGD
14501,72.5719,22.124,IN,IND
14502,83.9788,18.2508,IN,IND
14503,84.8574,19.4081,IN,IND
14504,88.5315,21.8306,IN,IND
14505,91.1537,22.2782,BD,BGD
14506,72.8263,21.6887,IN,IND
14507,86.8639,20.7568,IN,IND
14508,93.8793,19.6476,MM,MMR
14509,90.2607,21.8881,BD,BGD
14510,91.1146,22.7,BD,BGD
14511,92.3723,21.0097,BD,BGD
14512,72.7142,20.0016,IN,IND
14513,86.577,20.2333,IN,IND
14514,72.7934,21.2706,IN,IND
14515,72.0777,21.2354,IN,IND
14516,105.9429,18.2879,VN,VNM
14517,88.2792,22.046,IN,IND
14518,106.0398,20.0376,VN,VNM
14519,105.7227,19.5453,VN,VNM
14520,90.5203,22.8253,BD,BGD
14521,106.5749,20.7101,VN,VNM
14522,86.3717,20.0249,IN,IND
14523,72.8841,19.5158,IN,IND
14524,89.8385,22.0593,BD,BGD
14525,84.2165,18.6198,IN,IND
14526,105.5734,19.0832,VN,VNM
14527,105.826,18.4096,VN,VNM
14528,90.7342,23.0275,BD,BGD
14529,72.9966,18.7247,IN,IND
14530,86.7791,21.0214,IN,IND
14531,93.0823,20.174,MM,MMR
14532,106.2572,20.2221,VN,VNM
14533,72.2939,22.2789,IN,IND
14534,88.3218,21.6249,IN,IND
14535,106.7924,20.8925,VN,VNM
14536,72.9135,20.361,IN,IND
14537,88.952,21.6627,IN,IND
14538,72.2443,21.5769,IN,IND
14539,90.861,22.9186,BD,BGD
14540,90.3038,22.0448,BD,BGD
14541,73.1372,18.0811,IN,IND
14542,92.4539,20.7396,BD,BGD
14543,90.6434,22.1387,BD,BGD
14544,86.6173,20.3912,IN,IND
14545,91.7918,22.3058,BD,BGD
14546,86.2069,19.9744,IN,IND
14547,72.0872,21.3744,IN,IND
14548,84.5787,18.8815,IN,IND
14549,91.9121,21.6142,BD,BGD
14550,106.5247,20.5581,VN,VNM
14551,93.7444,19.1709,MM,MMR
14552,92.5797,20.6269,BD,BGD
14553,105.5237,18.9288,VN,VNM
14554,105.7585,18.6859,VN,VNM
14555,72.968,18.5733,IN,IND
14556,92.8757,20.5589,MM,MMR
14557,91.7094,22.5723,BD,BGD
14558,86.8197,21.1786,IN,IND
14559,88.9942,21.8195,IN,IND
14560,87.234,21.5926,IN,IND
14561,107.9953,21.6721,VN,VNM
14562,90.9441,22.6537,BD,BGD
14563,72.5931,22.4062,IN,IND
14564,87.9022,21.7911,IN,IND
14565,90.8569,22.3416,BD,BGD
14566,73.0526,18.3275,IN,IND
14567,84.8185,19.2498,IN,IND
14568,85.5894,19.9293,IN,IND
14569,91.836,22.4619,BD,BGD
14570,106.2261,18.1992,VN,VNM
14571,93.9144,19.215,MM,MMR
14572,85.878,19.873,IN,IND
14573,87.0674,21.5426,IN,IND
14574,93.7894,19.3299,MM,MMR
14575,105.7088,18.5312,VN,VNM
14576,91.9563,21.7711,BD,BGD
14577,107.3438,21.1339,VN,VNM
14578,93.2078,20.0603,MM,MMR
14579,92.9568,20.2875,MM,MMR
14580,90.4369,23.0894,BD,BGD
14581,88.1531,22.1533,IN,IND
14582,72.9395,18.4218,IN,IND
14583,86.9045,20.9142,IN,IND
14584,92.1203,21.2339,BD,BGD
14585,72.9422,20.5113,IN,IND
14586,107.9448,21.5223,VN,VNM
14587,90.6036,22.5605,BD,BGD
14588,93.5035,19.9908,MM,MMR
14589,72.7212,22.1872,IN,IND
14590,85.0203,19.4595,IN,IND
14591,94.5725,18.2024,MM,MMR
14592,88.6997,21.8793,IN,IND
14593,73.024,18.1758,IN,IND
14594,73.0538,19.0275,IN,IND
14595,93.6548,18.8523,MM,MMR
14596,91.2852,22.7462,BD,BGD
14597,72.6672,21.4864,IN,IND
14598,91.9183,22.1952,BD,BGD
14599,87.5677,21.6921,IN,IND
14600,105.8723,20.0056,VN,VNM
14601,85.0985,19.7757,IN,IND
14602,72.9404,19.1209,IN,IND
14603,92.7054,20.514,MM,MMR
14604,92.0384,21.5028,BD,BGD
14605,72.7825,21.1318,IN,IND
14606,93.0014,20.4456,MM,MMR
14607,83.4967,18.0952,IN,IND
14608,90.0079,22.1068,BD,BGD
14609,84.0169,18.4095,IN,IND
14610,94.448,18.3185,MM,MMR
14611,92.0005,21.9278,BD,BGD
14612,106.4746,20.406,VN,VNM
14613,72.135,22.0742,IN,IND
14614,72.9709,20.6615,IN,IND
14615,89.4577,21.8072,BD,BGD
14616,107.0099,21.0741,VN,VNM
14617,92.1645,21.3911,BD,BGD
14618,72.7427,20.152,IN,IND
14619,72.7322,22.3283,IN,IND
14620,83.8179,18.199,IN,IND
14621,85.0594,19.6176,IN,IND
14622,94.5273,18.0425,MM,MMR
14623,88.7837,21.6143,IN,IND
14624,105.6729,19.3914,VN,VNM
14625,73.0251,18.8761,IN,IND
14626,90.6471,22.7163,BD,BGD
14627,72.6995,21.906,IN,IND
14628,90.4735,22.0918,BD,BGD
14629,85.7138,19.8222,IN,IND
14630,90.8133,22.1854,BD,BGD
14631,72.8556,19.3649,IN,IND
14632,106.2071,20.0694,VN,VNM
14633,84.3782,18.6714,IN,IND
14634,94.2094,19.1438,MM,MMR
14635,107.6115,21.4644,VN,VNM
14636,72.8856,20.9026,IN,IND
14637,106.7421,20.7409,VN,VNM
14638,94.3686,18.5941,MM,MMR
14639,106.4244,20.2536,VN,VNM
14640,90.7303,22.4512,BD,BGD
14641,93.6288,19.8766,MM,MMR
14642,92.2463,21.1219,BD,BGD
14643,72.7712,20.3023,IN,IND
14644,89.1627,21.8678,IN,IND
14645,72.9997,20.8117,IN,IND
14646,120.5546,18.1543,PH,PHL
14647,133.3721,33.8945,JP,JPN
14648,121.6004,30.9562,CN,CHN
14649,108.9557,19.4319,CN,CHN
14650,120.3606,22.7062,TW,TWN
14651,119.2976,35.2347,CN,CHN
14652,121.8184,31.8115,CN,CHN
14653,109.7388,20.8411,CN,CHN
14654,127.3362,34.877,KR,KOR
14655,134.5347,35.5982,JP,JPN
14656,135.8482,33.6528,JP,JPN
14657,111.2488,21.643,CN,CHN
14658,134.8159,34.8623,JP,JPN
14659,110.0666,20.8955,CN,CHN
14660,136.5029,34.649,JP,JPN
14661,137.8524,34.7269,JP,JPN
14662,121.4043,23.2355,TW,TWN
14663,133.2383,35.4784,JP,JPN
14664,120.7296,24.4575,TW,TWN
14665,117.9737,24.3818,CN,CHN
14666,116.5372,23.3062,CN,CHN
14667,133.5176,33.9382,JP,JPN
14668,128.0138,35.0149,KR,KOR
14669,130.6322,30.3878,JP,JPN
14670,131.4617,31.8341,JP,JPN
14671,111.7356,21.7174,CN,CHN
14672,114.1346,22.4707,HK,HKG
14673,131.8319,32.9363,JP,JPN
14674,134.2145,34.687,JP,JPN
14675,129.4446,35.7245,KR,KOR
14676,140.181,35.4311,JP,JPN
14677,138.1727,34.8078,JP,JPN
14678,120.722,22.1567,TW,TWN
14679,115.4481,22.775,CN,CHN
14680,140.2626,35.1723,JP,JPN
14681,120.416,23.9954,TW,TWN
14682,134.2905,33.6243,JP,JPN
14683,120.9001,28.1898,CN,CHN
14684,126.5463,34.4923,KR,KOR
14685,108.818,18.5504,CN,CHN
14686,132.6503,35.2944,JP,JPN
14687,121.4875,18.3873,PH,PHL
14688,116.8455,23.7389,CN,CHN
14689,119.7092,34.4399,CN,CHN
14690,129.0022,27.7624,JP,JPN
14691,113.1264,22.196,CN,CHN
14692,121.3921,31.8131,CN,CHN
14693,131.3416,31.5794,JP,JPN
14694,120.4257,27.34,CN,CHN
14695,110.4986,18.9935,CN,CHN
14696,136.6033,35.0871,JP,JPN
14697,127.7512,26.2538,JP,JPN
14698,130.74,32.6298,JP,JPN
14699,132.5225,33.0524,JP,JPN
14700,110.2921,20.6519,CN,CHN
14701,133.398,33.5342,JP,JPN
14702,113.651,22.814,CN,CHN
14703,128.6944,35.1493,KR,KOR
14704,121.1942,23.0529,TW,TWN
14705,130.1224,32.9735,JP,JPN
14706,109.5347,18.3955,CN,CHN
14707,120.3261,34.1017,CN,CHN
14708,109.9418,21.4358,CN,CHN
14709,130.8192,31.1333,JP,JPN
14710,126.5515,34.8209,KR,KOR
14711,132.3638,34.3935,JP,JPN
14712,133.6215,34.5105,JP,JPN
14713,138.9431,34.86,JP,JPN
14714,135.2408,35.5303,JP,JPN
14715,121.6719,24.3243,TW,TWN
14716,135.2736,34.3115,JP,JPN
14717,136.5919,34.3989,JP,JPN
14718,109.1059,21.7189,CN,CHN
14719,109.3346,21.4763,CN,CHN
14720,128.3537,35.0826,KR,KOR
14721,129.7804,32.9096,JP,JPN
14722,132.6533,33.641,JP,JPN
14723,134.1164,33.4387,JP,JPN
14724,128.9766,35.095,KR,KOR
14725,133.7808,35.3728,JP,JPN
14726,126.4464,35.2316,KR,KOR
14727,130.1071,32.2836,JP,JPN
14728,130.9526,34.3594,JP,JPN
14729,130.9362,33.6866,JP,JPN
14730,139.2264,35.3437,JP,JPN
14731,108.6908,19.099,CN,CHN
14732,121.5911,18.278,PH,PHL
14733,121.7083,31.2136,CN,CHN
14734,134.5222,34.0977,JP,JPN
14735,121.8064,29.7328,CN,CHN
14736,121.1245,18.5661,PH,PHL
14737,131.6427,34.4788,JP,JPN
14738,132.1525,34.2311,JP,JPN
14739,119.4992,26.0624,CN,CHN
14740,129.5126,35.9876,KR,KOR
14741,133.5092,35.426,JP,JPN
14742,120.3094,22.949,TW,TWN
14743,126.3056,33.3331,KR,KOR
14744,119.8234,35.6893,CN,CHN
14745,119.6551,26.8345,CN,CHN
14746,138.572,35.1833,JP,JPN
14747,121.8515,18.2068,PH,PHL
14748,120.9918,24.7783,TW,TWN
14749,120.6259,33.4132,CN,CHN
14750,117.7183,24.0944,CN,CHN
14751,131.7803,33.1554,JP,JPN
14752,132.169,34.8711,JP,JPN
14753,116.2798,23.0096,CN,CHN
14754,109.8756,19.877,CN,CHN
14755,132.8346,34.0086,JP,JPN
14756,135.1173,35.6315,JP,JPN
14757,130.4256,31.2961,JP,JPN
14758,134.0111,34.3556,JP,JPN
14759,120.8566,30.5289,CN,CHN
14760,132.9806,33.0131,JP,JPN
14761,120.6066,18.3017,PH,PHL
14762,130.7124,33.8711,JP,JPN
14763,121.6543,31.085,CN,CHN
14764,119.3507,35.3486,CN,CHN
14765,126.5567,35.1472,KR,KOR
14766,130.2108,31.8401,JP,JPN
14767,120.1641,27.0266,CN,CHN
14768,110.0732,18.6348,CN,CHN
14769,110.0274,20.3263,CN,CHN
14770,109.2207,19.7632,CN,CHN
14771,120.5736,33.2968,CN,CHN
14772,121.3366,31.3445,CN,CHN
14773,121.4573,23.3773,TW,TWN
14774,121.6448,29.3377,CN,CHN
14775,132.3362,35.0595,JP,JPN
14776,131.4096,34.328,JP,JPN
14777,131.8923,33.0607,JP,JPN
14778,129.4939,35.8483,KR,KOR
14779,120.644,30.0085,CN,CHN
14780,133.1635,33.3839,JP,JPN
14781,132.9483,33.9137,JP,JPN
14782,120.4683,24.1358,TW,TWN
14783,129.2662,35.3673,KR,KOR
14784,129.8993,33.1591,JP,JPN
14785,116.7944,23.6008,CN,CHN
14786,110.546,21.3934,CN,CHN
14787,126.3259,34.6634,KR,KOR
14788,131.2287,33.9623,JP,JPN
14789,120.3731,27.2047,CN,CHN
14790,126.7507,33.3172,KR,KOR
14791,136.5697,34.941,JP,JPN
14792,127.6746,34.9464,KR,KOR
14793,135.5187,35.4727,JP,JPN
14794,121.7544,29.9535,CN,CHN
14795,127.8088,26.3921,JP,JPN
14796,112.2205,21.79,CN,CHN
14797,114.5539,22.7969,CN,CHN
14798,134.5142,34.7748,JP,JPN
14799,108.1617,21.7006,VN,VNM
14800,122.0745,30.0364,CN,CHN
14801,137.2882,34.8567,JP,JPN
14802,126.2108,34.4199,KR,KOR
14803,121.4319,29.1637,CN,CHN
14804,109.891,21.2875,CN,CHN
14805,113.4464,22.2407,CN,CHN
14806,126.8247,34.442,KR,KOR
14807,120.9714,32.4918,CN,CHN
14808,130.879,31.2618,JP,JPN
14809,126.604,34.614,KR,KOR
14810,120.0857,35.9133,CN,CHN
14811,121.7505,29.2471,CN,CHN
14812,131.6509,32.5614,JP,JPN
14813,109.9651,20.5975,CN,CHN
14814,129.5745,28.3695,JP,JPN
14815,119.5456,25.4272,CN,CHN
14816,120.2593,23.5733,TW,TWN
14817,129.0358,35.215,KR,KOR
14818,120.4577,32.0073,CN,CHN
14819,109.8603,18.4543,CN,CHN
14820,126.5041,35.3517,KR,KOR
14821,131.0045,34.1463,JP,JPN
14822,133.3282,34.4219,JP,JPN
14823,131.8605,34.6374,JP,JPN
14824,138.9039,34.7124,JP,JPN
14825,121.7253,24.4646,TW,TWN
14826,135.1839,33.8781,JP,JPN
14827,131.3322,33.531,JP,JPN
14828,134.4941,33.9539,JP,JPN
14829,140.7297,35.6962,JP,JPN
14830,121.8603,29.864,CN,CHN
14831,128.6877,34.8209,KR,KOR
14832,134.2316,35.5083,JP,JPN
14833,120.6582,31.7753,CN,CHN
14834,134.0808,35.4632,JP,JPN
14835,117.3598,23.926,CN,CHN
14836,109.2084,18.336,CN,CHN
14837,120.1551,23.291,TW,TWN
14838,117.5137,23.942,CN,CHN
14839,121.3835,30.0897,CN,CHN
14840,121.2358,32.446,CN,CHN
14841,119.8764,35.8015,CN,CHN
14842,121.4407,30.9143,CN,CHN
14843,121.5356,28.7163,CN,CHN
14844,131.6166,33.4673,JP,JPN
14845,134.8794,34.4721,JP,JPN
14846,119.2949,25.5353,CN,CHN
14847,120.8136,18.4882,PH,PHL
14848,131.703,34.5998,JP,JPN
14849,135.0601,34.6598,JP,JPN
14850,120.9141,31.6862,CN,CHN
14851,119.5607,35.4631,CN,CHN
14852,121.7063,30.8689,CN,CHN
14853,130.1897,33.4391,JP,JPN
14854,121.6738,24.7041,TW,TWN
14855,121.5122,23.9021,TW,TWN
14856,129.3466,28.2017,JP,JPN
14857,130.2703,31.9672,JP,JPN
14858,131.4101,32.0575,JP,JPN
14859,118.6358,24.964,CN,CHN
14860,135.3046,33.7758,JP,JPN
14861,134.0655,34.643,JP,JPN
14862,109.1703,19.6123,CN,CHN
14863,139.3914,35.3834,JP,JPN
14864,121.2276,30.7431,CN,CHN
14865,120.4639,22.605,TW,TWN
14866,121.552,31.8551,CN,CHN
14867,127.1092,34.7208,KR,KOR
14868,131.17,31.5489,JP,JPN
14869,115.9683,22.9727,CN,CHN
14870,110.6901,20.0149,CN,CHN
14871,110.9133,19.7706,CN,CHN
14872,131.4614,34.1143,JP,JPN
14873,131.9439,32.8411,JP,JPN
14874,110.3428,20.8006,CN,CHN
14875,120.8256,22.0541,TW,TWN
14876,115.3422,22.8965,CN,CHN
14877,129.3256,35.4866,KR,KOR
14878,128.0336,26.5651,JP,JPN
14879,110.4952,21.2455,CN,CHN
14880,132.6262,35.1515,JP,JPN
14881,115.6558,22.9349,CN,CHN
14882,110.4481,18.843,CN,CHN
14883,131.7462,34.0513,JP,JPN
14884,114.5028,22.6549,CN,CHN
14885,136.0638,33.9838,JP,JPN
14886,132.6346,32.9567,JP,JPN
14887,109.4994,21.5035,CN,CHN
14888,114.1857,22.6133,CN,CHN
14889,108.7043,18.6726,CN,CHN
14890,119.1915,35.006,CN,CHN
14891,121.2279,18.4575,PH,PHL
14892,117.1036,23.6346,CN,CHN
14893,121.3383,31.6858,CN,CHN
14894,127.3887,34.6696,KR,KOR
14895,121.1268,31.8559,CN,CHN
14896,126.6618,34.7355,KR,KOR
14897,132.892,34.2884,JP,JPN
14898,130.7159,31.5837,JP,JPN
14899,130.8843,33.9017,JP,JPN
14900,126.4155,33.2449,KR,KOR
14901,136.8838,35.025,JP,JPN
14902,122.1657,18.2832,PH,PHL
14903,119.3464,34.6649,CN,CHN
14904,109.8284,21.5573,CN,CHN
14905,131.7112,32.6867,JP,JPN
14906,139.7645,35.6111,JP,JPN
14907,109.2203,21.5976,CN,CHN
14908,135.9853,35.6036,JP,JPN
14909,119.0415,25.2574,CN,CHN
14910,129.8918,32.8166,JP,JPN
14911,109.3847,19.7919,CN,CHN
14912,134.8105,35.5426,JP,JPN
14913,120.3114,23.7142,TW,TWN
14914,134.6146,33.8529,JP,JPN
14915,113.9188,22.7138,CN,CHN
14916,130.2416,33.2226,JP,JPN
14917,108.66,21.7849,CN,CHN
14918,120.2735,33.9864,CN,CHN
14919,121.4855,29.2959,CN,CHN
14920,126.8826,34.5639,KR,KOR
14921,130.5369,31.1992,JP,JPN
14922,132.6275,34.3414,JP,JPN
14923,131.0647,34.2681,JP,JPN
14924,131.5735,34.0219,JP,JPN
14925,138.8196,34.9681,JP,JPN
14926,109.5501,21.6519,CN,CHN
14927,135.2137,34.0224,JP,JPN
14928,136.8698,34.3355,JP,JPN
14929,134.4014,34.1985,JP,JPN
14930,140.6487,35.9561,JP,JPN
14931,132.5832,33.1763,JP,JPN
14932,118.3814,24.6814,CN,CHN
14933,133.8493,33.4972,JP,JPN
14934,120.5098,32.1264,CN,CHN
14935,129.7432,33.8055,JP,JPN
14936,117.3088,23.7888,CN,CHN
14937,121.2551,25.0982,TW,TWN
14938,120.2071,23.4322,TW,TWN
14939,120.8471,28.0558,CN,CHN
14940,120.3395,30.3309,CN,CHN
14941,110.7093,21.4194,CN,CHN
14942,120.802,30.0512,CN,CHN
14943,112.7545,22.0058,CN,CHN
14944,130.6204,32.3783,JP,JPN
14945,138.5334,35.0357,JP,JPN
14946,121.5892,28.8493,CN,CHN
14947,136.2495,34.1705,JP,JPN
14948,131.677,33.5906,JP,JPN
14949,134.8502,34.3277,JP,JPN
14950,110.65,19.4441,CN,CHN
14951,119.45,34.5516,CN,CHN
14952,130.4208,33.594,JP,JPN
14953,119.6137,35.5762,CN,CHN
14954,120.7822,24.5973,TW,TWN
14955,121.4372,30.2201,CN,CHN
14956,120.8143,32.1326,CN,CHN
14957,129.9957,32.3779,JP,JPN
14958,119.9295,35.9135,CN,CHN
14959,130.5009,32.1256,JP,JPN
14960,139.8878,34.9466,JP,JPN
14961,119.9056,26.7254,CN,CHN
14962,138.8588,35.1159,JP,JPN
14963,121.2697,28.4077,CN,CHN
14964,121.7603,30.9979,CN,CHN
14965,121.5654,24.0431,TW,TWN
14966,130.3221,31.7445,JP,JPN
14967,131.4702,32.1839,JP,JPN
14968,135.3645,34.746,JP,JPN
14969,114.2421,22.349,HK,HKG
14970,133.2257,33.8517,JP,JPN
14971,126.3631,33.4574,KR,KOR
14972,120.6742,33.182,CN,CHN
14973,129.8473,33.3755,JP,JPN
14974,130.974,30.4505,JP,JPN
14975,108.7914,19.4025,CN,CHN
14976,133.0905,35.4325,JP,JPN
14977,121.606,31.9822,CN,CHN
14978,113.4911,22.7925,CN,CHN
14979,121.3938,32.1517,CN,CHN
14980,110.8627,19.6212,CN,CHN
14981,126.6983,33.5297,KR,KOR
14982,127.5053,34.9118,KR,KOR
14983,132.0312,33.9876,JP,JPN
14984,118.5848,24.8299,CN,CHN
14985,136.0003,33.694,JP,JPN
14986,111.0861,21.6178,CN,CHN
14987,113.9757,22.4494,HK,HKG
14988,134.6648,34.8186,JP,JPN
14989,123.8521,24.3571,JP,JPN
14990,110.2809,21.0709,CN,CHN
14991,109.1198,19.4612,CN,CHN
14992,133.0609,33.8192,JP,JPN
14993,140.0958,35.1337,JP,JPN
14994,121.0581,28.2319,CN,CHN
14995,137.693,34.6863,JP,JPN
14996,130.4616,30.3561,JP,JPN
14997,121.7525,29.6013,CN,CHN
14998,120.9158,32.0263,CN,CHN
14999,130.8273,31.4871,JP,JPN
15000,116.7433,23.4625,CN,CHN
15001,133.6898,34.1248,JP,JPN
15002,121.6757,25.082,TW,TWN
15003,121.3749,28.3158,CN,CHN
15004,126.7938,35.9478,KR,KOR
15005,111.9485,21.8877,CN,CHN
15006,140.392,35.6189,JP,JPN
15007,138.0123,34.7674,JP,JPN
15008,120.5027,18.0067,PH,PHL
15009,129.3851,35.6057,KR,KOR
15010,137.4112,34.7513,JP,JPN
15011,129.617,33.2192,JP,JPN
15012,119.2445,35.1205,CN,CHN
15013,120.5838,27.7448,CN,CHN
15014,119.8648,34.4415,CN,CHN
15015,130.9444,34.0241,JP,JPN
15016,120.7705,32.7177,CN,CHN
15017,136.8496,34.8786,JP,JPN
15018,135.7973,35.4142,JP,JPN
15019,122.2189,18.4313,PH,PHL
15020,119.5038,26.8241,CN,CHN
15021,121.8563,29.1562,CN,CHN
15022,121.7102,31.5563,CN,CHN
15023,114.8189,22.6957,CN,CHN
15024,136.032,33.8388,JP,JPN
15025,109.1696,21.4488,CN,CHN
15026,133.5714,33.5614,JP,JPN
15027,115.0277,22.8572,CN,CHN
15028,129.2971,34.167,JP,JPN
15029,121.0447,24.9177,TW,TWN
15030,130.1743,32.7551,JP,JPN
15031,121.5374,29.0731,CN,CHN
15032,120.1223,34.3293,CN,CHN
15033,121.0762,32.4037,CN,CHN
15034,130.3739,31.5208,JP,JPN
15035,133.8633,34.3118,JP,JPN
15036,126.562,35.4715,KR,KOR
15037,138.7805,34.8204,JP,JPN
15038,135.456,34.4988,JP,JPN
15039,131.7715,32.8116,JP,JPN
15040,109.8521,20.7194,CN,CHN
15041,121.7787,24.6048,TW,TWN
15042,108.9405,21.6914,CN,CHN
15043,140.6045,35.8068,JP,JPN
15044,135.2714,35.6758,JP,JPN
15045,119.4459,25.5474,CN,CHN
15046,128.1249,34.9283,KR,KOR
15047,129.9513,32.9417,JP,JPN
15048,132.644,33.3,JP,JPN
15049,120.6586,18.4491,PH,PHL
15050,132.4195,33.4897,JP,JPN
15051,120.3637,23.8549,TW,TWN
15052,120.7582,31.6594,CN,CHN
15053,120.5581,31.8914,CN,CHN
15054,120.5673,22.5035,TW,TWN
15055,109.0952,18.4582,CN,CHN
15056,120.7941,27.9216,CN,CHN
15057,120.3912,30.4534,CN,CHN
15058,113.5486,22.5278,CN,CHN
15059,121.3417,32.3622,CN,CHN
15060,139.062,35.3038,JP,JPN
15061,127.6936,26.1153,JP,JPN
15062,130.6802,32.5042,JP,JPN
15063,119.548,25.811,CN,CHN
15064,121.4963,31.3865,CN,CHN
15065,135.2436,34.1669,JP,JPN
15066,110.3649,19.9603,CN,CHN
15067,131.0481,33.5939,JP,JPN
15068,110.5995,19.2941,CN,CHN
15069,121.0196,31.6012,CN,CHN
15070,130.4807,33.7172,JP,JPN
15071,133.3607,35.3804,JP,JPN
15072,120.103,23.1496,TW,TWN
15073,121.4891,30.0009,CN,CHN
15074,130.0552,32.5039,JP,JPN
15075,130.5606,32.2521,JP,JPN
15076,121.0886,22.7684,TW,TWN
15077,122.0084,18.2451,PH,PHL
15078,120.4239,33.6422,CN,CHN
15079,121.6429,28.9821,CN,CHN
15080,117.9227,24.246,CN,CHN
15081,116.4861,23.1671,CN,CHN
15082,109.7121,19.8488,CN,CHN
15083,120.0086,26.9878,CN,CHN
15084,127.8965,34.7733,KR,KOR
15085,134.9636,35.5871,JP,JPN
15086,118.0759,24.6527,CN,CHN
15087,135.4251,33.6732,JP,JPN
15088,119.6668,35.6889,CN,CHN
15089,120.7744,22.2997,TW,TWN
15090,132.7468,32.8608,JP,JPN
15091,129.9068,33.4994,JP,JPN
15092,108.7411,19.2509,CN,CHN
15093,119.5076,35.3497,CN,CHN
15094,121.6581,31.7697,CN,CHN
15095,113.4334,23.0568,CN,CHN
15096,110.8018,19.8928,CN,CHN
15097,134.6871,35.643,JP,JPN
15098,130.4649,33.0365,JP,JPN
15099,121.8044,29.3792,CN,CHN
15100,121.5948,29.9118,CN,CHN
15101,116.6922,23.3238,CN,CHN
15102,133.6636,33.9817,JP,JPN
15103,121.7272,24.8439,TW,TWN
15104,127.8441,34.9808,KR,KOR
15105,126.8464,35.7457,KR,KOR
15106,135.6967,33.6116,JP,JPN
15107,111.8975,21.7418,CN,CHN
15108,134.3641,34.7309,JP,JPN
15109,140.3486,35.4699,JP,JPN
15110,120.4394,30.2136,CN,CHN
15111,119.1929,25.2701,CN,CHN
15112,122.235,30.0776,CN,CHN
15113,132.7142,33.7635,JP,JPN
15114,121.1114,28.3657,CN,CHN
15115,129.6691,33.0023,JP,JPN
15116,132.7965,35.3405,JP,JPN
15117,121.3313,18.3486,PH,PHL
15118,117.0002,23.7557,CN,CHN
15119,120.531,27.6101,CN,CHN
15120,121.4442,31.6003,CN,CHN
15121,113.2865,22.2185,CN,CHN
15122,120.2165,27.1621,CN,CHN
15123,120.8227,32.8351,CN,CHN
15124,136.7605,35.1293,JP,JPN
15125,115.9172,22.8325,CN,CHN
15126,119.4525,26.694,CN,CHN
15127,119.6526,26.4548,CN,CHN
15128,109.7148,21.6787,CN,CHN
15129,137.1301,34.8154,JP,JPN
15130,113.8106,22.8353,CN,CHN
15131,128.524,35.116,KR,KOR
15132,130.3532,33.1297,JP,JPN
15133,109.6976,18.425,CN,CHN
15134,121.0976,25.0569,TW,TWN
15135,120.3751,33.8723,CN,CHN
15136,132.5073,34.4387,JP,JPN
15137,130.4334,31.6486,JP,JPN
15138,133.769,34.5547,JP,JPN
15139,136.1747,35.7933,JP,JPN
15140,121.3513,23.0935,TW,TWN
15141,126.6198,35.591,KR,KOR
15142,112.9151,22.0289,CN,CHN
15143,119.7472,25.5723,CN,CHN
15144,121.9102,29.2885,CN,CHN
15145,119.0854,34.7761,CN,CHN
15146,135.4255,34.354,JP,JPN
15147,127.3304,34.548,KR,KOR
15148,136.7477,34.4403,JP,JPN
15149,113.5935,23.0781,CN,CHN
15150,129.2068,35.2476,KR,KOR
15151,133.9305,35.4181,JP,JPN
15152,117.4116,23.6677,CN,CHN
15153,133.0416,33.137,JP,JPN
15154,130.3299,32.0941,JP,JPN
15155,133.1822,34.3774,JP,JPN
15156,120.0594,26.7549,CN,CHN
15157,139.0222,35.1557,JP,JPN
15158,134.2631,33.4811,JP,JPN
15159,132.0032,34.6831,JP,JPN
15160,139.1063,34.8995,JP,JPN
15161,119.4969,25.6793,CN,CHN
15162,140.5606,35.6576,JP,JPN
15163,119.1437,25.523,CN,CHN
15164,120.969,18.5272,PH,PHL
15165,120.7411,27.7871,CN,CHN
15166,124.1755,24.4344,JP,JPN
15167,113.4975,22.3844,CN,CHN
15168,119.8061,26.8447,CN,CHN
15169,138.7348,35.2236,JP,JPN
15170,131.1249,34.3896,JP,JPN
15171,130.3376,32.4415,JP,JPN
15172,117.8716,24.1099,CN,CHN
15173,132.3129,34.917,JP,JPN
15174,116.4351,23.0278,CN,CHN
15175,135.1223,34.2689,JP,JPN
15176,136.0503,35.896,JP,JPN
15177,131.47,34.4493,JP,JPN
15178,133.6582,35.4715,JP,JPN
15179,120.6983,30.4862,CN,CHN
15180,120.8269,22.4425,TW,TWN
15181,130.5405,33.8402,JP,JPN
15182,121.8664,30.9105,CN,CHN
15183,121.7121,31.897,CN,CHN
15184,113.3822,22.9139,CN,CHN
15185,121.4999,32.0671,CN,CHN
15186,110.0389,19.9049,CN,CHN
15187,119.957,26.856,CN,CHN
15188,126.8085,33.4415,KR,KOR
15189,109.8403,21.1389,CN,CHN
15190,132.1435,33.8943,JP,JPN
15191,118.6858,24.7093,CN,CHN
15192,133.917,34.5989,JP,JPN
15193,110.1907,20.3538,CN,CHN
15194,139.5981,35.5715,JP,JPN
15195,120.7747,33.0671,CN,CHN
15196,121.0152,30.5713,CN,CHN
15197,120.2573,22.8071,TW,TWN
15198,121.8583,29.5111,CN,CHN
15199,127.278,34.7559,KR,KOR
15200,121.0211,31.9404,CN,CHN
15201,130.9388,31.3901,JP,JPN
15202,132.4809,35.1055,JP,JPN
15203,110.5276,19.9877,CN,CHN
15204,131.5563,33.3438,JP,JPN
15205,121.7806,24.9834,TW,TWN
15206,121.5708,25.1803,TW,TWN
15207,126.9045,35.8645,KR,KOR
15208,131.2371,34.2982,JP,JPN
15209,111.3603,21.5213,CN,CHN
15210,113.8676,22.571,CN,CHN
15211,134.9381,34.7612,JP,JPN
15212,110.1794,20.7737,CN,CHN
15213,115.1851,22.8769,CN,CHN
15214,132.7751,33.8858,JP,JPN
15215,139.9717,35.2436,JP,JPN
15216,136.6254,34.5448,JP,JPN
15217,121.1631,28.1399,CN,CHN
15218,129.7284,33.127,JP,JPN
15219,120.8794,22.5852,TW,TWN
15220,119.9674,34.3279,CN,CHN
15221,118.0756,24.261,CN,CHN
15222,110.3317,21.2192,CN,CHN
15223,121.2862,31.8981,CN,CHN
15224,132.9876,34.0479,JP,JPN
15225,126.583,33.2811,KR,KOR
15226,112.3817,21.8138,CN,CHN
15227,131.35,31.9307,JP,JPN
15228,110.2859,18.8145,CN,CHN
15229,131.9189,34.0805,JP,JPN
15230,121.406,23.6198,TW,TWN
15231,119.6014,26.3242,CN,CHN
15232,114.7121,22.8172,CN,CHN
15233,110.4045,20.53,CN,CHN
15234,108.328,21.7289,CN,CHN
15235,140.3055,35.321,JP,JPN
15236,118.8899,25.2446,CN,CHN
15237,126.436,34.578,KR,KOR
15238,108.9316,18.4282,CN,CHN
15239,130.2858,32.6614,JP,JPN
15240,120.4783,27.4751,CN,CHN
15241,120.2243,34.2156,CN,CHN
15242,113.2355,22.0743,CN,CHN
15243,130.4852,31.4244,JP,JPN
15244,120.8749,32.9522,CN,CHN
15245,136.1419,35.647,JP,JPN
15246,130.6284,32.7241,JP,JPN
15247,119.1384,34.8912,CN,CHN
15248,111.5736,21.6928,CN,CHN
15249,131.0502,31.2928,JP,JPN
15250,108.8257,21.8126,CN,CHN
15251,140.0139,35.3922,JP,JPN
15252,129.4053,28.3363,JP,JPN
15253,135.8292,35.56,JP,JPN
15254,130.0628,32.8486,JP,JPN
15255,109.599,19.9708,CN,CHN
15256,132.5317,33.395,JP,JPN
15257,134.4382,33.6668,JP,JPN
15258,130.0108,33.0665,JP,JPN
15259,120.6708,22.4017,TW,TWN
15260,109.6473,18.2732,CN,CHN
15261,108.4941,21.757,CN,CHN
15262,112.9661,22.1734,CN,CHN
15263,120.9604,30.0936,CN,CHN
15264,126.6565,34.4063,KR,KOR
15265,133.1025,33.2606,JP,JPN
15266,126.6778,35.7102,KR,KOR
15267,112.5937,21.9826,CN,CHN
15268,131.5304,32.31,JP,JPN
15269,132.0257,34.8251,JP,JPN
15270,135.3643,35.4288,JP,JPN
15271,121.6022,31.3002,CN,CHN
15272,131.1601,33.5009,JP,JPN
15273,134.2528,34.1553,JP,JPN
15274,134.3829,35.5533,JP,JPN
15275,118.2288,24.6671,CN,CHN
15276,135.4867,34.6438,JP,JPN
15277,133.9968,33.5391,JP,JPN
15278,128.865,35.1823,KR,KOR
15279,120.2062,23.0494,TW,TWN
15280,117.1546,23.7723,CN,CHN
15281,109.3717,18.3658,CN,CHN
15282,121.4128,25.1393,TW,TWN
15283,117.6673,23.9579,CN,CHN
15284,110.9232,21.5924,CN,CHN
15285,113.4399,22.6494,CN,CHN
15286,130.8243,33.779,JP,JPN
15287,133.4746,34.4662,JP,JPN
15288,108.8048,18.9769,CN,CHN
15289,122.1125,18.135,PH,PHL
15290,138.3715,34.9954,JP,JPN
15291,120.525,33.5277,CN,CHN
15292,136.4367,34.3575,JP,JPN
15293,121.2879,32.236,CN,CHN
15294,119.0926,25.3904,CN,CHN
15295,119.599,25.9425,CN,CHN
15296,135.212,34.7029,JP,JPN
15297,121.1252,31.5159,CN,CHN
15298,130.1666,32.4098,JP,JPN
15299,132.8589,32.7645,JP,JPN
15300,133.7311,33.5964,JP,JPN
15301,121.4284,28.4495,CN,CHN
15302,130.0184,33.4074,JP,JPN
15303,126.4412,34.9059,KR,KOR
15304,131.6683,33.2497,JP,JPN
15305,109.7895,20.9901,CN,CHN
15306,110.0228,18.4835,CN,CHN
15307,132.2117,34.3533,JP,JPN
15308,135.5456,33.5703,JP,JPN
15309,130.3143,31.3927,JP,JPN
15310,129.6764,33.3434,JP,JPN
15311,134.132,34.2555,JP,JPN
15312,139.5568,35.423,JP,JPN
15313,126.5306,33.4936,KR,KOR
15314,121.0686,30.7008,CN,CHN
15315,132.9433,35.3865,JP,JPN
15316,130.5765,32.943,JP,JPN
15317,130.9986,31.5181,JP,JPN
15318,116.1242,22.9912,CN,CHN
15319,110.7006,19.5938,CN,CHN
15320,121.3869,30.7852,CN,CHN
15321,118.9395,24.9908,CN,CHN
15322,114.9766,22.7158,CN,CHN
15323,131.2889,34.0845,JP,JPN
15324,118.7878,24.9775,CN,CHN
15325,135.8171,33.5083,JP,JPN
15326,120.5399,30.1007,CN,CHN
15327,110.1173,21.0442,CN,CHN
15328,139.9296,35.095,JP,JPN
15329,133.8367,34.1684,JP,JPN
15330,129.3636,34.6216,KR,KOR
15331,120.5207,24.2759,TW,TWN
15332,136.5362,34.7949,JP,JPN
15333,121.2309,31.4304,CN,CHN
15334,121.3529,23.4783,TW,TWN
15335,128.2588,26.7376,JP,JPN
15336,120.932,22.7277,TW,TWN
15337,120.677,24.3175,TW,TWN
15338,118.0248,24.5174,CN,CHN
15339,126.9406,34.6854,KR,KOR
15340,120.7102,31.8947,CN,CHN
15341,128.7586,32.7125,JP,JPN
15342,121.8341,25.1228,TW,TWN
15343,121.5338,28.3574,CN,CHN
15344,135.6422,35.3707,JP,JPN
15345,130.5727,30.2573,JP,JPN
15346,131.4016,31.7069,JP,JPN
15347,121.7476,18.3165,PH,PHL
15348,115.8122,22.9539,CN,CHN
15349,110.2356,18.6636,CN,CHN
15350,121.4591,23.761,TW,TWN
15351,119.5527,26.5744,CN,CHN
15352,140.2239,35.58,JP,JPN
15353,115.4991,22.9158,CN,CHN
15354,137.007,34.9203,JP,JPN
15355,114.3444,22.6342,CN,CHN
15356,130.3454,32.7867,JP,JPN
15357,127.6161,34.8255,KR,KOR
15358,131.2816,31.4516,JP,JPN
15359,133.0369,34.3329,JP,JPN
15360,130.5448,31.5523,JP,JPN
15361,131.1166,34.0544,JP,JPN
15362,110.549,19.1439,CN,CHN
15363,121.1725,30.2663,CN,CHN
15364,112.1101,21.9117,CN,CHN
15365,130.6882,32.8492,JP,JPN
15366,138.1353,34.6606,JP,JPN
15367,119.1896,34.6629,CN,CHN
15368,136.2172,34.0252,JP,JPN
15369,110.3539,20.381,CN,CHN
15370,139.9315,35.6505,JP,JPN
15371,118.8388,25.1112,CN,CHN
15372,128.2949,34.9621,KR,KOR
15373,137.57,34.7923,JP,JPN
15374,133.3369,33.4113,JP,JPN
15375,109.5485,19.8205,CN,CHN
15376,132.5925,33.5181,JP,JPN
15377,134.4661,33.8103,JP,JPN
15378,113.7022,22.9567,CN,CHN
15379,121.1413,22.9107,TW,TWN
15380,130.0704,33.191,JP,JPN
15381,120.4764,33.7581,CN,CHN
15382,120.8706,32.6025,CN,CHN
15383,131.5906,32.4359,JP,JPN
15384,138.9826,35.0078,JP,JPN
15385,121.6186,24.1838,TW,TWN
15386,110.078,20.4757,CN,CHN
15387,120.156,23.6726,TW,TWN
15388,140.099,35.6898,JP,JPN
15389,120.5429,30.4588,CN,CHN
15390,110.8723,21.4451,CN,CHN
15391,121.0137,30.224,CN,CHN
15392,112.5427,21.8375,CN,CHN
15393,108.7545,18.8249,CN,CHN
15394,138.3336,34.848,JP,JPN
15395,136.4038,34.2119,JP,JPN
15396,110.202,19.9327,CN,CHN
15397,128.5764,34.9084,KR,KOR
15398,132.0918,34.1095,JP,JPN
15399,118.5337,24.6954,CN,CHN
15400,119.5503,26.1934,CN,CHN
15401,121.1788,31.6436,CN,CHN
15402,130.2494,33.5627,JP,JPN
15403,120.8034,30.3991,CN,CHN
15404,121.278,30.1781,CN,CHN
15405,120.6622,32.1296,CN,CHN
15406,132.9198,32.889,JP,JPN
15407,119.7037,26.585,CN,CHN
15408,121.482,28.583,CN,CHN
15409,120.939,24.6387,TW,TWN
15410,126.4989,35.0267,KR,KOR
15411,131.5045,33.5609,JP,JPN
15412,132.7476,34.2438,JP,JPN
15413,111.5226,21.5463,CN,CHN
15414,119.6062,34.5534,CN,CHN
15415,-166.8576,53.5993,US,USA
15416,-168.0211,53.3346,US,USA
15417,-167.6131,53.3758,US,USA
15418,-168.2568,53.3864,US,USA
15419,-174.109,52.3819,US,USA
15420,-167.2057,53.4155,US,USA
15421,-166.683,53.6905,US,USA
15422,-176.6502,51.701,US,USA
15423,-167.8478,53.4283,US,USA
15424,-166.8004,53.981,US,USA
15425,-168.6023,53.1969,US,USA
15426,-166.9166,53.7447,US,USA
15427,-168.0835,53.4805,US,USA
15428,-176.4887,51.812,US,USA
15429,-167.0318,53.5076,US,USA
15430,-176.7366,51.8472,US,USA
15431,-166.2755,53.7263,US,USA
15432,-166.7415,53.8358,US,USA
15433,-168.5386,53.0507,US,USA
15434,-166.508,53.7812,US,USA
15435,-166.9759,53.89,US,USA
15436,-168.7744,53.1015,US,USA
15437,-174.6045,52.0618,US,USA
15438,-177.894,51.8701,US,USA
15439,-166.3328,53.8715,US,USA
15440,-174.4398,52.1689,US,USA
15441,-174.2746,52.2756,US,USA
15442,-132.1532,53.9908,US,USA
15443,-124.4447,48.6228,CA,CAN
15444,-123.6663,39.4693,US,USA
15445,-128.9447,52.5438,CA,CAN
15446,-121.5699,36.1068,US,USA
15447,-122.3182,37.3207,US,USA
15448,-124.3638,47.7977,US,USA
15449,-123.8173,48.0641,CA,CAN
15450,-123.0802,38.5131,US,USA
15451,-122.6224,47.478,US,USA
15452,-124.2085,48.1628,US,USA
15453,-129.7805,53.5378,CA,CAN
15454,-123.8919,44.6306,US,USA
15455,-131.7689,52.6122,CA,CAN
15456,-127.5854,50.2248,CA,CAN
15457,-124.5004,50.0731,CA,CAN
15458,-127.4987,51.4291,CA,CAN
15459,-125.1375,49.7092,CA,CAN
15460,-131.9255,53.1144,CA,CAN
15461,-126.6175,50.5213,CA,CAN
15462,-127.6788,50.7286,CA,CAN
15463,-132.1839,53.7524,US,USA
15464,-122.6975,37.9197,US,USA
15465,-126.478,50.6162,CA,CAN
15466,-124.4607,42.8034,US,USA
15467,-123.8368,46.1543,US,USA
15468,-122.7297,48.8631,US,USA
15469,-123.8674,39.8356,US,USA
15470,-128.1723,51.9202,CA,CAN
15471,-132.1173,53.3812,US,USA
15472,-123.0461,48.0002,US,USA
15473,-124.1171,49.2077,CA,CAN
15474,-123.644,39.1625,US,USA
15475,-128.7225,52.5069,CA,CAN
15476,-121.9935,37.6593,US,USA
15477,-130.0542,53.3329,CA,CAN
15478,-123.4379,48.102,US,USA
15479,-126.0646,49.3956,CA,CAN
15480,-131.7362,52.8477,CA,CAN
15481,-122.2625,47.7914,US,USA
15482,-121.7844,36.9647,US,USA
15483,-130.1908,53.8451,CA,CAN
15484,-131.6758,52.4792,CA,CAN
15485,-122.2826,48.0698,US,USA
15486,-132.2736,53.0413,US,USA
15487,-126.9675,50.4686,CA,CAN
15488,-123.7586,49.5181,CA,CAN
15489,-131.2743,52.1812,CA,CAN
15490,-124.0057,43.8125,US,USA
15491,-123.0916,48.5526,US,USA
15492,-124.1302,47.3313,US,USA
15493,-123.6456,46.1018,US,USA
15494,-131.9576,53.7228,US,USA
15495,-123.486,48.6527,CA,CAN
15496,-123.6888,39.7752,US,USA
15497,-128.1146,52.1563,CA,CAN
15498,-123.8863,46.7199,US,USA
15499,-124.8664,48.9895,CA,CAN
15500,-123.242,48.0513,US,USA
15501,-124.3153,49.2552,CA,CAN
15502,-123.788,45.5843,US,USA
15503,-128.6679,52.7444,CA,CAN
15504,-125.2096,49.9806,CA,CAN
15505,-122.6864,48.3126,US,USA
15506,-124.2148,42.0056,US,USA
15507,-123.9163,44.9196,US,USA
15508,-121.7516,36.3331,US,USA
15509,-129.8281,53.2987,CA,CAN
15510,-126.4588,49.4824,CA,CAN
15511,-126.2618,49.4392,CA,CAN
15512,-123.9845,41.3495,US,USA
15513,-122.2425,47.5118,US,USA
15514,-121.7679,36.6493,US,USA
15515,-130.42,53.8782,CA,CAN
15516,-124.0549,44.395,US,USA
15517,-122.9789,47.1628,US,USA
15518,-127.8734,51.7439,CA,CAN
15519,-127.7194,50.1298,CA,CAN
15520,-124.1176,40.8055,US,USA
15521,-123.161,49.3723,CA,CAN
15522,-123.9113,47.0009,US,USA
15523,-126.756,50.4265,CA,CAN
15524,-123.4778,46.333,US,USA
15525,-124.249,40.259,US,USA
15526,-123.8123,45.8699,US,USA
15527,-122.1783,37.8812,US,USA
15528,-126.8391,50.9341,CA,CAN
15529,-132.37,53.1741,US,USA
15530,-122.5308,38.0111,US,USA
15531,-126.4105,50.8493,CA,CAN
15532,-122.7516,49.1366,CA,CAN
15533,-122.8611,48.0874,US,USA
15534,-123.257,38.576,US,USA
15535,-122.3028,48.3471,US,USA
15536,-121.5778,36.2653,US,USA
15537,-124.5858,48.1224,US,USA
15538,-122.1518,37.4118,US,USA
15539,-122.8934,38.2948,US,USA
15540,-124.3371,47.5204,US,USA
15541,-123.9532,45.3511,US,USA
15542,-132.0827,52.7757,CA,CAN
15543,-127.8713,50.401,CA,CAN
15544,-124.2395,42.3032,US,USA
15545,-124.9242,49.5296,CA,CAN
15546,-124.1044,47.0518,US,USA
15547,-122.9055,48.6394,US,USA
15548,-122.3546,37.9463,US,USA
15549,-126.6248,50.8919,CA,CAN
15550,-123.466,46.191,US,USA
15551,-128.5004,52.4695,CA,CAN
15552,-132.0864,53.6187,US,USA
15553,-124.2644,42.5998,US,USA
15554,-122.7406,49.0,US,USA
15555,-132.0211,53.2478,US,USA
15556,-127.9151,52.4925,CA,CAN
15557,-122.5,48.3991,US,USA
15558,-121.9593,37.0315,US,USA
15559,-129.0297,52.6808,CA,CAN
15560,-128.1593,50.5763,CA,CAN
15561,-127.4824,51.0578,CA,CAN
15562,-124.1416,41.107,US,USA
15563,-131.8627,52.7453,CA,CAN
15564,-124.0142,49.8383,CA,CAN
15565,-128.0116,51.6459,CA,CAN
15566,-124.7258,49.4837,CA,CAN
15567,-122.1962,38.1932,US,USA
15568,-127.5766,51.5667,CA,CAN
15569,-124.2733,40.5619,US,USA
15570,-124.3145,43.19,US,USA
15571,-124.0788,46.7711,US,USA
15572,-124.8455,50.3988,CA,CAN
15573,-128.2782,52.4315,CA,CAN
15574,-122.3231,48.6231,US,USA
15575,-123.5594,49.4699,CA,CAN
15576,-132.6633,53.5725,US,USA
15577,-132.2142,53.5146,US,USA
15578,-124.8378,48.7177,CA,CAN
15579,-123.8551,48.4772,CA,CAN
15580,-124.4041,48.2116,US,USA
15581,-123.9285,45.0637,US,USA
15582,-125.6545,49.1725,CA,CAN
15583,-130.1447,53.4692,CA,CAN
15584,-123.7758,45.4411,US,USA
15585,-127.2679,51.017,CA,CAN
15586,-122.99,47.3031,US,USA
15587,-127.7941,51.6065,CA,CAN
15588,-131.7031,53.0839,CA,CAN
15589,-122.3729,38.2579,US,USA
15590,-127.4664,50.688,CA,CAN
15591,-122.2725,47.9307,US,USA
15592,-125.0584,50.4448,CA,CAN
15593,-130.283,53.9818,CA,CAN
15594,-127.0418,50.6056,CA,CAN
15595,-124.2611,40.4106,US,USA
15596,-123.1377,49.1002,CA,CAN
15597,-124.1172,47.1917,US,USA
15598,-128.6389,52.3697,CA,CAN
15599,-132.0551,53.8568,US,USA
15600,-125.2027,50.3512,CA,CAN
15601,-123.6775,39.6223,US,USA
15602,-132.4388,53.5438,US,USA
15603,-124.1669,43.575,US,USA
15604,-123.8739,46.5789,US,USA
15605,-123.9061,49.0239,CA,CAN
15606,-131.9896,53.485,US,USA
15607,-123.6585,48.4278,CA,CAN
15608,-125.1546,49.8432,CA,CAN
15609,-129.0102,53.2948,CA,CAN
15610,-125.0342,48.7645,CA,CAN
15611,-121.3963,36.0385,US,USA
15612,-124.0517,48.5261,CA,CAN
15613,-130.3715,53.5026,CA,CAN
15614,-124.5996,48.2599,US,USA
15615,-128.9771,52.9186,CA,CAN
15616,-123.904,44.7753,US,USA
15617,-126.8881,49.8332,CA,CAN
15618,-124.4735,42.9509,US,USA
15619,-124.3504,47.6592,US,USA
15620,-122.6542,47.8966,US,USA
15621,-124.923,50.1663,CA,CAN
15622,-123.9726,41.1992,US,USA
15623,-125.4423,48.9923,CA,CAN
15624,-122.4172,47.2847,US,USA
15625,-127.2541,50.647,CA,CAN
15626,-131.057,52.1487,CA,CAN
15627,-123.8988,46.8605,US,USA
15628,-130.0529,53.9485,CA,CAN
15629,-124.0426,44.2498,US,USA
15630,-122.1695,37.7249,US,USA
15631,-132.4671,53.3069,US,USA
15632,-132.4101,53.7814,US,USA
15633,-122.5315,48.8122,US,USA
15634,-123.6328,39.0087,US,USA
15635,-123.9189,49.1598,CA,CAN
15636,-127.834,52.3543,CA,CAN
15637,-122.2927,48.2086,US,USA
15638,-132.9626,53.9709,US,USA
15639,-133.088,53.8657,US,USA
15640,-124.5721,47.9847,US,USA
15641,-127.0855,49.8747,CA,CAN
15642,-127.6372,51.332,CA,CAN
15643,-125.8675,49.3516,CA,CAN
15644,-124.0203,41.7991,US,USA
15645,-124.3759,49.7949,CA,CAN
15646,-129.325,53.4681,CA,CAN
15647,-123.9408,45.2075,US,USA
15648,-122.8501,47.9486,US,USA
15649,-131.4572,52.4477,CA,CAN
15650,-127.7342,51.8419,CA,CAN
15651,-125.0635,49.0359,CA,CAN
15652,-122.6119,47.3379,US,USA
15653,-127.3079,50.0482,CA,CAN
15654,-124.5135,49.3023,CA,CAN
15655,-123.9578,49.5658,CA,CAN
15656,-122.9504,49.1867,CA,CAN
15657,-125.2776,50.1191,CA,CAN
15658,-122.3334,48.7607,US,USA
15659,-132.5648,53.4397,US,USA
15660,-123.9935,43.6663,US,USA
15661,-123.474,48.5155,CA,CAN
15662,-129.1498,53.1933,CA,CAN
15663,-124.8521,48.8538,CA,CAN
15664,-122.3273,37.4774,US,USA
15665,-132.9874,53.7332,US,USA
15666,-124.3771,47.936,US,USA
15667,-125.6702,49.3071,CA,CAN
15668,-122.633,47.6178,US,USA
15669,-128.1036,50.8083,CA,CAN
15670,-124.2025,41.8564,US,USA
15671,-129.6909,53.4009,CA,CAN
15672,-127.5595,51.1948,CA,CAN
15673,-122.4687,47.9834,US,USA
15674,-124.1296,40.9563,US,USA
15675,-122.7849,47.11,US,USA
15676,-124.5663,50.2127,CA,CAN
15677,-125.2606,49.0819,CA,CAN
15678,-127.1059,50.0071,CA,CAN
15679,-124.7116,49.3489,CA,CAN
15680,-122.1872,38.0373,US,USA
15681,-131.8305,52.9811,CA,CAN
15682,-122.5909,47.0568,US,USA
15683,-124.3019,43.0428,US,USA
15684,-124.7783,50.2593,CA,CAN
15685,-124.0698,40.1998,US,USA
15686,-122.7071,38.0754,US,USA
15687,-127.0535,50.9758,CA,CAN
15688,-123.1493,49.2364,CA,CAN
15689,-123.8491,46.2961,US,USA
15690,-122.3129,48.4853,US,USA
15691,-123.879,39.988,US,USA
15692,-123.6957,48.8389,CA,CAN
15693,-123.6551,39.316,US,USA
15694,-128.8916,52.7813,CA,CAN
15695,-125.6389,49.0376,CA,CAN
15696,-124.1431,47.4706,US,USA
15697,-124.2245,49.8862,CA,CAN
15698,-129.464,53.366,CA,CAN
15699,-130.0991,53.7085,CA,CAN
15700,-124.6454,49.9807,CA,CAN
15701,-122.4275,47.425,US,USA
15702,-124.4225,42.3595,US,USA
15703,-132.1778,52.9085,US,USA
15704,-123.3722,49.5567,CA,CAN
15705,-127.9483,50.5367,CA,CAN
15706,-124.018,43.9586,US,USA
15707,-123.4982,48.7897,CA,CAN
15708,-122.8834,38.1394,US,USA
15709,-128.0336,52.0188,CA,CAN
15710,-125.1345,50.2123,CA,CAN
15711,-124.0579,40.0478,US,USA
15712,-132.5371,53.6769,US,USA
15713,-124.1545,43.4284,US,USA
15714,-123.8933,48.8876,CA,CAN
15715,-123.8001,45.7273,US,USA
15716,-128.5838,52.6069,CA,CAN
15717,-122.1342,37.0978,US,USA
15718,-128.138,52.5311,CA,CAN
15719,-124.3271,43.3369,US,USA
15720,-129.0973,53.4325,CA,CAN
15721,-124.2271,42.1545,US,USA
15722,-121.7598,36.4913,US,USA
15723,-121.9849,37.5026,US,USA
15724,-126.4758,49.6159,CA,CAN
15725,-129.0631,53.0559,CA,CAN
15726,-122.8065,47.3907,US,USA
15727,-123.9964,41.4996,US,USA
15728,-126.8704,49.7005,CA,CAN
15729,-128.2374,50.7119,CA,CAN
15730,-127.9321,51.5088,CA,CAN
15731,-122.2525,47.6517,US,USA
15732,-121.7762,36.8071,US,USA
15733,-124.4349,49.9337,CA,CAN
15734,-124.0673,44.54,US,USA
15735,-122.6436,47.7574,US,USA
15736,-129.8706,53.6746,CA,CAN
15737,-131.3654,52.3145,CA,CAN
15738,-122.4071,47.144,US,USA
15739,-123.1727,49.5079,CA,CAN
15740,-123.9711,49.7006,CA,CAN
15741,-123.8245,46.0123,US,USA
15742,-124.0302,44.1043,US,USA
15743,-122.5403,38.1668,US,USA
15744,-126.3376,50.7112,CA,CAN
15745,-123.6696,46.3855,US,USA
15746,-127.8139,51.9796,CA,CAN
15747,-132.8876,53.6007,US,USA
15748,-123.2675,38.7305,US,USA
15749,-123.6218,38.8548,US,USA
15750,-124.2482,48.5747,CA,CAN
15751,-122.3092,37.1639,US,USA
15752,-131.9252,53.9614,US,USA
15753,-124.6413,48.6705,CA,CAN
15754,-126.6731,49.6584,CA,CAN
15755,-123.6216,48.014,US,USA
15756,-122.9033,38.4499,US,USA
15757,-124.0129,48.1137,CA,CAN
15758,-124.0084,41.6495,US,USA
15759,-124.3561,49.66,CA,CAN
15760,-130.2358,53.6055,CA,CAN
15761,-127.7949,50.2653,CA,CAN
15762,-124.2519,42.4516,US,USA
15763,-127.3758,50.1838,CA,CAN
15764,-124.9388,49.6639,CA,CAN
15765,-124.1056,40.6544,US,USA
15766,-127.8912,50.7687,CA,CAN
15767,-124.2768,42.7477,US,USA
15768,-123.8615,46.4377,US,USA
15769,-127.9748,52.2553,CA,CAN
15770,-123.4447,38.7929,US,USA
15771,-76.4546,36.8381,US,USA
15772,-80.9027,51.9019,CA,CAN
15773,-73.3687,41.1279,US,USA
15774,-80.0909,51.2443,CA,CAN
15775,-75.7374,37.614,US,USA
15776,-73.1519,40.8726,US,USA
15777,-81.881,53.1238,CA,CAN
15778,-79.0324,51.3161,CA,CAN
15779,-76.4589,39.0893,US,USA
15780,-76.0338,38.8558,US,USA
15781,-81.6724,52.272,CA,CAN
15782,-81.3367,52.0112,CA,CAN
15783,-74.3509,39.5559,US,USA
15784,-75.7749,38.1117,US,USA
15785,-80.5159,51.3563,CA,CAN
15786,-75.5589,37.8709,US,USA
15787,-73.0444,40.7452,US,USA
15788,-74.0703,40.2048,US,USA
15789,-75.8721,39.3713,US,USA
15790,-81.7083,52.9933,CA,CAN
15791,-79.6682,51.1308,CA,CAN
15792,-76.3899,36.1074,US,USA
15793,-78.7806,53.0584,CA,CAN
15794,-79.0452,53.7663,CA,CAN
15795,-75.9625,36.7389,US,USA
15796,-82.406,53.5141,CA,CAN
15797,-81.504,52.1417,CA,CAN
15798,-76.482,39.3428,US,USA
15799,-75.6666,37.9912,US,USA
15800,-73.5799,41.1231,US,USA
15801,-80.3549,51.2249,CA,CAN
15802,-76.5213,37.5771,US,USA
15803,-73.3619,40.8683,US,USA
15804,-75.1962,38.3865,US,USA
15805,-81.3293,53.1697,CA,CAN
15806,-79.4554,51.432,CA,CAN
15807,-75.5577,39.2574,US,USA
15808,-74.7455,39.2882,US,USA
15809,-78.6183,52.9235,CA,CAN
15810,-76.0687,36.8569,US,USA
15811,-82.2298,53.3842,CA,CAN
15812,-75.8259,37.4858,US,USA
15813,-76.4123,37.4583,US,USA
15814,-76.3471,37.835,US,USA
15815,-76.1879,39.4846,US,USA
15816,-76.103,38.4737,US,USA
15817,-76.5799,36.0977,US,USA
15818,-75.4474,39.1347,US,USA
15819,-76.1348,36.4857,US,USA
15820,-72.522,40.8833,US,USA
15821,-75.9242,36.2514,US,USA
15822,-76.5848,37.2017,US,USA
15823,-82.3802,53.9537,CA,CAN
15824,-76.1239,38.7251,US,USA
15825,-74.1906,40.5884,US,USA
15826,-72.631,41.2715,US,USA
15827,-74.4469,39.4254,US,USA
15828,-73.2662,41.2602,US,USA
15829,-72.1016,41.4085,US,USA
15830,-74.1684,40.0735,US,USA
15831,-80.7383,51.7706,CA,CAN
15832,-75.8921,39.6259,US,USA
15833,-75.993,38.3529,US,USA
15834,-75.2122,38.6377,US,USA
15835,-78.6572,51.4825,CA,CAN
15836,-76.0292,36.3685,US,USA
15837,-74.9486,39.281,US,USA
15838,-76.4766,37.0836,US,USA
15839,-76.1664,39.2306,US,USA
15840,-73.6727,40.7316,US,USA
15841,-82.2021,53.8235,CA,CAN
15842,-74.2544,39.6865,US,USA
15843,-73.9717,40.3363,US,USA
15844,-80.5749,51.6393,CA,CAN
15845,-76.3918,39.4749,US,USA
15846,-81.6054,53.147,CA,CAN
15847,-72.9508,41.3966,US,USA
15848,-78.592,51.9168,CA,CAN
15849,-76.3053,36.2333,US,USA
15850,-75.1043,38.5158,US,USA
15851,-74.8398,39.1578,US,USA
15852,-72.2072,41.0171,US,USA
15853,-76.1148,36.2425,US,USA
15854,-78.9942,53.4796,CA,CAN
15855,-78.6658,53.2097,CA,CAN
15856,-76.0545,39.1085,US,USA
15857,-82.3045,53.6688,CA,CAN
15858,-76.7889,38.3139,US,USA
15859,-72.3139,41.4061,US,USA
15860,-76.5669,38.0743,US,USA
15861,-76.4344,37.706,US,USA
15862,-82.257,52.9457,CA,CAN
15863,-76.6135,38.575,US,USA
15864,-74.6506,39.4187,US,USA
15865,-78.8294,53.3447,CA,CAN
15866,-75.2616,39.3966,US,USA
15867,-72.7319,40.8801,US,USA
15868,-73.8821,40.7263,US,USA
15869,-76.145,38.9774,US,USA
15870,-81.1704,51.8805,CA,CAN
15871,-76.5622,36.9558,US,USA
15872,-74.2891,40.4563,US,USA
15873,-76.4567,37.9546,US,USA
15874,-75.8837,38.2322,US,USA
15875,-76.4792,38.2041,US,USA
15876,-74.1794,40.3305,US,USA
15877,-75.4689,37.9995,US,USA
15878,-76.0966,39.6167,US,USA
15879,-78.3668,52.2173,CA,CAN
15880,-76.0133,38.6039,US,USA
15881,-82.4312,53.0754,CA,CAN
15882,-78.5715,52.6376,CA,CAN
15883,-82.0838,52.8159,CA,CAN
15884,-76.0489,36.6122,US,USA
15885,-76.502,38.4545,US,USA
15886,-72.4177,41.0145,US,USA
15887,-75.1517,39.2735,US,USA
15888,-76.4988,37.3299,US,USA
15889,-73.6812,40.9907,US,USA
15890,-74.0915,40.7206,US,USA
15891,-72.5262,41.4033,US,USA
15892,-81.8418,52.4022,CA,CAN
15893,-76.7647,38.0641,US,USA
15894,-73.2539,40.741,US,USA
15895,-80.678,51.4875,CA,CAN
15896,-81.1581,53.0383,CA,CAN
15897,-80.8192,52.7751,CA,CAN
15898,-79.5594,51.9998,CA,CAN
15899,-76.7697,36.0878,US,USA
15900,-73.0545,41.2643,US,USA
15901,-78.7033,51.7666,CA,CAN
15902,-75.3377,39.0122,US,USA
15903,-75.1199,38.7675,US,USA
15904,-78.4117,52.5027,CA,CAN
15905,-78.7324,52.7725,CA,CAN
15906,-76.5483,38.9579,US,USA
15907,-79.3478,51.5826,CA,CAN
15908,-75.4651,39.3885,US,USA
15909,-72.9419,40.8766,US,USA
15910,-76.0755,39.3622,US,USA
15911,-73.5719,40.8636,US,USA
15912,-76.8759,38.1837,US,USA
15913,-75.6484,37.7424,US,USA
15914,-80.9881,52.9068,CA,CAN
15915,-78.4798,52.0671,CA,CAN
15916,-79.1896,51.4494,CA,CAN
15917,-78.879,53.6313,CA,CAN
15918,-76.2617,36.8476,US,USA
15919,-76.5718,39.2109,US,USA
15920,-74.2659,39.9423,US,USA
15921,-73.4633,40.7365,US,USA
15922,-75.7801,39.5029,US,USA
15923,-75.2876,38.2574,US,USA
15924,-81.4334,53.0161,CA,CAN
15925,-81.9118,52.6858,CA,CAN
15926,-72.7385,41.4001,US,USA
15927,-78.7672,51.3325,CA,CAN
15928,-79.5622,51.2814,CA,CAN
15929,-75.4299,38.8818,US,USA
15930,-76.525,38.7057,US,USA
15931,-78.9294,53.9183,CA,CAN
15932,-76.5901,38.3242,US,USA
15933,-75.914,37.3579,US,USA
15934,-79.9317,51.1123,CA,CAN
15935,-74.1574,39.8173,US,USA
15936,-81.2626,52.885,CA,CAN
15937,-75.3785,38.1284,US,USA
15938,-78.2529,52.3676,CA,CAN
15939,-81.7409,52.5556,CA,CAN
15940,-74.9337,39.0275,US,USA
15941,-82.3309,53.2298,CA,CAN
15942,-76.6371,38.8266,US,USA
15943,-75.3208,38.7597,US,USA
15944,-78.8139,51.6164,CA,CAN
15945,-65.9915,50.4199,CA,CAN
15946,-64.3752,46.7063,CA,CAN
15947,-57.7284,49.7214,CA,CAN
15948,-61.3465,46.0701,CA,CAN
15949,-68.8939,48.1378,CA,CAN
15950,-60.8342,46.7091,CA,CAN
15951,-61.186,45.783,CA,CAN
15952,-64.8305,44.0205,CA,CAN
15953,-65.2706,47.0326,CA,CAN
15954,-56.1997,53.3916,CA,CAN
15955,-65.0214,45.6501,CA,CAN
15956,-54.2213,49.3787,CA,CAN
15957,-53.8175,47.7688,CA,CAN
15958,-60.2868,45.6992,CA,CAN
15959,-63.7174,44.6243,CA,CAN
15960,-56.9047,49.901,CA,CAN
15961,-60.6751,46.4197,CA,CAN
15962,-52.9386,47.0685,CA,CAN
15963,-64.8009,47.6973,CA,CAN
15964,-66.4693,45.1768,CA,CAN
15965,-64.0555,49.7464,CA,CAN
15966,-70.8938,47.0553,CA,CAN
15967,-67.1535,45.2032,US,USA
15968,-56.6372,51.2894,CA,CAN
15969,-58.4838,48.9658,CA,CAN
15970,-57.895,51.4472,CA,CAN
15971,-61.5129,50.2581,CA,CAN
15972,-66.6921,49.0446,CA,CAN
15973,-66.8002,50.1735,CA,CAN
15974,-70.264,47.7429,CA,CAN
15975,-53.8191,47.2118,CA,CAN
15976,-61.5401,45.2703,CA,CAN
15977,-62.9465,46.1991,CA,CAN
15978,-68.3664,44.4295,US,USA
15979,-55.5307,51.425,CA,CAN
15980,-64.266,48.6385,CA,CAN
15981,-67.6649,44.6795,US,USA
15982,-62.2819,49.196,CA,CAN
15983,-64.2397,46.1499,CA,CAN
15984,-58.1294,47.8069,CA,CAN
15985,-65.5067,44.7275,CA,CAN
15986,-55.7641,52.4646,CA,CAN
15987,-55.8106,46.954,CA,CAN
15988,-55.1581,47.4155,CA,CAN
15989,-54.6294,49.2996,CA,CAN
15990,-53.0422,47.364,CA,CAN
15991,-64.6554,45.7656,CA,CAN
15992,-61.4926,45.9463,CA,CAN
15993,-57.5368,50.2643,CA,CAN
15994,-71.127,42.3314,US,USA
15995,-55.9371,53.3562,CA,CAN
15996,-53.9877,49.3423,CA,CAN
15997,-63.5807,44.75,CA,CAN
15998,-60.5884,45.8645,CA,CAN
15999,-54.435,47.7253,CA,CAN
16000,-60.5255,46.5427,CA,CAN
16001,-60.9837,46.5855,CA,CAN
16002,-69.0999,48.6998,CA,CAN
16003,-56.3525,50.6805,CA,CAN
16004,-70.7832,42.9922,US,USA
16005,-71.0221,42.1999,US,USA
16006,-57.0702,53.6496,CA,CAN
16007,-57.4981,53.9925,CA,CAN
16008,-66.0499,49.1561,CA,CAN
16009,-61.9063,45.1656,CA,CAN
16010,-58.3228,51.3547,CA,CAN
16011,-58.5764,51.3838,CA,CAN
16012,-67.2235,48.7857,CA,CAN
16013,-62.4118,44.9355,CA,CAN
16014,-65.7525,43.8002,CA,CAN
16015,-59.5997,50.6412,CA,CAN
16016,-62.5728,46.3078,CA,CAN
16017,-66.946,50.0383,CA,CAN
16018,-69.5256,43.9149,US,USA
16019,-63.2643,46.3589,CA,CAN
16020,-61.9264,45.5743,CA,CAN
16021,-68.6941,44.5717,US,USA
16022,-56.5934,49.7187,CA,CAN
16023,-56.1139,49.6543,CA,CAN
16024,-68.2422,44.561,US,USA
16025,-62.7121,49.5106,CA,CAN
16026,-64.656,46.4487,CA,CAN
16027,-58.289,47.6866,CA,CAN
16028,-65.2811,47.7239,CA,CAN
16029,-55.9995,50.9179,CA,CAN
16030,-64.4707,46.164,CA,CAN
16031,-54.9334,47.3825,CA,CAN
16032,-55.0366,49.2189,CA,CAN
16033,-64.5656,44.2734,CA,CAN
16034,-64.8038,48.3921,CA,CAN
16035,-52.8219,47.3271,CA,CAN
16036,-57.6332,49.9927,CA,CAN
16037,-61.7913,49.1555,CA,CAN
16038,-71.4612,41.6743,US,USA
16039,-53.2542,47.9575,CA,CAN
16040,-53.7039,48.0303,CA,CAN
16041,-60.511,45.7208,CA,CAN
16042,-56.8039,50.1714,CA,CAN
16043,-59.0923,51.0135,CA,CAN
16044,-67.3777,49.6323,CA,CAN
16045,-53.1056,46.9575,CA,CAN
16046,-71.8894,41.4105,US,USA
16047,-68.8294,48.9736,CA,CAN
16048,-65.0408,47.7109,CA,CAN
16049,-66.6972,45.1861,CA,CAN
16050,-62.8309,45.645,CA,CAN
16051,-63.5128,45.6935,CA,CAN
16052,-53.987,48.7774,CA,CAN
16053,-70.7028,42.0682,US,USA
16054,-69.1821,44.0436,US,USA
16055,-65.6613,43.6625,CA,CAN
16056,-57.6664,47.7513,CA,CAN
16057,-70.313,43.7893,US,USA
16058,-66.1586,44.0861,CA,CAN
16059,-69.5332,47.7333,CA,CAN
16060,-63.1764,46.2158,CA,CAN
16061,-56.1655,52.8082,CA,CAN
16062,-61.8802,49.3033,CA,CAN
16063,-67.0852,44.7951,US,USA
16064,-53.3702,47.6968,CA,CAN
16065,-55.053,47.6784,CA,CAN
16066,-60.882,45.6194,CA,CAN
16067,-68.6259,48.4101,CA,CAN
16068,-64.2979,44.5263,CA,CAN
16069,-70.9037,42.5952,US,USA
16070,-65.4781,50.394,CA,CAN
16071,-69.3669,48.4258,CA,CAN
16072,-64.9491,48.2611,CA,CAN
16073,-57.1928,50.5054,CA,CAN
16074,-64.5192,45.2144,CA,CAN
16075,-64.4553,50.3357,CA,CAN
16076,-60.3692,46.2534,CA,CAN
16077,-69.1394,48.143,CA,CAN
16078,-70.6442,47.3304,CA,CAN
16079,-71.5695,41.5432,US,USA
16080,-63.4382,50.2686,CA,CAN
16081,-54.6019,47.6112,CA,CAN
16082,-67.2675,49.4878,CA,CAN
16083,-64.9438,47.567,CA,CAN
16084,-64.2005,50.3197,CA,CAN
16085,-57.4659,51.5381,CA,CAN
16086,-67.2824,45.0723,US,USA
16087,-56.9612,51.4745,CA,CAN
16088,-66.2994,49.1676,CA,CAN
16089,-67.4717,48.7946,CA,CAN
16090,-58.7533,47.7396,CA,CAN
16091,-66.8343,48.9105,CA,CAN
16092,-62.6347,44.9525,CA,CAN
16093,-65.973,43.8104,CA,CAN
16094,-57.4356,47.7229,CA,CAN
16095,-59.767,50.5166,CA,CAN
16096,-53.4907,46.8818,CA,CAN
16097,-66.0655,43.9481,CA,CAN
16098,-61.4763,45.5363,CA,CAN
16099,-65.0926,43.7674,CA,CAN
16100,-69.7489,43.9178,US,USA
16101,-62.152,45.5926,CA,CAN
16102,-65.6385,44.5993,CA,CAN
16103,-67.891,44.6863,US,USA
16104,-58.7435,48.156,CA,CAN
16105,-55.2795,47.7114,CA,CAN
16106,-64.8369,45.3682,CA,CAN
16107,-63.7076,49.5826,CA,CAN
16108,-64.7021,46.1776,CA,CAN
16109,-54.8272,47.645,CA,CAN
16110,-65.5203,45.4045,CA,CAN
16111,-52.7039,47.5861,CA,CAN
16112,-64.2337,46.835,CA,CAN
16113,-57.8026,49.8718,CA,CAN
16114,-61.1996,46.1938,CA,CAN
16115,-60.684,46.8326,CA,CAN
16116,-56.8042,53.6158,CA,CAN
16117,-64.4293,45.0737,CA,CAN
16118,-63.7036,45.2989,CA,CAN
16119,-60.2918,46.1091,CA,CAN
16120,-69.4992,48.2888,CA,CAN
16121,-64.6984,44.147,CA,CAN
16122,-57.463,50.1134,CA,CAN
16123,-64.8849,45.7787,CA,CAN
16124,-60.1387,45.821,CA,CAN
16125,-60.4537,46.8107,CA,CAN
16126,-64.2039,45.06,CA,CAN
16127,-52.9902,47.2161,CA,CAN
16128,-56.2827,50.5287,CA,CAN
16129,-60.0659,46.0869,CA,CAN
16130,-70.7753,43.2579,US,USA
16131,-57.2132,51.5066,CA,CAN
16132,-63.0579,45.6616,CA,CAN
16133,-67.4095,49.3526,CA,CAN
16134,-57.4172,53.8376,CA,CAN
16135,-66.1097,45.2968,CA,CAN
16136,-62.0481,45.0418,CA,CAN
16137,-69.0427,44.444,US,USA
16138,-69.7918,47.4601,CA,CAN
16139,-53.2449,48.5174,CA,CAN
16140,-63.1353,44.7193,CA,CAN
16141,-65.9933,44.4813,CA,CAN
16142,-66.6536,50.3085,CA,CAN
16143,-70.2879,47.1894,CA,CAN
16144,-55.7433,49.3204,CA,CAN
16145,-53.6974,49.1549,CA,CAN
16146,-69.8766,48.1553,CA,CAN
16147,-62.378,45.6105,CA,CAN
16148,-65.5518,49.1315,CA,CAN
16149,-62.803,46.3253,CA,CAN
16150,-69.8912,47.8774,CA,CAN
16151,-55.2018,47.0057,CA,CAN
16152,-56.2497,49.956,CA,CAN
16153,-53.707,47.4722,CA,CAN
16154,-65.3742,44.8557,CA,CAN
16155,-56.1387,51.2228,CA,CAN
16156,-64.7952,46.3197,CA,CAN
16157,-53.2632,47.4004,CA,CAN
16158,-65.1572,45.5215,CA,CAN
16159,-67.3116,44.803,US,USA
16160,-53.539,47.5846,CA,CAN
16161,-54.0449,48.9274,CA,CAN
16162,-61.1066,45.6398,CA,CAN
16163,-65.2271,47.3061,CA,CAN
16164,-56.5389,53.5815,CA,CAN
16165,-64.7105,50.3511,CA,CAN
16166,-60.5964,46.2752,CA,CAN
16167,-65.0341,47.0197,CA,CAN
16168,-71.0156,42.4633,US,USA
16169,-60.5329,46.956,CA,CAN
16170,-64.0913,46.9637,CA,CAN
16171,-63.3042,49.6952,CA,CAN
16172,-56.9176,50.8974,CA,CAN
16173,-63.7907,50.4342,CA,CAN
16174,-59.9899,45.9427,CA,CAN
16175,-70.6693,43.1246,US,USA
16176,-71.0347,41.6755,US,USA
16177,-62.7741,50.3613,CA,CAN
16178,-66.9252,45.1949,CA,CAN
16179,-57.1492,53.8045,CA,CAN
16180,-58.9709,48.6003,CA,CAN
16181,-67.0829,48.9203,CA,CAN
16182,-61.0116,50.2131,CA,CAN
16183,-69.1645,44.3117,US,USA
16184,-62.5278,49.2155,CA,CAN
16185,-65.8999,44.3427,CA,CAN
16186,-66.4431,49.034,CA,CAN
16187,-62.2712,45.0596,CA,CAN
16188,-62.2683,50.3216,CA,CAN
16189,-70.4396,43.3896,US,USA
16190,-69.4059,44.0472,US,USA
16191,-64.4608,48.93,CA,CAN
16192,-56.0926,52.6539,CA,CAN
16193,-64.0586,45.8656,CA,CAN
16194,-65.7625,47.7487,CA,CAN
16195,-62.1978,46.4153,CA,CAN
16196,-65.3361,48.1433,CA,CAN
16197,-56.5652,51.137,CA,CAN
16198,-59.9333,50.3919,CA,CAN
16199,-55.4447,47.5959,CA,CAN
16200,-63.5848,46.5181,CA,CAN
16201,-65.8629,47.8922,CA,CAN
16202,-53.3165,47.5485,CA,CAN
16203,-65.7486,45.4157,CA,CAN
16204,-63.4067,46.232,CA,CAN
16205,-64.6578,48.5229,CA,CAN
16206,-70.8965,42.8598,US,USA
16207,-67.913,49.3693,CA,CAN
16208,-64.6549,45.0869,CA,CAN
16209,-65.3676,47.1755,CA,CAN
16210,-57.3653,50.3849,CA,CAN
16211,-64.4136,48.5081,CA,CAN
16212,-54.4556,49.4147,CA,CAN
16213,-64.0183,45.455,CA,CAN
16214,-68.4421,49.1041,CA,CAN
16215,-54.2674,47.8391,CA,CAN
16216,-63.8416,45.1725,CA,CAN
16217,-67.2347,49.7678,CA,CAN
16218,-63.6919,50.2862,CA,CAN
16219,-56.1764,50.7994,CA,CAN
16220,-70.7781,46.9169,CA,CAN
16221,-56.2744,53.5466,CA,CAN
16222,-53.5889,48.2923,CA,CAN
16223,-57.2054,47.694,CA,CAN
16224,-66.3379,45.3068,CA,CAN
16225,-66.4501,48.058,CA,CAN
16226,-61.6832,45.147,CA,CAN
16227,-53.4173,48.405,CA,CAN
16228,-62.7742,44.8279,CA,CAN
16229,-56.5838,47.7527,PM,SPM
16230,-58.9112,47.6184,CA,CAN
16231,-58.4086,48.8169,CA,CAN
16232,-62.016,50.3009,CA,CAN
16233,-53.8716,49.0413,CA,CAN
16234,-53.4376,46.7348,CA,CAN
16235,-66.0296,44.2144,CA,CAN
16236,-62.6043,45.628,CA,CAN
16237,-65.8007,49.1441,CA,CAN
16238,-69.4027,47.8699,CA,CAN
16239,-64.5592,49.076,CA,CAN
16240,-60.5982,50.3158,CA,CAN
16241,-56.2427,51.9539,CA,CAN
16242,-61.7012,45.5555,CA,CAN
16243,-65.3124,43.7787,CA,CAN
16244,-55.098,47.2678,CA,CAN
16245,-69.9723,43.9203,US,USA
16246,-57.8964,49.6005,CA,CAN
16247,-53.8743,47.3596,CA,CAN
16248,-65.6627,47.6052,CA,CAN
16249,-55.5872,46.9226,CA,CAN
16250,-62.4642,49.4914,CA,CAN
16251,-58.903,48.0345,CA,CAN
16252,-55.599,51.5781,CA,CAN
16253,-65.0153,44.9719,CA,CAN
16254,-57.9151,49.1801,CA,CAN
16255,-63.4955,46.375,CA,CAN
16256,-60.8927,46.0293,CA,CAN
16257,-60.7356,45.742,CA,CAN
16258,-64.5639,45.6242,CA,CAN
16259,-61.4118,45.8029,CA,CAN
16260,-69.2338,48.5628,CA,CAN
16261,-68.2432,48.5395,CA,CAN
16262,-63.9401,44.6387,CA,CAN
16263,-60.9036,46.4409,CA,CAN
16264,-63.5543,49.7128,CA,CAN
16265,-57.0924,50.7773,CA,CAN
16266,-64.0458,50.4511,CA,CAN
16267,-67.996,48.5323,CA,CAN
16268,-56.9757,47.6647,CA,CAN
16269,-71.2479,41.6751,US,USA
16270,-63.0276,50.3803,CA,CAN
16271,-70.1825,41.6731,US,USA
16272,-58.0699,51.3251,CA,CAN
16273,-63.2852,45.6778,CA,CAN
16274,-58.5715,48.6955,CA,CAN
16275,-69.9199,47.3235,CA,CAN
16276,-65.5707,43.525,CA,CAN
16277,-56.0089,49.9231,CA,CAN
16278,-70.6171,41.4142,US,USA
16279,-56.3549,47.7222,CA,CAN
16280,-55.9487,52.3458,CA,CAN
16281,-62.7741,49.2346,CA,CAN
16282,-53.9852,47.0992,CA,CAN
16283,-70.4137,47.0524,CA,CAN
16284,-70.6607,43.3906,US,USA
16285,-59.296,47.9382,CA,CAN
16286,-53.5442,47.0291,CA,CAN
16287,-68.5917,44.4348,US,USA
16288,-64.9619,43.8939,CA,CAN
16289,-60.3482,50.2917,CA,CAN
16290,-55.9896,51.9196,CA,CAN
16291,-59.1437,47.6439,CA,CAN
16292,-62.0086,45.717,CA,CAN
16293,-70.0203,47.7402,CA,CAN
16294,-55.9792,52.9275,CA,CAN
16295,-65.5791,48.1559,CA,CAN
16296,-66.1405,50.2857,CA,CAN
16297,-64.8069,49.0906,CA,CAN
16298,-62.8052,49.6584,CA,CAN
16299,-64.7496,46.5912,CA,CAN
16300,-58.5831,48.2774,CA,CAN
16301,-60.0987,50.267,CA,CAN
16302,-54.8023,49.1842,CA,CAN
16303,-58.3197,49.0873,CA,CAN
16304,-66.1049,47.9037,CA,CAN
16305,-53.2006,47.8088,CA,CAN
16306,-55.8354,47.512,CA,CAN
16307,-65.3858,45.5335,CA,CAN
16308,-63.6374,46.2477,CA,CAN
16309,-60.6578,45.5986,CA,CAN
16310,-64.473,45.4829,CA,CAN
16311,-61.3315,45.6597,CA,CAN
16312,-68.1651,49.3769,CA,CAN
16313,-53.0539,46.8103,CA,CAN
16314,-55.3352,49.4036,CA,CAN
16315,-64.2455,45.4691,CA,CAN
16316,-68.693,49.1105,CA,CAN
16317,-68.3792,48.4038,CA,CAN
16318,-63.4581,49.5654,CA,CAN
16319,-64.0672,45.1869,CA,CAN
16320,-63.6313,44.4841,CA,CAN
16321,-53.7597,48.1793,CA,CAN
16322,-71.1441,41.5448,US,USA
16323,-63.6008,45.8357,CA,CAN
16324,-58.4964,48.5469,CA,CAN
16325,-70.5998,41.9368,US,USA
16326,-68.9203,44.5764,US,USA
16327,-69.6629,47.5967,CA,CAN
16328,-55.7687,49.8898,CA,CAN
16329,-70.3954,41.6743,US,USA
16330,-62.997,44.8442,CA,CAN
16331,-56.6039,51.7148,CA,CAN
16332,-70.3915,47.6054,CA,CAN
16333,-56.7465,47.635,PM,SPM
16334,-58.5209,47.7133,CA,CAN
16335,-53.7644,47.0643,CA,CAN
16336,-65.8628,44.6099,CA,CAN
16337,-57.8976,47.7793,CA,CAN
16338,-53.7547,49.3055,CA,CAN
16339,-55.8776,52.192,CA,CAN
16340,-59.2196,47.7909,CA,CAN
16341,-69.7458,48.2927,CA,CAN
16342,-56.4238,51.8345,CA,CAN
16343,-55.2619,47.153,CA,CAN
16344,-70.1958,43.9223,US,USA
16345,-58.0635,49.4794,CA,CAN
16346,-53.762,47.6204,CA,CAN
16347,-56.834,49.7503,CA,CAN
16348,-62.4281,46.4336,CA,CAN
16349,-67.1835,44.9337,CA,CAN
16350,-63.7269,46.3906,CA,CAN
16351,-58.0805,49.0592,CA,CAN
16352,-65.8223,48.1681,CA,CAN
16353,-56.0296,51.4944,CA,CAN
16354,-65.0859,47.4366,CA,CAN
16355,-56.4573,50.4099,CA,CAN
16356,-55.8642,53.2013,CA,CAN
16357,-53.8734,47.9173,CA,CAN
16358,-58.7493,51.2606,CA,CAN
16359,-64.163,44.6527,CA,CAN
16360,-59.2624,50.8896,CA,CAN
16361,-63.9025,49.8772,CA,CAN
16362,-67.6108,48.6597,CA,CAN
16363,-53.8725,48.4779,CA,CAN
16364,-57.7192,51.5691,CA,CAN
16365,-54.1056,49.6441,CA,CAN
16366,-65.8818,45.2864,CA,CAN
16367,-53.0718,48.6297,CA,CAN
16368,-54.1505,46.9863,CA,CAN
16369,-62.7168,46.182,CA,CAN
16370,-67.0908,49.9031,CA,CAN
16371,-61.3963,45.3936,CA,CAN
16372,-70.0472,47.1868,CA,CAN
16373,-53.5224,49.2683,CA,CAN
16374,-63.1146,49.4003,CA,CAN
16375,-65.3032,49.1184,CA,CAN
16376,-55.8904,51.1888,CA,CAN
16377,-62.1262,49.3237,CA,CAN
16378,-56.0468,49.5037,CA,CAN
16379,-66.3969,50.2974,CA,CAN
16380,-65.0549,49.1048,CA,CAN
16381,-66.3471,47.9146,CA,CAN
16382,-65.1491,44.844,CA,CAN
16383,-64.966,50.366,CA,CAN
16384,-61.0397,45.9062,CA,CAN
16385,-56.4591,51.409,CA,CAN
16386,-65.7347,50.4072,CA,CAN
16387,-64.1414,46.6918,CA,CAN
16388,-64.9386,46.8768,CA,CAN
16389,-64.7008,45.4962,CA,CAN
16390,-53.2197,46.6992,CA,CAN
16391,-65.4228,47.5929,CA,CAN
16392,-56.7332,50.0203,CA,CAN
16393,-55.5071,49.287,CA,CAN
16394,-59.0109,50.8623,CA,CAN
16395,-60.3751,46.6656,CA,CAN
16396,-61.052,46.3174,CA,CAN
16397,-68.3041,49.2405,CA,CAN
16398,-68.9651,48.8368,CA,CAN
16399,-63.0545,49.677,CA,CAN
16400,-56.7419,51.0173,CA,CAN
16401,-63.8047,49.7298,CA,CAN
16402,-57.2662,50.6569,CA,CAN
16403,-53.6446,48.4417,CA,CAN
16404,-70.8215,41.6755,US,USA
16405,-62.521,50.3417,CA,CAN
16406,-58.422,48.3985,CA,CAN
16407,-53.9295,48.6276,CA,CAN
16408,-63.2816,50.3988,CA,CAN
16409,-66.3097,48.1909,CA,CAN
16410,-70.6085,41.6751,US,USA
16411,-60.8487,50.3395,CA,CAN
16412,-56.783,51.5948,CA,CAN
16413,-70.4296,43.6564,US,USA
16414,-53.9299,46.9519,CA,CAN
16415,-62.6312,46.0389,CA,CAN
16416,-61.3169,45.251,CA,CAN
16417,-63.0208,49.2531,CA,CAN
16418,-55.6091,47.4802,CA,CAN
16419,-67.4389,44.6724,US,USA
16420,-62.0364,49.176,CA,CAN
16421,-64.009,46.1354,CA,CAN
16422,-70.0065,48.0178,CA,CAN
16423,-55.809,49.4708,CA,CAN
16424,-63.8295,45.8509,CA,CAN
16425,-55.6486,47.0697,CA,CAN
16426,-62.6587,46.4514,CA,CAN
16427,-64.8808,45.0997,CA,CAN
16428,-57.989,49.3297,CA,CAN
16429,-68.7603,48.274,CA,CAN
16430,-64.4321,44.3999,CA,CAN
16431,-66.0659,48.1797,CA,CAN
16432,-52.8734,47.4751,CA,CAN
16433,-56.2091,51.3755,CA,CAN
16434,-56.1265,47.6912,CA,CAN
16435,-64.0498,46.5487,CA,CAN
16436,-64.8438,46.7339,CA,CAN
16437,-65.0935,48.1301,CA,CAN
16438,-70.8065,42.1998,US,USA
16439,-67.6611,49.3612,CA,CAN
16440,-69.2715,48.0065,CA,CAN
16441,-56.6311,50.2907,CA,CAN
16442,-56.0521,53.0821,CA,CAN
16443,-54.0421,47.8041,CA,CAN
16444,-58.9213,51.1372,CA,CAN
16445,-70.7694,47.1928,CA,CAN
16446,-63.3579,44.7348,CA,CAN
16447,-71.6772,41.4121,US,USA
16448,-55.2716,49.2532,CA,CAN
16449,-59.4315,50.7655,CA,CAN
16450,-63.7914,45.4403,CA,CAN
16451,-64.1544,49.8936,CA,CAN
16452,-70.5388,46.9154,CA,CAN
16453,-67.8585,48.6677,CA,CAN
16454,-70.711,41.8061,US,USA
16455,-61.7642,50.2798,CA,CAN
16456,-69.0611,44.1756,US,USA
16457,-65.4419,43.6519,CA,CAN
16458,-61.262,50.2359,CA,CAN
16459,-70.5182,47.4679,CA,CAN
16460,-56.0204,52.4998,CA,CAN
16461,-70.5455,43.5235,US,USA
16462,-63.3627,49.4182,CA,CAN
16463,-59.1377,48.0602,CA,CAN
16464,-63.0335,46.3423,CA,CAN
16465,-55.7798,51.4599,CA,CAN
16466,-64.3631,48.7842,CA,CAN
16467,-56.422,49.8375,CA,CAN
16468,-56.0606,52.0731,CA,CAN
16469,-62.3727,49.3436,CA,CAN
16470,-54.0948,46.8392,CA,CAN
16471,-62.86,46.0561,CA,CAN
16472,-55.9417,49.7722,CA,CAN
16473,-68.0165,44.555,US,USA
16474,-64.1488,46.0077,CA,CAN
16475,-55.8216,51.0362,CA,CAN
16476,-55.4249,47.0379,CA,CAN
16477,-54.5437,47.4632,CA,CAN
16478,-54.7681,47.497,CA,CAN
16479,-65.2219,50.3803,CA,CAN
16480,-60.6664,46.0083,CA,CAN
16481,-70.7911,42.7272,US,USA
16482,-55.8986,47.6599,CA,CAN
16483,-4.0088,51.076,GB,GBR
16484,-3.1406,47.7883,FR,FRA
16485,-6.1407,53.0152,IE,IRL
16486,-9.9672,52.2098,IE,IRL
16487,-8.6571,40.8319,PT,PRT
16488,-2.2134,36.9234,ES,ESP
16489,-1.0546,45.1205,FR,FRA
16490,-8.6341,37.1884,PT,PRT
16491,-1.2423,45.921,FR,FRA
16492,-9.3633,38.7971,PT,PRT
16493,-4.381,53.2864,GB,GBR
16494,-7.7617,52.0599,IE,IRL
16495,-8.7082,42.2721,ES,ESP
16496,-9.1497,39.4257,PT,PRT
16497,-8.8781,40.2084,PT,PRT
16498,-0.4319,49.3389,FR,FRA
16499,-3.4516,36.8632,ES,ESP
16500,-2.9094,43.2697,ES,ESP
16501,-1.089,49.2969,FR,FRA
16502,-7.7254,37.2274,PT,PRT
16503,-9.7472,53.7122,IE,IRL
16504,-0.309,39.2833,ES,ESP
16505,-4.1759,51.5935,GB,GBR
16506,-4.5433,50.8979,GB,GBR
16507,-9.7896,52.0963,IE,IRL
16508,-3.3581,47.7678,FR,FRA
16509,-8.7553,37.8953,PT,PRT
16510,-1.2331,46.3294,FR,FRA
16511,-8.611,51.696,IE,IRL
16512,-7.6191,43.6032,ES,ESP
16513,-0.0739,49.2281,FR,FRA
16514,-4.8906,51.9327,GB,GBR
16515,-6.3418,36.629,ES,ESP
16516,-4.2174,53.1677,GB,GBR
16517,-1.2709,50.8716,GB,GBR
16518,-3.0255,53.6341,GB,GBR
16519,-1.9493,50.8293,GB,GBR
16520,-7.6937,52.2012,IE,IRL
16521,-2.2761,47.4595,FR,FRA
16522,-8.7324,40.0904,PT,PRT
16523,-7.0134,37.2223,ES,ESP
16524,-0.2954,39.6998,ES,ESP
16525,-6.687,37.1406,ES,ESP
16526,-3.2486,43.3679,ES,ESP
16527,-5.3602,50.1512,GB,GBR
16528,-7.9718,37.0322,PT,PRT
16529,-1.7424,49.651,FR,FRA
16530,-2.1687,43.2177,ES,ESP
16531,-4.6133,43.333,ES,ESP
16532,-4.2399,48.0902,FR,FRA
16533,-4.4714,48.476,FR,FRA
16534,-1.7662,43.2629,ES,ESP
16535,-3.7038,51.233,GB,GBR
16536,-6.362,53.9149,IE,IRL
16537,-3.5049,47.8899,FR,FRA
16538,-4.3858,50.7779,GB,GBR
16539,-10.2087,52.1795,IE,IRL
16540,-4.2606,51.8514,GB,GBR
16541,-9.8531,51.9529,IE,IRL
16542,-6.2631,53.6616,IE,IRL
16543,-4.2033,43.3872,ES,ESP
16544,-3.7941,43.4397,ES,ESP
16545,-7.4099,43.636,ES,ESP
16546,-1.925,46.9478,FR,FRA
16547,-3.0737,48.7424,FR,FRA
16548,-5.1361,36.5678,ES,ESP
16549,-1.2161,44.0098,FR,FRA
16550,-2.2527,50.6769,GB,GBR
16551,-8.8015,42.5448,ES,ESP
16552,-2.8653,53.5143,GB,GBR
16553,-6.2091,36.5103,ES,ESP
16554,-9.2034,39.2688,PT,PRT
16555,-6.2814,43.5223,ES,ESP
16556,-1.4688,48.6029,FR,FRA
16557,-1.0647,44.7097,FR,FRA
16558,-2.1341,47.3364,FR,FRA
16559,-9.6154,53.9925,IE,IRL
16560,-6.822,37.2593,ES,ESP
16561,-2.0264,50.6922,GB,GBR
16562,-3.2615,53.2316,GB,GBR
16563,-5.2021,50.0316,GB,GBR
16564,-8.9336,43.2435,ES,ESP
16565,-3.9578,48.662,FR,FRA
16566,-0.376,39.1365,ES,ESP
16567,-9.0921,53.1195,IE,IRL
16568,-4.96,43.4268,ES,ESP
16569,-4.0904,47.9688,FR,FRA
16570,-4.6881,50.6176,GB,GBR
16571,-4.3202,48.3549,FR,FRA
16572,-4.3745,50.3774,GB,GBR
16573,-5.0606,50.3148,GB,GBR
16574,-3.8713,47.9906,FR,FRA
16575,-4.2395,51.057,GB,GBR
16576,-8.6481,38.2095,PT,PRT
16577,-8.7284,41.6895,PT,PRT
16578,-5.8143,36.1539,ES,ESP
16579,-4.6555,51.952,GB,GBR
16580,-1.1264,44.9772,FR,FRA
16581,-5.4393,36.2249,ES,ESP
16582,-3.9986,43.4136,ES,ESP
16583,-0.3229,53.8888,GB,GBR
16584,-1.5804,46.4349,FR,FRA
16585,-4.3693,52.8954,GB,GBR
16586,-8.3064,51.8658,IE,IRL
16587,-3.5898,43.4653,ES,ESP
16588,-4.9484,36.602,ES,ESP
16589,-0.2916,49.2151,FR,FRA
16590,-1.9974,46.8055,FR,FRA
16591,-5.1259,51.9128,GB,GBR
16592,-0.0163,38.7674,ES,ESP
16593,-4.0452,52.6572,GB,GBR
16594,-2.6304,50.7828,GB,GBR
16595,-9.4677,52.809,IE,IRL
16596,-6.4273,52.4601,IE,IRL
16597,-5.589,50.1286,GB,GBR
16598,-8.7242,43.2791,ES,ESP
16599,-8.768,40.5205,PT,PRT
16600,-8.8956,42.8172,ES,ESP
16601,-4.8185,43.3053,ES,ESP
16602,-4.4599,48.0678,FR,FRA
16603,-10.3338,51.8919,IE,IRL
16604,-4.693,48.4535,FR,FRA
16605,-1.4959,43.4303,FR,FRA
16606,-9.9793,51.6652,IE,IRL
16607,-3.7231,47.8688,FR,FRA
16608,-5.6267,36.1896,ES,ESP
16609,-4.4948,51.8327,GB,GBR
16610,-0.9826,45.2634,FR,FRA
16611,-8.6143,37.7777,PT,PRT
16612,-2.3415,48.5347,FR,FRA
16613,-8.7741,37.3058,PT,PRT
16614,-0.1713,53.767,GB,GBR
16615,-8.8493,51.6682,IE,IRL
16616,-5.1942,36.4139,ES,ESP
16617,-1.2071,44.4222,FR,FRA
16618,-1.4607,49.0046,FR,FRA
16619,-6.4891,43.4916,ES,ESP
16620,-2.3486,47.3174,FR,FRA
16621,-1.5899,37.5788,ES,ESP
16622,-27.1548,38.7146,PT,PRT
16623,-8.7873,39.9342,PT,PRT
16624,-0.8202,50.8974,GB,GBR
16625,-6.4981,52.3206,IE,IRL
16626,-8.9905,43.0895,ES,ESP
16627,-4.1794,48.6408,FR,FRA
16628,-8.5665,40.558,PT,PRT
16629,-1.6865,48.5865,FR,FRA
16630,-4.1015,51.7317,GB,GBR
16631,-0.1466,50.9328,GB,GBR
16632,-0.1599,39.9924,ES,ESP
16633,-4.3098,47.9466,FR,FRA
16634,-4.5412,48.3326,FR,FRA
16635,-5.3086,43.5198,ES,ESP
16636,-4.8025,51.6748,GB,GBR
16637,-4.603,50.357,GB,GBR
16638,-6.2378,53.2701,IE,IRL
16639,-6.4349,53.7779,IE,IRL
16640,-3.5539,51.5091,GB,GBR
16641,-2.9545,36.8043,ES,ESP
16642,-9.7258,52.2395,IE,IRL
16643,-1.1166,45.3876,FR,FRA
16644,-8.7845,41.5344,PT,PRT
16645,-4.3462,52.1088,GB,GBR
16646,-2.5836,36.8645,ES,ESP
16647,-1.1068,45.797,FR,FRA
16648,-5.4966,36.0706,ES,ESP
16649,-3.0859,50.7495,GB,GBR
16650,-2.7828,51.3007,GB,GBR
16651,-4.6079,52.8776,GB,GBR
16652,-8.5452,51.8387,IE,IRL
16653,-8.7647,42.1175,ES,ESP
16654,-5.3818,36.3792,ES,ESP
16655,-7.769,43.7224,ES,ESP
16656,-1.9929,47.2131,FR,FRA
16657,-0.0832,38.6207,ES,ESP
16658,-9.5973,52.5248,IE,IRL
16659,-0.4554,38.5723,ES,ESP
16660,-3.3182,51.1298,GB,GBR
16661,-9.0958,39.5826,PT,PRT
16662,-1.5362,48.8656,FR,FRA
16663,-7.5333,37.2656,PT,PRT
16664,-0.9104,45.4062,FR,FRA
16665,-9.1583,52.9785,IE,IRL
16666,-1.8392,37.4017,ES,ESP
16667,-7.1494,37.3409,ES,ESP
16668,-6.697,43.4604,ES,ESP
16669,-9.1995,43.0532,ES,ESP
16670,-2.0286,36.9524,ES,ESP
16671,-1.3761,49.5434,FR,FRA
16672,-9.0417,39.7392,PT,PRT
16673,-9.8643,53.9647,IE,IRL
16674,-5.8664,43.5824,ES,ESP
16675,-8.8232,40.3645,PT,PRT
16676,-8.9523,42.6629,ES,ESP
16677,-3.9431,51.6117,GB,GBR
16678,-0.0034,50.8093,GB,GBR
16679,-4.1698,48.2336,FR,FRA
16680,-4.76,50.477,GB,GBR
16681,-4.4012,48.6191,FR,FRA
16682,-5.1659,43.3985,ES,ESP
16683,-8.6925,41.261,PT,PRT
16684,-3.5152,48.7032,FR,FRA
16685,-25.2104,37.813,PT,PRT
16686,-5.1315,50.1734,GB,GBR
16687,-2.769,36.8346,ES,ESP
16688,-8.7018,38.0525,PT,PRT
16689,-0.972,45.6729,FR,FRA
16690,-2.5604,48.5166,FR,FRA
16691,-6.0682,53.1532,IE,IRL
16692,-7.9788,43.6889,ES,ESP
16693,-1.8523,47.0898,FR,FRA
16694,-9.0877,51.6398,IE,IRL
16695,-0.2692,38.5967,ES,ESP
16696,-6.9759,52.2744,IE,IRL
16697,-1.1455,44.1541,FR,FRA
16698,-4.0359,52.2641,GB,GBR
16699,-28.3032,38.4462,PT,PRT
16700,-7.3413,37.3034,ES,ESP
16701,-6.8441,43.5804,ES,ESP
16702,-4.1987,36.7354,ES,ESP
16703,-1.6537,37.4295,ES,ESP
16704,-6.2853,36.7841,ES,ESP
16705,-3.8248,36.8,ES,ESP
16706,-1.0454,50.8847,GB,GBR
16707,-5.722,43.4617,ES,ESP
16708,-1.9046,48.5697,FR,FRA
16709,-9.0257,53.2603,IE,IRL
16710,-2.8421,43.4169,ES,ESP
16711,-1.2994,49.6813,FR,FRA
16712,-0.2278,39.8462,ES,ESP
16713,-5.5152,43.4909,ES,ESP
16714,-4.9894,50.456,GB,GBR
16715,-1.3565,43.7205,FR,FRA
16716,-1.0968,46.2054,FR,FRA
16717,-8.8773,41.8077,PT,PRT
16718,-5.9453,36.2727,ES,ESP
16719,-4.5815,52.0902,GB,GBR
16720,-3.314,50.7321,GB,GBR
16721,-4.5141,36.8225,ES,ESP
16722,-8.3022,37.1107,PT,PRT
16723,-8.7363,38.4842,PT,PRT
16724,-4.2935,53.0317,GB,GBR
16725,-8.8211,41.9627,ES,ESP
16726,-3.6904,50.4356,GB,GBR
16727,-1.4044,37.6061,ES,ESP
16728,-1.2778,44.2781,FR,FRA
16729,-0.1356,38.8904,ES,ESP
16730,-2.859,51.1633,GB,GBR
16731,-8.0007,52.0342,IE,IRL
16732,-0.0578,52.8775,GB,GBR
16733,-0.5216,38.4249,ES,ESP
16734,-8.6678,37.6205,PT,PRT
16735,-3.5481,51.1124,GB,GBR
16736,-1.5286,49.2666,FR,FRA
16737,-0.7188,37.9819,ES,ESP
16738,-2.5044,43.3176,ES,ESP
16739,-0.6506,49.3254,FR,FRA
16740,-2.4189,47.5824,FR,FRA
16741,-3.1122,43.2452,ES,ESP
16742,-9.4024,52.9506,IE,IRL
16743,-9.2047,53.3737,IE,IRL
16744,-4.0117,36.7679,ES,ESP
16745,-7.78,37.0709,PT,PRT
16746,-2.9461,53.7676,GB,GBR
16747,-6.3561,52.5993,IE,IRL
16748,-2.0913,36.8023,ES,ESP
16749,-3.6381,36.8318,ES,ESP
16750,-6.0738,43.5526,ES,ESP
16751,-9.0473,42.9353,ES,ESP
16752,-4.4585,50.6379,GB,GBR
16753,-3.3262,36.7427,ES,ESP
16754,-0.3708,50.9215,GB,GBR
16755,-3.7364,48.6828,FR,FRA
16756,-25.4049,37.7442,PT,PRT
16757,-6.2128,52.8769,IE,IRL
16758,-4.8317,50.3362,GB,GBR
16759,-1.9025,37.252,ES,ESP
16760,-8.5107,40.7136,PT,PRT
16761,-3.9182,50.4167,GB,GBR
16762,-7.2612,43.5165,ES,ESP
16763,-0.9612,46.0813,FR,FRA
16764,-4.7607,36.6359,ES,ESP
16765,-8.1099,37.1499,PT,PRT
16766,-2.86,51.5589,GB,GBR
16767,-4.4082,43.3603,ES,ESP
16768,-2.9262,48.6203,FR,FRA
16769,-9.3261,51.6108,IE,IRL
16770,-8.2474,43.5022,ES,ESP
16771,-3.8845,52.5378,GB,GBR
16772,-1.2191,37.633,ES,ESP
16773,-1.136,44.5661,FR,FRA
16774,-9.2192,38.6797,PT,PRT
16775,-9.6617,52.3823,IE,IRL
16776,-1.4967,50.8579,GB,GBR
16777,-7.215,52.2505,IE,IRL
16778,-1.3848,49.1434,FR,FRA
16779,-2.3703,43.1944,ES,ESP
16780,-9.4331,53.8801,IE,IRL
16781,-0.7841,37.8339,ES,ESP
16782,-0.3628,39.5532,ES,ESP
16783,-4.1309,52.9127,GB,GBR
16784,-7.0526,43.5487,ES,ESP
16785,-9.8126,53.5716,IE,IRL
16786,-3.9347,51.2148,GB,GBR
16787,-1.5208,49.6664,FR,FRA
16788,-10.0935,51.9227,IE,IRL
16789,-8.5453,41.1427,PT,PRT
16790,-3.1403,36.7737,ES,ESP
16791,-4.7292,51.8136,GB,GBR
16792,-1.1979,44.8338,FR,FRA
16793,-2.7786,47.6858,FR,FRA
16794,-0.0205,53.645,GB,GBR
16795,-1.0341,45.9393,FR,FRA
16796,-2.1229,48.5524,FR,FRA
16797,-4.5733,36.6694,ES,ESP
16798,-2.7062,51.4378,GB,GBR
16799,-2.7795,48.4979,FR,FRA
16800,-9.2569,39.1117,PT,PRT
16801,-8.515,43.3143,ES,ESP
16802,-1.8577,46.682,FR,FRA
16803,-2.4794,50.6611,GB,GBR
16804,-9.5327,52.6671,IE,IRL
16805,-8.721,37.4632,PT,PRT
16806,-1.3492,50.7354,GB,GBR
16807,-4.1111,52.1269,GB,GBR
16808,-0.7734,38.2522,ES,ESP
16809,-2.7068,43.2939,ES,ESP
16810,-9.4506,53.3462,IE,IRL
16811,-0.8696,49.3113,FR,FRA
16812,-1.0341,37.6596,ES,ESP
16813,-3.5001,53.2164,GB,GBR
16814,-6.5525,37.0218,ES,ESP
16815,-3.9691,52.7935,GB,GBR
16816,-0.8378,45.5487,FR,FRA
16817,-1.8184,49.5125,FR,FRA
16818,-0.5953,50.9097,GB,GBR
16819,-2.6346,47.5632,FR,FRA
16820,-1.9656,37.1023,ES,ESP
16821,-8.6013,40.9874,PT,PRT
16822,-1.4264,43.5755,FR,FRA
16823,-3.3223,51.5262,GB,GBR
16824,-4.1463,50.3973,GB,GBR
16825,-9.9163,51.8092,IE,IRL
16826,-6.3359,53.5243,IE,IRL
16827,-2.858,50.7664,GB,GBR
16828,-3.091,51.5428,GB,GBR
16829,-9.5647,51.5814,IE,IRL
16830,-3.5425,50.7142,GB,GBR
16831,-8.3058,43.3491,ES,ESP
16832,-1.7187,46.5585,FR,FRA
16833,-8.79,38.3272,PT,PRT
16834,-1.3701,46.4533,FR,FRA
16835,-8.0678,51.8923,IE,IRL
16836,-8.6513,42.4265,ES,ESP
16837,-1.7229,50.8438,GB,GBR
16838,-2.9445,53.3805,GB,GBR
16839,-6.0769,36.3915,ES,ESP
16840,-3.9603,52.4011,GB,GBR
16841,-3.0885,51.1468,GB,GBR
16842,-0.5875,38.2774,ES,ESP
16843,-0.8492,37.6858,ES,ESP
16844,-0.43,39.4064,ES,ESP
16845,-4.3265,36.8554,ES,ESP
16846,-1.6731,49.3896,FR,FRA
16847,-6.4186,36.903,ES,ESP
16848,-10.0598,53.543,IE,IRL
16849,-0.2555,39.0134,ES,ESP
16850,-1.6972,43.4086,FR,FRA
16851,-8.6365,41.4162,PT,PRT
16852,-4.9638,51.7939,GB,GBR
16853,-2.9952,47.666,FR,FRA
16854,-3.2943,48.723,FR,FRA
16855,-6.2846,52.7383,IE,IRL
16856,-4.3128,50.9176,GB,GBR
16857,-8.0379,43.5363,ES,ESP
16858,-1.2865,43.8652,FR,FRA
16859,-3.7106,51.6295,GB,GBR
16860,-2.3984,36.8942,ES,ESP
16861,-9.7401,51.6954,IE,IRL
16862,-6.1652,53.4077,IE,IRL
16863,-8.827,37.1482,PT,PRT
16864,-8.4413,37.2282,PT,PRT
16865,-3.4522,43.3428,ES,ESP
16866,-0.105,53.5148,GB,GBR
16867,-8.8789,38.6019,PT,PRT
16868,-9.3102,38.9544,PT,PRT
16869,-3.6166,50.5751,GB,GBR
16870,-31.2233,39.4068,PT,PRT
16871,-9.0755,38.5623,PT,PRT
16872,-3.978,53.1844,GB,GBR
16873,-6.7369,52.2977,IE,IRL
16874,-1.3934,48.7423,FR,FRA
16875,-0.8389,38.1042,ES,ESP
16876,-3.764,50.2959,GB,GBR
16877,-3.0233,53.2463,GB,GBR
16878,-7.4543,52.2261,IE,IRL
16879,-9.6965,53.3181,IE,IRL
16880,-9.4994,53.74,IE,IRL
16881,-3.7389,53.2007,GB,GBR
16882,-1.2321,49.4202,FR,FRA
16883,-8.842,39.7779,PT,PRT
16884,-2.8664,53.9008,GB,GBR
16885,-9.8777,53.4307,IE,IRL
16886,-1.9673,43.2405,ES,ESP
16887,23.6176,40.2609,GR,GRC
16888,22.7499,37.8889,GR,GRC
16889,16.8173,40.424,IT,ITA
16890,13.3394,41.3866,IT,ITA
16891,14.8222,42.0113,IT,ITA
16892,34.7571,46.3034,UA,UKR
16893,33.7423,36.3681,TR,TUR
16894,2.7349,39.7368,ES,ESP
16895,11.88,42.2516,IT,ITA
16896,14.9152,44.9909,HR,HRV
16897,29.0281,41.2119,TR,TUR
16898,3.793,36.8633,DZ,DZA
16899,8.3313,53.4385,DE,DEU
16900,15.9827,39.5627,IT,ITA
16901,13.665,37.3572,IT,ITA
16902,14.1441,42.5258,IT,ITA
16903,19.0912,42.2596,ME,MNE
16904,15.0447,44.596,HR,HRV
16905,9.6082,40.2877,IT,ITA
16906,0.9223,36.2984,DZ,DZA
16907,3.0789,41.8194,ES,ESP
16908,23.0843,40.417,GR,GRC
16909,5.7637,43.2662,FR,FRA
16910,3.5613,51.3131,BE,BEL
16911,24.2412,38.124,GR,GRC
16912,27.5524,37.3784,TR,TUR
16913,23.1853,38.1606,GR,GRC
16914,26.2776,39.7222,TR,TUR
16915,0.4944,40.6179,ES,ESP
16916,15.1177,37.1373,IT,ITA
16917,2.9393,42.6021,FR,FRA
16918,0.0448,53.3926,GB,GBR
16919,10.7686,53.9035,DE,DEU
16920,23.6387,38.7128,GR,GRC
16921,19.719,39.7639,GR,GRC
16922,35.5663,45.2679,UA,UKR
16923,4.8721,52.904,NL,NLD
16924,1.9911,50.89,FR,FRA
16925,3.244,39.6763,ES,ESP
16926,4.3161,52.1086,NL,NLD
16927,13.3988,45.8391,IT,ITA
16928,20.1483,39.7633,AL,ALB
16929,15.0026,40.2238,IT,ITA
16930,0.8967,49.8061,FR,FRA
16931,7.2299,36.8592,DZ,DZA
16932,9.3588,42.7228,FR,FRA
16933,28.1924,41.5526,TR,TUR
16934,13.746,45.7273,IT,ITA
16935,10.7469,36.7524,TN,TUN
16936,6.0598,36.7303,DZ,DZA
16937,8.6947,39.097,IT,ITA
16938,24.3194,41.0728,GR,GRC
16939,4.5481,52.1412,NL,NLD
16940,0.2222,49.3771,FR,FRA
16941,1.6667,52.4216,GB,GBR
16942,9.5072,42.3303,FR,FRA
16943,16.0832,43.6953,HR,HRV
16944,6.3048,43.2,FR,FRA
16945,29.0528,45.0321,RO,ROU
16946,12.6795,41.6216,IT,ITA
16947,15.3945,38.1376,IT,ITA
16948,35.0195,41.9568,TR,TUR
16949,31.8223,46.6419,UA,UKR
16950,26.4888,38.4402,TR,TUR
16951,32.242,41.603,TR,TUR
16952,4.2293,43.5923,FR,FRA
16953,17.9867,42.7937,HR,HRV
16954,32.2104,36.4,TR,TUR
16955,1.8436,36.4431,DZ,DZA
16956,28.4713,43.9983,RO,ROU
16957,16.7573,43.4458,HR,HRV
16958,22.8015,39.0205,GR,GRC
16959,8.4617,39.3516,IT,ITA
16960,14.7666,40.7688,IT,ITA
16961,7.7369,36.7712,DZ,DZA
16962,32.114,41.4785,TR,TUR
16963,29.4261,40.9015,TR,TUR
16964,18.1086,40.4503,IT,ITA
16965,4.3226,51.505,NL,NLD
16966,14.2946,37.1037,IT,ITA
16967,34.3111,36.7256,TR,TUR
16968,28.535,43.5864,BG,BGR
16969,29.0546,40.5138,TR,TUR
16970,24.2657,40.2379,GR,GRC
16971,2.9293,39.7661,ES,ESP
16972,33.6971,41.85,TR,TUR
16973,35.981,46.6649,UA,UKR
16974,7.5622,53.5921,DE,DEU
16975,10.7124,43.2469,IT,ITA
16976,28.1794,36.3337,GR,GRC
16977,3.5295,36.6885,DZ,DZA
16978,28.472,41.1159,TR,TUR
16979,8.05,53.6453,DE,DEU
16980,14.1215,45.0849,HR,HRV
16981,30.5046,46.3731,UA,UKR
16982,23.6493,40.8183,GR,GRC
16983,19.6374,41.8495,AL,ALB
16984,5.5556,43.2394,FR,FRA
16985,3.9833,36.889,DZ,DZA
16986,2.8189,51.1704,BE,BEL
16987,0.5238,50.9641,GB,GBR
16988,33.5192,44.5931,UA,UKR
16989,6.7346,53.3786,NL,NLD
16990,23.9164,37.9943,GR,GRC
16991,20.5653,39.1991,GR,GRC
16992,3.1097,42.2267,ES,ESP
16993,13.1123,38.0332,IT,ITA
16994,0.9689,50.9827,GB,GBR
16995,6.0139,53.2907,NL,NLD
16996,3.7352,51.5706,NL,NLD
16997,0.6844,40.6385,ES,ESP
16998,13.5253,38.0554,IT,ITA
16999,21.7059,38.1959,GR,GRC
17000,8.7211,44.5368,IT,ITA
17001,23.3127,38.5819,GR,GRC
17002,12.6189,45.6579,IT,ITA
17003,19.9336,39.7638,GR,GRC
17004,13.2391,37.6175,IT,ITA
17005,3.4393,39.7048,ES,ESP
17006,27.9749,41.5681,TR,TUR
17007,18.761,42.3939,ME,MNE
17008,0.8765,51.8841,GB,GBR
17009,23.737,38.5679,GR,GRC
17010,13.0689,45.687,IT,ITA
17011,15.2157,40.2325,IT,ITA
17012,9.4832,39.4472,IT,ITA
17013,9.0547,42.5586,FR,FRA
17014,4.225,51.9751,NL,NLD
17015,1.4131,49.9599,FR,FRA
17016,20.0433,39.9037,AL,ALB
17017,27.2395,40.7839,TR,TUR
17018,10.9479,36.7671,TN,TUN
17019,9.4792,42.5988,FR,FRA
17020,27.3055,38.1061,TR,TUR
17021,10.2028,44.0098,IT,ITA
17022,14.5526,40.7592,IT,ITA
17023,30.6196,36.8457,TR,TUR
17024,26.8854,38.1328,TR,TUR
17025,24.5373,41.0642,GR,GRC
17026,15.0302,36.7081,IT,ITA
17027,34.959,45.6154,UA,UKR
17028,21.7869,37.4839,GR,GRC
17029,0.3806,49.6491,FR,FRA
17030,16.0134,38.4404,IT,ITA
17031,12.1512,44.4304,IT,ITA
17032,6.5141,43.2254,FR,FRA
17033,9.5723,39.5936,IT,ITA
17034,28.6971,44.9252,RO,ROU
17035,16.4794,41.1085,IT,ITA
17036,32.2776,46.5945,UA,UKR
17037,21.0952,39.0532,GR,GRC
17038,17.2065,43.1862,HR,HRV
17039,18.1099,40.1715,IT,ITA
17040,15.7118,38.0075,IT,ITA
17041,22.9283,39.4398,GR,GRC
17042,33.4196,36.2638,TR,TUR
17043,24.855,37.8142,GR,GRC
17044,1.6585,36.4147,DZ,DZA
17045,24.6177,40.643,GR,GRC
17046,22.8229,37.1749,GR,GRC
17047,0.7542,40.783,ES,ESP
17048,14.0496,37.9406,IT,ITA
17049,30.9079,46.7312,UA,UKR
17050,7.2859,43.8503,FR,FRA
17051,28.0593,43.3485,BG,BGR
17052,2.0292,36.4714,DZ,DZA
17053,28.5945,40.2702,TR,TUR
17054,31.4311,41.2726,TR,TUR
17055,29.211,40.9192,TR,TUR
17056,17.4591,40.717,IT,ITA
17057,16.5351,38.5963,IT,ITA
17058,27.8572,36.2134,GR,GRC
17059,33.3061,45.2876,UA,UKR
17060,20.4381,38.2113,GR,GRC
17061,17.0504,39.312,IT,ITA
17062,22.9078,36.7439,GR,GRC
17063,7.9337,36.7908,DZ,DZA
17064,22.4225,40.1541,GR,GRC
17065,29.641,40.8835,TR,TUR
17066,26.9616,38.9776,TR,TUR
17067,29.4801,45.6658,UA,UKR
17068,19.5136,40.6019,AL,ALB
17069,14.3752,42.2642,IT,ITA
17070,34.4345,36.8523,TR,TUR
17071,8.5763,40.1911,IT,ITA
17072,23.9333,40.1102,GR,GRC
17073,15.823,41.3636,IT,ITA
17074,11.7831,42.1084,IT,ITA
17075,9.436,40.9596,IT,ITA
17076,12.5123,37.7169,IT,ITA
17077,7.8058,53.6189,DE,DEU
17078,3.719,36.7144,DZ,DZA
17079,2.4674,39.5597,ES,ESP
17080,28.6881,41.0996,TR,TUR
17081,15.5884,41.9056,IT,ITA
17082,9.5812,40.5607,IT,ITA
17083,16.0239,41.9212,IT,ITA
17084,4.6851,52.6398,NL,NLD
17085,19.5229,41.4348,AL,ALB
17086,3.3428,51.3093,NL,NLD
17087,13.3187,38.0445,IT,ITA
17088,34.2527,41.9189,TR,TUR
17089,22.4397,38.0388,GR,GRC
17090,1.134,51.2482,GB,GBR
17091,31.3538,36.9173,TR,TUR
17092,3.867,51.4463,NL,NLD
17093,26.3014,40.0016,TR,TUR
17094,0.4251,40.4729,ES,ESP
17095,2.8923,42.8618,FR,FRA
17096,21.3845,38.0592,GR,GRC
17097,16.7127,40.2821,IT,ITA
17098,12.8438,45.6726,IT,ITA
17099,35.6003,41.6026,TR,TUR
17100,10.5694,36.4568,TN,TUN
17101,35.6487,45.1232,UA,UKR
17102,21.7771,37.1991,GR,GRC
17103,29.2364,36.5384,TR,TUR
17104,28.4433,36.8866,TR,TUR
17105,16.401,39.855,IT,ITA
17106,2.295,51.0282,FR,FRA
17107,27.786,41.8578,TR,TUR
17108,8.8123,41.8567,FR,FRA
17109,9.1898,39.282,IT,ITA
17110,28.856,36.8549,TR,TUR
17111,12.2314,44.8361,IT,ITA
17112,26.9021,40.6656,TR,TUR
17113,10.658,36.6046,TN,TUN
17114,17.2392,40.9898,IT,ITA
17115,3.6127,43.5028,FR,FRA
17116,27.0955,38.1197,TR,TUR
17117,13.6629,43.3152,IT,ITA
17118,14.7066,53.8104,PL,POL
17119,12.8514,43.9411,IT,ITA
17120,9.4154,42.1861,FR,FRA
17121,15.976,43.5562,HR,HRV
17122,29.9369,36.3358,TR,TUR
17123,26.7432,37.7151,GR,GRC
17124,17.4285,43.1914,HR,HRV
17125,15.2951,37.9929,IT,ITA
17126,27.9404,37.0662,TR,TUR
17127,18.3249,40.1744,IT,ITA
17128,15.9203,38.0142,IT,ITA
17129,34.7047,46.046,UA,UKR
17130,22.626,37.4653,GR,GRC
17131,15.2899,44.0696,HR,HRV
17132,6.9856,43.6823,FR,FRA
17133,32.8961,36.1814,TR,TUR
17134,22.9919,36.3118,GR,GRC
17135,28.8085,40.2537,TR,TUR
17136,22.2944,37.0455,GR,GRC
17137,17.675,40.7213,IT,ITA
17138,22.6885,38.8823,GR,GRC
17139,25.9401,40.8597,GR,GRC
17140,20.6493,38.2097,GR,GRC
17141,6.4136,37.0499,DZ,DZA
17142,9.3522,41.7721,FR,FRA
17143,14.0645,53.8951,DE,DEU
17144,11.3101,42.6178,IT,ITA
17145,23.1425,39.4338,GR,GRC
17146,14.3598,44.8307,HR,HRV
17147,33.7017,44.9736,UA,UKR
17148,28.408,43.4597,BG,BGR
17149,23.1573,37.5929,GR,GRC
17150,24.0136,37.8486,GR,GRC
17151,4.0036,51.3376,NL,NLD
17152,20.7448,37.7831,GR,GRC
17153,11.9977,42.1235,IT,ITA
17154,0.5569,36.2388,DZ,DZA
17155,10.6169,43.1041,IT,ITA
17156,28.0626,36.1988,GR,GRC
17157,13.6569,45.3251,HR,HRV
17158,30.5353,41.0819,TR,TUR
17159,33.6252,45.7823,UA,UKR
17160,16.5107,39.7184,IT,ITA
17161,2.6609,39.5893,ES,ESP
17162,15.8061,41.9136,IT,ITA
17163,7.9468,53.516,DE,DEU
17164,13.3496,37.4822,IT,ITA
17165,16.2021,39.2895,IT,ITA
17166,19.2004,42.123,ME,MNE
17167,23.1853,40.2743,GR,GRC
17168,23.9327,38.2776,GR,GRC
17169,3.0633,42.4875,FR,FRA
17170,35.9796,36.3609,TR,TUR
17171,27.6429,37.2296,TR,TUR
17172,22.6508,38.0336,GR,GRC
17173,1.2736,51.124,GB,GBR
17174,5.7748,53.2604,NL,NLD
17175,4.0444,51.7088,NL,NLD
17176,23.3272,38.8642,GR,GRC
17177,19.8243,39.6236,GR,GRC
17178,26.4452,40.4134,TR,TUR
17179,35.7854,45.2376,UA,UKR
17180,13.6783,43.0451,IT,ITA
17181,15.196,37.848,IT,ITA
17182,28.6497,36.871,TR,TUR
17183,8.4128,44.3723,IT,ITA
17184,12.2923,45.5036,IT,ITA
17185,26.8763,40.3879,TR,TUR
17186,14.9009,37.4124,IT,ITA
17187,35.3903,41.6315,TR,TUR
17188,21.3759,37.7754,GR,GRC
17189,27.1181,40.6522,TR,TUR
17190,10.8585,36.6194,TN,TUN
17191,8.7523,42.3937,FR,FRA
17192,3.8177,43.5329,FR,FRA
17193,13.4274,43.5721,IT,ITA
17194,1.2803,41.1291,ES,ESP
17195,0.1622,49.6374,FR,FRA
17196,15.9125,38.2962,IT,ITA
17197,0.6355,52.902,GB,GBR
17198,16.1982,43.5639,HR,HRV
17199,12.3489,41.7373,IT,ITA
17200,24.4522,38.1156,GR,GRC
17201,32.1415,46.4772,UA,UKR
17202,20.9848,38.9134,GR,GRC
17203,30.1411,36.3177,TR,TUR
17204,24.2015,40.9382,GR,GRC
17205,28.0392,41.1475,TR,TUR
17206,28.1475,37.0513,TR,TUR
17207,34.677,41.8644,TR,TUR
17208,9.8078,37.1013,TN,TUN
17209,34.8352,36.8006,TR,TUR
17210,24.6367,40.921,GR,GRC
17211,13.2076,43.5591,IT,ITA
17212,3.898,43.6774,FR,FRA
17213,17.6534,42.9239,BA,BIH
17214,15.5129,44.0787,HR,HRV
17215,25.7231,40.871,GR,GRC
17216,33.097,36.1585,TR,TUR
17217,9.6351,40.0141,IT,ITA
17218,27.9332,43.2209,BG,BGR
17219,34.7898,45.9027,UA,UKR
17220,31.5181,41.1251,TR,TUR
17221,16.4206,43.5712,HR,HRV
17222,17.3529,40.5758,IT,ITA
17223,2.9745,39.5,ES,ESP
17224,16.4331,38.4527,IT,ITA
17225,2.2095,41.5499,ES,ESP
17226,26.157,40.8481,GR,GRC
17227,16.9466,39.1693,IT,ITA
17228,27.4006,40.2148,TR,TUR
17229,28.1857,43.4758,BG,BGR
17230,29.9717,45.8905,UA,UKR
17231,22.9209,37.0294,GR,GRC
17232,31.7723,41.3761,TR,TUR
17233,14.3183,53.9088,PL,POL
17234,12.5116,44.0533,IT,ITA
17235,17.7842,40.5842,IT,ITA
17236,0.2197,50.82,GB,GBR
17237,16.1,39.1461,IT,ITA
17238,33.6533,44.7114,UA,UKR
17239,8.4887,40.0447,IT,ITA
17240,29.1454,40.3668,TR,TUR
17241,4.2323,51.3706,NL,NLD
17242,9.2944,37.198,TN,TUN
17243,15.8146,41.6389,IT,ITA
17244,32.6373,45.3633,UA,UKR
17245,11.7621,42.3794,IT,ITA
17246,0.7394,36.2687,DZ,DZA
17247,22.5491,40.5705,GR,GRC
17248,20.9773,38.631,GR,GRC
17249,5.4402,53.0986,NL,NLD
17250,13.7771,45.1991,HR,HRV
17251,15.8726,39.6988,IT,ITA
17252,15.9191,41.7802,IT,ITA
17253,35.8559,36.2358,TR,TUR
17254,1.605,50.618,FR,FRA
17255,22.9829,40.5595,GR,GRC
17256,3.6481,51.442,NL,NLD
17257,24.1442,38.2697,GR,GRC
17258,9.0515,41.6074,FR,FRA
17259,0.9109,51.2397,GB,GBR
17260,4.1834,51.6065,NL,NLD
17261,23.8031,37.8562,GR,GRC
17262,3.0326,42.081,ES,ESP
17263,4.1051,39.9358,ES,ESP
17264,26.6608,40.4008,TR,TUR
17265,10.4811,36.3088,TN,TUN
17266,35.3468,45.2978,UA,UKR
17267,21.6678,37.0584,GR,GRC
17268,6.7238,36.9447,DZ,DZA
17269,0.1664,40.3062,ES,ESP
17270,8.6286,44.3945,IT,ITA
17271,3.1241,39.7951,ES,ESP
17272,4.6854,43.3901,FR,FRA
17273,18.4299,42.527,ME,MNE
17274,0.1697,38.7908,ES,ESP
17275,12.5163,45.5189,IT,ITA
17276,1.5767,50.2272,FR,FRA
17277,0.0257,53.0088,GB,GBR
17278,8.7824,42.1255,FR,FRA
17279,28.119,36.7676,TR,TUR
17280,21.5035,38.4825,GR,GRC
17281,12.1307,44.6959,IT,ITA
17282,29.6349,45.1191,RO,ROU
17283,31.3914,40.999,TR,TUR
17284,14.0281,42.6561,IT,ITA
17285,0.3208,52.7634,GB,GBR
17286,2.2152,36.4994,DZ,DZA
17287,8.898,39.1163,IT,ITA
17288,1.4685,52.7989,GB,GBR
17289,30.7399,36.9771,TR,TUR
17290,10.3245,43.8864,IT,ITA
17291,8.5783,39.2244,IT,ITA
17292,8.428,40.5888,IT,ITA
17293,14.9918,40.5012,IT,ITA
17294,3.5332,43.3582,FR,FRA
17295,34.5831,44.8641,UA,UKR
17296,21.4767,37.6316,GR,GRC
17297,8.131,36.8101,DZ,DZA
17298,14.5869,53.6859,PL,POL
17299,4.6404,52.2743,NL,NLD
17300,9.3872,42.4548,FR,FRA
17301,15.9678,43.8263,HR,HRV
17302,12.2716,44.3051,IT,ITA
17303,20.7788,39.1973,GR,GRC
17304,23.8667,40.811,GR,GRC
17305,18.2178,40.0333,IT,ITA
17306,14.2253,40.882,IT,ITA
17307,22.4914,36.755,GR,GRC
17308,1.3577,36.5057,DZ,DZA
17309,32.9273,41.8028,TR,TUR
17310,15.2795,44.338,HR,HRV
17311,1.5473,41.308,ES,ESP
17312,32.7748,36.0521,TR,TUR
17313,23.0052,36.598,GR,GRC
17314,12.2321,41.8664,IT,ITA
17315,31.6451,41.2508,TR,TUR
17316,28.904,41.0828,TR,TUR
17317,3.1689,39.5288,ES,ESP
17318,10.8566,42.8533,IT,ITA
17319,22.7269,39.7262,GR,GRC
17320,1.9388,41.372,ES,ESP
17321,30.9639,41.0412,TR,TUR
17322,13.7748,37.2211,IT,ITA
17323,16.7293,39.4444,IT,ITA
17324,29.6119,45.788,UA,UKR
17325,22.6015,36.8952,GR,GRC
17326,9.3239,42.0417,FR,FRA
17327,7.6228,36.8998,DZ,DZA
17328,13.9461,53.7702,DE,DEU
17329,19.6201,40.4628,AL,ALB
17330,10.0084,37.1177,TN,TUN
17331,33.7878,44.8293,UA,UKR
17332,23.7337,40.3969,GR,GRC
17333,28.5033,44.2665,RO,ROU
17334,11.5472,42.3637,IT,ITA
17335,32.1862,46.7357,UA,UKR
17336,9.0087,37.0323,TN,TUN
17337,3.036,36.7578,DZ,DZA
17338,16.8432,39.0263,IT,ITA
17339,0.4907,36.0902,DZ,DZA
17340,26.1355,39.308,GR,GRC
17341,22.766,40.5652,GR,GRC
17342,29.4599,41.1767,TR,TUR
17343,26.7745,39.2711,TR,TUR
17344,7.4207,53.6943,DE,DEU
17345,10.592,43.3718,IT,ITA
17346,7.4985,43.8742,IT,ITA
17347,2.7759,36.5819,DZ,DZA
17348,35.48,46.4712,UA,UKR
17349,3.1519,36.6357,DZ,DZA
17350,5.4316,43.3568,FR,FRA
17351,8.0154,44.0642,IT,ITA
17352,9.1992,41.2117,IT,ITA
17353,27.253,37.5407,TR,TUR
17354,1.7415,50.4932,FR,FRA
17355,0.1938,53.2703,GB,GBR
17356,23.819,38.1398,GR,GRC
17357,20.4615,39.3405,GR,GRC
17358,9.2612,41.6273,FR,FRA
17359,19.3093,41.986,AL,ALB
17360,3.1238,51.3051,BE,BEL
17361,3.8226,51.6989,NL,NLD
17362,35.8673,45.0928,UA,UKR
17363,26.7055,39.6974,TR,TUR
17364,12.7174,37.7291,IT,ITA
17365,25.7753,40.17,TR,TUR
17366,9.4014,44.3374,IT,ITA
17367,10.3504,43.6203,IT,ITA
17368,26.4698,40.6912,TR,TUR
17369,21.8767,37.0545,GR,GRC
17370,29.6139,36.2204,TR,TUR
17371,0.356,40.3278,ES,ESP
17372,35.6329,36.6936,TR,TUR
17373,15.0973,37.703,IT,ITA
17374,4.8643,36.8648,DZ,DZA
17375,8.3211,44.2297,IT,ITA
17376,4.8922,43.4183,FR,FRA
17377,18.6509,42.5298,ME,MNE
17378,28.7603,44.5171,RO,ROU
17379,22.8749,38.3114,GR,GRC
17380,32.3234,46.194,UA,UKR
17381,12.1906,45.3642,IT,ITA
17382,35.0998,41.8086,TR,TUR
17383,27.6822,42.9647,BG,BGR
17384,26.3714,38.3052,TR,TUR
17385,14.512,36.8295,IT,ITA
17386,1.4947,50.0937,FR,FRA
17387,2.4017,36.5271,DZ,DZA
17388,19.938,40.0438,AL,ALB
17389,28.7378,36.7212,TR,TUR
17390,10.8361,36.9,TN,TUN
17391,1.0958,52.9161,GB,GBR
17392,8.6621,42.2492,FR,FRA
17393,15.7451,43.8181,HR,HRV
17394,5.0949,36.6151,DZ,DZA
17395,1.1862,52.0233,GB,GBR
17396,10.0809,44.1328,IT,ITA
17397,35.8816,36.9432,TR,TUR
17398,16.6491,43.307,HR,HRV
17399,12.9704,43.8141,IT,ITA
17400,29.0223,40.2369,TR,TUR
17401,20.9923,39.1952,GR,GRC
17402,24.0841,40.8032,GR,GRC
17403,14.9778,38.1219,IT,ITA
17404,31.9582,46.7594,UA,UKR
17405,18.0016,40.3093,IT,ITA
17406,14.4393,40.8922,IT,ITA
17407,9.4511,42.8665,FR,FRA
17408,19.6167,40.1836,AL,ALB
17409,1.5424,36.5347,DZ,DZA
17410,33.0566,41.9258,TR,TUR
17411,1.4118,52.0304,GB,GBR
17412,1.6108,52.6752,GB,GBR
17413,1.7428,41.3402,ES,ESP
17414,9.5454,39.868,IT,ITA
17415,22.393,36.9004,GR,GRC
17416,35.2347,36.7477,TR,TUR
17417,29.1197,41.0657,TR,TUR
17418,17.3493,40.8535,IT,ITA
17419,16.4267,38.7342,IT,ITA
17420,16.9418,39.4497,IT,ITA
17421,0.0295,40.0148,ES,ESP
17422,10.976,42.7274,IT,ITA
17423,19.4067,40.7407,AL,ALB
17424,14.0165,44.9462,HR,HRV
17425,23.4015,40.2678,GR,GRC
17426,34.9802,46.2744,UA,UKR
17427,8.4585,40.317,IT,ITA
17428,23.2552,37.4474,GR,GRC
17429,0.3091,36.0601,DZ,DZA
17430,29.1781,40.6433,TR,TUR
17431,30.1058,41.121,TR,TUR
17432,32.9954,45.4565,UA,UKR
17433,17.0548,39.0313,IT,ITA
17434,19.627,41.0193,AL,ALB
17435,26.3486,39.2961,GR,GRC
17436,22.4346,40.4335,GR,GRC
17437,29.6754,41.1586,TR,TUR
17438,33.2659,45.6916,UA,UKR
17439,7.7116,43.8979,IT,ITA
17440,28.5956,41.2455,TR,TUR
17441,7.3589,53.3326,DE,DEU
17442,3.3405,36.6622,DZ,DZA
17443,18.8708,42.2578,ME,MNE
17444,8.2298,44.087,IT,ITA
17445,34.1784,44.5129,UA,UKR
17446,21.9172,38.192,GR,GRC
17447,0.3419,53.1477,GB,GBR
17448,14.5713,45.1078,HR,HRV
17449,27.3442,37.3923,TR,TUR
17450,11.0186,53.924,DE,DEU
17451,31.9262,36.5731,TR,TUR
17452,26.9193,39.6845,TR,TUR
17453,35.1573,44.9228,UA,UKR
17454,15.8644,39.9777,IT,ITA
17455,11.5196,53.9635,DE,DEU
17456,33.6741,46.0414,UA,UKR
17457,26.686,40.6786,TR,TUR
17458,35.4297,45.1532,UA,UKR
17459,13.7952,42.9157,IT,ITA
17460,29.8181,36.2029,TR,TUR
17461,0.0978,40.1606,ES,ESP
17462,35.7571,36.8186,TR,TUR
17463,0.1435,49.2406,FR,FRA
17464,18.3255,39.8949,IT,ITA
17465,0.6278,51.4874,GB,GBR
17466,23.0866,38.3054,GR,GRC
17467,32.5494,46.1696,UA,UKR
17468,26.3254,40.2803,TR,TUR
17469,8.6924,41.9808,FR,FRA
17470,35.9224,45.3516,UA,UKR
17471,8.9975,53.9782,DE,DEU
17472,15.0094,37.275,IT,ITA
17473,29.5042,44.9959,RO,ROU
17474,16.6958,41.1146,IT,ITA
17475,9.8637,44.1133,IT,ITA
17476,26.5822,38.293,TR,TUR
17477,14.7171,36.838,IT,ITA
17478,0.0901,52.7549,GB,GBR
17479,14.3327,45.3617,HR,HRV
17480,8.8108,38.9693,IT,ITA
17481,30.599,46.2324,UA,UKR
17482,10.5461,36.7373,TN,TUN
17483,27.8151,42.1318,BG,BGR
17484,5.2871,36.6387,DZ,DZA
17485,24.9729,41.0458,GR,GRC
17486,14.5724,53.922,PL,POL
17487,14.7697,38.1135,IT,ITA
17488,31.137,46.7096,UA,UKR
17489,17.7865,40.3058,IT,ITA
17490,0.5511,52.7714,GB,GBR
17491,12.2516,44.5709,IT,ITA
17492,0.8945,41.0715,ES,ESP
17493,1.1022,51.892,GB,GBR
17494,32.3704,41.7271,TR,TUR
17495,13.625,45.8524,SI,SVN
17496,31.5941,46.6649,UA,UKR
17497,18.2169,40.3125,IT,ITA
17498,15.812,38.1519,IT,ITA
17499,23.228,39.0084,GR,GRC
17500,19.8323,40.1837,AL,ALB
17501,32.4126,36.3781,TR,TUR
17502,10.2335,36.8542,TN,TUN
17503,34.6193,46.1891,UA,UKR
17504,27.1214,38.4017,TR,TUR
17505,30.3321,45.9917,UA,UKR
17506,16.2162,38.7281,IT,ITA
17507,1.7524,52.5513,GB,GBR
17508,15.1731,44.1992,HR,HRV
17509,25.4081,41.0257,GR,GRC
17510,16.1515,41.2366,IT,ITA
17511,26.0665,38.464,GR,GRC
17512,26.3249,39.0154,GR,GRC
17513,3.0941,39.3812,ES,ESP
17514,13.7924,44.9339,HR,HRV
17515,9.2327,41.8971,FR,FRA
17516,16.3181,38.8718,IT,ITA
17517,19.6304,41.2967,AL,ALB
17518,33.8271,41.9718,TR,TUR
17519,23.0591,37.7381,GR,GRC
17520,27.0131,39.5381,TR,TUR
17521,33.1305,45.5743,UA,UKR
17522,16.7401,38.8832,IT,ITA
17523,26.1588,39.5882,TR,TUR
17524,35.7582,46.6959,UA,UKR
17525,7.319,53.5648,DE,DEU
17526,27.9738,36.3485,GR,GRC
17527,13.5364,45.4507,HR,HRV
17528,30.3207,41.1016,TR,TUR
17529,33.4017,45.8086,UA,UKR
17530,21.0796,38.4884,GR,GRC
17531,5.3447,52.9672,NL,NLD
17532,2.5409,39.7073,ES,ESP
17533,28.2556,41.1319,TR,TUR
17534,7.0169,53.1746,NL,NLD
17535,10.2126,42.7997,IT,ITA
17536,1.771,50.8828,FR,FRA
17537,16.0926,39.4262,IT,ITA
17538,7.925,43.9211,IT,ITA
17539,23.4113,38.4372,GR,GRC
17540,9.1092,41.0663,IT,ITA
17541,34.313,44.6303,UA,UKR
17542,30.4644,36.4314,TR,TUR
17543,22.1286,38.1877,GR,GRC
17544,23.0728,38.022,GR,GRC
17545,9.1706,41.4823,FR,FRA
17546,15.0198,36.9918,IT,ITA
17547,8.9378,44.5585,IT,ITA
17548,11.2689,53.944,DE,DEU
17549,32.1291,36.5516,TR,TUR
17550,23.4947,38.0089,GR,GRC
17551,26.5862,39.5639,TR,TUR
17552,35.2933,45.0382,UA,UKR
17553,12.7001,38.0096,IT,ITA
17554,27.3971,37.9581,TR,TUR
17555,23.9491,38.5604,GR,GRC
17556,0.6786,49.7956,FR,FRA
17557,21.8867,37.3395,GR,GRC
17558,15.9749,39.8419,IT,ITA
17559,0.7697,51.3636,GB,GBR
17560,3.0475,43.1519,FR,FRA
17561,35.1798,41.6601,TR,TUR
17562,21.6049,38.3393,GR,GRC
17563,33.4839,41.8756,TR,TUR
17564,21.2749,37.9189,GR,GRC
17565,14.5584,45.373,HR,HRV
17566,8.5463,40.4632,IT,ITA
17567,15.1039,40.367,IT,ITA
17568,25.1905,41.036,GR,GRC
17569,34.8025,44.8357,UA,UKR
17570,14.8269,53.9346,PL,POL
17571,31.3657,46.6874,UA,UKR
17572,13.9975,41.1468,IT,ITA
17573,3.1256,43.2968,FR,FRA
17574,27.6245,42.42,BG,BGR
17575,21.7674,36.9138,GR,GRC
17576,13.0097,41.5047,IT,ITA
17577,14.2567,37.9502,IT,ITA
17578,13.6755,53.9911,DE,DEU
17579,2.6805,41.7584,ES,ESP
17580,12.3325,44.9761,IT,ITA
17581,34.635,36.8266,TR,TUR
17582,27.9514,40.3173,TR,TUR
17583,8.6358,39.6451,IT,ITA
17584,26.7928,38.2804,TR,TUR
17585,13.0891,43.6868,IT,ITA
17586,14.6715,37.9683,IT,ITA
17587,4.5607,43.5059,FR,FRA
17588,18.3192,42.6623,BA,BIH
17589,15.9046,38.5778,IT,ITA
17590,18.4325,40.036,IT,ITA
17591,25.6256,41.0151,GR,GRC
17592,9.5183,40.1418,IT,ITA
17593,16.368,41.2434,IT,ITA
17594,1.2955,38.9647,ES,ESP
17595,28.3803,40.2863,TR,TUR
17596,17.0932,43.3193,HR,HRV
17597,22.8277,39.5831,GR,GRC
17598,31.1778,41.0203,TR,TUR
17599,12.3918,44.1794,IT,ITA
17600,0.3007,50.9541,GB,GBR
17601,13.4544,41.2555,IT,ITA
17602,16.529,38.8777,IT,ITA
17603,14.9365,41.8791,IT,ITA
17604,33.9427,36.3437,TR,TUR
17605,28.5992,44.1242,RO,ROU
17606,11.214,42.4746,IT,ITA
17607,15.0334,44.8628,HR,HRV
17608,33.0835,45.3132,UA,UKR
17609,19.5166,40.8801,AL,ALB
17610,26.3726,39.5763,TR,TUR
17611,26.8682,39.1245,TR,TUR
17612,27.5256,37.0948,TR,TUR
17613,20.8748,38.7734,GR,GRC
17614,14.2598,42.3952,IT,ITA
17615,5.5362,53.2298,NL,NLD
17616,23.5328,40.6827,GR,GRC
17617,15.1623,44.4672,HR,HRV
17618,15.3709,41.8972,IT,ITA
17619,7.258,53.2024,DE,DEU
17620,6.4938,53.3498,NL,NLD
17621,5.8874,43.1481,FR,FRA
17622,23.6232,38.4302,GR,GRC
17623,9.3177,41.0858,IT,ITA
17624,26.9525,37.7022,GR,GRC
17625,21.9275,38.4751,GR,GRC
17626,1.6879,50.7505,FR,FRA
17627,23.2838,38.0156,GR,GRC
17628,1.1954,49.9506,FR,FRA
17629,8.932,41.7322,FR,FRA
17630,15.2257,36.9994,IT,ITA
17631,21.5956,38.0559,GR,GRC
17632,23.7056,38.0018,GR,GRC
17633,4.7784,52.772,NL,NLD
17634,12.9061,38.0216,IT,ITA
17635,3.9852,40.0555,ES,ESP
17636,10.4713,43.4962,IT,ITA
17637,24.1612,38.5525,GR,GRC
17638,20.253,39.6226,GR,GRC
17639,13.7802,43.1863,IT,ITA
17640,27.4833,41.0465,TR,TUR
17641,9.3943,39.3006,IT,ITA
17642,29.0621,36.8385,TR,TUR
17643,25.1085,39.9221,GR,GRC
17644,28.2859,41.4073,TR,TUR
17645,23.1004,38.5882,GR,GRC
17646,1.6589,50.3603,FR,FRA
17647,0.1096,53.1397,GB,GBR
17648,13.8667,45.6018,IT,ITA
17649,27.9163,41.0171,TR,TUR
17650,14.9989,37.5577,IT,ITA
17651,25.5817,40.4595,GR,GRC
17652,6.6873,43.5136,FR,FRA
17653,27.7781,42.8213,BG,BGR
17654,29.5399,45.2607,RO,ROU
17655,30.4995,36.7141,TR,TUR
17656,35.0431,45.4715,UA,UKR
17657,13.9118,42.7861,IT,ITA
17658,8.645,53.8252,DE,DEU
17659,1.5814,52.2915,GB,GBR
17660,8.8429,42.538,FR,FRA
17661,29.1485,44.8905,RO,ROU
17662,8.3095,40.714,IT,ITA
17663,14.8793,40.6351,IT,ITA
17664,24.8541,40.9118,GR,GRC
17665,1.3523,41.2756,ES,ESP
17666,12.6312,43.9269,IT,ITA
17667,0.8659,52.9093,GB,GBR
17668,22.8146,39.3021,GR,GRC
17669,3.3291,43.3276,FR,FRA
17670,16.8066,40.9791,IT,ITA
17671,29.671,45.3834,UA,UKR
17672,14.464,37.9594,IT,ITA
17673,30.7731,46.6122,UA,UKR
17674,14.1115,41.0145,IT,ITA
17675,23.2423,39.29,GR,GRC
17676,2.407,41.5812,ES,ESP
17677,7.1974,43.7067,FR,FRA
17678,28.1659,40.302,TR,TUR
17679,27.0032,38.2674,TR,TUR
17680,32.7133,41.8271,TR,TUR
17681,30.1992,45.8707,UA,UKR
17682,28.567,43.8557,RO,ROU
17683,16.1146,38.5844,IT,ITA
17684,27.7409,36.078,GR,GRC
17685,32.6948,36.204,TR,TUR
17686,1.4852,38.9956,ES,ESP
17687,22.0855,37.0502,GR,GRC
17688,12.115,41.9951,IT,ITA
17689,10.7369,42.9789,IT,ITA
17690,22.6257,39.8691,GR,GRC
17691,30.7497,41.0618,TR,TUR
17692,14.4034,36.9668,IT,ITA
17693,9.4944,37.2154,TN,TUN
17694,8.9856,39.2632,IT,ITA
17695,13.811,53.8808,DE,DEU
17696,15.1536,41.8884,IT,ITA
17697,22.9473,37.599,GR,GRC
17698,11.4288,42.4909,IT,ITA
17699,27.3179,37.1086,TR,TUR
17700,20.6622,38.7754,GR,GRC
17701,12.8286,37.5946,IT,ITA
17702,3.1558,41.9654,ES,ESP
17703,27.733,37.0807,TR,TUR
17704,19.7453,41.7117,AL,ALB
17705,4.0991,36.7656,DZ,DZA
17706,2.7338,51.0399,BE,BEL
17707,25.5376,37.069,GR,GRC
17708,33.7393,44.5667,UA,UKR
17709,6.0959,43.1742,FR,FRA
17710,4.4809,36.8158,DZ,DZA
17711,10.3932,36.1608,TN,TUN
17712,30.345,36.2992,TR,TUR
17713,27.1616,37.689,TR,TUR
17714,22.1395,38.4709,GR,GRC
17715,14.6902,44.9804,HR,HRV
17716,22.9606,37.8831,GR,GRC
17717,26.1822,39.8679,TR,TUR
17718,8.8118,40.9009,IT,ITA
17719,13.636,37.9203,IT,ITA
17720,14.9223,36.8461,IT,ITA
17721,16.6084,40.1399,IT,ITA
17722,5.4797,36.662,DZ,DZA
17723,32.9111,46.2618,UA,UKR
17724,1.1144,49.8162,FR,FRA
17725,12.6061,37.8633,IT,ITA
17726,22.2287,38.0436,GR,GRC
17727,15.5404,40.1057,IT,ITA
17728,9.2783,44.4588,IT,ITA
17729,0.7933,51.7522,GB,GBR
17730,27.2792,37.8237,TR,TUR
17731,33.3617,46.2104,UA,UKR
17732,15.3273,40.0977,IT,ITA
17733,27.0916,40.3746,TR,TUR
17734,0.4602,49.7847,FR,FRA
17735,9.1382,53.8743,DE,DEU
17736,29.5279,36.371,TR,TUR
17737,35.434,36.7208,TR,TUR
17738,27.6999,41.032,TR,TUR
17739,9.5991,39.3187,IT,ITA
17740,1.3567,51.2562,GB,GBR
17741,25.3235,39.9121,GR,GRC
17742,28.5029,41.3912,TR,TUR
17743,4.1343,51.8416,NL,NLD
17744,22.7755,38.4557,GR,GRC
17745,2.9697,43.0069,FR,FRA
17746,28.2366,36.902,TR,TUR
17747,32.0059,46.3595,UA,UKR
17748,6.898,43.5385,FR,FRA
17749,9.5242,44.2156,IT,ITA
17750,0.3012,49.5132,FR,FRA
17751,16.1219,38.3027,IT,ITA
17752,15.6292,43.9486,HR,HRV
17753,27.9099,41.9873,BG,BGR
17754,4.9797,36.7401,DZ,DZA
17755,28.7934,44.7837,RO,ROU
17756,12.5632,41.7513,IT,ITA
17757,8.5161,40.7347,IT,ITA
17758,1.0864,41.0964,ES,ESP
17759,17.4623,40.439,IT,ITA
17760,27.6532,42.6927,BG,BGR
17761,17.0229,40.9847,IT,ITA
17762,32.5845,41.7035,TR,TUR
17763,26.3952,38.5873,TR,TUR
17764,4.1041,43.7072,FR,FRA
17765,17.875,42.9282,HR,HRV
17766,19.5105,40.323,AL,ALB
17767,2.6049,41.6122,ES,ESP
17768,32.4933,36.2263,TR,TUR
17769,10.3457,36.722,TN,TUN
17770,8.6062,39.9184,IT,ITA
17771,1.4965,52.1611,GB,GBR
17772,16.6431,43.578,HR,HRV
17773,23.1143,38.8706,GR,GRC
17774,27.9461,36.0636,GR,GRC
17775,33.5284,45.2615,UA,UKR
17776,27.6153,40.2005,TR,TUR
17777,31.8999,41.5012,TR,TUR
17778,35.0352,36.7743,TR,TUR
17779,22.5243,40.0117,GR,GRC
17780,29.7311,40.7365,TR,TUR
17781,27.0546,38.8305,TR,TUR
17782,29.5758,45.5247,UA,UKR
17783,18.0,40.5878,IT,ITA
17784,2.7806,39.471,ES,ESP
17785,9.6948,37.2324,TN,TUN
17786,14.4903,42.1329,IT,ITA
17787,22.7372,37.6048,GR,GRC
17788,16.9222,40.5658,IT,ITA
17789,34.04,41.9455,TR,TUR
17790,28.6316,44.392,RO,ROU
17791,9.554,40.8331,IT,ITA
17792,29.8907,41.14,TR,TUR
17793,32.7719,45.4816,UA,UKR
17794,19.5197,41.1578,AL,ALB
17795,3.038,51.1753,BE,BEL
17796,26.8937,39.4047,TR,TUR
17797,13.0337,37.6062,IT,ITA
17798,8.4354,53.5677,DE,DEU
17799,2.8477,36.7308,DZ,DZA
17800,4.2898,36.7908,DZ,DZA
17801,35.619,46.5837,UA,UKR
17802,9.6985,40.4335,IT,ITA
17803,16.1367,41.7876,IT,ITA
17804,7.2179,53.435,DE,DEU
17805,0.9897,36.4471,DZ,DZA
17806,4.5922,52.5074,NL,NLD
17807,6.2535,53.3204,NL,NLD
17808,4.6724,36.8404,DZ,DZA
17809,19.5292,41.987,AL,ALB
17810,33.9591,44.54,UA,UKR
17811,6.8384,36.8174,DZ,DZA
17812,34.465,41.8918,TR,TUR
17813,21.8165,38.3356,GR,GRC
17814,1.0513,51.1156,GB,GBR
17815,31.4369,36.7662,TR,TUR
17816,9.0195,40.9208,IT,ITA
17817,8.8421,41.5872,FR,FRA
17818,13.8427,37.9306,IT,ITA
17819,3.0166,42.7475,FR,FRA
17820,9.0613,44.4377,IT,ITA
17821,5.0996,43.4463,FR,FRA
17822,31.8442,36.7244,TR,TUR
17823,5.6727,36.6851,DZ,DZA
17824,33.1366,46.2363,UA,UKR
17825,35.81,41.5733,TR,TUR
17826,34.9381,44.9518,UA,UKR
17827,5.1081,52.9358,NL,NLD
17828,29.3231,36.3881,TR,TUR
17829,35.3102,36.5954,TR,TUR
17830,15.7536,40.1133,IT,ITA
17831,2.2108,50.8968,FR,FRA
17832,27.8806,41.7131,TR,TUR
17833,10.4459,43.7627,IT,ITA
17834,24.0468,38.4151,GR,GRC
17835,33.5864,46.1841,UA,UKR
17836,27.3068,40.3608,TR,TUR
17837,7.3118,37.0077,DZ,DZA
17838,27.3612,40.9154,TR,TUR
17839,22.3516,38.4662,GR,GRC
17840,11.0375,36.9147,TN,TUN
17841,0.7104,51.62,GB,GBR
17842,6.3336,36.9012,DZ,DZA
17843,13.7616,45.4636,SI,SVN
17844,21.2915,38.4857,GR,GRC
17845,6.6005,43.3696,FR,FRA
17846,30.9448,36.9575,TR,TUR
17847,6.139,36.879,DZ,DZA
17848,27.8075,43.093,BG,BGR
17849,9.7413,44.2357,IT,ITA
17850,30.3797,36.5822,TR,TUR
17851,21.6867,37.6281,GR,GRC
17852,8.3285,36.829,DZ,DZA
17853,8.5399,53.6966,DE,DEU
17854,16.3314,38.3088,IT,ITA
17855,27.7199,42.276,BG,BGR
17856,34.4479,44.7474,UA,UKR
17857,8.7246,36.8661,TN,TUN
17858,17.5411,43.0578,HR,HRV
17859,17.6776,40.4431,IT,ITA
17860,13.6687,41.2673,IT,ITA
17861,22.7012,39.1641,GR,GRC
17862,12.0894,45.2246,IT,ITA
17863,34.0652,36.4713,TR,TUR
17864,22.7246,37.3202,GR,GRC
17865,14.0808,53.6591,DE,DEU
17866,30.6387,46.4929,UA,UKR
17867,10.1211,36.9861,TN,TUN
17868,27.0289,38.5492,TR,TUR
17869,28.4396,43.7294,RO,ROU
17870,22.7885,38.7384,GR,GRC
17871,2.1352,41.4036,ES,ESP
17872,13.9801,37.231,IT,ITA
17873,16.0395,41.371,IT,ITA
17874,27.8297,40.1859,TR,TUR
17875,8.5486,39.4984,IT,ITA
17876,29.8394,45.7689,UA,UKR
17877,22.8101,36.8896,GR,GRC
17878,26.2303,39.1618,GR,GRC
17879,29.3926,40.6257,TR,TUR
17880,13.6726,45.0603,HR,HRV
17881,14.7077,42.1431,IT,ITA
17882,17.1375,40.571,IT,ITA
17883,13.1252,41.3742,IT,ITA
17884,9.2081,37.05,TN,TUN
17885,16.2092,39.0091,IT,ITA
17886,35.1185,46.3879,UA,UKR
17887,33.6201,36.24,TR,TUR
17888,3.004,39.9135,ES,ESP
17889,15.7104,41.4974,IT,ITA
17890,28.812,41.2289,TR,TUR
17891,32.9069,45.5996,UA,UKR
17892,16.6201,39.5815,IT,ITA
17893,14.9269,44.7244,HR,HRV
17894,29.2441,41.1945,TR,TUR
17895,9.6717,40.7063,IT,ITA
17896,8.0874,53.4127,DE,DEU
17897,14.2269,45.2234,HR,HRV
17898,13.4598,37.3467,IT,ITA
17899,23.6334,40.5399,GR,GRC
17900,2.5886,36.5547,DZ,DZA
17901,19.6339,41.5734,AL,ALB
17902,2.5146,51.0343,FR,FRA
17903,35.257,46.5012,UA,UKR
17904,0.7465,50.9736,GB,GBR
17905,33.8249,44.4219,UA,UKR
17906,6.8759,53.2768,NL,NLD
17907,1.1735,36.4765,DZ,DZA
17908,4.7331,52.4071,NL,NLD
17909,2.8795,41.789,ES,ESP
17910,26.4209,40.1349,TR,TUR
17911,10.3055,36.0126,TN,TUN
17912,7.034,36.8384,DZ,DZA
17913,3.187,42.3724,ES,ESP
17914,13.2075,38.1791,IT,ITA
17915,31.6407,36.7455,TR,TUR
17916,14.6777,45.246,HR,HRV
17917,8.723,40.7551,IT,ITA
17918,28.6643,44.659,RO,ROU
17919,16.5045,39.9976,IT,ITA
17920,5.3074,43.4739,FR,FRA
17921,29.3739,44.8724,RO,ROU
17922,23.4262,38.7198,GR,GRC
17923,32.775,46.1448,UA,UKR
17924,35.9412,41.6924,TR,TUR
17925,13.1729,45.8254,IT,ITA
17926,20.3574,39.4817,GR,GRC
17927,9.0319,53.746,DE,DEU
17928,7.5085,37.0281,DZ,DZA
17929,9.5102,39.1721,IT,ITA
17930,29.1494,36.6885,TR,TUR
17931,22.5636,38.4611,GR,GRC
17932,9.1462,42.7026,FR,FRA
17933,6.5285,36.9231,DZ,DZA
17934,12.7955,41.4916,IT,ITA
17935,1.2398,52.7927,GB,GBR
17936,31.1494,36.9375,TR,TUR
17937,5.866,36.7078,DZ,DZA
17938,8.4916,39.0774,IT,ITA
17939,33.2978,36.1352,TR,TUR
17940,33.2704,41.9009,TR,TUR
17941,35.2635,45.4421,UA,UKR
17942,13.5453,43.4438,IT,ITA
17943,8.5264,36.8477,DZ,DZA
17944,8.7857,53.7216,DE,DEU
17945,16.0209,38.1585,IT,ITA
17946,9.6619,39.74,IT,ITA
17947,28.8267,45.0495,RO,ROU
17948,32.2327,46.3357,UA,UKR
17949,4.3542,43.477,FR,FRA
17950,18.0981,42.6589,HR,HRV
17951,8.9232,36.8842,TN,TUN
17952,15.186,38.1299,IT,ITA
17953,34.8886,41.8367,TR,TUR
17954,13.8831,41.2787,IT,ITA
17955,27.5286,42.5637,BG,BGR
17956,22.3815,36.6146,GR,GRC
17957,34.1881,36.5986,TR,TUR
17958,14.3337,53.6728,PL,POL
17959,0.8242,40.9274,ES,ESP
17960,12.2111,45.1005,IT,ITA
17961,34.8746,45.7592,UA,UKR
17962,27.8584,40.4635,TR,TUR
17963,8.5187,39.7719,IT,ITA
17964,30.4654,46.1122,UA,UKR
17965,26.0175,39.1735,GR,GRC
17966,23.0011,38.7326,GR,GRC
17967,26.2534,40.7034,TR,TUR
17968,14.1855,37.2405,IT,ITA
17969,33.6152,45.1176,UA,UKR
17970,20.5467,38.3521,GR,GRC
17971,33.7615,45.8986,UA,UKR
17972,23.0185,36.8837,GR,GRC
17973,16.9797,43.452,HR,HRV
17974,26.4431,39.1497,GR,GRC
17975,22.5366,40.2914,GR,GRC
17976,29.6069,40.6078,TR,TUR
17977,26.936,38.6965,TR,TUR
17978,11.1911,42.7443,IT,ITA
17979,38.1997,45.9358,RU,RUS
17980,36.7054,46.8232,UA,UKR
17981,36.5903,41.1848,TR,TUR
17982,40.297,43.3033,GE,GEO
17983,38.466,46.5503,RU,RUS
17984,41.2505,41.2181,TR,TUR
17985,36.7952,45.2255,RU,RUS
17986,40.7852,41.032,TR,TUR
17987,38.7757,40.977,TR,TUR
17988,39.1044,44.1878,RU,RUS
17989,41.4561,42.8139,GE,GEO
17990,37.4167,41.0593,TR,TUR
17991,41.7219,42.219,GE,GEO
17992,39.5158,40.9875,TR,TUR
17993,36.7213,41.3033,TR,TUR
17994,37.0913,45.0478,RU,RUS
17995,38.4025,46.2981,RU,RUS
17996,36.0855,45.0621,UA,UKR
17997,36.1266,36.0553,TR,TUR
17998,36.3596,45.2894,UA,UKR
17999,36.0193,41.5436,TR,TUR
18000,38.607,46.6581,RU,RUS
18001,36.0803,36.9152,TR,TUR
18002,39.2028,47.3845,RU,RUS
18003,38.1824,44.4756,RU,RUS
18004,38.515,47.1968,RU,RUS
18005,37.4637,44.7236,RU,RUS
18006,37.6223,41.0271,TR,TUR
18007,37.2289,45.1601,RU,RUS
18008,40.0199,43.4887,RU,RUS
18009,36.2224,45.1759,UA,UKR
18010,40.5029,43.2654,GE,GEO
18011,36.4972,45.4024,UA,UKR
18012,36.1413,45.3207,UA,UKR
18013,38.7483,46.7656,RU,RUS
18014,38.2366,40.9285,TR,TUR
18015,39.1778,44.0409,RU,RUS
18016,38.8193,44.3703,RU,RUS
18017,36.3432,46.7447,UA,UKR
18018,40.918,41.1443,TR,TUR
18019,38.3395,46.045,RU,RUS
18020,39.3135,41.0228,TR,TUR
18021,38.0287,46.6208,RU,RUS
18022,36.2787,45.434,UA,UKR
18023,40.4527,40.9564,TR,TUR
18024,37.8925,44.6561,RU,RUS
18025,40.1199,40.8797,TR,TUR
18026,38.3952,44.4409,RU,RUS
18027,37.5712,47.0848,UA,UKR
18028,37.9826,45.9706,RU,RUS
18029,37.3075,45.0148,RU,RUS
18030,36.3827,41.2153,TR,TUR
18031,38.4795,46.1539,RU,RUS
18032,36.2788,36.8869,TR,TUR
18033,38.8584,47.2902,RU,RUS
18034,38.8936,44.2237,RU,RUS
18035,39.0954,46.8516,RU,RUS
18036,38.727,47.1699,RU,RUS
18037,37.2107,41.0912,TR,TUR
18038,37.7127,47.1932,UA,UKR
18039,41.1856,43.0016,GE,GEO
18040,37.921,45.7161,RU,RUS
18041,41.517,41.4405,TR,TUR
18042,38.1069,46.4772,RU,RUS
18043,38.4405,40.895,TR,TUR
18044,41.7877,42.0699,GE,GEO
18045,39.2273,46.9714,RU,RUS
18046,38.2962,47.2309,UA,UKR
18047,40.9132,43.1886,GE,GEO
18048,37.782,45.6057,RU,RUS
18049,36.1207,46.7764,UA,UKR
18050,37.0123,45.193,RU,RUS
18051,36.0971,41.3946,TR,TUR
18052,41.6507,41.5511,GE,GEO
18053,39.741,43.6734,RU,RUS
18054,36.0532,36.2082,TR,TUR
18055,38.9788,40.9426,TR,TUR
18056,39.2816,47.2379,RU,RUS
18057,38.2476,46.5857,RU,RUS
18058,39.6692,43.8208,RU,RUS
18059,38.0323,40.9617,TR,TUR
18060,38.1543,47.1235,UA,UKR
18061,40.3203,40.8431,TR,TUR
18062,41.2532,42.8532,GE,GEO
18063,37.5831,45.2386,RU,RUS
18064,37.0677,46.9003,UA,UKR
18065,37.8598,45.4608,RU,RUS
18066,39.1108,41.0579,TR,TUR
18067,41.8532,41.9207,GE,GEO
18068,41.523,42.6654,GE,GEO
18069,39.919,40.9159,TR,TUR
18070,37.3497,47.1188,UA,UKR
18071,37.7213,45.3499,RU,RUS
18072,37.2085,47.0098,UA,UKR
18073,36.1747,41.2455,TR,TUR
18074,39.8125,43.5259,RU,RUS
18075,39.36,47.0913,RU,RUS
18076,39.3877,44.0046,RU,RUS
18077,38.1847,46.3334,RU,RUS
18078,38.8855,46.878,RU,RUS
18079,39.7176,40.9519,TR,TUR
18080,36.4833,46.8555,UA,UKR
18081,40.9817,43.0405,GE,GEO
18082,36.9286,41.2722,TR,TUR
18083,36.9329,45.338,RU,RUS
18084,36.1035,36.4857,TR,TUR
18085,40.5723,43.1174,GE,GEO
18086,36.3522,36.7344,TR,TUR
18087,37.8881,46.512,RU,RUS
18088,41.5896,42.5167,GE,GEO
18089,41.7845,41.6614,GE,GEO
18090,37.6783,44.69,RU,RUS
18091,37.8275,40.9946,TR,TUR
18092,40.2268,43.4512,GE,GEO
18093,36.2277,36.6102,TR,TUR
18094,40.7083,43.2272,GE,GEO
18095,39.4603,43.8575,RU,RUS
18096,38.9906,47.4105,RU,RUS
18097,37.9337,47.1585,UA,UKR
18098,41.9185,41.7713,GE,GEO
18099,41.6559,42.3679,GE,GEO
18100,38.0602,45.8261,RU,RUS
18101,37.3668,45.2721,RU,RUS
18102,36.8459,46.9333,UA,UKR
18103,37.0043,41.1227,TR,TUR
18104,41.1175,41.1064,TR,TUR
18105,41.3837,41.3295,TR,TUR
18106,38.644,40.8612,TR,TUR
18107,38.5298,46.8016,RU,RUS
18108,40.6526,40.9193,TR,TUR
18109,38.1063,44.6218,RU,RUS
18110,38.6075,44.4058,RU,RUS
18111,37.3857,44.8693,RU,RUS
18112,141.6678,43.8532,JP,JPN
18113,140.8925,43.1145,JP,JPN
18114,118.4083,38.014,CN,CHN
18115,142.8389,42.1752,JP,JPN
18116,143.9315,49.6866,RU,RUS
18117,141.826,44.305,JP,JPN
18118,127.5916,39.0223,KP,PRK
18119,143.7781,42.796,JP,JPN
18120,138.904,53.9041,RU,RUS
18121,119.995,37.3496,CN,CHN
18122,143.56,46.4842,RU,RUS
18123,120.6232,40.5677,CN,CHN
18124,140.8726,42.0,JP,JPN
18125,122.6227,39.5095,CN,CHN
18126,136.8358,37.3515,JP,JPN
18127,140.6942,51.3313,RU,RUS
18128,141.6348,42.7365,JP,JPN
18129,123.1497,39.7687,CN,CHN
18130,143.1666,42.1074,JP,JPN
18131,141.8214,39.7137,JP,JPN
18132,142.8564,53.8568,RU,RUS
18133,132.3946,42.976,RU,RUS
18134,141.957,46.6725,RU,RUS
18135,140.09,41.6693,JP,JPN
18136,135.1875,43.612,RU,RUS
18137,120.0357,36.1365,CN,CHN
18138,143.388,50.8971,RU,RUS
18139,139.235,47.7677,RU,RUS
18140,142.2553,50.6429,RU,RUS
18141,118.1847,39.2563,CN,CHN
18142,140.5656,43.1732,JP,JPN
18143,121.2128,38.8256,CN,CHN
18144,142.3916,51.2001,RU,RUS
18145,118.4893,39.2497,CN,CHN
18146,143.1535,52.4325,RU,RUS
18147,128.4631,38.4212,KR,KOR
18148,138.3614,37.8976,JP,JPN
18149,133.7641,42.8873,RU,RUS
18150,143.0375,52.007,RU,RUS
18151,122.341,37.4193,CN,CHN
18152,140.0682,53.9123,RU,RUS
18153,142.9459,47.3069,RU,RUS
18154,117.87,38.2319,CN,CHN
18155,139.9877,39.1415,JP,JPN
18156,133.2955,42.8702,RU,RUS
18157,140.0497,42.6297,JP,JPN
18158,140.1221,39.5919,JP,JPN
18159,142.7124,46.7085,RU,RUS
18160,141.3159,53.2398,RU,RUS
18161,118.8344,37.5761,CN,CHN
18162,126.4143,36.711,KR,KOR
18163,142.3057,46.6162,RU,RUS
18164,141.4383,40.6028,JP,JPN
18165,129.2647,37.2415,KR,KOR
18166,138.166,37.1544,JP,JPN
18167,135.6773,44.3092,RU,RUS
18168,142.0764,48.4681,RU,RUS
18169,140.3626,50.7161,RU,RUS
18170,139.9026,39.9553,JP,JPN
18171,141.512,43.4012,JP,JPN
18172,143.8422,49.9361,RU,RUS
18173,137.4723,53.5291,RU,RUS
18174,141.4756,43.8079,JP,JPN
18175,126.8682,37.0147,KR,KOR
18176,140.9734,37.5641,JP,JPN
18177,118.569,38.0136,CN,CHN
18178,140.5583,42.6174,JP,JPN
18179,143.1451,44.4652,JP,JPN
18180,119.3615,37.0252,CN,CHN
18181,143.5834,42.7547,JP,JPN
18182,128.9119,37.6488,KR,KOR
18183,122.2424,40.7138,CN,CHN
18184,136.9275,37.1009,JP,JPN
18185,130.8237,42.5576,RU,RUS
18186,140.6877,41.9552,JP,JPN
18187,118.3011,38.123,CN,CHN
18188,121.3867,40.9267,CN,CHN
18189,121.2147,40.9686,CN,CHN
18190,124.9678,38.3294,KP,PRK
18191,134.8427,43.5049,RU,RUS
18192,128.3536,38.6484,KR,KOR
18193,132.5308,42.8862,RU,RUS
18194,127.9662,40.1151,KP,PRK
18195,141.7886,40.1253,JP,JPN
18196,124.9149,39.776,KP,PRK
18197,141.0137,52.8956,RU,RUS
18198,124.0351,39.9154,CN,CHN
18199,135.0148,43.5585,RU,RUS
18200,119.6542,40.0298,CN,CHN
18201,137.6268,45.9714,RU,RUS
18202,126.0723,37.8662,KP,PRK
18203,142.4688,48.016,RU,RUS
18204,137.8144,46.0239,RU,RUS
18205,139.4823,47.9676,RU,RUS
18206,141.4312,38.507,JP,JPN
18207,142.6449,48.4624,RU,RUS
18208,141.5758,38.9591,JP,JPN
18209,125.2469,38.8512,KP,PRK
18210,142.0476,46.4199,RU,RUS
18211,118.641,39.2461,CN,CHN
18212,138.99,47.5676,RU,RUS
18213,121.6904,39.246,CN,CHN
18214,142.1814,47.2704,RU,RUS
18215,122.0216,39.9622,CN,CHN
18216,141.3176,41.2714,JP,JPN
18217,120.5559,36.2445,CN,CHN
18218,138.4156,46.8703,RU,RUS
18219,142.778,53.5669,RU,RUS
18220,140.1712,40.2998,JP,JPN
18221,142.9754,46.9039,RU,RUS
18222,143.1188,51.4946,RU,RUS
18223,127.3673,39.4707,KP,PRK
18224,126.4557,37.8913,KR,KOR
18225,142.1499,45.2077,JP,JPN
18226,129.3204,36.5894,KR,KOR
18227,142.5651,42.393,JP,JPN
18228,130.3573,42.3868,KP,PRK
18229,136.0831,36.0423,JP,JPN
18230,117.5349,38.6816,CN,CHN
18231,141.9329,44.6061,JP,JPN
18232,140.1256,40.1494,JP,JPN
18233,129.1333,40.7053,KP,PRK
18234,126.7871,37.2245,KR,KOR
18235,131.1609,42.8154,RU,RUS
18236,137.0292,53.6923,RU,RUS
18237,142.9449,49.2044,RU,RUS
18238,141.7203,44.0038,JP,JPN
18239,142.2981,49.9992,RU,RUS
18240,126.641,36.8632,KR,KOR
18241,141.8793,44.4555,JP,JPN
18242,143.8356,42.9475,JP,JPN
18243,141.7054,40.3855,JP,JPN
18244,119.908,40.1359,CN,CHN
18245,140.7447,42.6629,JP,JPN
18246,120.4688,37.6689,CN,CHN
18247,120.5192,40.4567,CN,CHN
18248,141.836,52.543,RU,RUS
18249,140.9601,41.7431,JP,JPN
18250,121.5584,40.8846,CN,CHN
18251,120.9371,40.8999,CN,CHN
18252,131.9601,43.0982,RU,RUS
18253,141.8045,39.1508,JP,JPN
18254,143.2219,42.2588,JP,JPN
18255,142.817,53.7117,RU,RUS
18256,143.4143,46.5897,RU,RUS
18257,141.9534,39.6037,JP,JPN
18258,142.0127,46.822,RU,RUS
18259,124.9609,38.1931,KP,PRK
18260,120.3119,40.2342,CN,CHN
18261,122.2318,39.3137,CN,CHN
18262,135.2218,43.7595,RU,RUS
18263,141.1589,52.5212,RU,RUS
18264,128.8043,37.8776,KR,KOR
18265,126.203,37.9206,KP,PRK
18266,121.6373,39.0226,CN,CHN
18267,138.0464,46.2247,RU,RUS
18268,139.2836,47.9159,RU,RUS
18269,141.2537,38.4663,JP,JPN
18270,142.0821,46.0168,RU,RUS
18271,118.9403,37.4662,CN,CHN
18272,142.222,50.5043,RU,RUS
18273,140.1906,48.9582,RU,RUS
18274,121.3178,39.4931,CN,CHN
18275,142.3571,51.0604,RU,RUS
18276,121.1933,37.5465,CN,CHN
18277,118.3891,39.1353,CN,CHN
18278,128.4481,38.2807,KR,KOR
18279,140.9497,41.1842,JP,JPN
18280,140.035,48.5147,RU,RUS
18281,121.6071,39.4783,CN,CHN
18282,117.4968,38.4496,CN,CHN
18283,141.1334,41.2279,JP,JPN
18284,143.15,53.2393,RU,RUS
18285,128.2352,40.0864,KP,PRK
18286,120.3475,36.1351,CN,CHN
18287,134.6386,43.304,RU,RUS
18288,138.7464,37.5807,JP,JPN
18289,127.5186,39.6664,KP,PRK
18290,142.4947,53.369,RU,RUS
18291,133.1306,42.8154,RU,RUS
18292,141.2839,53.0955,RU,RUS
18293,142.1692,48.2188,RU,RUS
18294,142.3746,42.3503,JP,JPN
18295,129.1583,37.4714,KR,KOR
18296,139.5521,38.1995,JP,JPN
18297,127.3547,39.331,KP,PRK
18298,140.0934,42.225,JP,JPN
18299,138.384,53.4893,RU,RUS
18300,141.7909,44.711,JP,JPN
18301,137.2657,53.7568,RU,RUS
18302,142.2152,49.3094,RU,RUS
18303,118.9924,37.2464,CN,CHN
18304,119.2462,39.5784,CN,CHN
18305,126.81,36.8985,KR,KOR
18306,139.5095,38.0499,JP,JPN
18307,143.4654,51.1756,RU,RUS
18308,125.2931,39.6742,KP,PRK
18309,143.8035,49.3906,RU,RUS
18310,136.8061,53.7733,RU,RUS
18311,142.3333,49.6051,RU,RUS
18312,141.9035,51.8859,RU,RUS
18313,120.0586,40.1294,CN,CHN
18314,141.02,42.452,JP,JPN
18315,130.6676,42.5008,RU,RUS
18316,120.625,37.6661,CN,CHN
18317,137.2802,53.903,RU,RUS
18318,137.126,37.2929,JP,JPN
18319,119.573,37.1342,CN,CHN
18320,140.7501,51.6131,RU,RUS
18321,120.9365,37.66,CN,CHN
18322,121.0883,40.8894,CN,CHN
18323,123.4086,39.8925,CN,CHN
18324,143.0301,42.2171,JP,JPN
18325,140.5511,42.0608,JP,JPN
18326,123.0183,39.7048,CN,CHN
18327,137.7978,36.92,JP,JPN
18328,141.8712,39.8647,JP,JPN
18329,121.4915,36.8899,CN,CHN
18330,120.4617,40.227,CN,CHN
18331,140.9834,52.7519,RU,RUS
18332,123.9077,39.8571,CN,CHN
18333,124.6616,39.7972,KP,PRK
18334,121.7873,39.0164,CN,CHN
18335,143.5773,50.8079,RU,RUS
18336,137.8575,46.1723,RU,RUS
18337,141.4792,38.6576,JP,JPN
18338,131.8488,43.3317,RU,RUS
18339,142.7043,48.611,RU,RUS
18340,139.7318,48.1673,RU,RUS
18341,141.6244,39.1099,JP,JPN
18342,137.1307,45.4212,RU,RUS
18343,141.9371,46.1203,RU,RUS
18344,118.2371,39.1384,CN,CHN
18345,125.4507,38.0043,KP,PRK
18346,121.4626,39.4858,CN,CHN
18347,121.3478,37.5429,CN,CHN
18348,125.709,38.1141,KP,PRK
18349,121.852,36.9957,CN,CHN
18350,121.7511,39.4706,CN,CHN
18351,133.6273,42.9794,RU,RUS
18352,121.8904,39.8956,CN,CHN
18353,141.4029,41.0128,JP,JPN
18354,143.7523,50.1849,RU,RUS
18355,120.5029,36.1341,CN,CHN
18356,142.7393,53.4224,RU,RUS
18357,141.2208,45.1268,JP,JPN
18358,142.8239,48.9079,RU,RUS
18359,143.0631,46.6497,RU,RUS
18360,117.8785,39.2621,CN,CHN
18361,126.4455,37.7534,KR,KOR
18362,143.4986,50.5306,RU,RUS
18363,126.525,36.6299,KR,KOR
18364,117.5798,38.9151,CN,CHN
18365,143.1145,52.2904,RU,RUS
18366,140.4686,42.8724,JP,JPN
18367,139.9099,42.179,JP,JPN
18368,129.2481,37.1008,KR,KOR
18369,141.4094,43.0997,JP,JPN
18370,117.978,38.1231,CN,CHN
18371,140.0323,39.2916,JP,JPN
18372,142.2388,49.8517,RU,RUS
18373,140.845,37.6739,JP,JPN
18374,141.2072,42.4968,JP,JPN
18375,125.4167,39.594,KP,PRK
18376,119.0978,37.1361,CN,CHN
18377,122.278,40.6029,CN,CHN
18378,126.6878,37.5851,KR,KOR
18379,119.8052,40.0237,CN,CHN
18380,120.4154,37.5615,CN,CHN
18381,141.8025,52.4003,RU,RUS
18382,141.009,41.8938,JP,JPN
18383,136.963,37.2485,JP,JPN
18384,119.7308,37.1331,CN,CHN
18385,140.8361,37.114,JP,JPN
18386,143.4271,44.2497,JP,JPN
18387,132.1477,43.2997,RU,RUS
18388,136.8218,36.6586,JP,JPN
18389,128.3388,38.508,KR,KOR
18390,129.594,41.0158,KP,PRK
18391,140.2258,41.5642,JP,JPN
18392,137.6337,36.8767,JP,JPN
18393,121.6449,36.8866,CN,CHN
18394,122.3273,39.4867,CN,CHN
18395,122.4465,37.0381,CN,CHN
18396,141.1283,52.3784,RU,RUS
18397,121.5768,38.9188,CN,CHN
18398,142.1376,46.1667,RU,RUS
18399,139.5318,48.1157,RU,RUS
18400,121.91,37.4226,CN,CHN
18401,125.5796,38.0592,KP,PRK
18402,122.1781,37.3785,CN,CHN
18403,140.1292,40.7066,JP,JPN
18404,140.1384,48.8105,RU,RUS
18405,142.197,51.2879,RU,RUS
18406,141.9017,46.5228,RU,RUS
18407,122.0132,37.0316,CN,CHN
18408,118.9419,37.7942,CN,CHN
18409,139.9837,48.3667,RU,RUS
18410,126.5777,36.4311,KR,KOR
18411,142.0686,46.9716,RU,RUS
18412,143.11,53.0955,RU,RUS
18413,141.8982,45.0117,JP,JPN
18414,143.5976,50.2857,RU,RUS
18415,140.9876,40.7756,JP,JPN
18416,140.7621,37.9336,JP,JPN
18417,132.8302,42.8513,RU,RUS
18418,141.6658,45.3702,JP,JPN
18419,129.3538,36.8705,KR,KOR
18420,130.3365,42.2433,KP,PRK
18421,126.3037,36.7919,KR,KOR
18422,143.0342,47.0536,RU,RUS
18423,129.1419,37.3307,KR,KOR
18424,140.2942,49.2529,RU,RUS
18425,127.8113,39.9185,KP,PRK
18426,142.0335,47.3724,RU,RUS
18427,140.1403,42.3753,JP,JPN
18428,142.4355,44.9975,JP,JPN
18429,142.1566,49.1614,RU,RUS
18430,142.204,47.8198,RU,RUS
18431,118.1397,38.1232,CN,CHN
18432,119.1449,39.4652,CN,CHN
18433,129.3706,37.0112,KR,KOR
18434,121.8641,40.9109,CN,CHN
18435,138.4427,53.9269,RU,RUS
18436,141.4458,42.6921,JP,JPN
18437,141.773,44.1544,JP,JPN
18438,142.2741,49.4573,RU,RUS
18439,141.5719,40.4943,JP,JPN
18440,141.8703,51.7446,RU,RUS
18441,135.4307,43.9605,RU,RUS
18442,141.5636,43.5519,JP,JPN
18443,137.1621,37.4407,JP,JPN
18444,119.5196,37.0245,CN,CHN
18445,141.3009,52.1487,RU,RUS
18446,137.0186,36.8499,JP,JPN
18447,121.1306,36.7875,CN,CHN
18448,129.7243,40.9291,KP,PRK
18449,140.4852,36.4753,JP,JPN
18450,141.7692,52.2578,RU,RUS
18451,129.4275,40.8173,KP,PRK
18452,122.886,39.6398,CN,CHN
18453,121.4385,36.7819,CN,CHN
18454,122.4918,39.4443,CN,CHN
18455,141.9039,52.8293,RU,RUS
18456,128.557,38.0531,KR,KOR
18457,140.4084,41.6092,JP,JPN
18458,122.2285,36.8812,CN,CHN
18459,124.8338,38.1376,KP,PRK
18460,129.6685,41.5866,KP,PRK
18461,122.1185,39.2232,CN,CHN
18462,123.6585,39.8758,CN,CHN
18463,125.9512,37.9491,KP,PRK
18464,143.4265,51.0362,RU,RUS
18465,143.2725,52.8606,RU,RUS
18466,140.3093,40.751,JP,JPN
18467,138.0904,46.373,RU,RUS
18468,139.7822,48.3153,RU,RUS
18469,122.0703,37.4528,CN,CHN
18470,124.415,39.9542,CN,CHN
18471,140.6836,53.5044,RU,RUS
18472,139.9496,40.6621,JP,JPN
18473,126.7411,36.149,KR,KOR
18474,139.8552,38.6915,JP,JPN
18475,142.1933,46.3166,RU,RUS
18476,142.3229,50.9209,RU,RUS
18477,117.5991,38.3401,CN,CHN
18478,142.5016,47.6158,RU,RUS
18479,121.6257,39.8203,CN,CHN
18480,125.3847,39.0446,KP,PRK
18481,140.5056,50.3545,RU,RUS
18482,133.4611,42.9248,RU,RUS
18483,142.7639,48.7595,RU,RUS
18484,140.428,49.9405,RU,RUS
18485,143.122,46.7996,RU,RUS
18486,122.1179,40.1382,CN,CHN
18487,138.6423,53.6966,RU,RUS
18488,126.3342,37.9749,KP,PRK
18489,143.5384,50.6693,RU,RUS
18490,126.4723,36.8277,KR,KOR
18491,140.3522,49.5291,RU,RUS
18492,143.0758,52.1485,RU,RUS
18493,122.3486,40.382,CN,CHN
18494,142.0348,51.516,RU,RUS
18495,140.517,43.0228,JP,JPN
18496,138.9152,37.6235,JP,JPN
18497,135.6415,44.1615,RU,RUS
18498,139.9563,42.3292,JP,JPN
18499,140.0771,39.4417,JP,JPN
18500,122.0355,40.868,CN,CHN
18501,126.5302,36.944,KR,KOR
18502,140.9274,37.414,JP,JPN
18503,141.0085,51.8099,RU,RUS
18504,141.2574,42.6475,JP,JPN
18505,142.7201,44.7857,JP,JPN
18506,127.9654,38.7665,KP,PRK
18507,126.6771,37.4472,KR,KOR
18508,129.6311,41.3011,KP,PRK
18509,131.3429,43.0166,RU,RUS
18510,142.156,50.228,RU,RUS
18511,119.5518,39.9172,CN,CHN
18512,140.5231,36.0665,JP,JPN
18513,120.2054,37.456,CN,CHN
18514,140.8816,37.2639,JP,JPN
18515,131.9854,43.2433,RU,RUS
18516,141.4239,43.6573,JP,JPN
18517,136.8569,36.8059,JP,JPN
18518,121.2847,36.7848,CN,CHN
18519,140.7007,36.6645,JP,JPN
18520,131.5026,43.0734,RU,RUS
18521,129.8384,41.7862,KP,PRK
18522,122.1971,39.4213,CN,CHN
18523,124.1632,39.9738,CN,CHN
18524,122.3914,36.922,CN,CHN
18525,133.2441,36.2955,JP,JPN
18526,136.433,36.2767,JP,JPN
18527,121.8744,39.1229,CN,CHN
18528,128.6806,37.9655,KR,KOR
18529,132.4211,43.1214,RU,RUS
18530,125.0957,38.385,KP,PRK
18531,140.5371,40.9456,JP,JPN
18532,121.3683,38.8207,CN,CHN
18533,138.3254,46.5737,RU,RUS
18534,141.5274,38.8084,JP,JPN
18535,118.0318,39.2593,CN,CHN
18536,124.5383,39.8759,KP,PRK
18537,138.4611,47.0186,RU,RUS
18538,139.6814,38.6486,JP,JPN
18539,141.9922,46.2701,RU,RUS
18540,118.8881,37.6853,CN,CHN
18541,133.9312,42.9415,RU,RUS
18542,117.4363,38.5657,CN,CHN
18543,142.9452,53.3309,RU,RUS
18544,142.0404,48.8651,RU,RUS
18545,139.8653,42.5833,JP,JPN
18546,120.2449,36.2467,CN,CHN
18547,121.7709,39.8119,CN,CHN
18548,137.6922,53.4471,RU,RUS
18549,128.825,40.4515,KP,PRK
18550,140.6666,51.1909,RU,RUS
18551,140.808,38.0838,JP,JPN
18552,130.5121,42.4438,KP,PRK
18553,140.243,49.1059,RU,RUS
18554,127.6712,39.8624,KP,PRK
18555,139.1258,37.8153,JP,JPN
18556,135.8542,44.3626,RU,RUS
18557,142.09,47.5216,RU,RUS
18558,140.2302,42.1204,JP,JPN
18559,141.1062,53.3283,RU,RUS
18560,142.2614,47.9687,RU,RUS
18561,140.3725,42.5716,JP,JPN
18562,142.8843,49.0562,RU,RUS
18563,118.8867,37.3566,CN,CHN
18564,127.8409,38.8521,KP,PRK
18565,119.1966,39.6966,CN,CHN
18566,136.7654,37.0565,JP,JPN
18567,119.9416,37.2409,CN,CHN
18568,141.2395,51.8649,RU,RUS
18569,136.5819,53.8541,RU,RUS
18570,142.1796,49.7042,RU,RUS
18571,122.0718,40.7568,CN,CHN
18572,141.6556,40.2345,JP,JPN
18573,141.7036,51.9738,RU,RUS
18574,135.4658,44.108,RU,RUS
18575,140.1365,41.8197,JP,JPN
18576,118.7833,38.1213,CN,CHN
18577,137.4336,36.6856,JP,JPN
18578,131.3194,42.8721,RU,RUS
18579,141.2701,52.0067,RU,RUS
18580,143.2862,44.3576,JP,JPN
18581,128.2289,38.7348,KP,PRK
18582,125.0384,39.6966,KP,PRK
18583,129.5756,40.8732,KP,PRK
18584,140.5295,36.6249,JP,JPN
18585,141.7363,52.1156,RU,RUS
18586,129.2801,40.7613,KP,PRK
18587,120.923,36.6813,CN,CHN
18588,120.4154,40.3455,CN,CHN
18589,141.8698,52.686,RU,RUS
18590,136.2742,36.2328,JP,JPN
18591,122.017,39.1155,CN,CHN
18592,123.5324,39.8172,CN,CHN
18593,121.7318,39.1303,CN,CHN
18594,143.2325,52.7176,RU,RUS
18595,140.3558,40.9014,JP,JPN
18596,138.1345,46.5214,RU,RUS
18597,125.3689,38.7703,KP,PRK
18598,120.0889,36.2475,CN,CHN
18599,122.557,37.2697,CN,CHN
18600,136.2854,44.7649,RU,RUS
18601,121.4202,39.6023,CN,CHN
18602,126.6831,36.0308,KR,KOR
18603,138.401,38.0464,JP,JPN
18604,142.9994,51.8657,RU,RUS
18605,139.8991,38.8414,JP,JPN
18606,142.2493,46.4664,RU,RUS
18607,119.0477,37.6846,CN,CHN
18608,140.0866,48.6626,RU,RUS
18609,142.289,50.7817,RU,RUS
18610,129.4421,36.4993,KR,KOR
18611,130.0098,41.9862,KP,PRK
18612,126.6884,36.3491,KR,KOR
18613,142.0432,53.4054,RU,RUS
18614,143.9067,50.0837,RU,RUS
18615,141.7554,45.1161,JP,JPN
18616,124.7915,39.8551,KP,PRK
18617,129.3918,36.0783,KR,KOR
18618,140.1673,39.7422,JP,JPN
18619,121.5228,39.7114,CN,CHN
18620,125.5238,39.2384,KP,PRK
18621,140.3368,50.5769,RU,RUS
18622,140.8534,40.8828,JP,JPN
18623,140.4148,50.9953,RU,RUS
18624,140.4025,49.803,RU,RUS
18625,117.7077,38.2315,CN,CHN
18626,121.9859,40.0713,CN,CHN
18627,138.6218,53.551,RU,RUS
18628,143.6617,50.433,RU,RUS
18629,128.5207,40.1982,KP,PRK
18630,141.9623,42.6736,JP,JPN
18631,136.2409,36.0862,JP,JPN
18632,140.3274,49.3926,RU,RUS
18633,122.2151,40.3148,CN,CHN
18634,138.6661,37.2829,JP,JPN
18635,138.9561,37.7726,JP,JPN
18636,143.5878,49.3445,RU,RUS
18637,140.7536,43.2193,JP,JPN
18638,142.2928,45.1028,JP,JPN
18639,140.1874,42.5256,JP,JPN
18640,142.7021,42.2843,JP,JPN
18641,143.1585,49.2514,RU,RUS
18642,140.9792,51.6685,RU,RUS
18643,119.0438,39.3519,CN,CHN
18644,137.9283,53.5101,RU,RUS
18645,126.5667,37.6694,KR,KOR
18646,125.2545,38.9882,KP,PRK
18647,140.4795,50.2162,RU,RUS
18648,137.2711,36.6422,JP,JPN
18649,128.1042,38.8209,KP,PRK
18650,119.4496,39.8044,CN,CHN
18651,140.5672,36.2158,JP,JPN
18652,120.152,37.3477,CN,CHN
18653,143.5677,44.1414,JP,JPN
18654,125.0814,38.1122,KP,PRK
18655,125.1619,39.6169,KP,PRK
18656,129.6125,41.1584,KP,PRK
18657,131.6874,43.2749,RU,RUS
18658,121.0776,36.679,CN,CHN
18659,120.1617,40.2412,CN,CHN
18660,125.4087,39.4566,KP,PRK
18661,120.1387,36.0247,CN,CHN
18662,120.6784,37.773,CN,CHN
18663,142.5272,48.1649,RU,RUS
18664,136.4669,36.4236,JP,JPN
18665,125.2317,38.5774,KP,PRK
18666,140.4266,43.2773,JP,JPN
18667,136.6266,36.4675,JP,JPN
18668,137.5844,45.8231,RU,RUS
18669,138.5068,47.1668,RU,RUS
18670,129.3038,36.4491,KR,KOR
18671,120.662,36.4646,CN,CHN
18672,117.7787,39.1466,CN,CHN
18673,125.4229,37.7363,KP,PRK
18674,140.4025,41.0519,JP,JPN
18675,140.2844,53.825,RU,RUS
18676,134.4684,43.2502,RU,RUS
18677,142.798,47.4103,RU,RUS
18678,141.9828,48.7168,RU,RUS
18679,134.1299,43.1423,RU,RUS
18680,121.0916,37.6566,CN,CHN
18681,128.6804,40.3955,KP,PRK
18682,143.9068,44.0749,JP,JPN
18683,140.6392,51.0507,RU,RUS
18684,141.3044,40.711,JP,JPN
18685,140.8909,37.8241,JP,JPN
18686,141.2199,43.0547,JP,JPN
18687,142.0079,53.261,RU,RUS
18688,142.2269,48.3674,RU,RUS
18689,141.7726,42.6297,JP,JPN
18690,141.03,38.275,JP,JPN
18691,127.8251,40.0589,KP,PRK
18692,142.2311,51.4282,RU,RUS
18693,131.003,42.7586,RU,RUS
18694,140.2774,42.2708,JP,JPN
18695,120.8322,40.7893,CN,CHN
18696,143.2774,42.4102,JP,JPN
18697,139.3381,38.0073,JP,JPN
18698,142.5779,44.8918,JP,JPN
18699,136.0688,44.5638,RU,RUS
18700,142.3529,47.718,RU,RUS
18701,140.4204,42.722,JP,JPN
18702,143.0037,44.5724,JP,JPN
18703,129.0351,37.5603,KR,KOR
18704,136.8005,37.2039,JP,JPN
18705,119.8882,37.1319,CN,CHN
18706,137.5188,53.9673,RU,RUS
18707,118.7922,39.2424,CN,CHN
18708,138.1654,53.5727,RU,RUS
18709,140.1832,41.97,JP,JPN
18710,141.8539,39.3017,JP,JPN
18711,142.3446,50.1417,RU,RUS
18712,118.7295,38.013,CN,CHN
18713,137.4702,36.8333,JP,JPN
18714,143.4741,46.7397,RU,RUS
18715,141.098,52.2358,RU,RUS
18716,143.9559,49.2881,RU,RUS
18717,125.2018,38.0309,KP,PRK
18718,137.1449,36.7462,JP,JPN
18719,137.3566,45.6222,RU,RUS
18720,140.6115,36.3653,JP,JPN
18721,120.87,36.5722,CN,CHN
18722,120.8342,37.7699,CN,CHN
18723,140.7456,36.8143,JP,JPN
18724,125.5713,37.9223,KP,PRK
18725,122.1208,36.9565,CN,CHN
18726,142.3191,48.1176,RU,RUS
18727,129.6874,41.7294,KP,PRK
18728,136.947,45.3684,RU,RUS
18729,138.7007,47.2191,RU,RUS
18730,122.5018,37.1541,CN,CHN
18731,140.4706,53.592,RU,RUS
18732,140.5843,41.0962,JP,JPN
18733,126.6304,36.2314,KR,KOR
18734,143.2737,51.2651,RU,RUS
18735,138.4408,38.1954,JP,JPN
18736,120.817,36.4628,CN,CHN
18737,142.887,47.1574,RU,RUS
18738,125.1924,37.8954,KP,PRK
18739,121.6978,36.994,CN,CHN
18740,118.9956,37.9029,CN,CHN
18741,136.5039,44.9661,RU,RUS
18742,130.1828,42.1864,KP,PRK
18743,126.6357,36.5484,KR,KOR
18744,134.2988,43.1963,RU,RUS
18745,140.0379,40.406,JP,JPN
18746,141.8445,44.8614,JP,JPN
18747,133.9617,43.0881,RU,RUS
18748,142.65,47.5133,RU,RUS
18749,143.3122,51.405,RU,RUS
18750,125.3927,39.1818,KP,PRK
18751,140.3113,50.438,RU,RUS
18752,142.0067,45.3123,JP,JPN
18753,138.4229,53.7807,RU,RUS
18754,139.595,38.3491,JP,JPN
18755,136.3234,44.9129,RU,RUS
18756,142.2509,53.3152,RU,RUS
18757,132.9943,42.9064,RU,RUS
18758,141.6124,45.2201,JP,JPN
18759,128.3777,40.1423,KP,PRK
18760,129.1161,40.5633,KP,PRK
18761,122.3134,40.4923,CN,CHN
18762,138.7062,37.4318,JP,JPN
18763,126.9074,37.1396,KR,KOR
18764,140.8541,38.2341,JP,JPN
18765,131.1379,42.6711,RU,RUS
18766,137.2513,53.6109,RU,RUS
18767,143.5268,42.6032,JP,JPN
18768,127.5316,39.8064,KP,PRK
18769,139.1674,37.9646,JP,JPN
18770,135.8907,44.5104,RU,RUS
18771,142.1469,47.6707,RU,RUS
18772,140.2348,42.676,JP,JPN
18773,119.2565,37.1357,CN,CHN
18774,127.7296,39.0773,KP,PRK
18775,142.9847,53.4753,RU,RUS
18776,143.5002,46.3342,RU,RUS
18777,142.862,44.6792,JP,JPN
18778,140.824,41.8493,JP,JPN
18779,143.4351,49.4462,RU,RUS
18780,122.7541,39.5746,CN,CHN
18781,118.9431,39.2384,CN,CHN
18782,140.722,51.4721,RU,RUS
18783,129.6498,41.4438,KP,PRK
18784,135.3958,43.8129,RU,RUS
18785,140.4537,50.0782,RU,RUS
18786,140.4558,41.7597,JP,JPN
18787,118.8896,38.0122,CN,CHN
18788,123.2799,39.8313,CN,CHN
18789,143.2683,46.6949,RU,RUS
18790,140.0437,41.519,JP,JPN
18791,137.1715,45.5695,RU,RUS
18792,141.1824,41.3787,JP,JPN
18793,131.5267,43.2181,RU,RUS
18794,140.9635,37.0038,JP,JPN
18795,141.9382,52.9729,RU,RUS
18796,142.5859,48.3137,RU,RUS
18797,123.7852,39.9343,CN,CHN
18798,132.4476,43.2668,RU,RUS
18799,125.1029,38.5216,KP,PRK
18800,136.6611,36.6146,JP,JPN
18801,136.7639,45.3153,RU,RUS
18802,143.3129,53.0039,RU,RUS
18803,140.6715,40.839,JP,JPN
18804,121.2667,38.9292,CN,CHN
18805,125.361,38.6333,KP,PRK
18806,143.1928,52.5749,RU,RUS
18807,128.5722,38.1935,KR,KOR
18808,140.8147,41.291,JP,JPN
18809,129.2873,36.3088,KR,KOR
18810,120.609,36.3547,CN,CHN
18811,143.1953,51.7758,RU,RUS
18812,138.4989,37.2402,JP,JPN
18813,121.6028,37.4289,CN,CHN
18814,117.6791,39.0309,CN,CHN
18815,125.3223,37.9494,KP,PRK
18816,138.7473,47.3673,RU,RUS
18817,140.4495,41.2024,JP,JPN
18818,136.7244,45.1673,RU,RUS
18819,140.2565,53.6793,RU,RUS
18820,139.9433,38.9914,JP,JPN
18821,127.5056,39.5264,KP,PRK
18822,140.0029,42.4795,JP,JPN
18823,129.8577,41.9293,KP,PRK
18824,140.0351,39.8489,JP,JPN
18825,141.1703,40.8188,JP,JPN
18826,142.2374,42.4584,JP,JPN
18827,117.4808,38.7991,CN,CHN
18828,122.2504,40.205,CN,CHN
18829,141.3535,40.8619,JP,JPN
18830,138.1275,37.0061,JP,JPN
18831,138.663,53.8426,RU,RUS
18832,127.3421,39.1914,KP,PRK
18833,141.9729,53.1168,RU,RUS
18834,132.694,42.9416,RU,RUS
18835,141.8632,45.4165,JP,JPN
18836,142.134,48.6166,RU,RUS
18837,140.3886,50.8555,RU,RUS
18838,140.3773,49.6659,RU,RUS
18839,141.0767,38.4254,JP,JPN
18840,142.0684,51.6568,RU,RUS
18841,141.4605,43.2505,JP,JPN
18842,130.8458,42.7016,RU,RUS
18843,120.7276,40.6786,CN,CHN
18844,143.3332,42.5617,JP,JPN
18845,141.0812,43.1601,JP,JPN
18846,140.8954,53.4165,RU,RUS
18847,136.1061,44.7116,RU,RUS
18848,142.4107,47.867,RU,RUS
18849,127.8545,38.9921,KP,PRK
18850,128.9278,37.7895,KR,KOR
18851,121.6924,40.9535,CN,CHN
18852,136.8921,36.9533,JP,JPN
18853,140.8825,42.5576,JP,JPN
18854,130.646,42.3569,KP,PRK
18855,125.5321,39.3759,KP,PRK
18856,140.6396,41.8046,JP,JPN
18857,143.2202,49.3995,RU,RUS
18858,137.5031,53.8209,RU,RUS
18859,136.9987,37.3962,JP,JPN
18860,143.3548,46.4397,RU,RUS
18861,141.9035,39.4527,JP,JPN
18862,142.1888,50.366,RU,RUS
18863,120.2588,37.5639,CN,CHN
18864,140.4144,42.166,JP,JPN
18865,128.1078,40.1712,KP,PRK
18866,141.7388,39.9743,JP,JPN
18867,134.8096,43.3577,RU,RUS
18868,137.3981,45.7705,RU,RUS
18869,141.1898,52.6644,RU,RUS
18870,140.9983,41.3349,JP,JPN
18871,124.6552,39.6606,KP,PRK
18872,140.7908,36.9641,JP,JPN
18873,119.2984,39.8098,CN,CHN
18874,125.5631,37.7855,KP,PRK
18875,141.0443,53.0395,RU,RUS
18876,132.3107,43.356,RU,RUS
18877,139.0377,47.7158,RU,RUS
18878,121.4217,38.9241,CN,CHN
18879,143.708,44.0327,JP,JPN
18880,121.4489,37.4327,CN,CHN
18881,124.2917,40.0322,CN,CHN
18882,125.8301,38.0318,KP,PRK
18883,138.9426,47.4194,RU,RUS
18884,122.449,37.3447,CN,CHN
18885,121.7924,39.3545,CN,CHN
18886,142.1249,47.121,RU,RUS
18887,141.2682,41.1205,JP,JPN
18888,138.3322,37.1974,JP,JPN
18889,121.7564,37.4249,CN,CHN
18890,136.5426,45.1141,RU,RUS
18891,130.0297,42.1294,KP,PRK
18892,138.3704,46.722,RU,RUS
18893,140.0834,40.5563,JP,JPN
18894,142.0984,49.0133,RU,RUS
18895,129.2709,36.1686,KR,KOR
18896,142.9169,46.7542,RU,RUS
18897,143.1569,51.635,RU,RUS
18898,129.3371,36.7299,KR,KOR
18899,142.5087,46.6625,RU,RUS
18900,137.9624,36.9631,JP,JPN
18901,139.6381,38.4989,JP,JPN
18902,127.4669,39.107,KP,PRK
18903,143.996,49.8344,RU,RUS
18904,128.5364,40.3395,KP,PRK
18905,142.1,42.5662,JP,JPN
18906,140.0802,39.9991,JP,JPN
18907,128.9703,40.5074,KP,PRK
18908,126.798,37.3625,KR,KOR
18909,144.7607,42.9987,JP,JPN
18910,156.1045,53.3717,RU,RUS
18911,156.4309,52.2183,RU,RUS
18912,172.8497,52.9573,RU,RUS
18913,158.7796,53.0669,RU,RUS
18914,150.1019,45.8862,JP,JPN
18915,154.7649,49.5063,RU,RUS
18916,158.0337,51.8226,RU,RUS
18917,144.959,43.0384,JP,JPN
18918,144.563,42.9587,JP,JPN
18919,156.7039,51.3122,RU,RUS
18920,144.7258,43.8275,JP,JPN
18921,145.7351,44.0267,RU,RUS
18922,158.3641,52.2458,RU,RUS
18923,157.3117,51.4982,RU,RUS
18924,173.5751,52.3897,RU,RUS
18925,159.9143,53.5339,RU,RUS
18926,149.8834,45.8532,JP,JPN
18927,156.0591,53.6284,RU,RUS
18928,147.7291,45.0862,JP,JPN
18929,145.2195,43.2296,JP,JPN
18930,155.9414,50.5714,RU,RUS
18931,146.0684,44.3685,JP,JPN
18932,156.7266,51.9799,RU,RUS
18933,144.02,49.4363,RU,RUS
18934,144.5257,43.7868,JP,JPN
18935,156.0429,50.7155,RU,RUS
18936,159.9425,53.274,RU,RUS
18937,145.2814,43.3812,JP,JPN
18938,159.6207,53.7767,RU,RUS
18939,150.1802,46.0366,JP,JPN
18940,157.9248,51.6811,RU,RUS
18941,158.2534,52.105,RU,RUS
18942,145.02,43.1901,JP,JPN
18943,156.2561,53.255,RU,RUS
18944,156.2899,50.7387,RU,RUS
18945,158.3294,52.5077,RU,RUS
18946,157.2054,51.3558,RU,RUS
18947,145.1429,43.4933,JP,JPN
18948,144.2463,44.0071,JP,JPN
18949,154.6691,49.3603,RU,RUS
18950,156.0132,53.8843,RU,RUS
18951,156.3004,52.9971,RU,RUS
18952,155.8405,50.4271,RU,RUS
18953,146.0034,44.2171,JP,JPN
18954,156.4938,52.6202,RU,RUS
18955,156.621,51.8377,RU,RUS
18956,144.0845,49.5843,RU,RUS
18957,146.7648,43.8012,RU,RUS
18958,149.5889,45.6691,JP,JPN
18959,159.1553,53.2239,RU,RUS
18960,144.0469,43.9655,JP,JPN
18961,148.1526,45.1587,JP,JPN
18962,157.5638,51.519,RU,RUS
18963,158.1433,51.964,RU,RUS
18964,155.2518,50.2336,RU,RUS
18965,156.2114,53.5122,RU,RUS
18966,156.6626,51.5753,RU,RUS
18967,159.4174,53.2411,RU,RUS
18968,158.8937,53.206,RU,RUS
18969,158.5533,52.7878,RU,RUS
18970,156.1942,52.8559,RU,RUS
18971,156.3878,52.4787,RU,RUS
18972,145.0657,43.7566,JP,JPN
18973,155.4958,50.2583,RU,RUS
18974,146.2738,44.4072,JP,JPN
18975,159.7967,53.396,RU,RUS
18976,173.1145,52.9442,RU,RUS
18977,149.6655,45.8197,JP,JPN
18978,158.5192,53.0483,RU,RUS
18979,159.7386,53.9141,RU,RUS
18980,144.9264,43.8679,JP,JPN
18981,156.558,51.4326,RU,RUS
18982,144.3861,43.8971,JP,JPN
18983,158.4411,52.6479,RU,RUS
18984,156.1496,53.1142,RU,RUS
18985,147.9406,45.1226,JP,JPN
18986,156.3443,52.7383,RU,RUS
18987,155.3966,50.1134,RU,RUS
18988,157.0996,51.2131,RU,RUS
18989,156.579,52.0993,RU,RUS
18990,144.1724,49.3335,RU,RUS
18991,159.6798,53.2579,RU,RUS
18992,172.9664,52.8194,RU,RUS
18993,149.961,46.0036,JP,JPN
18994,155.7402,50.2825,RU,RUS
18995,144.4251,43.07,JP,JPN
18996,156.8494,51.1914,RU,RUS
18997,157.6715,51.661,RU,RUS
18998,145.1899,44.0594,JP,JPN
18999,156.516,51.6953,RU,RUS
19000,148.6517,45.3807,JP,JPN
19001,144.228,43.0294,JP,JPN
19002,158.4065,52.9086,RU,RUS
19003,147.3791,44.7471,JP,JPN
19004,144.988,44.0193,JP,JPN
19005,156.5366,52.3602,RU,RUS
19006,148.4379,45.3454,JP,JPN
19007,148.0119,45.2737,JP,JPN
19008,159.7678,53.6555,RU,RUS
19009,144.0315,42.9886,JP,JPN
19010,147.1701,44.7101,JP,JPN
19011,147.1017,44.5587,RU,RUS
19012,156.7449,51.0483,RU,RUS
19013,145.4689,43.8359,JP,JPN
19014,145.2525,44.2108,JP,JPN
19015,158.4753,52.3863,RU,RUS
19016,145.0041,43.6051,JP,JPN
19017,156.1663,53.7686,RU,RUS
19018,147.4485,44.8984,JP,JPN
19019,-147.8302,60.2869,US,USA
19020,-169.014,63.2155,RU,RUS
19021,-150.8739,59.3944,US,USA
19022,-179.7349,68.7637,RU,RUS
19023,-160.5733,63.7517,US,USA
19024,-163.8111,66.571,US,USA
19025,-152.1346,58.2821,US,USA
19026,-162.5007,65.9633,US,USA
19027,-179.3978,71.0874,RU,RUS
19028,-163.9144,63.1907,US,USA
19029,-154.0811,59.5051,US,USA
19030,-154.2808,58.3185,US,USA
19031,-176.3776,67.8405,RU,RUS
19032,-161.5229,58.6923,US,USA
19033,-164.5174,60.3485,US,USA
19034,-151.8703,70.3006,US,USA
19035,-171.5343,63.5122,RU,RUS
19036,-152.6296,57.6867,US,USA
19037,-163.9903,60.0735,US,USA
19038,-169.9622,63.3887,RU,RUS
19039,-162.2997,64.6577,US,USA
19040,-161.8427,55.4979,US,USA
19041,-160.7448,64.5857,US,USA
19042,-175.7029,65.1324,RU,RUS
19043,-159.5742,55.805,US,USA
19044,-175.2514,67.119,RU,RUS
19045,-164.8552,67.8888,US,USA
19046,-163.0953,67.0477,US,USA
19047,-174.5649,64.8382,RU,RUS
19048,-178.796,71.4812,RU,RUS
19049,-145.1368,60.4367,US,USA
19050,-172.3901,65.2558,RU,RUS
19051,-178.6391,66.0459,RU,RUS
19052,-157.6216,57.5066,US,USA
19053,-165.089,62.4057,US,USA
19054,-166.4401,65.1081,US,USA
19055,-152.5441,58.4445,US,USA
19056,-148.3187,60.3319,US,USA
19057,-165.8492,60.2236,US,USA
19058,-178.3008,71.4382,RU,RUS
19059,-158.6767,56.9641,US,USA
19060,-161.3891,64.4336,US,USA
19061,-144.5579,60.5131,US,USA
19062,-150.5358,70.4568,US,USA
19063,-155.9244,57.6803,US,USA
19064,-158.3898,56.1448,US,USA
19065,-149.3098,70.4505,US,USA
19066,-171.0329,66.3803,RU,RUS
19067,-165.6545,62.0859,US,USA
19068,-153.0342,57.8456,US,USA
19069,-170.6031,63.5011,RU,RUS
19070,-157.1183,58.5429,US,USA
19071,-160.4693,55.7958,US,USA
19072,-175.0109,67.384,RU,RUS
19073,-162.0353,70.2144,US,USA
19074,-158.8661,56.0103,US,USA
19075,-163.7004,60.8862,US,USA
19076,-151.2903,59.5643,US,USA
19077,-165.6246,61.3406,US,USA
19078,-154.179,58.5936,US,USA
19079,-177.7073,68.131,RU,RUS
19080,-163.827,66.1038,US,USA
19081,-157.4852,58.0598,US,USA
19082,-171.1698,65.6572,RU,RUS
19083,-174.0877,66.9704,RU,RUS
19084,-161.4916,58.9771,US,USA
19085,-164.5166,60.6417,US,USA
19086,-151.58,60.0103,US,USA
19087,-160.0758,66.5017,US,USA
19088,-176.2958,65.6401,RU,RUS
19089,-165.0538,60.4761,US,USA
19090,-151.4274,70.3538,US,USA
19091,-164.5178,60.2023,US,USA
19092,-164.5044,64.5472,US,USA
19093,-153.5507,57.7323,US,USA
19094,-150.1763,59.77,US,USA
19095,-163.5582,64.6424,US,USA
19096,-145.2312,70.0135,US,USA
19097,-172.4948,65.5659,RU,RUS
19098,-163.4325,67.2794,US,USA
19099,-159.339,55.8739,US,USA
19100,-152.9971,57.3621,US,USA
19101,-173.9541,66.6574,RU,RUS
19102,-162.0942,55.1538,US,USA
19103,-164.5095,63.0252,US,USA
19104,-164.2024,54.9186,US,USA
19105,-173.4011,64.3836,RU,RUS
19106,-149.9168,61.1892,US,USA
19107,-174.5751,66.4452,RU,RUS
19108,-160.8399,63.9788,US,USA
19109,-152.0341,60.6846,US,USA
19110,-151.2359,60.7055,US,USA
19111,-161.7797,66.4312,US,USA
19112,-163.0376,62.9816,US,USA
19113,-157.5392,56.8867,US,USA
19114,-171.5774,63.6648,RU,RUS
19115,-152.9225,58.1168,US,USA
19116,-148.7683,60.013,US,USA
19117,-151.0892,60.4794,US,USA
19118,-164.8675,68.84,US,USA
19119,-177.0384,65.7275,RU,RUS
19120,-145.5191,60.6255,US,USA
19121,-152.1093,70.5554,US,USA
19122,-155.6691,57.7423,US,USA
19123,-156.7785,58.8875,US,USA
19124,-163.2104,59.8772,US,USA
19125,-158.2898,58.7709,US,USA
19126,-170.3169,63.5977,RU,RUS
19127,-162.0486,55.6957,US,USA
19128,-172.8241,64.5891,RU,RUS
19129,-165.227,68.1191,US,USA
19130,-170.8588,65.756,RU,RUS
19131,-159.0468,70.7419,US,USA
19132,-173.3224,66.867,RU,RUS
19133,-150.3543,61.3681,US,USA
19134,-147.8886,61.0154,US,USA
19135,-153.8082,57.0576,US,USA
19136,-150.3645,60.8606,US,USA
19137,-159.9152,70.5965,US,USA
19138,-167.495,65.7696,US,USA
19139,-163.5625,54.8834,US,USA
19140,-148.4768,60.9239,US,USA
19141,-153.1375,59.9579,US,USA
19142,-156.7971,57.0807,US,USA
19143,-146.7124,70.1551,US,USA
19144,-154.6221,57.3636,US,USA
19145,-171.4465,66.5939,RU,RUS
19146,-151.4237,59.2899,US,USA
19147,-148.2006,60.1058,US,USA
19148,-153.1837,58.0606,US,USA
19149,-151.243,61.2129,US,USA
19150,-170.3076,66.264,RU,RUS
19151,-175.4862,67.5895,RU,RUS
19152,-150.9476,61.2653,US,USA
19153,-94.3258,71.1274,CA,CAN
19154,-154.4167,57.2873,US,USA
19155,-165.9134,61.5525,US,USA
19156,-160.9082,63.526,US,USA
19157,-178.228,68.3302,RU,RUS
19158,-164.1583,66.3318,US,USA
19159,-160.7549,55.3193,US,USA
19160,-165.0667,61.213,US,USA
19161,-160.0446,66.6565,US,USA
19162,-152.4506,60.3496,US,USA
19163,-166.6321,59.9665,US,USA
19164,-162.9784,55.125,US,USA
19165,-152.8074,70.7552,US,USA
19166,-163.7772,67.511,US,USA
19167,-147.9086,70.1783,US,USA
19168,-157.554,57.7826,US,USA
19169,-165.9751,68.2614,US,USA
19170,-161.5245,63.3738,US,USA
19171,-162.7395,67.1286,US,USA
19172,-172.6363,64.9994,RU,RUS
19173,-178.3518,66.1604,RU,RUS
19174,-160.7477,58.9144,US,USA
19175,-175.0265,66.65,RU,RUS
19176,-159.5124,58.8483,US,USA
19177,-164.8008,62.4898,US,USA
19178,-158.7537,58.9161,US,USA
19179,-166.122,65.1962,US,USA
19180,-167.1708,65.8603,US,USA
19181,-167.1746,60.085,US,USA
19182,-159.2775,58.7771,US,USA
19183,-158.9483,56.7589,US,USA
19184,-178.8343,66.3542,RU,RUS
19185,-161.0678,64.51,US,USA
19186,-154.3198,57.5583,US,USA
19187,-153.9079,56.7894,US,USA
19188,-151.0129,59.6166,US,USA
19189,-166.6542,60.2593,US,USA
19190,-160.2255,59.0598,US,USA
19191,-165.3757,62.321,US,USA
19192,-154.6966,56.4804,US,USA
19193,-153.9136,58.6521,US,USA
19194,-173.7693,67.076,RU,RUS
19195,-161.7001,67.0537,US,USA
19196,-131.1652,68.9202,CA,CAN
19197,-159.4334,56.6213,US,USA
19198,-161.5856,55.8431,US,USA
19199,-160.4565,66.2726,US,USA
19200,-176.8775,68.0431,RU,RUS
19201,-161.7504,58.9019,US,USA
19202,-151.7128,59.7336,US,USA
19203,-153.6473,58.7101,US,USA
19204,-149.8961,59.8198,US,USA
19205,-161.3822,55.6442,US,USA
19206,-161.1504,66.1211,US,USA
19207,-160.7025,55.7247,US,USA
19208,-172.1896,65.6675,RU,RUS
19209,-153.3044,57.1716,US,USA
19210,-164.8033,62.7907,US,USA
19211,-160.7929,64.2818,US,USA
19212,-164.3818,54.8339,US,USA
19213,-173.1137,64.4866,RU,RUS
19214,-164.5109,62.5733,US,USA
19215,-162.9306,69.257,US,USA
19216,-150.9462,60.7578,US,USA
19217,-161.4304,66.5089,US,USA
19218,-167.1195,65.3941,US,USA
19219,-177.6109,65.5036,RU,RUS
19220,-148.4389,60.5588,US,USA
19221,-162.7381,63.0613,US,USA
19222,-166.9151,60.1724,US,USA
19223,-157.2927,56.9519,US,USA
19224,-164.0995,54.6312,US,USA
19225,-152.6606,58.1725,US,USA
19226,-148.4848,60.0597,US,USA
19227,-146.0044,60.6793,US,USA
19228,-164.4857,68.9252,US,USA
19229,-155.9658,57.5433,US,USA
19230,-156.0661,70.9006,US,USA
19231,-158.5732,56.3489,US,USA
19232,-162.3202,55.0797,US,USA
19233,-162.9448,59.956,US,USA
19234,-147.5192,59.9702,US,USA
19235,-162.1534,60.0441,US,USA
19236,-162.9286,64.6514,US,USA
19237,-161.8176,55.7696,US,USA
19238,-165.5162,66.3031,US,USA
19239,-174.9356,67.2271,RU,RUS
19240,-160.6954,64.8905,US,USA
19241,-154.3091,56.9415,US,USA
19242,-169.5834,63.0277,RU,RUS
19243,-165.6188,61.1924,US,USA
19244,-173.0593,64.3331,RU,RUS
19245,-152.3221,60.6298,US,USA
19246,-160.4314,56.0676,US,USA
19247,-161.7212,59.1878,US,USA
19248,-164.788,60.8533,US,USA
19249,-153.5566,57.1149,US,USA
19250,-164.2478,60.5769,US,USA
19251,-150.0724,60.911,US,USA
19252,-160.3802,70.3627,US,USA
19253,-178.356,65.5845,RU,RUS
19254,-156.548,57.1444,US,USA
19255,-166.1848,66.1281,US,USA
19256,-163.4407,67.1226,US,USA
19257,-174.9183,64.8858,RU,RUS
19258,-164.5608,54.7488,US,USA
19259,-151.6075,61.0192,US,USA
19260,-173.8036,64.587,RU,RUS
19261,-166.8443,65.9503,US,USA
19262,-159.9148,56.4819,US,USA
19263,-150.6513,61.317,US,USA
19264,-179.6612,65.4299,RU,RUS
19265,-150.6557,60.8095,US,USA
19266,-161.224,70.2107,US,USA
19267,-172.6223,66.9171,RU,RUS
19268,-157.0453,57.0165,US,USA
19269,-154.1345,59.3658,US,USA
19270,-165.4511,64.5992,US,USA
19271,-152.3979,58.2276,US,USA
19272,-146.3984,60.8668,US,USA
19273,-163.1544,54.9059,US,USA
19274,-152.3551,70.8106,US,USA
19275,-171.4918,63.3599,RU,RUS
19276,-156.8176,58.7476,US,USA
19277,-162.7531,55.2004,US,USA
19278,-162.6779,60.0343,US,USA
19279,-146.4831,60.3688,US,USA
19280,-153.807,58.9279,US,USA
19281,-169.9295,63.2365,RU,RUS
19282,-145.9682,70.0858,US,USA
19283,-175.1754,66.9625,RU,RUS
19284,-147.0579,60.2837,US,USA
19285,-161.2171,63.4502,US,USA
19286,-172.3388,65.1011,RU,RUS
19287,-178.5435,65.8919,RU,RUS
19288,-161.0253,58.6988,US,USA
19289,-161.4084,66.6642,US,USA
19290,-152.7346,60.2939,US,USA
19291,-156.4713,57.4176,US,USA
19292,-151.8996,60.9654,US,USA
19293,-167.4755,65.614,US,USA
19294,-178.1803,71.2788,RU,RUS
19295,-163.9935,59.9279,US,USA
19296,-147.7436,60.4227,US,USA
19297,-159.0161,58.8469,US,USA
19298,-166.0924,64.7333,US,USA
19299,-161.8365,65.9664,US,USA
19300,-146.7988,61.0541,US,USA
19301,-144.6598,60.3804,US,USA
19302,-156.3744,71.1519,US,USA
19303,-154.0642,57.6169,US,USA
19304,-171.8685,66.807,RU,RUS
19305,-165.6484,61.9363,US,USA
19306,-160.5485,63.9026,US,USA
19307,-160.4881,55.6604,US,USA
19308,-175.9711,67.794,RU,RUS
19309,-157.2763,71.0197,US,USA
19310,-172.9315,64.8972,RU,RUS
19311,-162.9041,69.5755,US,USA
19312,-151.3573,59.427,US,USA
19313,-166.3919,60.3457,US,USA
19314,-165.8048,54.1396,US,USA
19315,-179.3006,68.7249,RU,RUS
19316,-178.759,68.5282,RU,RUS
19317,-164.4966,66.5598,US,USA
19318,-165.8424,60.0773,US,USA
19319,-163.166,65.9573,US,USA
19320,-178.911,71.0462,RU,RUS
19321,-152.5725,57.8216,US,USA
19322,-159.1913,56.6904,US,USA
19323,-161.3527,55.9162,US,USA
19324,-160.1067,66.3472,US,USA
19325,-147.3888,60.9675,US,USA
19326,-171.2099,63.4584,RU,RUS
19327,-178.4472,66.3148,RU,RUS
19328,-152.4293,57.6071,US,USA
19329,-151.4339,59.7869,US,USA
19330,-169.6444,63.3316,RU,RUS
19331,-160.8045,66.1972,US,USA
19332,-160.9513,55.5177,US,USA
19333,-172.4421,65.4108,RU,RUS
19334,-164.1298,67.7425,US,USA
19335,-162.0562,70.0547,US,USA
19336,-175.8514,65.4407,RU,RUS
19337,-151.907,59.3202,US,USA
19338,-164.4911,67.816,US,USA
19339,-164.51,62.8743,US,USA
19340,-161.6913,59.4747,US,USA
19341,-161.6608,59.7627,US,USA
19342,-152.3386,58.3634,US,USA
19343,-166.7994,65.4838,US,USA
19344,-163.9208,54.7158,US,USA
19345,-175.6301,64.9785,RU,RUS
19346,-158.4598,56.8946,US,USA
19347,-162.2788,55.6214,US,USA
19348,-151.1595,60.3405,US,USA
19349,-161.4944,66.0441,US,USA
19350,-150.2046,70.3537,US,USA
19351,-148.9867,70.3454,US,USA
19352,-170.6691,66.3225,RU,RUS
19353,-152.8312,57.7662,US,USA
19354,-170.2818,63.4452,RU,RUS
19355,-165.1786,66.3894,US,USA
19356,-150.5816,60.9489,US,USA
19357,-144.2888,60.1906,US,USA
19358,-163.4319,60.8195,US,USA
19359,-154.2043,56.5978,US,USA
19360,-165.3449,61.2771,US,USA
19361,-177.2913,68.0875,RU,RUS
19362,-163.4953,66.0308,US,USA
19363,-163.3236,69.1755,US,USA
19364,-157.4149,58.338,US,USA
19365,-162.4679,69.9752,US,USA
19366,-161.7204,66.8978,US,USA
19367,-163.9772,60.6584,US,USA
19368,-157.7977,58.765,US,USA
19369,-148.5613,60.7865,US,USA
19370,-152.2112,70.4008,US,USA
19371,-155.1104,58.0019,US,USA
19372,-151.1542,59.8396,US,USA
19373,-165.1336,64.5314,US,USA
19374,-164.456,54.4608,US,USA
19375,-164.1887,64.6308,US,USA
19376,-144.9421,69.9028,US,USA
19377,-144.7462,60.6084,US,USA
19378,-159.7867,55.871,US,USA
19379,-160.8166,64.1301,US,USA
19380,-151.3146,61.0725,US,USA
19381,-170.2684,66.1077,RU,RUS
19382,-166.5157,66.0396,US,USA
19383,-159.6745,56.5518,US,USA
19384,-147.9763,60.8783,US,USA
19385,-154.4644,57.1522,US,USA
19386,-174.1986,66.3955,RU,RUS
19387,-162.328,54.9447,US,USA
19388,-179.3856,65.5461,RU,RUS
19389,-154.8757,70.7742,US,USA
19390,-160.7281,59.0568,US,USA
19391,-160.8036,70.2872,US,USA
19392,-153.1965,59.8183,US,USA
19393,-171.2509,63.6109,RU,RUS
19394,-158.841,58.4935,US,USA
19395,-158.5452,56.4849,US,USA
19396,-165.3243,60.5392,US,USA
19397,-155.1647,71.0268,US,USA
19398,-162.5268,55.2754,US,USA
19399,-158.06,58.6979,US,USA
19400,-153.5379,58.9857,US,USA
19401,-153.2385,57.9248,US,USA
19402,-170.9261,63.5563,RU,RUS
19403,-164.8387,66.475,US,USA
19404,-175.4068,67.4325,RU,RUS
19405,-172.4812,64.537,RU,RUS
19406,-163.9704,60.9524,US,USA
19407,-73.0624,65.3132,CA,CAN
19408,-147.4322,60.1051,US,USA
19409,-174.2132,64.7899,RU,RUS
19410,-153.1626,70.8542,US,USA
19411,-172.9429,66.8141,RU,RUS
19412,-150.1347,61.2787,US,USA
19413,-148.3913,61.0615,US,USA
19414,-161.0546,66.741,US,USA
19415,-163.6202,63.1215,US,USA
19416,-174.9535,66.494,RU,RUS
19417,-156.219,57.4807,US,USA
19418,-178.8684,68.6849,RU,RUS
19419,-173.8886,66.5011,RU,RUS
19420,-160.4122,56.204,US,USA
19421,-163.9716,54.8594,US,USA
19422,-163.7831,67.3538,US,USA
19423,-148.0006,60.0158,US,USA
19424,-169.3283,63.2739,RU,RUS
19425,-160.2551,55.731,US,USA
19426,-156.8267,71.0864,US,USA
19427,-153.7512,59.7032,US,USA
19428,-154.2396,59.0877,US,USA
19429,-166.0953,59.8463,US,USA
19430,-160.5432,55.2557,US,USA
19431,-162.8273,66.0381,US,USA
19432,-164.7902,61.1485,US,USA
19433,-178.5478,71.1629,RU,RUS
19434,-166.363,59.9066,US,USA
19435,-154.1873,59.2266,US,USA
19436,-147.0941,61.0111,US,USA
19437,-176.7861,67.8861,RU,RUS
19438,-161.7648,58.7594,US,USA
19439,-164.7848,60.4125,US,USA
19440,-179.27,70.9288,RU,RUS
19441,-152.7963,60.1541,US,USA
19442,-152.7422,57.4177,US,USA
19443,-157.0051,58.9629,US,USA
19444,-150.5273,59.5825,US,USA
19445,-164.2533,60.1381,US,USA
19446,-158.521,58.8436,US,USA
19447,-165.2466,68.7538,US,USA
19448,-161.3967,55.5086,US,USA
19449,-137.635,65.7357,CA,CAN
19450,-160.7201,55.5892,US,USA
19451,-161.6415,70.1332,US,USA
19452,-148.6674,70.2399,US,USA
19453,-175.1004,66.8062,RU,RUS
19454,-151.6326,59.3739,US,USA
19455,-161.9681,59.2553,US,USA
19456,-162.3971,67.0522,US,USA
19457,-161.1816,55.4458,US,USA
19458,-179.2939,71.5229,RU,RUS
19459,-149.7006,61.0995,US,USA
19460,-161.2487,58.9091,US,USA
19461,-165.6424,61.787,US,USA
19462,-158.4015,57.169,US,USA
19463,-166.9026,60.026,US,USA
19464,-165.9963,68.579,US,USA
19465,-166.4281,64.9536,US,USA
19466,-158.7321,56.6902,US,USA
19467,-162.5175,55.4109,US,USA
19468,-179.5094,66.2764,RU,RUS
19469,-150.9437,59.7541,US,USA
19470,-160.0214,55.8012,US,USA
19471,-144.0023,60.2272,US,USA
19472,-150.8047,59.5313,US,USA
19473,-159.9863,58.9896,US,USA
19474,-153.4742,59.761,US,USA
19475,-163.7205,68.9339,US,USA
19476,-160.4505,55.9316,US,USA
19477,-162.8905,69.735,US,USA
19478,-164.7869,60.7061,US,USA
19479,-154.2302,58.4559,US,USA
19480,-157.5345,58.8315,US,USA
19481,-176.6662,65.6842,RU,RUS
19482,-161.5073,58.8345,US,USA
19483,-154.8514,58.0622,US,USA
19484,-164.8196,64.6164,US,USA
19485,-163.513,54.7399,US,USA
19486,-153.7561,57.8106,US,USA
19487,-163.8711,64.7136,US,USA
19488,-161.8302,55.6336,US,USA
19489,-160.7203,64.738,US,USA
19490,-171.833,65.6131,RU,RUS
19491,-144.5016,69.9385,US,USA
19492,-164.8572,68.0469,US,USA
19493,-164.5105,62.7237,US,USA
19494,-173.7446,64.4335,RU,RUS
19495,-178.1854,66.1595,RU,RUS
19496,-158.6586,70.6541,US,USA
19497,-145.0369,60.5701,US,USA
19498,-159.9365,56.3452,US,USA
19499,-147.6829,60.9233,US,USA
19500,-157.588,57.6445,US,USA
19501,-160.4661,59.1298,US,USA
19502,-161.6761,59.6185,US,USA
19503,-152.485,58.5808,US,USA
19504,-158.1535,57.2362,US,USA
19505,-161.1032,66.4306,US,USA
19506,-155.3686,57.9409,US,USA
19507,-157.0807,56.8803,US,USA
19508,-163.4383,60.6728,US,USA
19509,-148.9716,60.102,US,USA
19510,-158.3032,56.552,US,USA
19511,-151.3062,60.566,US,USA
19512,-146.4112,70.0463,US,USA
19513,-146.4929,60.7315,US,USA
19514,-145.7126,60.7198,US,USA
19515,-165.0563,60.6229,US,USA
19516,-152.4563,70.6555,US,USA
19517,-155.6921,70.8068,US,USA
19518,-158.3612,56.2803,US,USA
19519,-171.0779,66.5369,RU,RUS
19520,-162.7613,55.0653,US,USA
19521,-161.8986,59.9758,US,USA
19522,-152.9786,57.9811,US,USA
19523,-170.6403,63.6536,RU,RUS
19524,-157.0809,58.6827,US,USA
19525,-170.5861,66.0101,RU,RUS
19526,-161.3273,64.8912,US,USA
19527,-145.6169,60.4915,US,USA
19528,-165.5996,68.1906,US,USA
19529,-165.6305,61.4892,US,USA
19530,-177.8067,68.2879,RU,RUS
19531,-165.843,66.06,US,USA
19532,-148.0959,61.1074,US,USA
19533,-154.0097,57.1343,US,USA
19534,-162.0394,67.1315,US,USA
19535,-151.5126,60.1489,US,USA
19536,-154.0641,70.7381,US,USA
19537,-156.5099,57.2809,US,USA
19538,-157.2703,58.8975,US,USA
19539,-149.5385,60.0057,US,USA
19540,-160.1748,56.2748,US,USA
19541,-166.0071,68.7381,US,USA
19542,-163.7921,54.9433,US,USA
19543,-177.9827,65.5445,RU,RUS
19544,-154.5916,58.1221,US,USA
19545,-159.0442,58.7058,US,USA
19546,-164.5083,54.6049,US,USA
19547,-161.9774,64.7363,US,USA
19548,-179.6599,71.4047,RU,RUS
19549,-147.5991,70.0713,US,USA
19550,-174.0204,66.8138,RU,RUS
19551,-162.083,55.2888,US,USA
19552,-161.0899,64.3579,US,USA
19553,-154.7937,70.9311,US,USA
19554,-175.8874,67.637,RU,RUS
19555,-157.3381,70.8613,US,USA
19556,-162.9175,69.4162,US,USA
19557,-162.4241,63.2911,US,USA
19558,-151.9672,60.8249,US,USA
19559,-165.8357,59.9313,US,USA
19560,-172.2443,66.8625,RU,RUS
19561,-160.3703,66.737,US,USA
19562,-162.6677,60.1796,US,USA
19563,-166.0828,64.5794,US,USA
19564,-152.8659,58.2528,US,USA
19565,-158.0604,56.6186,US,USA
19566,-152.4867,57.4727,US,USA
19567,-150.2492,59.6332,US,USA
19568,-169.6137,63.1795,RU,RUS
19569,-158.2212,70.7242,US,USA
19570,-172.8774,64.743,RU,RUS
19571,-175.7767,65.2865,RU,RUS
19572,-148.2218,70.285,US,USA
19573,-161.7063,59.3311,US,USA
19574,-161.8135,63.4473,US,USA
19575,-174.1511,64.6361,RU,RUS
19576,-173.3848,67.0239,RU,RUS
19577,-160.9889,58.9832,US,USA
19578,-158.1227,57.3738,US,USA
19579,-159.7486,58.9191,US,USA
19580,-163.6123,55.0267,US,USA
19581,-148.2344,60.4682,US,USA
19582,-177.6924,71.2343,RU,RUS
19583,-166.3535,68.3315,US,USA
19584,-158.4886,56.7578,US,USA
19585,-162.2893,55.4856,US,USA
19586,-146.5978,60.9605,US,USA
19587,-179.223,66.3927,RU,RUS
19588,-144.4735,60.2855,US,USA
19589,-157.8167,56.6848,US,USA
19590,-154.5747,57.4993,US,USA
19591,-153.1284,58.1967,US,USA
19592,-151.1492,59.3424,US,USA
19593,-166.1198,60.2849,US,USA
19594,-153.8065,59.5637,US,USA
19595,-165.921,61.7014,US,USA
19596,-160.8857,63.6767,US,USA
19597,-178.3323,68.487,RU,RUS
19598,-163.3334,69.0165,US,USA
19599,-157.4502,58.1987,US,USA
19600,-162.4851,69.8155,US,USA
19601,-161.4756,59.1199,US,USA
19602,-164.5162,60.7888,US,USA
19603,-164.2128,63.1083,US,USA
19604,-152.3867,60.4896,US,USA
19605,-164.1049,68.8505,US,USA
19606,-161.1348,55.8526,US,USA
19607,-151.2292,60.2018,US,USA
19608,-160.7786,66.3519,US,USA
19609,-161.7791,58.6172,US,USA
19610,-175.9271,65.5951,RU,RUS
19611,-163.3338,54.8231,US,USA
19612,-154.331,58.1814,US,USA
19613,-170.247,63.293,RU,RUS
19614,-162.6203,64.5784,US,USA
19615,-161.5993,55.707,US,USA
19616,-160.9181,55.7888,US,USA
19617,-164.1612,66.1761,US,USA
19618,-163.7713,67.6684,US,USA
19619,-144.06,69.9732,US,USA
19620,-157.5198,57.9211,US,USA
19621,-165.3711,62.1711,US,USA
19622,-33.8277,65.8889,GL,GRL
19623,-145.4255,60.3976,US,USA
19624,-149.7797,60.9607,US,USA
19625,-166.1321,65.351,US,USA
19626,-158.4308,57.0317,US,USA
19627,-161.4734,66.1988,US,USA
19628,-166.4646,65.4177,US,USA
19629,-153.2548,59.679,US,USA
19630,-163.6918,54.6561,US,USA
19631,-162.1603,66.0426,US,USA
19632,-146.2006,60.7731,US,USA
19633,-150.9825,70.4059,US,USA
19634,-155.2441,70.8695,US,USA
19635,-158.6283,56.0778,US,USA
19636,-149.7581,70.4027,US,USA
19637,-153.2928,57.7892,US,USA
19638,-163.239,64.7239,US,USA
19639,-157.3793,58.4774,US,USA
19640,-160.9997,64.9676,US,USA
19641,-159.1029,55.9423,US,USA
19642,-153.8583,56.9234,US,USA
19643,-164.97,65.1608,US,USA
19644,-171.4784,65.5578,RU,RUS
19645,-165.5099,66.1471,US,USA
19646,-164.244,60.8709,US,USA
19647,-153.6145,70.7967,US,USA
19648,-163.7101,60.5925,US,USA
19649,-149.2554,60.0542,US,USA
19650,-165.6308,68.826,US,USA
19651,-148.3545,60.6957,US,USA
19652,-151.6467,59.8718,US,USA
19653,-163.7334,59.8631,US,USA
19654,-153.5929,58.8478,US,USA
19655,-153.8078,57.6749,US,USA
19656,-149.8209,59.9566,US,USA
19657,-164.6865,54.5191,US,USA
19658,-145.6731,69.9759,US,USA
19659,-161.6533,64.8141,US,USA
19660,-155.413,57.8038,US,USA
19661,-175.2734,64.9326,RU,RUS
19662,-153.2513,57.3059,US,USA
19663,-171.4949,66.7507,RU,RUS
19664,-161.8551,55.3625,US,USA
19665,-164.3297,54.6902,US,USA
19666,-161.7405,66.742,US,USA
19667,-169.9116,66.0485,RU,RUS
19668,-154.2611,57.0761,US,USA
19669,-162.1196,63.3696,US,USA
19670,-154.5114,70.6783,US,USA
19671,-161.9128,59.8311,US,USA
19672,-164.1553,66.4878,US,USA
19673,-170.5454,65.8542,RU,RUS
19674,-171.9204,66.964,RU,RUS
19675,-164.7891,61.0008,US,USA
19676,-162.727,63.212,US,USA
19677,-162.3981,60.2574,US,USA
19678,-165.7707,64.6665,US,USA
19679,-152.6026,58.3084,US,USA
19680,-148.4021,60.1957,US,USA
19681,-177.3259,65.6158,RU,RUS
19682,-155.9934,71.0584,US,USA
19683,-152.8574,60.0144,US,USA
19684,-162.31,55.2147,US,USA
19685,-154.0225,59.0079,US,USA
19686,-162.1404,60.1892,US,USA
19687,-179.7624,65.5827,RU,RUS
19688,-157.781,70.7933,US,USA
19689,-162.4125,66.8961,US,USA
19690,-159.4825,70.6697,US,USA
19691,-157.8726,57.4404,US,USA
19692,-160.7257,66.6618,US,USA
19693,-163.3279,63.0518,US,USA
19694,-160.3451,70.5221,US,USA
19695,-167.8169,65.6782,US,USA
19696,-178.4492,65.7381,RU,RUS
19697,-163.4689,59.943,US,USA
19698,-159.0719,58.5649,US,USA
19699,-165.9856,68.4201,US,USA
19700,-166.4162,64.7994,US,USA
19701,-147.1565,70.1138,US,USA
19702,-167.4563,65.4587,US,USA
19703,-157.5722,56.7504,US,USA
19704,-156.7597,71.2448,US,USA
19705,-178.0617,71.1194,RU,RUS
19706,-151.6975,59.2367,US,USA
19707,-136.3314,58.9222,US,USA
19708,-130.4255,54.4964,CA,CAN
19709,-130.9481,54.9385,US,USA
19710,-111.0713,67.7189,CA,CAN
19711,-112.1348,70.5083,CA,CAN
19712,-110.0164,67.8365,CA,CAN
19713,-124.3003,69.2827,CA,CAN
19714,-132.91,56.6564,US,USA
19715,-141.2429,59.8476,CA,CAN
19716,-133.1733,55.3302,US,USA
19717,-131.4588,69.5828,CA,CAN
19718,-135.7379,69.248,CA,CAN
19719,-137.4825,58.6212,US,USA
19720,-118.6009,71.888,CA,CAN
19721,-127.1692,69.9071,CA,CAN
19722,-134.218,57.4015,US,USA
19723,-113.8387,70.7482,CA,CAN
19724,-135.731,68.9923,CA,CAN
19725,-137.0972,58.4764,US,USA
19726,-125.3851,69.2304,CA,CAN
19727,-136.5893,58.6913,US,USA
19728,-134.4199,58.1634,US,USA
19729,-120.1709,69.3139,CA,CAN
19730,-131.5082,56.0029,US,USA
19731,-113.41,70.6899,CA,CAN
19732,-115.2342,69.2927,CA,CAN
19733,-140.1014,69.5743,CA,CAN
19734,-110.5402,68.7117,CA,CAN
19735,-135.5519,58.8709,US,USA
19736,-133.4486,56.2176,US,USA
19737,-130.7395,69.9591,CA,CAN
19738,-125.0958,69.7636,CA,CAN
19739,-134.6901,57.937,US,USA
19740,-133.2473,68.8015,CA,CAN
19741,-136.5907,58.9383,US,USA
19742,-132.6087,54.0482,US,USA
19743,-135.7146,57.5245,US,USA
19744,-131.4822,55.3783,US,USA
19745,-124.5531,69.5823,CA,CAN
19746,-135.3009,58.6045,US,USA
19747,-123.3666,71.4472,CA,CAN
19748,-133.2312,55.9491,US,USA
19749,-143.8201,60.1319,US,USA
19750,-128.0424,70.3697,CA,CAN
19751,-115.4272,70.6564,CA,CAN
19752,-134.7706,56.4673,US,USA
19753,-110.7317,67.8126,CA,CAN
19754,-137.8232,68.911,CA,CAN
19755,-116.0426,69.4021,CA,CAN
19756,-131.1197,69.3021,CA,CAN
19757,-108.6286,68.3614,CA,CAN
19758,-131.2213,69.7091,CA,CAN
19759,-133.093,54.9553,US,USA
19760,-140.5346,69.5496,CA,CAN
19761,-132.2368,56.0874,US,USA
19762,-134.9556,57.7111,US,USA
19763,-127.7352,70.0786,CA,CAN
19764,-132.7565,54.7947,US,USA
19765,-111.2806,68.6844,CA,CAN
19766,-134.9673,57.4654,US,USA
19767,-112.4832,67.6593,CA,CAN
19768,-135.827,58.1474,US,USA
19769,-122.0242,69.785,CA,CAN
19770,-133.7115,55.9989,US,USA
19771,-135.0308,58.8338,US,USA
19772,-135.0015,56.732,US,USA
19773,-136.0777,58.4115,US,USA
19774,-138.2813,69.1478,CA,CAN
19775,-134.7836,58.5659,US,USA
19776,-134.4559,69.5398,CA,CAN
19777,-113.5294,68.743,CA,CAN
19778,-135.4581,57.7506,US,USA
19779,-132.0765,69.7073,CA,CAN
19780,-108.5262,67.3882,CA,CAN
19781,-137.1083,58.9686,US,USA
19782,-132.2289,55.222,US,USA
19783,-128.775,69.592,CA,CAN
19784,-135.8171,58.6409,US,USA
19785,-114.2531,67.648,CA,CAN
19786,-118.4683,68.9754,CA,CAN
19787,-133.104,57.1732,US,USA
19788,-115.0663,70.7593,CA,CAN
19789,-133.7808,56.6201,US,USA
19790,-132.278,56.714,US,USA
19791,-117.9535,71.5331,CA,CAN
19792,-108.2669,68.4506,CA,CAN
19793,-134.2697,56.6664,US,USA
19794,-113.6091,70.1146,CA,CAN
19795,-118.9572,69.1783,CA,CAN
19796,-117.5064,70.7569,CA,CAN
19797,-132.1182,69.4522,CA,CAN
19798,-132.1648,55.7076,US,USA
19799,-116.2892,70.7621,CA,CAN
19800,-127.4667,70.1996,CA,CAN
19801,-109.2547,67.5334,CA,CAN
19802,-124.55,71.8102,CA,CAN
19803,-115.8705,71.5969,CA,CAN
19804,-113.2382,69.0012,CA,CAN
19805,-114.4754,68.2846,CA,CAN
19806,-135.3541,57.1286,US,USA
19807,-134.7446,56.9547,US,USA
19808,-130.286,54.601,CA,CAN
19809,-120.9065,71.5292,CA,CAN
19810,-134.7577,56.7107,US,USA
19811,-130.8091,55.0443,US,USA
19812,-113.6881,69.2206,CA,CAN
19813,-134.0264,69.5495,CA,CAN
19814,-140.9606,59.8775,CA,CAN
19815,-133.0427,55.438,US,USA
19816,-132.969,69.4412,CA,CAN
19817,-114.9818,68.6597,CA,CAN
19818,-135.1451,59.2166,US,USA
19819,-132.4352,55.4922,US,USA
19820,-135.3138,69.261,CA,CAN
19821,-126.8989,70.0273,CA,CAN
19822,-132.5859,56.25,US,USA
19823,-134.0454,58.0074,US,USA
19824,-140.7946,59.7796,CA,CAN
19825,-132.7013,55.2771,US,USA
19826,-134.0836,57.5135,US,USA
19827,-136.3514,68.8429,CA,CAN
19828,-136.588,58.445,US,USA
19829,-134.2831,58.2768,US,USA
19830,-132.381,54.0198,US,USA
19831,-133.8732,56.9991,US,USA
19832,-114.8661,70.2865,CA,CAN
19833,-117.6812,71.0679,CA,CAN
19834,-135.4175,58.986,US,USA
19835,-113.2464,70.214,CA,CAN
19836,-118.9585,71.7786,CA,CAN
19837,-132.4947,55.0081,US,USA
19838,-121.2416,71.4163,CA,CAN
19839,-115.4434,67.9808,CA,CAN
19840,-130.7201,69.2843,CA,CAN
19841,-108.6651,71.9926,CA,CAN
19842,-134.468,57.4233,US,USA
19843,-130.8131,69.6927,CA,CAN
19844,-124.8129,69.8811,CA,CAN
19845,-129.9139,69.922,CA,CAN
19846,-123.6346,71.7468,CA,CAN
19847,-134.5556,58.0502,US,USA
19848,-141.8655,60.0115,US,USA
19849,-132.8352,68.8087,CA,CAN
19850,-131.5193,55.1355,US,USA
19851,-133.6734,57.8501,US,USA
19852,-124.7055,69.3159,CA,CAN
19853,-129.3408,69.7582,CA,CAN
19854,-122.4679,71.3774,CA,CAN
19855,-124.2689,69.699,CA,CAN
19856,-133.2555,55.7062,US,USA
19857,-116.1618,68.8259,CA,CAN
19858,-142.8985,69.9253,US,USA
19859,-127.7723,70.4913,CA,CAN
19860,-135.5732,58.1291,US,USA
19861,-109.9899,67.6748,CA,CAN
19862,-114.4909,69.3377,CA,CAN
19863,-123.1065,71.1468,CA,CAN
19864,-132.6341,56.8765,US,USA
19865,-141.2967,60.0734,US,USA
19866,-132.911,55.546,US,USA
19867,-109.7962,68.7359,CA,CAN
19868,-132.3858,56.8503,US,USA
19869,-136.2098,57.8059,US,USA
19870,-132.0987,56.196,US,USA
19871,-118.0305,70.9604,CA,CAN
19872,-133.948,57.6256,US,USA
19873,-139.5074,59.7923,CA,CAN
19874,-125.9237,69.4093,CA,CAN
19875,-113.1834,67.6251,CA,CAN
19876,-131.4061,55.866,US,USA
19877,-133.2217,69.0555,CA,CAN
19878,-133.3781,56.9516,US,USA
19879,-135.6726,59.2524,US,USA
19880,-133.5362,56.5961,US,USA
19881,-141.9212,69.7266,CA,CAN
19882,-132.3737,55.9789,US,USA
19883,-120.6792,69.5107,CA,CAN
19884,-132.3871,69.0683,CA,CAN
19885,-131.5459,55.7585,US,USA
19886,-137.7479,58.8806,CA,CAN
19887,-124.5264,69.9983,CA,CAN
19888,-141.5812,60.0428,US,USA
19889,-112.7497,68.6202,CA,CAN
19890,-136.9813,59.0847,US,USA
19891,-135.7089,57.7696,US,USA
19892,-116.9334,69.664,CA,CAN
19893,-134.6427,56.578,US,USA
19894,-120.7964,71.9463,CA,CAN
19895,-138.9294,59.3029,CA,CAN
19896,-142.7839,60.1402,US,USA
19897,-132.7724,69.3168,CA,CAN
19898,-134.4522,57.6694,US,USA
19899,-131.4053,69.84,CA,CAN
19900,-132.028,55.8155,US,USA
19901,-139.8289,59.9908,CA,CAN
19902,-133.79,57.9852,US,USA
19903,-132.8042,69.0624,CA,CAN
19904,-114.1462,68.3848,CA,CAN
19905,-131.7945,54.0661,US,USA
19906,-116.6424,70.6571,CA,CAN
19907,-136.2026,58.7903,US,USA
19908,-108.2011,71.7629,CA,CAN
19909,-130.3313,54.3594,CA,CAN
19910,-120.5671,71.6415,CA,CAN
19911,-139.4722,59.5638,CA,CAN
19912,-134.9067,58.6999,US,USA
19913,-130.006,54.1892,CA,CAN
19914,-134.6742,69.4065,CA,CAN
19915,-133.6186,69.3024,CA,CAN
19916,-112.8292,70.1537,CA,CAN
19917,-137.1829,68.8103,CA,CAN
19918,-118.5021,71.7338,CA,CAN
19919,-127.0233,69.7604,CA,CAN
19920,-117.0913,69.977,CA,CAN
19921,-117.5035,71.4855,CA,CAN
19922,-135.6001,57.1484,US,USA
19923,-135.9356,68.8577,CA,CAN
19924,-126.4697,69.5859,CA,CAN
19925,-136.4607,58.56,US,USA
19926,-143.6175,70.0067,US,USA
19927,-133.76,56.8648,US,USA
19928,-136.7143,58.3302,US,USA
19929,-139.18,69.3629,CA,CAN
19930,-122.7379,69.7089,CA,CAN
19931,-117.3277,71.1748,CA,CAN
19932,-143.3546,60.0717,US,USA
19933,-123.3236,69.4794,CA,CAN
19934,-133.3395,56.0834,US,USA
19935,-130.4826,69.4081,CA,CAN
19936,-130.5715,69.8169,CA,CAN
19937,-131.8901,55.9235,US,USA
19938,-129.6631,70.0455,CA,CAN
19939,-109.2336,67.3713,CA,CAN
19940,-125.1561,71.9881,CA,CAN
19941,-140.3497,59.7103,CA,CAN
19942,-134.8613,57.0876,US,USA
19943,-115.2202,70.1842,CA,CAN
19944,-130.8647,55.4248,US,USA
19945,-123.2356,71.2971,CA,CAN
19946,-139.3532,59.6846,CA,CAN
19947,-133.1237,55.8148,US,USA
19948,-115.8346,68.9293,CA,CAN
19949,-108.7016,69.0087,CA,CAN
19950,-133.3291,57.4442,US,USA
19951,-130.7121,54.9073,CA,CAN
19952,-122.7893,71.2623,CA,CAN
19953,-132.6638,56.6307,US,USA
19954,-132.9374,55.3039,US,USA
19955,-116.4856,68.722,CA,CAN
19956,-109.4347,68.8275,CA,CAN
19957,-108.1101,66.6634,CA,CAN
19958,-115.4384,68.8742,CA,CAN
19959,-135.0191,59.0826,US,USA
19960,-135.5238,69.1267,CA,CAN
19961,-137.2275,58.6067,US,USA
19962,-132.9374,56.4114,US,USA
19963,-133.9678,57.3791,US,USA
19964,-114.6359,70.7039,CA,CAN
19965,-119.7654,69.2697,CA,CAN
19966,-135.0973,57.353,US,USA
19967,-135.5371,59.3682,US,USA
19968,-112.9831,70.6304,CA,CAN
19969,-139.8532,69.4574,CA,CAN
19970,-143.0694,60.1063,US,USA
19971,-110.1543,68.6436,CA,CAN
19972,-134.1739,56.2895,US,USA
19973,-134.6614,58.4319,US,USA
19974,-130.2419,69.5318,CA,CAN
19975,-117.2753,68.8264,CA,CAN
19976,-130.3268,69.941,CA,CAN
19977,-131.583,55.5146,US,USA
19978,-124.6821,69.7318,CA,CAN
19979,-123.4996,71.5971,CA,CAN
19980,-136.9767,58.8379,US,USA
19981,-136.0861,57.6746,US,USA
19982,-131.2437,55.3486,US,USA
19983,-125.2423,69.497,CA,CAN
19984,-135.6912,58.5084,US,USA
19985,-132.9908,55.9234,US,USA
19986,-127.6185,70.3456,CA,CAN
19987,-134.6565,56.3348,US,USA
19988,-130.24,54.8434,CA,CAN
19989,-135.3101,58.3571,US,USA
19990,-110.389,67.9056,CA,CAN
19991,-115.6377,69.3479,CA,CAN
19992,-132.1711,56.5776,US,USA
19993,-138.5332,59.1637,CA,CAN
19994,-131.7485,69.194,CA,CAN
19995,-108.2517,68.2884,CA,CAN
19996,-131.8836,69.5817,CA,CAN
19997,-141.2239,69.6393,CA,CAN
19998,-142.498,60.1734,US,USA
19999,-132.3498,69.3225,CA,CAN
20000,-132.1268,55.0868,US,USA
20001,-139.5454,60.0175,CA,CAN
20002,-127.3169,70.0535,CA,CAN
20003,-131.7512,56.0316,US,USA
20004,-133.4421,68.9245,CA,CAN
20005,-135.3369,57.6182,US,USA
20006,-131.7206,55.4075,US,USA
20007,-133.9129,56.5097,US,USA
20008,-136.2081,58.0511,US,USA
20009,-121.6095,69.7457,CA,CAN
20010,-134.8856,56.5997,US,USA
20011,-108.5427,67.5505,CA,CAN
20012,-138.0508,69.0294,CA,CAN
20013,-123.8955,69.2485,CA,CAN
20014,-108.33,69.0982,CA,CAN
20015,-135.1768,58.4712,US,USA
20016,-134.2476,69.4167,CA,CAN
20017,-133.1953,69.3101,CA,CAN
20018,-108.478,66.9006,CA,CAN
20019,-113.1388,68.6821,CA,CAN
20020,-135.1971,57.9772,US,USA
20021,-132.7397,69.572,CA,CAN
20022,-136.7672,68.8272,CA,CAN
20023,-138.1393,59.0229,CA,CAN
20024,-108.1645,67.3142,CA,CAN
20025,-116.7522,70.0825,CA,CAN
20026,-134.0421,69.2936,CA,CAN
20027,-132.5977,55.1426,US,USA
20028,-143.1741,70.039,US,USA
20029,-113.8796,67.588,CA,CAN
20030,-118.0696,68.9267,CA,CAN
20031,-115.8575,70.7098,CA,CAN
20032,-134.1386,56.7772,US,USA
20033,-111.7134,70.4456,CA,CAN
20034,-116.4487,69.4552,CA,CAN
20035,-134.1564,56.533,US,USA
20036,-115.3812,67.8224,CA,CAN
20037,-123.0325,69.5943,CA,CAN
20038,-133.2065,56.1926,US,USA
20039,-117.0737,70.7076,CA,CAN
20040,-131.9247,55.6796,US,USA
20041,-128.1535,70.1027,CA,CAN
20042,-115.0039,67.7652,CA,CAN
20043,-114.591,68.6023,CA,CAN
20044,-135.2357,56.9965,US,USA
20045,-129.1827,69.6141,CA,CAN
20046,-111.6301,68.5893,CA,CAN
20047,-139.328,59.4407,CA,CAN
20048,-133.3538,57.1976,US,USA
20049,-135.1181,56.8643,US,USA
20050,-112.558,70.5699,CA,CAN
20051,-136.333,58.4285,US,USA
20052,-138.5148,69.2661,CA,CAN
20053,-123.6113,69.3641,CA,CAN
20054,-132.6445,55.7622,US,USA
20055,-132.8011,56.521,US,USA
20056,-134.4362,57.9161,US,USA
20057,-135.5936,57.3926,US,USA
20058,-114.2691,70.8054,CA,CAN
20059,-125.7889,69.261,CA,CAN
20060,-134.0258,58.2553,US,USA
20061,-114.4455,70.2303,CA,CAN
20062,-112.1115,67.595,CA,CAN
20063,-139.4223,69.4805,CA,CAN
20064,-114.0265,70.173,CA,CAN
20065,-132.2602,54.9801,US,USA
20066,-122.0197,71.3408,CA,CAN
20067,-138.2754,59.1519,CA,CAN
20068,-120.5774,69.3571,CA,CAN
20069,-117.9404,70.8052,CA,CAN
20070,-132.6126,68.9386,CA,CAN
20071,-134.3513,57.2896,US,USA
20072,-131.4444,55.6218,US,USA
20073,-109.6215,67.6046,CA,CAN
20074,-134.9437,57.9574,US,USA
20075,-132.8363,54.0762,US,USA
20076,-135.8366,57.6563,US,USA
20077,-133.4188,57.827,US,USA
20078,-124.9639,69.6145,CA,CAN
20079,-129.9981,69.6554,CA,CAN
20080,-130.7665,55.2875,US,USA
20081,-133.0169,55.6804,US,USA
20082,-142.6264,69.8114,US,USA
20083,-132.854,57.1483,US,USA
20084,-135.3192,58.1102,US,USA
20085,-133.0197,56.7918,US,USA
20086,-131.5191,69.319,CA,CAN
20087,-131.646,69.711,CA,CAN
20088,-137.6147,58.751,CA,CAN
20089,-120.6809,71.794,CA,CAN
20090,-131.8549,56.1682,US,USA
20091,-116.5263,71.231,CA,CAN
20092,-134.5856,57.557,US,USA
20093,-139.9495,59.8645,CA,CAN
20094,-134.5402,58.2977,US,USA
20095,-112.8114,67.5625,CA,CAN
20096,-135.0867,57.5983,US,USA
20097,-133.1302,56.9271,US,USA
20098,-111.7791,67.6906,CA,CAN
20099,-136.0805,58.1652,US,USA
20100,-114.8945,69.3947,CA,CAN
20101,-129.9141,54.052,CA,CAN
20102,-141.6585,69.6117,CA,CAN
20103,-132.7503,55.8972,US,USA
20104,-140.5131,59.8085,CA,CAN
20105,-108.4939,67.0632,CA,CAN
20106,-124.0919,71.7791,CA,CAN
20107,-142.0379,60.1088,US,USA
20108,-112.3622,68.5574,CA,CAN
20109,-136.7214,59.0697,US,USA
20110,-126.3304,69.4384,CA,CAN
20111,-116.523,69.6122,CA,CAN
20112,-135.4259,58.7377,US,USA
20113,-113.5568,67.6868,CA,CAN
20114,-133.8932,56.7541,US,USA
20115,-130.1454,54.7058,CA,CAN
20116,-132.0649,56.4411,US,USA
20117,-108.1234,66.8262,CA,CAN
20118,-132.3423,56.2233,US,USA
20119,-138.6712,59.2921,CA,CAN
20120,-119.3608,69.2245,CA,CAN
20121,-116.3217,71.6483,CA,CAN
20122,-114.8606,68.3425,CA,CAN
20123,-132.0614,55.572,US,USA
20124,-133.6257,56.9756,US,USA
20125,-135.944,58.7733,US,USA
20126,-133.2161,57.3087,US,USA
20127,-135.1559,58.9676,US,USA
20128,-134.8736,56.8433,US,USA
20129,-136.2045,58.5433,US,USA
20130,-114.0888,69.2797,CA,CAN
20131,-142.1873,69.8414,US,USA
20132,-141.1279,59.9754,CA,CAN
20133,-112.4139,70.0924,CA,CAN
20134,-118.0471,71.6878,CA,CAN
20135,-132.8292,56.2763,US,USA
20136,-134.3006,58.0291,US,USA
20137,-117.0549,71.4369,CA,CAN
20138,-115.5064,68.1392,CA,CAN
20139,-132.3316,55.3571,US,USA
20140,-136.8427,58.461,US,USA
20141,-118.5545,69.131,CA,CAN
20142,-108.683,68.847,CA,CAN
20143,-128.52,69.714,CA,CAN
20144,-138.9407,69.2452,CA,CAN
20145,-133.2913,56.5716,US,USA
20146,-116.8862,71.1254,CA,CAN
20147,-121.6915,71.4548,CA,CAN
20148,-133.0983,56.058,US,USA
20149,-137.405,68.9293,CA,CAN
20150,-109.2762,67.6954,CA,CAN
20151,-113.289,69.1606,CA,CAN
20152,-108.6439,71.8328,CA,CAN
20153,-133.443,57.5795,US,USA
20154,-115.9892,70.1349,CA,CAN
20155,-125.1112,69.348,CA,CAN
20156,-129.7511,69.7787,CA,CAN
20157,-130.9067,55.1813,US,USA
20158,-111.4078,67.6246,CA,CAN
20159,-109.0487,68.7569,CA,CAN
20160,-115.0436,68.8181,CA,CAN
20161,-135.2722,59.3504,US,USA
20162,-135.101,69.3951,CA,CAN
20163,-136.3345,57.9371,US,USA
20164,-116.1622,71.3361,CA,CAN
20165,-132.0256,54.9517,US,USA
20166,-134.2002,57.6478,US,USA
20167,-130.8923,54.5601,CA,CAN
20168,-135.4658,57.5053,US,USA
20169,-134.0439,56.3996,US,USA
20170,-133.1561,56.6816,US,USA
20171,-143.5342,60.1675,US,USA
20172,-110.8941,68.618,CA,CAN
20173,-135.5445,59.1193,US,USA
20174,-134.0622,56.1563,US,USA
20175,-130.4943,70.0835,CA,CAN
20176,-135.0537,58.3378,US,USA
20177,-121.0894,69.5524,CA,CAN
20178,-116.8799,68.7747,CA,CAN
20179,-113.0901,68.5224,CA,CAN
20180,-130.9817,69.8345,CA,CAN
20181,-140.2314,59.8368,CA,CAN
20182,-130.0788,70.065,CA,CAN
20183,-108.1506,67.1516,CA,CAN
20184,-134.6759,58.1842,US,USA
20185,-112.0172,68.6539,CA,CAN
20186,-136.719,58.8226,US,USA
20187,-135.9632,57.5432,US,USA
20188,-131.1042,55.4552,US,USA
20189,-135.4341,58.4901,US,USA
20190,-135.7258,57.0362,US,USA
20191,-132.7436,57.0124,US,USA
20192,-111.6711,70.286,CA,CAN
20193,-130.5131,54.0145,CA,CAN
20194,-140.9672,69.5237,CA,CAN
20195,-132.2042,56.3322,US,USA
20196,-115.7937,71.4405,CA,CAN
20197,-142.323,60.0765,US,USA
20198,-132.1588,69.1978,CA,CAN
20199,-134.5707,57.8033,US,USA
20200,-139.3852,59.9177,CA,CAN
20201,-128.0002,69.9573,CA,CAN
20202,-124.694,71.9586,CA,CAN
20203,-132.9985,69.1862,CA,CAN
20204,-122.3247,69.6713,CA,CAN
20205,-108.1839,71.6028,CA,CAN
20206,-130.2378,54.2224,CA,CAN
20207,-132.4794,56.1145,US,USA
20208,-133.4939,55.7315,US,USA
20209,-117.6719,68.877,CA,CAN
20210,-135.0759,57.8442,US,USA
20211,-132.3114,69.5774,CA,CAN
20212,-132.5394,55.6272,US,USA
20213,-112.0444,70.1895,CA,CAN
20214,-137.8821,59.0101,CA,CAN
20215,-108.8709,67.2989,CA,CAN
20216,-116.3339,70.0307,CA,CAN
20217,-132.6931,56.3855,US,USA
20218,-134.3178,57.782,US,USA
20219,-116.6905,71.5429,CA,CAN
20220,-115.1852,68.2411,CA,CAN
20221,-135.7203,57.2801,US,USA
20222,-126.8794,69.6136,CA,CAN
20223,-117.0118,69.8205,CA,CAN
20224,-128.2618,69.8357,CA,CAN
20225,-130.4761,54.8756,CA,CAN
20226,-136.4602,58.0682,US,USA
20227,-121.1956,69.7055,CA,CAN
20228,-132.1588,54.8453,US,USA
20229,-139.0694,59.4308,CA,CAN
20230,-134.4835,57.1779,US,USA
20231,-133.9075,58.1203,US,USA
20232,-114.6279,67.7071,CA,CAN
20233,-113.5816,68.9023,CA,CAN
20234,-114.2017,68.5438,CA,CAN
20235,-134.9789,57.2203,US,USA
20236,-133.3041,57.6914,US,USA
20237,-115.6406,70.2386,CA,CAN
20238,-124.8339,69.4653,CA,CAN
20239,-93.0811,71.0865,CA,CAN
20240,-94.8057,58.9776,CA,CAN
20241,-76.8282,57.8103,CA,CAN
20242,-89.7702,65.6553,CA,CAN
20243,-95.0021,67.531,CA,CAN
20244,-73.9286,66.1991,CA,CAN
20245,-88.4436,71.2561,CA,CAN
20246,-87.8678,65.2694,CA,CAN
20247,-77.3148,65.4021,CA,CAN
20248,-92.3924,70.1265,CA,CAN
20249,-73.0776,71.4933,CA,CAN
20250,-74.7731,62.1115,CA,CAN
20251,-85.5188,65.4959,CA,CAN
20252,-87.8493,67.3499,CA,CAN
20253,-103.4594,67.9098,CA,CAN
20254,-86.7127,67.3089,CA,CAN
20255,-82.1131,67.9433,CA,CAN
20256,-81.6128,63.7304,CA,CAN
20257,-94.9611,60.1774,CA,CAN
20258,-86.8099,70.0843,CA,CAN
20259,-98.5643,69.2798,CA,CAN
20260,-88.9891,65.7446,CA,CAN
20261,-87.5524,67.2307,CA,CAN
20262,-82.433,69.2287,CA,CAN
20263,-91.5426,63.773,CA,CAN
20264,-82.2991,62.9468,CA,CAN
20265,-77.3666,58.2279,CA,CAN
20266,-77.9354,64.5055,CA,CAN
20267,-85.6613,65.7789,CA,CAN
20268,-85.3532,69.3251,CA,CAN
20269,-74.8311,68.9241,CA,CAN
20270,-93.8603,68.2969,CA,CAN
20271,-85.0923,71.7975,CA,CAN
20272,-85.3355,63.4377,CA,CAN
20273,-73.4085,68.3645,CA,CAN
20274,-94.2165,61.3822,CA,CAN
20275,-94.0787,58.6503,CA,CAN
20276,-89.6095,56.8028,CA,CAN
20277,-104.9154,68.2425,CA,CAN
20278,-85.0879,63.312,CA,CAN
20279,-77.598,61.7374,CA,CAN
20280,-88.807,56.7669,CA,CAN
20281,-76.8561,69.7433,CA,CAN
20282,-97.5927,69.7383,CA,CAN
20283,-72.7875,61.9878,CA,CAN
20284,-99.0612,71.5046,CA,CAN
20285,-99.4163,67.7416,CA,CAN
20286,-102.1247,69.2844,CA,CAN
20287,-82.8271,70.0711,CA,CAN
20288,-92.3037,62.906,CA,CAN
20289,-81.5604,69.9961,CA,CAN
20290,-97.2879,69.4786,CA,CAN
20291,-89.5639,65.9785,CA,CAN
20292,-77.597,60.7108,CA,CAN
20293,-107.1324,68.0638,CA,CAN
20294,-86.1074,66.6255,CA,CAN
20295,-83.0299,69.4823,CA,CAN
20296,-98.6542,71.4121,CA,CAN
20297,-75.7581,68.9091,CA,CAN
20298,-86.9421,63.5776,CA,CAN
20299,-85.3278,68.4523,CA,CAN
20300,-100.8913,67.7847,CA,CAN
20301,-87.2478,65.6303,CA,CAN
20302,-86.6178,67.9062,CA,CAN
20303,-72.2711,67.361,CA,CAN
20304,-72.5563,71.4938,CA,CAN
20305,-74.4128,62.1177,CA,CAN
20306,-77.6802,70.1494,CA,CAN
20307,-76.4408,57.2399,CA,CAN
20308,-96.0642,68.5932,CA,CAN
20309,-88.637,70.5108,CA,CAN
20310,-88.0353,64.5057,CA,CAN
20311,-107.5237,68.4645,CA,CAN
20312,-101.2354,69.76,CA,CAN
20313,-74.0235,64.602,CA,CAN
20314,-78.2466,70.4175,CA,CAN
20315,-88.9903,64.0985,CA,CAN
20316,-84.7443,71.2467,CA,CAN
20317,-78.9805,54.2055,CA,CAN
20318,-80.7126,63.9328,CA,CAN
20319,-98.2305,67.9458,CA,CAN
20320,-89.3978,71.7536,CA,CAN
20321,-86.9274,66.5507,CA,CAN
20322,-85.0505,69.6379,CA,CAN
20323,-92.1779,63.8355,CA,CAN
20324,-100.2669,68.838,CA,CAN
20325,-79.3387,69.9515,CA,CAN
20326,-92.3814,62.7425,CA,CAN
20327,-101.6583,67.6375,CA,CAN
20328,-95.8993,70.7379,CA,CAN
20329,-86.2094,66.0255,CA,CAN
20330,-98.0249,69.6722,CA,CAN
20331,-102.4247,69.859,CA,CAN
20332,-72.6433,64.1749,CA,CAN
20333,-73.7294,66.3456,CA,CAN
20334,-76.9699,68.0195,CA,CAN
20335,-106.0288,69.4575,CA,CAN
20336,-72.9555,68.3663,CA,CAN
20337,-82.9835,55.0694,CA,CAN
20338,-96.4044,67.7781,CA,CAN
20339,-94.1307,71.5584,CA,CAN
20340,-77.308,59.989,CA,CAN
20341,-90.8653,68.6648,CA,CAN
20342,-75.4264,68.1978,CA,CAN
20343,-81.2774,68.7142,CA,CAN
20344,-74.2888,68.0703,CA,CAN
20345,-89.3157,56.8451,CA,CAN
20346,-72.9708,62.1329,CA,CAN
20347,-92.7919,57.657,CA,CAN
20348,-107.5658,69.1132,CA,CAN
20349,-79.935,61.7724,CA,CAN
20350,-76.323,69.4699,CA,CAN
20351,-86.1626,55.6191,CA,CAN
20352,-95.0962,71.4416,CA,CAN
20353,-93.7568,61.765,CA,CAN
20354,-106.4078,68.7231,CA,CAN
20355,-76.3716,56.6586,CA,CAN
20356,-75.3505,67.6237,CA,CAN
20357,-107.0831,66.9237,CA,CAN
20358,-93.6004,68.783,CA,CAN
20359,-103.9527,70.6802,CA,CAN
20360,-82.5594,54.0836,CA,CAN
20361,-96.6136,68.2051,CA,CAN
20362,-90.9813,69.0976,CA,CAN
20363,-76.3379,56.3682,CA,CAN
20364,-83.6399,69.7334,CA,CAN
20365,-79.2384,56.3771,CA,CAN
20366,-77.8658,63.1922,CA,CAN
20367,-81.9685,69.2548,CA,CAN
20368,-86.7673,66.2698,CA,CAN
20369,-91.6585,57.0891,CA,CAN
20370,-84.2268,55.2424,CA,CAN
20371,-96.6918,71.8368,CA,CAN
20372,-97.4272,68.0773,CA,CAN
20373,-82.405,55.1213,CA,CAN
20374,-76.3252,68.1796,CA,CAN
20375,-87.2434,71.0656,CA,CAN
20376,-82.5636,62.6323,CA,CAN
20377,-98.1218,68.2726,CA,CAN
20378,-107.4555,67.3263,CA,CAN
20379,-76.9989,55.6144,CA,CAN
20380,-86.3464,63.9357,CA,CAN
20381,-75.7481,67.3277,CA,CAN
20382,-104.8748,69.0572,CA,CAN
20383,-94.7426,69.6868,CA,CAN
20384,-86.6106,65.9885,CA,CAN
20385,-73.4237,68.651,CA,CAN
20386,-92.2402,56.993,CA,CAN
20387,-101.5869,70.0106,CA,CAN
20388,-82.535,54.5242,CA,CAN
20389,-79.491,54.6103,CA,CAN
20390,-78.1564,59.0723,CA,CAN
20391,-107.3234,71.6198,CA,CAN
20392,-77.676,55.1476,CA,CAN
20393,-76.6156,67.3077,CA,CAN
20394,-83.5196,62.706,CA,CAN
20395,-88.6201,64.1414,CA,CAN
20396,-79.3196,54.4756,CA,CAN
20397,-73.6953,65.7668,CA,CAN
20398,-87.4347,64.8677,CA,CAN
20399,-81.3785,63.5983,CA,CAN
20400,-97.6503,71.7073,CA,CAN
20401,-96.2061,70.9982,CA,CAN
20402,-75.0105,68.4917,CA,CAN
20403,-95.8348,69.992,CA,CAN
20404,-93.3586,71.3513,CA,CAN
20405,-87.8389,68.3841,CA,CAN
20406,-87.9461,71.2981,CA,CAN
20407,-93.3015,58.4818,CA,CAN
20408,-91.0843,63.3819,CA,CAN
20409,-76.615,62.3581,CA,CAN
20410,-72.9016,66.6394,CA,CAN
20411,-91.073,57.1827,CA,CAN
20412,-72.2725,67.6488,CA,CAN
20413,-75.8485,69.4795,CA,CAN
20414,-87.1429,55.7956,CA,CAN
20415,-91.9999,69.4282,CA,CAN
20416,-84.3333,65.1527,CA,CAN
20417,-88.8523,70.7833,CA,CAN
20418,-86.2907,67.3464,CA,CAN
20419,-77.1054,67.5832,CA,CAN
20420,-83.7861,70.013,CA,CAN
20421,-81.9982,67.6594,CA,CAN
20422,-97.3065,68.4038,CA,CAN
20423,-85.8933,65.0181,CA,CAN
20424,-88.5962,65.7877,CA,CAN
20425,-76.7377,55.9161,CA,CAN
20426,-101.748,69.197,CA,CAN
20427,-78.2984,63.4674,CA,CAN
20428,-88.6629,68.8948,CA,CAN
20429,-80.1997,69.6297,CA,CAN
20430,-96.5341,67.4513,CA,CAN
20431,-94.9388,59.4134,CA,CAN
20432,-83.8445,64.0108,CA,CAN
20433,-84.9926,65.6887,CA,CAN
20434,-97.7155,68.3387,CA,CAN
20435,-92.948,62.1996,CA,CAN
20436,-101.163,70.0851,CA,CAN
20437,-85.3806,70.1938,CA,CAN
20438,-77.3542,60.2805,CA,CAN
20439,-82.6598,66.5972,CA,CAN
20440,-93.7783,58.7036,CA,CAN
20441,-76.6861,65.2759,CA,CAN
20442,-78.0638,62.305,CA,CAN
20443,-75.6636,65.1563,CA,CAN
20444,-92.9592,57.9321,CA,CAN
20445,-104.7543,71.1641,CA,CAN
20446,-81.3786,70.1487,CA,CAN
20447,-95.0755,59.8492,CA,CAN
20448,-93.7676,69.2124,CA,CAN
20449,-96.204,69.1816,CA,CAN
20450,-102.5546,69.045,CA,CAN
20451,-85.994,64.4155,CA,CAN
20452,-81.9473,64.1498,CA,CAN
20453,-106.768,68.1498,CA,CAN
20454,-85.6954,66.6614,CA,CAN
20455,-94.2792,68.2401,CA,CAN
20456,-90.9094,63.7076,CA,CAN
20457,-87.7551,65.43,CA,CAN
20458,-95.3322,67.6348,CA,CAN
20459,-72.0655,63.7385,CA,CAN
20460,-89.7807,68.486,CA,CAN
20461,-76.252,62.3691,CA,CAN
20462,-86.7869,68.1853,CA,CAN
20463,-107.1627,68.7138,CA,CAN
20464,-72.7256,68.2233,CA,CAN
20465,-101.9463,70.2601,CA,CAN
20466,-87.5511,56.0405,CA,CAN
20467,-96.0489,71.32,CA,CAN
20468,-84.404,71.5552,CA,CAN
20469,-88.0283,67.6282,CA,CAN
20470,-75.0791,65.3132,CA,CAN
20471,-88.1573,70.5534,CA,CAN
20472,-106.0299,68.3196,CA,CAN
20473,-83.4287,64.9283,CA,CAN
20474,-83.3073,70.0427,CA,CAN
20475,-85.8588,70.1585,CA,CAN
20476,-85.4103,71.0581,CA,CAN
20477,-89.9574,65.9329,CA,CAN
20478,-98.6788,67.715,CA,CAN
20479,-107.4937,67.9771,CA,CAN
20480,-86.5181,66.5887,CA,CAN
20481,-93.2607,68.6765,CA,CAN
20482,-88.0256,68.661,CA,CAN
20483,-78.8556,69.9692,CA,CAN
20484,-77.3958,61.5986,CA,CAN
20485,-91.6271,63.6099,CA,CAN
20486,-103.5459,70.5982,CA,CAN
20487,-72.2697,67.0728,CA,CAN
20488,-88.1731,56.4053,CA,CAN
20489,-82.3559,66.909,CA,CAN
20490,-97.2053,67.6516,CA,CAN
20491,-85.0906,55.1507,CA,CAN
20492,-90.6467,68.3918,CA,CAN
20493,-82.4313,54.6797,CA,CAN
20494,-78.4291,58.7658,CA,CAN
20495,-89.664,71.4384,CA,CAN
20496,-83.4904,66.5403,CA,CAN
20497,-85.4661,63.7226,CA,CAN
20498,-96.1303,70.2537,CA,CAN
20499,-84.4739,63.6627,CA,CAN
20500,-86.9983,70.3598,CA,CAN
20501,-85.426,71.4885,CA,CAN
20502,-104.5585,67.9974,CA,CAN
20503,-84.3225,66.0376,CA,CAN
20504,-85.4708,68.2949,CA,CAN
20505,-79.5806,61.7919,CA,CAN
20506,-77.6976,61.2935,CA,CAN
20507,-77.9956,64.7951,CA,CAN
20508,-76.4763,57.5309,CA,CAN
20509,-81.0922,63.9102,CA,CAN
20510,-88.6388,67.8634,CA,CAN
20511,-99.4179,71.7571,CA,CAN
20512,-106.7779,68.4751,CA,CAN
20513,-76.1575,64.4165,CA,CAN
20514,-80.8934,70.172,CA,CAN
20515,-90.4245,69.3063,CA,CAN
20516,-95.0508,59.0856,CA,CAN
20517,-77.6469,61.0022,CA,CAN
20518,-89.5498,68.8061,CA,CAN
20519,-106.4005,68.2351,CA,CAN
20520,-84.3168,66.4791,CA,CAN
20521,-74.9888,64.4423,CA,CAN
20522,-98.3108,68.8585,CA,CAN
20523,-94.3779,58.5964,CA,CAN
20524,-77.8695,58.3524,CA,CAN
20525,-85.4858,68.7321,CA,CAN
20526,-91.3663,57.1362,CA,CAN
20527,-83.9377,55.2716,CA,CAN
20528,-73.7066,62.4191,CA,CAN
20529,-87.8793,70.8683,CA,CAN
20530,-85.1386,66.4136,CA,CAN
20531,-90.9893,62.9412,CA,CAN
20532,-95.8728,67.2479,CA,CAN
20533,-90.3379,56.995,CA,CAN
20534,-103.3488,68.8896,CA,CAN
20535,-91.9498,57.0414,CA,CAN
20536,-102.7406,70.4311,CA,CAN
20537,-76.7926,63.5226,CA,CAN
20538,-93.0652,58.3701,CA,CAN
20539,-87.2062,65.1886,CA,CAN
20540,-83.7691,62.3893,CA,CAN
20541,-73.6088,67.9326,CA,CAN
20542,-107.4282,66.8376,CA,CAN
20543,-87.9267,64.6667,CA,CAN
20544,-84.1116,69.7028,CA,CAN
20545,-79.4315,70.2338,CA,CAN
20546,-81.0033,63.6217,CA,CAN
20547,-85.2843,55.2767,CA,CAN
20548,-72.2489,61.843,CA,CAN
20549,-92.6914,57.2193,CA,CAN
20550,-89.998,64.1267,CA,CAN
20551,-98.1879,71.4799,CA,CAN
20552,-86.4783,71.8454,CA,CAN
20553,-82.926,64.6707,CA,CAN
20554,-84.8871,68.923,CA,CAN
20555,-83.0756,66.5693,CA,CAN
20556,-91.6882,62.8435,CA,CAN
20557,-93.1826,70.9266,CA,CAN
20558,-94.8619,58.8138,CA,CAN
20559,-86.7182,63.8985,CA,CAN
20560,-92.5295,56.944,CA,CAN
20561,-86.1235,71.7272,CA,CAN
20562,-93.285,62.1467,CA,CAN
20563,-74.1256,66.0523,CA,CAN
20564,-94.2034,69.1557,CA,CAN
20565,-83.7909,65.7842,CA,CAN
20566,-74.4987,67.9242,CA,CAN
20567,-92.9127,70.6608,CA,CAN
20568,-107.7473,71.5316,CA,CAN
20569,-90.7788,57.2285,CA,CAN
20570,-80.0085,62.0624,CA,CAN
20571,-91.552,69.4794,CA,CAN
20572,-83.9406,65.1838,CA,CAN
20573,-88.3669,70.8264,CA,CAN
20574,-82.3511,68.5098,CA,CAN
20575,-75.388,67.9109,CA,CAN
20576,-74.6243,64.7394,CA,CAN
20577,-73.4286,64.4621,CA,CAN
20578,-97.5976,68.6649,CA,CAN
20579,-79.7244,69.6498,CA,CAN
20580,-88.9193,65.3042,CA,CAN
20581,-82.51,54.9656,CA,CAN
20582,-88.2758,68.3425,CA,CAN
20583,-77.5485,59.3927,CA,CAN
20584,-98.1765,68.1092,CA,CAN
20585,-107.4463,67.1635,CA,CAN
20586,-77.1279,55.4634,CA,CAN
20587,-73.3243,66.6376,CA,CAN
20588,-85.7512,67.9795,CA,CAN
20589,-104.8832,68.8944,CA,CAN
20590,-101.6201,69.8481,CA,CAN
20591,-84.9007,70.2277,CA,CAN
20592,-104.712,71.8085,CA,CAN
20593,-78.7952,54.7979,CA,CAN
20594,-76.2848,65.2868,CA,CAN
20595,-75.2637,65.1645,CA,CAN
20596,-105.6506,68.729,CA,CAN
20597,-85.2073,63.1526,CA,CAN
20598,-77.3238,64.3815,CA,CAN
20599,-86.6518,55.7083,CA,CAN
20600,-93.3293,69.268,CA,CAN
20601,-82.0474,64.4373,CA,CAN
20602,-97.6021,67.5869,CA,CAN
20603,-102.1529,69.1214,CA,CAN
20604,-80.6274,63.644,CA,CAN
20605,-75.5895,69.3413,CA,CAN
20606,-85.6755,55.5278,CA,CAN
20607,-89.6297,64.1721,CA,CAN
20608,-95.185,67.9608,CA,CAN
20609,-82.4666,63.967,CA,CAN
20610,-90.5484,63.7552,CA,CAN
20611,-81.7253,67.5298,CA,CAN
20612,-87.3643,65.47,CA,CAN
20613,-89.4842,65.5389,CA,CAN
20614,-90.3246,68.2788,CA,CAN
20615,-96.9237,69.3805,CA,CAN
20616,-77.0872,65.2639,CA,CAN
20617,-106.7882,68.8001,CA,CAN
20618,-91.1018,69.5294,CA,CAN
20619,-85.2518,65.3713,CA,CAN
20620,-74.6768,65.3199,CA,CAN
20621,-104.1958,67.9146,CA,CAN
20622,-93.238,58.645,CA,CAN
20623,-88.1426,64.3446,CA,CAN
20624,-105.6562,68.4034,CA,CAN
20625,-86.4524,67.6266,CA,CAN
20626,-82.2266,63.8365,CA,CAN
20627,-94.8443,60.5057,CA,CAN
20628,-94.0299,69.4791,CA,CAN
20629,-84.9106,71.0921,CA,CAN
20630,-86.0372,65.3012,CA,CAN
20631,-98.2838,67.7822,CA,CAN
20632,-89.5319,71.5961,CA,CAN
20633,-92.2589,63.6721,CA,CAN
20634,-91.269,63.6592,CA,CAN
20635,-92.4583,62.5789,CA,CAN
20636,-82.068,62.8157,CA,CAN
20637,-77.1857,58.0889,CA,CAN
20638,-95.9775,70.5767,CA,CAN
20639,-77.7119,64.3678,CA,CAN
20640,-99.0712,67.6468,CA,CAN
20641,-85.0431,69.2026,CA,CAN
20642,-74.5843,68.7841,CA,CAN
20643,-78.7583,56.2583,CA,CAN
20644,-91.9838,63.5597,CA,CAN
20645,-77.1633,67.87,CA,CAN
20646,-106.029,69.2952,CA,CAN
20647,-76.0518,62.2284,CA,CAN
20648,-86.518,70.3981,CA,CAN
20649,-103.2696,69.541,CA,CAN
20650,-77.4012,60.5719,CA,CAN
20651,-83.7138,64.1689,CA,CAN
20652,-95.6233,69.5675,CA,CAN
20653,-82.675,68.2,CA,CAN
20654,-102.096,69.4473,CA,CAN
20655,-93.129,58.207,CA,CAN
20656,-88.5944,56.6467,CA,CAN
20657,-87.4766,70.3203,CA,CAN
20658,-72.606,61.8424,CA,CAN
20659,-95.1834,71.2811,CA,CAN
20660,-100.1538,67.7649,CA,CAN
20661,-106.4053,68.5605,CA,CAN
20662,-102.9084,69.2936,CA,CAN
20663,-74.3964,71.6266,CA,CAN
20664,-98.0837,69.5097,CA,CAN
20665,-94.7739,68.0197,CA,CAN
20666,-92.6944,69.6446,CA,CAN
20667,-89.2753,65.8619,CA,CAN
20668,-76.4723,56.2176,CA,CAN
20669,-79.3607,56.2236,CA,CAN
20670,-90.186,63.8019,CA,CAN
20671,-77.549,58.3666,CA,CAN
20672,-100.5414,67.6933,CA,CAN
20673,-74.2425,62.2664,CA,CAN
20674,-90.0585,65.7711,CA,CAN
20675,-95.4038,71.7021,CA,CAN
20676,-76.4265,68.7518,CA,CAN
20677,-87.3896,70.9088,CA,CAN
20678,-82.6937,62.4748,CA,CAN
20679,-77.969,55.1333,CA,CAN
20680,-102.9533,68.9677,CA,CAN
20681,-72.0543,67.2165,CA,CAN
20682,-86.7326,65.8288,CA,CAN
20683,-82.6378,54.3688,CA,CAN
20684,-77.4021,70.0146,CA,CAN
20685,-96.1281,71.1591,CA,CAN
20686,-84.5754,71.4011,CA,CAN
20687,-85.7881,65.6199,CA,CAN
20688,-93.8238,61.601,CA,CAN
20689,-74.2744,65.3255,CA,CAN
20690,-96.8304,68.6308,CA,CAN
20691,-107.1473,68.389,CA,CAN
20692,-78.2934,58.9191,CA,CAN
20693,-92.5464,70.5543,CA,CAN
20694,-77.9616,70.2837,CA,CAN
20695,-83.645,62.5477,CA,CAN
20696,-81.6166,67.245,CA,CAN
20697,-78.4138,69.2688,CA,CAN
20698,-93.5872,69.5353,CA,CAN
20699,-85.5891,71.3335,CA,CAN
20700,-79.4355,54.3229,CA,CAN
20701,-80.4807,63.7993,CA,CAN
20702,-87.5469,64.707,CA,CAN
20703,-107.8767,68.2145,CA,CAN
20704,-88.1515,68.5019,CA,CAN
20705,-78.9423,70.2518,CA,CAN
20706,-91.8183,63.8862,CA,CAN
20707,-94.4056,60.8898,CA,CAN
20708,-102.3899,67.6507,CA,CAN
20709,-78.1611,64.6428,CA,CAN
20710,-82.5382,64.6981,CA,CAN
20711,-72.4487,64.0297,CA,CAN
20712,-75.0809,69.0636,CA,CAN
20713,-96.2828,70.8371,CA,CAN
20714,-91.3394,62.8928,CA,CAN
20715,-95.9108,69.8302,CA,CAN
20716,-73.6439,68.5064,CA,CAN
20717,-83.4595,55.1714,CA,CAN
20718,-96.2711,68.1045,CA,CAN
20719,-77.1696,63.5103,CA,CAN
20720,-102.8622,69.6192,CA,CAN
20721,-77.1177,59.8497,CA,CAN
20722,-90.5385,68.5525,CA,CAN
20723,-75.1835,68.0582,CA,CAN
20724,-84.4553,66.3214,CA,CAN
20725,-74.0538,67.929,CA,CAN
20726,-89.826,56.9211,CA,CAN
20727,-73.5181,62.2749,CA,CAN
20728,-92.5626,57.5443,CA,CAN
20729,-79.6509,62.0821,CA,CAN
20730,-76.6145,57.3797,CA,CAN
20731,-92.4946,69.966,CA,CAN
20732,-95.5709,68.8169,CA,CAN
20733,-106.0296,68.6451,CA,CAN
20734,-81.9005,68.5358,CA,CAN
20735,-101.8392,68.7076,CA,CAN
20736,-94.3721,68.8318,CA,CAN
20737,-74.2303,64.7449,CA,CAN
20738,-73.8715,71.6307,CA,CAN
20739,-77.0038,69.3108,CA,CAN
20740,-96.6145,71.9971,CA,CAN
20741,-97.3673,68.2406,CA,CAN
20742,-90.648,68.9859,CA,CAN
20743,-87.2581,67.111,CA,CAN
20744,-79.5268,70.5156,CA,CAN
20745,-98.6183,69.117,CA,CAN
20746,-84.8032,55.1819,CA,CAN
20747,-86.4871,66.148,CA,CAN
20748,-97.0837,67.9784,CA,CAN
20749,-78.6752,54.9502,CA,CAN
20750,-94.9175,71.7619,CA,CAN
20751,-83.9737,63.8525,CA,CAN
20752,-83.1579,62.7348,CA,CAN
20753,-86.0905,63.812,CA,CAN
20754,-86.3197,67.7851,CA,CAN
20755,-104.4946,68.976,CA,CAN
20756,-106.4208,69.5347,CA,CAN
20757,-83.3929,62.8641,CA,CAN
20758,-74.1233,68.789,CA,CAN
20759,-101.1995,69.9226,CA,CAN
20760,-103.1007,67.8243,CA,CAN
20761,-87.3211,65.0282,CA,CAN
20762,-107.9021,68.539,CA,CAN
20763,-72.7189,67.9362,CA,CAN
20764,-77.4236,55.4504,CA,CAN
20765,-78.535,70.5507,CA,CAN
20766,-107.1948,69.3624,CA,CAN
20767,-94.2802,61.218,CA,CAN
20768,-87.9645,56.2841,CA,CAN
20769,-76.9354,64.3942,CA,CAN
20770,-85.3666,69.7599,CA,CAN
20771,-86.3621,55.7434,CA,CAN
20772,-93.8559,69.0507,CA,CAN
20773,-86.0153,64.8586,CA,CAN
20774,-73.4836,65.6235,CA,CAN
20775,-96.2747,69.0192,CA,CAN
20776,-79.2626,68.9504,CA,CAN
20777,-86.1128,64.2557,CA,CAN
20778,-82.5202,69.9447,CA,CAN
20779,-81.2616,69.8675,CA,CAN
20780,-90.0926,63.9643,CA,CAN
20781,-98.5338,71.7342,CA,CAN
20782,-89.3125,69.1256,CA,CAN
20783,-85.036,68.7664,CA,CAN
20784,-107.3442,71.9404,CA,CAN
20785,-77.0062,57.9497,CA,CAN
20786,-95.4676,69.8912,CA,CAN
20787,-92.9781,71.2463,CA,CAN
20788,-89.8938,68.3256,CA,CAN
20789,-96.493,69.4439,CA,CAN
20790,-87.5929,71.1822,CA,CAN
20791,-77.6589,65.0991,CA,CAN
20792,-81.5616,68.8437,CA,CAN
20793,-77.596,59.684,CA,CAN
20794,-90.8159,63.267,CA,CAN
20795,-93.0227,57.7693,CA,CAN
20796,-76.5879,69.6068,CA,CAN
20797,-76.2685,57.0999,CA,CAN
20798,-95.0761,67.3679,CA,CAN
20799,-88.149,67.4684,CA,CAN
20800,-103.8202,67.9943,CA,CAN
20801,-76.8592,67.4457,CA,CAN
20802,-78.4923,69.5527,CA,CAN
20803,-88.3135,65.6691,CA,CAN
20804,-91.3178,69.2086,CA,CAN
20805,-86.8404,67.1498,CA,CAN
20806,-82.7298,69.3558,CA,CAN
20807,-94.3604,68.0776,CA,CAN
20808,-79.0313,70.5338,CA,CAN
20809,-97.6569,68.5019,CA,CAN
20810,-92.1145,62.63,CA,CAN
20811,-72.4826,66.9287,CA,CAN
20812,-82.5088,66.7532,CA,CAN
20813,-79.8208,69.9324,CA,CAN
20814,-94.8245,59.7413,CA,CAN
20815,-85.4425,71.9176,CA,CAN
20816,-85.5851,63.563,CA,CAN
20817,-105.2573,69.1375,CA,CAN
20818,-96.205,70.092,CA,CAN
20819,-84.5981,63.5039,CA,CAN
20820,-101.9771,70.0977,CA,CAN
20821,-75.6902,62.2379,CA,CAN
20822,-83.3338,64.1983,CA,CAN
20823,-77.8558,62.1669,CA,CAN
20824,-85.6119,68.1373,CA,CAN
20825,-104.7335,71.4866,CA,CAN
20826,-106.0294,68.8078,CA,CAN
20827,-79.7225,62.3723,CA,CAN
20828,-77.8021,61.8759,CA,CAN
20829,-76.5466,64.4059,CA,CAN
20830,-77.1274,69.8792,CA,CAN
20831,-84.5942,65.279,CA,CAN
20832,-78.8127,54.0703,CA,CAN
20833,-99.4715,71.596,CA,CAN
20834,-107.484,67.8145,CA,CAN
20835,-102.5038,69.3709,CA,CAN
20836,-77.5469,62.4722,CA,CAN
20837,-78.8002,68.968,CA,CAN
20838,-82.0409,69.9711,CA,CAN
20839,-72.0715,61.4049,CA,CAN
20840,-97.6549,69.5759,CA,CAN
20841,-95.2591,67.7978,CA,CAN
20842,-93.2364,69.4293,CA,CAN
20843,-77.7945,60.8494,CA,CAN
20844,-89.6661,68.6461,CA,CAN
20845,-85.4157,66.5378,CA,CAN
20846,-83.3333,69.6082,CA,CAN
20847,-94.826,71.9218,CA,CAN
20848,-85.6294,68.5748,CA,CAN
20849,-81.6771,69.1263,CA,CAN
20850,-73.8803,62.2711,CA,CAN
20851,-93.7428,71.4553,CA,CAN
20852,-96.0595,69.5062,CA,CAN
20853,-77.2626,59.6975,CA,CAN
20854,-91.3547,63.4962,CA,CAN
20855,-92.2888,70.2868,CA,CAN
20856,-78.384,54.9662,CA,CAN
20857,-76.8187,62.498,CA,CAN
20858,-86.4846,68.0647,CA,CAN
20859,-72.4985,68.08,CA,CAN
20860,-95.6574,71.2207,CA,CAN
20861,-85.3909,65.6548,CA,CAN
20862,-103.4416,68.0733,CA,CAN
20863,-87.8152,70.4372,CA,CAN
20864,-76.9119,65.4147,CA,CAN
20865,-83.1762,64.7997,CA,CAN
20866,-84.1009,70.137,CA,CAN
20867,-82.2012,67.0645,CA,CAN
20868,-98.5096,69.4426,CA,CAN
20869,-94.1173,69.3175,CA,CAN
20870,-85.0832,71.368,CA,CAN
20871,-79.1494,54.3407,CA,CAN
20872,-98.5773,68.0422,CA,CAN
20873,-89.7705,71.8654,CA,CAN
20874,-99.4484,68.9794,CA,CAN
20875,-103.1419,70.5152,CA,CAN
20876,-94.785,60.6698,CA,CAN
20877,-102.0106,67.7264,CA,CAN
20878,-96.0545,70.4153,CA,CAN
20879,-85.2029,69.4816,CA,CAN
20880,-78.2411,58.6282,CA,CAN
20881,-93.7748,68.4591,CA,CAN
20882,-83.1701,55.1988,CA,CAN
20883,-75.3285,62.2464,CA,CAN
20884,-103.2899,69.3783,CA,CAN
20885,-94.5223,71.6606,CA,CAN
20886,-82.953,64.2268,CA,CAN
20887,-94.1521,61.5463,CA,CAN
20888,-94.2884,68.9938,CA,CAN
20889,-84.0453,66.3529,CA,CAN
20890,-107.4193,66.6745,CA,CAN
20891,-80.1494,61.9072,CA,CAN
20892,-77.4978,61.1548,CA,CAN
20893,-81.7081,64.0184,CA,CAN
20894,-88.3322,67.7462,CA,CAN
20895,-82.8225,62.3173,CA,CAN
20896,-82.5141,68.3551,CA,CAN
20897,-77.1829,62.4856,CA,CAN
20898,-80.596,70.0423,CA,CAN
20899,-104.3622,70.7612,CA,CAN
20900,-76.507,56.5078,CA,CAN
20901,-82.8623,69.6368,CA,CAN
20902,-75.5472,69.0561,CA,CAN
20903,-78.0811,63.3299,CA,CAN
20904,-75.591,64.5758,CA,CAN
20905,-86.8308,63.7381,CA,CAN
20906,-84.5153,55.2125,CA,CAN
20907,-86.0832,66.1848,CA,CAN
20908,-83.7483,55.1434,CA,CAN
20909,-72.2561,63.8842,CA,CAN
20910,-95.4897,71.5418,CA,CAN
20911,-88.3984,68.183,CA,CAN
20912,-93.3554,61.9828,CA,CAN
20913,-82.7953,62.7627,CA,CAN
20914,-84.8641,66.2888,CA,CAN
20915,-77.6896,59.24,CA,CAN
20916,-85.7187,63.8475,CA,CAN
20917,-85.8887,67.8215,CA,CAN
20918,-95.1036,69.7894,CA,CAN
20919,-72.0532,67.5045,CA,CAN
20920,-74.4279,71.9076,CA,CAN
20921,-73.6621,68.7927,CA,CAN
20922,-104.7229,71.6476,CA,CAN
20923,-84.7461,71.6767,CA,CAN
20924,-95.9933,68.7559,CA,CAN
20925,-107.534,68.6268,CA,CAN
20926,-105.6534,68.5663,CA,CAN
20927,-106.8095,69.449,CA,CAN
20928,-78.6082,69.1186,CA,CAN
20929,-74.0834,65.4729,CA,CAN
20930,-99.8347,71.8474,CA,CAN
20931,-84.896,69.7939,CA,CAN
20932,-74.2639,67.7831,CA,CAN
20933,-100.2255,69.0011,CA,CAN
20934,-88.3427,68.7783,CA,CAN
20935,-99.0348,69.0487,CA,CAN
20936,-97.9651,69.8346,CA,CAN
20937,-98.0594,71.8017,CA,CAN
20938,-83.7613,66.6674,CA,CAN
20939,-94.6192,58.7053,CA,CAN
20940,-73.5279,66.4918,CA,CAN
20941,-90.7574,68.8254,CA,CAN
20942,-73.9093,65.9097,CA,CAN
20943,-93.5392,58.5929,CA,CAN
20944,-88.6402,65.186,CA,CAN
20945,-77.2605,65.1127,CA,CAN
20946,-107.8399,67.7272,CA,CAN
20947,-90.5577,57.1119,CA,CAN
20948,-103.7247,68.9736,CA,CAN
20949,-72.4944,67.7927,CA,CAN
20950,-76.6515,57.6707,CA,CAN
20951,-87.3464,55.9182,CA,CAN
20952,-95.5458,67.145,CA,CAN
20953,-91.2105,69.3691,CA,CAN
20954,-83.6835,65.0563,CA,CAN
20955,-93.689,61.929,CA,CAN
20956,-89.2052,70.8971,CA,CAN
20957,-76.2352,56.8092,CA,CAN
20958,-78.0182,59.2255,CA,CAN
20959,-107.0898,67.0867,CA,CAN
20960,-94.903,60.3415,CA,CAN
20961,-82.2739,67.7884,CA,CAN
20962,-77.7068,63.3447,CA,CAN
20963,-88.9862,69.0105,CA,CAN
20964,-79.7246,70.3652,CA,CAN
20965,-72.0351,71.4928,CA,CAN
20966,-97.245,68.5668,CA,CAN
20967,-80.4894,69.7604,CA,CAN
20968,-84.1015,63.6941,CA,CAN
20969,-89.2995,71.326,CA,CAN
20970,-85.2616,65.8136,CA,CAN
20971,-107.4649,67.4891,CA,CAN
20972,-76.8689,55.7653,CA,CAN
20973,-86.2302,64.0957,CA,CAN
20974,-75.5505,67.4759,CA,CAN
20975,-84.5803,70.1052,CA,CAN
20976,-77.548,60.4194,CA,CAN
20977,-95.6994,69.4054,CA,CAN
20978,-87.4795,65.3096,CA,CAN
20979,-76.0632,65.147,CA,CAN
20980,-91.9315,70.1787,CA,CAN
20981,-81.8053,64.3062,CA,CAN
20982,-104.7644,71.0027,CA,CAN
20983,-86.255,64.5391,CA,CAN
20984,-75.3337,69.2027,CA,CAN
20985,-84.9872,65.2462,CA,CAN
20986,-73.6313,64.6059,CA,CAN
20987,-90.2784,63.6394,CA,CAN
20988,-81.4552,67.3997,CA,CAN
20989,-92.8008,62.5271,CA,CAN
20990,-88.0331,65.5499,CA,CAN
20991,-74.3443,66.1945,CA,CAN
20992,-96.5624,69.2815,CA,CAN
20993,-84.0555,65.9112,CA,CAN
20994,-77.738,59.5313,CA,CAN
20995,-78.0925,54.9815,CA,CAN
20996,-72.6933,66.7842,CA,CAN
20997,-73.599,71.4914,CA,CAN
20998,-102.342,70.3461,CA,CAN
20999,-75.1333,62.1044,CA,CAN
21000,-77.6098,69.8661,CA,CAN
21001,-76.4059,56.9492,CA,CAN
21002,-105.147,71.8866,CA,CAN
21003,-85.9134,65.4606,CA,CAN
21004,-107.7595,66.5879,CA,CAN
21005,-83.5362,62.2605,CA,CAN
21006,-105.2848,68.3234,CA,CAN
21007,-86.1584,67.5049,CA,CAN
21008,-76.9139,67.7328,CA,CAN
21009,-79.7224,61.6371,CA,CAN
21010,-81.7761,67.0901,CA,CAN
21011,-86.1867,70.2787,CA,CAN
21012,-85.7498,71.1782,CA,CAN
21013,-85.7699,65.1775,CA,CAN
21014,-76.6055,56.0669,CA,CAN
21015,-79.482,56.0699,CA,CAN
21016,-79.1418,70.1018,CA,CAN
21017,-97.9529,68.7622,CA,CAN
21018,-82.6645,62.9202,CA,CAN
21019,-94.4673,60.7257,CA,CAN
21020,-88.3831,56.5262,CA,CAN
21021,-85.873,55.6529,CA,CAN
21022,-72.0708,61.6969,CA,CAN
21023,-96.4697,67.6148,CA,CAN
21024,-93.3505,68.5146,CA,CAN
21025,-88.8025,71.3703,CA,CAN
21026,-92.8748,62.3634,CA,CAN
21027,-105.642,69.2168,CA,CAN
21028,-84.7209,63.3449,CA,CAN
21029,-86.8531,65.6689,CA,CAN
21030,-96.3382,67.9413,CA,CAN
21031,-94.0337,71.7182,CA,CAN
21032,-85.7728,71.6082,CA,CAN
21033,-75.2568,68.6313,CA,CAN
21034,-104.9232,68.0794,CA,CAN
21035,-82.3926,68.072,CA,CAN
21036,-104.5272,68.4871,CA,CAN
21037,-92.8951,58.095,CA,CAN
21038,-85.454,63.2782,CA,CAN
21039,-89.1011,56.7258,CA,CAN
21040,-95.0186,60.0133,CA,CAN
21041,-92.5952,69.8054,CA,CAN
21042,-81.3277,64.0426,CA,CAN
21043,-99.8063,67.6718,CA,CAN
21044,-75.1482,67.7711,CA,CAN
21045,-77.7021,62.3197,CA,CAN
21046,-80.1122,70.0635,CA,CAN
21047,-90.7616,69.4182,CA,CAN
21048,-77.2078,69.1623,CA,CAN
21049,-92.3456,69.5368,CA,CAN
21050,-73.228,64.318,CA,CAN
21051,-76.2212,68.8997,CA,CAN
21052,-79.8422,56.34,CA,CAN
21053,-75.1994,64.5839,CA,CAN
21054,-98.6715,68.954,CA,CAN
21055,-86.4612,63.7755,CA,CAN
21056,-78.0545,58.4905,CA,CAN
21057,-101.2762,67.7115,CA,CAN
21058,-81.8489,68.9726,CA,CAN
21059,-97.1449,67.815,CA,CAN
21060,-96.2022,67.35,CA,CAN
21061,-102.5795,68.8819,CA,CAN
21062,-82.457,54.2388,CA,CAN
21063,-79.3744,54.7632,CA,CAN
21064,-96.4809,68.531,CA,CAN
21065,-83.1797,62.2894,CA,CAN
21066,-107.8893,68.3768,CA,CAN
21067,-92.1835,70.447,CA,CAN
21068,-77.5503,55.299,CA,CAN
21069,-107.1866,69.2004,CA,CAN
21070,-94.3432,61.0539,CA,CAN
21071,-89.3591,64.0547,CA,CAN
21072,-94.3847,69.5834,CA,CAN
21073,-86.1358,64.6989,CA,CAN
21074,-73.6788,65.4769,CA,CAN
21075,-84.4237,69.8266,CA,CAN
21076,-73.8215,67.7873,CA,CAN
21077,-75.9825,64.5667,CA,CAN
21078,-85.4793,55.4024,CA,CAN
21079,-98.5945,71.5733,CA,CAN
21080,-86.8372,71.9628,CA,CAN
21081,-102.8386,69.7818,CA,CAN
21082,-89.432,68.966,CA,CAN
21083,-82.2917,64.5679,CA,CAN
21084,-82.3268,54.8352,CA,CAN
21085,-91.9557,62.9568,CA,CAN
21086,-107.3337,71.7802,CA,CAN
21087,-79.5067,62.2368,CA,CAN
21088,-92.7549,57.0568,CA,CAN
21089,-75.876,68.1893,CA,CAN
21090,-88.9844,70.6253,CA,CAN
21091,-88.2547,65.2282,CA,CAN
21092,-82.2016,62.6587,CA,CAN
21093,-81.7322,68.6899,CA,CAN
21094,-93.2825,70.7664,CA,CAN
21095,-73.3313,62.1305,CA,CAN
21096,-107.9415,69.0252,CA,CAN
21097,-79.4374,61.9465,CA,CAN
21098,-77.5475,61.4461,CA,CAN
21099,-77.8282,64.9473,CA,CAN
21100,-95.1492,67.2047,CA,CAN
21101,-88.5194,68.0233,CA,CAN
21102,-88.7181,70.9412,CA,CAN
21103,-104.1167,68.8937,CA,CAN
21104,-81.9888,63.7055,CA,CAN
21105,-74.6762,71.7646,CA,CAN
21106,-88.2487,64.1833,CA,CAN
21107,-97.0217,68.1417,CA,CAN
21108,-94.9951,59.2495,CA,CAN
21109,-72.8399,64.3199,CA,CAN
21110,-84.1767,66.6366,CA,CAN
21111,-74.8075,64.591,CA,CAN
21112,-104.349,70.9229,CA,CAN
21113,-97.1728,71.7726,CA,CAN
21114,-97.8301,68.012,CA,CAN
21115,-94.882,59.5773,CA,CAN
21116,-89.2006,65.4219,CA,CAN
21117,-77.4999,60.128,CA,CAN
21118,-82.6945,55.0957,CA,CAN
21119,-76.7741,68.1686,CA,CAN
21120,-84.8607,65.8471,CA,CAN
21121,-90.9031,63.1041,CA,CAN
21122,-76.182,67.3183,CA,CAN
21123,-102.0075,69.9353,CA,CAN
21124,-79.085,54.7809,CA,CAN
21125,-102.7442,67.738,CA,CAN
21126,-78.0079,62.014,CA,CAN
21127,-77.0488,67.2959,CA,CAN
21128,-90.0438,57.039,CA,CAN
21129,-104.744,71.3254,CA,CAN
21130,-79.7814,56.0512,CA,CAN
21131,-79.8663,62.2174,CA,CAN
21132,-87.7571,56.1625,CA,CAN
21133,-76.7176,64.255,CA,CAN
21134,-86.8533,55.8318,CA,CAN
21135,-93.5113,68.9448,CA,CAN
21136,-97.9417,67.685,CA,CAN
21137,-95.9214,68.9185,CA,CAN
21138,-107.4744,67.6519,CA,CAN
21139,-87.05,66.3911,CA,CAN
21140,-92.6273,57.3818,CA,CAN
21141,-82.7087,64.0971,CA,CAN
21142,-84.7362,69.0795,CA,CAN
21143,-74.3405,68.6436,CA,CAN
21144,-42.6597,62.6045,GL,GRL
21145,-61.9496,66.5779,CA,CAN
21146,-70.5118,60.9567,CA,CAN
21147,-50.1382,62.5576,GL,GRL
21148,-52.973,65.8359,GL,GRL
21149,-51.5561,67.8863,GL,GRL
21150,-50.4528,64.8742,GL,GRL
21151,-40.7755,65.1577,GL,GRL
21152,-66.7141,64.9403,CA,CAN
21153,-62.6689,66.9152,CA,CAN
21154,-63.9516,59.5444,CA,CAN
21155,-41.0745,64.9109,GL,GRL
21156,-68.8162,70.4656,CA,CAN
21157,-64.9996,65.4472,CA,CAN
21158,-36.5986,66.0367,GL,GRL
21159,-52.6888,69.8096,GL,GRL
21160,-41.2463,63.2113,GL,GRL
21161,-48.9387,61.7436,GL,GRL
21162,-62.4674,66.3211,CA,CAN
21163,-51.2287,64.3903,GL,GRL
21164,-67.7105,66.135,CA,CAN
21165,-62.4254,57.9761,CA,CAN
21166,-67.1072,69.2821,CA,CAN
21167,-53.537,66.207,GL,GRL
21168,-67.4499,62.928,CA,CAN
21169,-52.9752,68.3651,GL,GRL
21170,-67.9048,58.4181,CA,CAN
21171,-54.2818,71.4478,GL,GRL
21172,-69.4734,60.9399,CA,CAN
21173,-63.8956,65.0976,CA,CAN
21174,-50.7673,70.759,GL,GRL
21175,-70.7802,70.7791,CA,CAN
21176,-54.0352,70.5474,GL,GRL
21177,-69.7237,59.9228,CA,CAN
21178,-54.2546,69.6919,GL,GRL
21179,-51.9378,64.4952,GL,GRL
21180,-50.6757,70.5992,GL,GRL
21181,-45.6027,61.2428,GL,GRL
21182,-42.0934,62.7848,GL,GRL
21183,-65.2607,59.6197,CA,CAN
21184,-68.0429,69.3091,CA,CAN
21185,-43.4771,60.3024,GL,GRL
21186,-40.754,64.8351,GL,GRL
21187,-68.0931,69.0246,CA,CAN
21188,-46.1274,61.0457,GL,GRL
21189,-62.6566,58.2858,CA,CAN
21190,-52.3627,71.2435,GL,GRL
21191,-50.3139,64.5506,GL,GRL
21192,-45.1072,60.212,GL,GRL
21193,-64.259,67.2953,CA,CAN
21194,-50.251,69.0539,GL,GRL
21195,-69.2733,70.7579,CA,CAN
21196,-54.4857,70.0097,GL,GRL
21197,-50.238,69.7988,GL,GRL
21198,-60.5319,55.627,CA,CAN
21199,-67.1943,63.3566,CA,CAN
21200,-40.7022,64.0289,GL,GRL
21201,-51.0215,64.66,GL,GRL
21202,-55.5274,71.8571,GL,GRL
21203,-49.9347,62.8261,GL,GRL
21204,-68.0995,62.2194,CA,CAN
21205,-71.3054,63.7352,CA,CAN
21206,-69.1503,62.5384,CA,CAN
21207,-51.9126,68.529,GL,GRL
21208,-42.5404,61.6372,GL,GRL
21209,-41.8241,63.0352,GL,GRL
21210,-70.6076,62.5631,CA,CAN
21211,-50.4166,69.3752,GL,GRL
21212,-42.599,62.1206,GL,GRL
21213,-52.8685,70.7133,GL,GRL
21214,-69.4599,59.0422,CA,CAN
21215,-47.2475,60.9672,GL,GRL
21216,-67.5212,63.6593,CA,CAN
21217,-66.3094,62.1543,CA,CAN
21218,-68.1659,65.8586,CA,CAN
21219,-62.6736,65.752,CA,CAN
21220,-58.104,54.6454,CA,CAN
21221,-68.275,63.6824,CA,CAN
21222,-53.5177,67.3934,GL,GRL
21223,-53.562,71.082,GL,GRL
21224,-41.0132,64.1042,GL,GRL
21225,-67.024,62.1831,CA,CAN
21226,-69.4886,62.8371,CA,CAN
21227,-63.8087,65.384,CA,CAN
21228,-57.7452,54.458,CA,CAN
21229,-69.1226,70.0459,CA,CAN
21230,-53.7221,67.1216,GL,GRL
21231,-67.9386,69.8767,CA,CAN
21232,-66.5468,64.7885,CA,CAN
21233,-71.8967,61.2587,CA,CAN
21234,-61.6029,56.0135,CA,CAN
21235,-65.0212,61.5081,CA,CAN
21236,-68.9009,69.8993,CA,CAN
21237,-65.5147,64.1617,CA,CAN
21238,-50.9147,68.0981,GL,GRL
21239,-59.6752,55.1069,CA,CAN
21240,-55.2586,71.5429,GL,GRL
21241,-69.4829,58.7509,CA,CAN
21242,-69.0306,63.7015,CA,CAN
21243,-67.0923,68.2787,CA,CAN
21244,-52.8221,69.3825,GL,GRL
21245,-70.1654,60.952,CA,CAN
21246,-67.7405,62.2082,CA,CAN
21247,-70.2244,62.8497,CA,CAN
21248,-52.1001,71.5072,GL,GRL
21249,-50.0971,64.8185,GL,GRL
21250,-51.385,67.5643,GL,GRL
21251,-40.4533,65.0811,GL,GRL
21252,-64.1685,67.5798,CA,CAN
21253,-53.2413,70.0206,GL,GRL
21254,-52.246,69.7569,GL,GRL
21255,-69.7658,59.3398,CA,CAN
21256,-68.3936,68.6028,CA,CAN
21257,-65.9435,58.6315,CA,CAN
21258,-37.591,65.6485,GL,GRL
21259,-52.838,71.2963,GL,GRL
21260,-47.8548,61.0857,GL,GRL
21261,-70.1304,58.7622,CA,CAN
21262,-53.1532,66.1578,GL,GRL
21263,-66.6141,62.4591,CA,CAN
21264,-37.8866,66.2119,GL,GRL
21265,-52.5584,68.3137,GL,GRL
21266,-65.326,65.7534,CA,CAN
21267,-41.0373,64.4268,GL,GRL
21268,-49.7506,62.3409,GL,GRL
21269,-63.5044,65.0748,CA,CAN
21270,-58.6562,54.708,CA,CAN
21271,-43.0399,61.1318,GL,GRL
21272,-70.2774,70.7734,CA,CAN
21273,-49.2548,61.8001,GL,GRL
21274,-66.9484,58.3837,CA,CAN
21275,-50.9334,69.5925,GL,GRL
21276,-43.7117,60.0478,GL,GRL
21277,-62.3114,57.8212,CA,CAN
21278,-50.7327,63.2586,GL,GRL
21279,-64.8047,60.1799,CA,CAN
21280,-54.7688,71.496,GL,GRL
21281,-69.1595,58.7441,CA,CAN
21282,-61.6489,56.8918,CA,CAN
21283,-53.338,66.4794,GL,GRL
21284,-71.7821,71.0689,CA,CAN
21285,-51.8904,71.1895,GL,GRL
21286,-64.8692,59.891,CA,CAN
21287,-54.0408,71.7144,GL,GRL
21288,-53.3089,67.6645,GL,GRL
21289,-52.5502,70.2357,GL,GRL
21290,-52.5331,66.9714,GL,GRL
21291,-51.0101,69.0069,GL,GRL
21292,-42.3964,62.8564,GL,GRL
21293,-53.0644,71.6132,GL,GRL
21294,-67.6617,66.4229,CA,CAN
21295,-71.8944,61.5507,CA,CAN
21296,-65.447,64.4499,CA,CAN
21297,-66.416,66.3797,CA,CAN
21298,-68.518,63.252,CA,CAN
21299,-61.8657,57.2016,CA,CAN
21300,-65.6601,66.0587,CA,CAN
21301,-39.1948,65.734,GL,GRL
21302,-51.8148,64.9276,GL,GRL
21303,-51.4966,68.475,GL,GRL
21304,-40.1474,65.3262,GL,GRL
21305,-69.7021,60.2144,CA,CAN
21306,-51.7364,64.7662,GL,GRL
21307,-53.6861,70.6565,GL,GRL
21308,-52.7441,66.7008,GL,GRL
21309,-68.5135,58.728,CA,CAN
21310,-71.7772,71.351,CA,CAN
21311,-53.2981,71.9294,GL,GRL
21312,-67.7816,69.4448,CA,CAN
21313,-71.6853,63.7373,CA,CAN
21314,-52.331,68.5821,GL,GRL
21315,-51.4211,71.1343,GL,GRL
21316,-59.394,55.078,CA,CAN
21317,-68.8579,63.5519,CA,CAN
21318,-63.4084,67.2493,CA,CAN
21319,-48.4683,61.2018,GL,GRL
21320,-57.851,54.18,CA,CAN
21321,-59.023,54.8934,CA,CAN
21322,-70.0214,60.5118,CA,CAN
21323,-67.4586,69.8634,CA,CAN
21324,-54.8211,69.8984,GL,GRL
21325,-51.3581,63.9584,GL,GRL
21326,-60.5227,55.1899,CA,CAN
21327,-66.1565,64.7726,CA,CAN
21328,-50.5872,69.696,GL,GRL
21329,-63.2081,58.6178,CA,CAN
21330,-68.4194,69.8886,CA,CAN
21331,-53.6994,69.4838,GL,GRL
21332,-68.9844,58.8859,CA,CAN
21333,-50.8386,68.6856,GL,GRL
21334,-65.1898,63.1246,CA,CAN
21335,-66.7715,66.6824,CA,CAN
21336,-46.6875,61.0076,GL,GRL
21337,-42.9408,62.5134,GL,GRL
21338,-65.1091,62.6823,CA,CAN
21339,-62.2097,66.4497,CA,CAN
21340,-70.7702,63.0022,CA,CAN
21341,-69.8564,62.8439,CA,CAN
21342,-51.9744,65.2505,GL,GRL
21343,-51.873,67.7792,GL,GRL
21344,-61.8141,56.3223,CA,CAN
21345,-45.1715,60.5341,GL,GRL
21346,-43.9683,59.9532,GL,GRL
21347,-51.7851,67.6183,GL,GRL
21348,-50.7586,69.2717,GL,GRL
21349,-36.9279,65.9615,GL,GRL
21350,-64.6001,67.6015,CA,CAN
21351,-69.4366,59.3335,CA,CAN
21352,-71.2599,71.3479,CA,CAN
21353,-68.1656,60.3233,CA,CAN
21354,-71.375,61.1105,CA,CAN
21355,-37.5645,66.129,GL,GRL
21356,-66.2633,58.6463,CA,CAN
21357,-66.4555,68.113,CA,CAN
21358,-69.6577,60.7975,CA,CAN
21359,-49.4272,62.2851,GL,GRL
21360,-65.3885,67.9263,CA,CAN
21361,-63.72,65.67,CA,CAN
21362,-69.0834,70.3292,CA,CAN
21363,-67.8845,70.1597,CA,CAN
21364,-52.3418,65.302,GL,GRL
21365,-54.5863,69.5808,GL,GRL
21366,-65.7668,64.7558,CA,CAN
21367,-51.0363,70.4963,GL,GRL
21368,-67.446,58.2567,CA,CAN
21369,-61.6871,66.7054,CA,CAN
21370,-68.3011,69.1728,CA,CAN
21371,-69.745,59.6313,CA,CAN
21372,-62.004,57.7971,CA,CAN
21373,-68.3479,68.888,CA,CAN
21374,-51.2366,67.9926,GL,GRL
21375,-64.4715,60.161,CA,CAN
21376,-69.6553,58.6084,CA,CAN
21377,-50.0755,62.3959,GL,GRL
21378,-67.2273,65.3946,CA,CAN
21379,-52.8845,65.6749,GL,GRL
21380,-65.3955,59.7729,CA,CAN
21381,-51.1523,67.8316,GL,GRL
21382,-62.029,56.6313,CA,CAN
21383,-52.0992,70.1825,GL,GRL
21384,-45.7568,60.6606,GL,GRL
21385,-44.5346,60.0836,GL,GRL
21386,-67.2789,65.106,CA,CAN
21387,-63.2467,67.0951,CA,CAN
21388,-50.5887,68.9505,GL,GRL
21389,-63.8248,59.3901,CA,CAN
21390,-69.5413,70.621,CA,CAN
21391,-62.3172,66.1657,CA,CAN
21392,-37.2558,65.8855,GL,GRL
21393,-51.1553,64.2286,GL,GRL
21394,-67.2458,66.4096,CA,CAN
21395,-67.2899,62.7766,CA,CAN
21396,-51.8599,64.3338,GL,GRL
21397,-67.7637,58.2677,CA,CAN
21398,-64.8281,63.8361,CA,CAN
21399,-65.2522,66.0402,CA,CAN
21400,-38.8726,65.6539,GL,GRL
21401,-52.2368,68.4217,GL,GRL
21402,-51.3226,70.975,GL,GRL
21403,-61.5419,56.7369,CA,CAN
21404,-64.2091,59.8529,CA,CAN
21405,-61.4987,55.8591,CA,CAN
21406,-43.5005,60.4631,GL,GRL
21407,-41.2724,63.5337,GL,GRL
21408,-46.1658,61.2072,GL,GRL
21409,-53.2221,70.6059,GL,GRL
21410,-43.1948,60.2352,GL,GRL
21411,-52.8058,71.8775,GL,GRL
21412,-45.829,60.9832,GL,GRL
21413,-63.0882,58.4632,CA,CAN
21414,-67.3109,69.4312,CA,CAN
21415,-53.6314,66.3676,GL,GRL
21416,-66.6635,63.1907,CA,CAN
21417,-64.4438,65.2734,CA,CAN
21418,-53.0955,67.9351,GL,GRL
21419,-52.3023,70.5015,GL,GRL
21420,-44.8201,60.1481,GL,GRL
21421,-65.5118,59.1943,CA,CAN
21422,-64.0916,67.1419,CA,CAN
21423,-48.1608,61.1441,GL,GRL
21424,-63.5746,59.0813,CA,CAN
21425,-54.1528,70.7059,GL,GRL
21426,-51.2129,63.6352,GL,GRL
21427,-60.4336,55.4722,CA,CAN
21428,-53.2595,69.4337,GL,GRL
21429,-40.6923,63.8678,GL,GRL
21430,-68.66,58.8777,CA,CAN
21431,-38.226,65.813,GL,GRL
21432,-64.823,63.1057,CA,CAN
21433,-46.4273,61.1077,GL,GRL
21434,-61.7821,57.4869,CA,CAN
21435,-61.8012,66.4222,CA,CAN
21436,-50.3305,63.0427,GL,GRL
21437,-40.6824,63.7066,GL,GRL
21438,-42.5793,61.9594,GL,GRL
21439,-39.8362,65.5704,GL,GRL
21440,-67.9845,65.7085,CA,CAN
21441,-41.8081,62.8739,GL,GRL
21442,-51.651,70.1282,GL,GRL
21443,-50.3332,69.2146,GL,GRL
21444,-48.8843,61.582,GL,GRL
21445,-67.1913,66.697,CA,CAN
21446,-47.8074,60.9243,GL,GRL
21447,-71.0265,61.108,CA,CAN
21448,-62.3916,57.5352,CA,CAN
21449,-63.4741,65.8012,CA,CAN
21450,-38.2163,66.1339,GL,GRL
21451,-57.829,54.6133,CA,CAN
21452,-66.2941,63.1756,CA,CAN
21453,-64.0493,65.2519,CA,CAN
21454,-63.0115,58.7503,CA,CAN
21455,-41.3402,64.3403,GL,GRL
21456,-66.8701,62.0312,CA,CAN
21457,-69.3186,62.6879,CA,CAN
21458,-58.2077,54.3668,CA,CAN
21459,-61.4568,57.0216,CA,CAN
21460,-43.0184,60.9709,GL,GRL
21461,-61.4154,56.1431,CA,CAN
21462,-37.5462,66.4494,GL,GRL
21463,-53.3238,67.0724,GL,GRL
21464,-54.6038,70.1683,GL,GRL
21465,-50.323,69.9591,GL,GRL
21466,-67.1287,58.2449,CA,CAN
21467,-65.1272,59.4665,CA,CAN
21468,-71.7235,61.1122,CA,CAN
21469,-68.8249,63.8423,CA,CAN
21470,-65.3586,64.0085,CA,CAN
21471,-40.7434,64.6738,GL,GRL
21472,-64.5287,63.5281,CA,CAN
21473,-65.1213,63.4132,CA,CAN
21474,-61.8396,56.7617,CA,CAN
21475,-65.0409,62.971,CA,CAN
21476,-66.8997,68.1286,CA,CAN
21477,-52.1475,69.5971,GL,GRL
21478,-70.0021,60.8035,CA,CAN
21479,-68.2607,62.37,CA,CAN
21480,-67.5299,65.9845,CA,CAN
21481,-52.5104,65.6245,GL,GRL
21482,-51.6434,68.0471,GL,GRL
21483,-65.0657,59.7555,CA,CAN
21484,-69.9777,58.614,CA,CAN
21485,-69.5752,70.3381,CA,CAN
21486,-66.8832,65.092,CA,CAN
21487,-50.5013,69.5357,GL,GRL
21488,-42.6804,62.7659,GL,GRL
21489,-41.0872,65.0723,GL,GRL
21490,-69.0431,70.6119,CA,CAN
21491,-65.1618,65.6004,CA,CAN
21492,-53.8053,70.2299,GL,GRL
21493,-66.399,58.7983,CA,CAN
21494,-52.7923,69.9692,GL,GRL
21495,-48.5717,61.5249,GL,GRL
21496,-65.5684,58.9051,CA,CAN
21497,-67.8933,66.2851,CA,CAN
21498,-62.5405,58.131,CA,CAN
21499,-53.0625,65.9969,GL,GRL
21500,-71.505,63.2996,CA,CAN
21501,-52.4638,68.1533,GL,GRL
21502,-53.6789,71.2403,GL,GRL
21503,-67.9778,60.4636,CA,CAN
21504,-71.1206,63.5882,CA,CAN
21505,-39.5163,65.6526,GL,GRL
21506,-68.9836,62.3888,CA,CAN
21507,-51.8216,68.3685,GL,GRL
21508,-50.8604,70.9186,GL,GRL
21509,-58.3797,54.677,CA,CAN
21510,-70.0401,70.6287,CA,CAN
21511,-61.2089,55.834,CA,CAN
21512,-69.8813,60.0716,CA,CAN
21513,-37.2226,66.3656,GL,GRL
21514,-43.2389,60.5565,GL,GRL
21515,-52.0167,64.6567,GL,GRL
21516,-51.3937,70.3926,GL,GRL
21517,-42.7921,61.3848,GL,GRL
21518,-65.8301,66.2111,CA,CAN
21519,-45.9029,61.306,GL,GRL
21520,-43.4309,59.9812,GL,GRL
21521,-69.9209,59.4884,CA,CAN
21522,-62.1985,57.6663,CA,CAN
21523,-68.5998,68.7509,CA,CAN
21524,-50.6651,63.0969,GL,GRL
21525,-50.9982,68.2591,GL,GRL
21526,-55.3919,71.7001,GL,GRL
21527,-69.6339,58.8997,CA,CAN
21528,-62.7738,58.4407,CA,CAN
21529,-62.1688,66.0102,CA,CAN
21530,-67.2874,68.4285,CA,CAN
21531,-45.5673,61.0814,GL,GRL
21532,-49.8727,62.6643,GL,GRL
21533,-66.7688,62.6112,CA,CAN
21534,-67.4523,65.257,CA,CAN
21535,-53.9182,71.5565,GL,GRL
21536,-51.8466,70.4476,GL,GRL
21537,-63.6686,67.119,CA,CAN
21538,-36.2848,65.9516,GL,GRL
21539,-58.9333,54.7383,CA,CAN
21540,-50.9237,68.8463,GL,GRL
21541,-68.5456,70.6015,CA,CAN
21542,-50.9487,64.4983,GL,GRL
21543,-46.9463,60.907,GL,GRL
21544,-67.3569,63.508,CA,CAN
21545,-54.0302,69.3736,GL,GRL
21546,-37.9072,65.731,GL,GRL
21547,-48.0631,60.8212,GL,GRL
21548,-51.1689,68.5807,GL,GRL
21549,-62.2792,57.3805,CA,CAN
21550,-68.622,62.3798,CA,CAN
21551,-63.6557,65.2295,CA,CAN
21552,-51.4087,68.3142,GL,GRL
21553,-66.139,63.0231,CA,CAN
21554,-60.9197,55.8082,CA,CAN
21555,-42.9761,60.6492,GL,GRL
21556,-70.7835,62.7108,CA,CAN
21557,-65.163,61.6617,CA,CAN
21558,-51.6589,64.6047,GL,GRL
21559,-65.6725,64.3147,CA,CAN
21560,-51.2055,70.0729,GL,GRL
21561,-42.5212,61.4762,GL,GRL
21562,-65.3787,59.0414,CA,CAN
21563,-42.619,62.2819,GL,GRL
21564,-53.5724,70.4977,GL,GRL
21565,-69.6122,59.1911,CA,CAN
21566,-68.1899,68.4543,CA,CAN
21567,-50.8011,63.4203,GL,GRL
21568,-68.3683,58.5781,CA,CAN
21569,-71.5227,71.2087,CA,CAN
21570,-66.4609,62.3068,CA,CAN
21571,-66.4475,58.5086,CA,CAN
21572,-50.0296,64.6566,GL,GRL
21573,-59.1135,55.0485,CA,CAN
21574,-68.6871,63.402,CA,CAN
21575,-45.1392,60.373,GL,GRL
21576,-58.0189,54.4902,CA,CAN
21577,-66.5145,62.0169,CA,CAN
21578,-53.8213,67.2819,GL,GRL
21579,-69.861,60.3632,CA,CAN
21580,-68.1536,70.0244,CA,CAN
21581,-52.9274,67.0224,GL,GRL
21582,-51.2851,63.7968,GL,GRL
21583,-60.2395,55.1629,CA,CAN
21584,-68.4453,63.8327,CA,CAN
21585,-61.708,56.1679,CA,CAN
21586,-68.204,69.741,CA,CAN
21587,-64.9803,63.9898,CA,CAN
21588,-50.7381,64.7674,GL,GRL
21589,-59.957,55.1352,CA,CAN
21590,-64.751,63.394,CA,CAN
21591,-42.9188,62.352,GL,GRL
21592,-71.5311,70.9264,CA,CAN
21593,-71.3219,63.1527,CA,CAN
21594,-70.4,62.9978,CA,CAN
21595,-52.3704,67.9927,GL,GRL
21596,-52.2075,71.6659,GL,GRL
21597,-41.5359,63.1236,GL,GRL
21598,-70.4169,62.7065,CA,CAN
21599,-50.7628,70.0165,GL,GRL
21600,-53.35,70.1798,GL,GRL
21601,-37.2338,66.2056,GL,GRL
21602,-64.4285,67.4485,CA,CAN
21603,-67.7383,68.442,CA,CAN
21604,-37.5823,65.8086,GL,GRL
21605,-53.8088,69.6431,GL,GRL
21606,-40.4185,64.4364,GL,GRL
21607,-67.9394,65.997,CA,CAN
21608,-37.5734,65.9688,GL,GRL
21609,-62.4223,65.8814,CA,CAN
21610,-58.1898,54.8008,CA,CAN
21611,-68.3507,63.1017,CA,CAN
21612,-66.2683,67.9621,CA,CAN
21613,-49.3691,62.1234,GL,GRL
21614,-65.2095,67.7743,CA,CAN
21615,-42.9971,60.81,GL,GRL
21616,-64.9547,61.7971,CA,CAN
21617,-54.2632,70.2789,GL,GRL
21618,-37.8796,66.3723,GL,GRL
21619,-66.0834,67.811,CA,CAN
21620,-49.3116,61.9617,GL,GRL
21621,-51.432,64.12,GL,GRL
21622,-62.2521,66.8887,CA,CAN
21623,-65.3202,59.3306,CA,CAN
21624,-64.8134,61.6432,CA,CAN
21625,-51.0228,69.7528,GL,GRL
21626,-43.1731,60.0746,GL,GRL
21627,-64.3397,60.007,CA,CAN
21628,-66.2413,66.228,CA,CAN
21629,-45.7927,60.8219,GL,GRL
21630,-61.7568,57.0467,CA,CAN
21631,-71.0243,70.9227,CA,CAN
21632,-65.0032,60.0446,CA,CAN
21633,-40.1403,65.1651,GL,GRL
21634,-53.4074,67.8249,GL,GRL
21635,-52.6547,70.3951,GL,GRL
21636,-67.1317,62.625,CA,CAN
21637,-63.0869,66.9407,CA,CAN
21638,-53.6166,67.5537,GL,GRL
21639,-51.5824,64.4431,GL,GRL
21640,-52.4708,71.4022,GL,GRL
21641,-69.9591,58.9054,CA,CAN
21642,-67.5746,69.2962,CA,CAN
21643,-65.606,64.603,CA,CAN
21644,-53.5914,69.3244,GL,GRL
21645,-67.8172,62.9401,CA,CAN
21646,-38.55,65.7338,GL,GRL
21647,-68.2243,58.4281,CA,CAN
21648,-64.6776,63.6822,CA,CAN
21649,-55.1623,71.9678,GL,GRL
21650,-66.5927,66.5312,CA,CAN
21651,-67.9809,63.091,CA,CAN
21652,-61.9756,57.3565,CA,CAN
21653,-65.0867,65.8873,CA,CAN
21654,-71.3137,63.4441,CA,CAN
21655,-40.9781,63.6205,GL,GRL
21656,-51.8941,65.0891,GL,GRL
21657,-52.144,68.2612,GL,GRL
21658,-57.5798,54.1476,CA,CAN
21659,-65.7724,63.0066,CA,CAN
21660,-42.5597,61.7983,GL,GRL
21661,-64.0797,59.6987,CA,CAN
21662,-40.1546,65.4874,GL,GRL
21663,-41.2593,63.3724,GL,GRL
21664,-69.6081,70.0547,CA,CAN
21665,-54.7029,69.7397,GL,GRL
21666,-42.7717,61.2238,GL,GRL
21667,-42.3211,62.2112,GL,GRL
21668,-53.1122,70.447,GL,GRL
21669,-69.9013,59.7799,CA,CAN
21670,-64.6047,60.315,CA,CAN
21671,-52.6923,71.7192,GL,GRL
21672,-67.4277,66.5602,CA,CAN
21673,-67.9914,69.5931,CA,CAN
21674,-53.0422,66.5904,GL,GRL
21675,-67.4023,65.5455,CA,CAN
21676,-50.6668,64.6057,GL,GRL
21677,-53.6713,71.8223,GL,GRL
21678,-48.5197,61.3633,GL,GRL
21679,-63.5659,65.5155,CA,CAN
21680,-58.1229,54.2118,CA,CAN
21681,-66.1594,62.0017,CA,CAN
21682,-63.4513,58.9269,CA,CAN
21683,-64.6035,62.5093,CA,CAN
21684,-68.8591,70.1827,CA,CAN
21685,-67.6701,70.0117,CA,CAN
21686,-53.6242,66.9611,GL,GRL
21687,-51.1416,63.4736,GL,GRL
21688,-60.8191,55.6536,CA,CAN
21689,-63.3291,58.7723,CA,CAN
21690,-70.7618,71.0615,CA,CAN
21691,-51.378,64.7135,GL,GRL
21692,-65.3402,63.2781,CA,CAN
21693,-65.2569,62.8358,CA,CAN
21694,-52.4863,69.4902,GL,GRL
21695,-50.2657,62.881,GL,GRL
21696,-70.9496,63.1498,CA,CAN
21697,-51.9621,67.94,GL,GRL
21698,-65.4063,62.9893,CA,CAN
21699,-51.0692,67.6705,GL,GRL
21700,-42.2847,61.889,GL,GRL
21701,-69.8363,70.2004,CA,CAN
21702,-61.9211,56.4768,CA,CAN
21703,-52.4062,70.6607,GL,GRL
21704,-45.4634,60.5976,GL,GRL
21705,-67.8051,65.5582,CA,CAN
21706,-44.2507,60.0187,GL,GRL
21707,-57.5547,54.5805,CA,CAN
21708,-52.4436,66.8105,GL,GRL
21709,-65.7567,58.7684,CA,CAN
21710,-47.5048,60.8653,GL,GRL
21711,-70.8583,60.9605,CA,CAN
21712,-67.8978,63.6713,CA,CAN
21713,-38.2212,65.9734,GL,GRL
21714,-66.6304,58.3706,CA,CAN
21715,-63.0733,65.7771,CA,CAN
21716,-52.7809,68.0445,GL,GRL
21717,-66.8223,63.3428,CA,CAN
21718,-64.6017,65.4271,CA,CAN
21719,-41.3263,64.1789,GL,GRL
21720,-67.382,62.1961,CA,CAN
21721,-64.774,67.7542,CA,CAN
21722,-63.6991,59.2357,CA,CAN
21723,-69.8403,60.6548,CA,CAN
21724,-65.646,67.7932,CA,CAN
21725,-52.4256,65.4633,GL,GRL
21726,-60.6206,55.3444,CA,CAN
21727,-61.8365,66.8611,CA,CAN
21728,-40.7329,64.5125,GL,GRL
21729,-5.3838,55.6663,GB,GBR
21730,-25.799,71.4623,IS,ISL
21731,-13.8229,65.1533,IS,ISL
21732,-27.4474,70.7128,IS,ISL
21733,-6.6198,55.1915,GB,GBR
21734,-4.6772,54.8181,GB,GBR
21735,-22.5539,63.9645,IS,ISL
21736,-8.5947,54.6261,IE,IRL
21737,-28.1133,70.9199,IS,ISL
21738,-0.5443,54.2616,GB,GBR
21739,-5.5453,57.0457,GB,GBR
21740,-28.7649,70.4066,IS,ISL
21741,-21.8007,65.1457,IS,ISL
21742,-24.1989,70.9222,IS,ISL
21743,-6.9439,58.079,GB,GBR
21744,-21.7599,66.0972,IS,ISL
21745,-22.9284,70.0755,IS,ISL
21746,-7.6279,55.1071,IE,IRL
21747,-3.9276,57.9987,GB,GBR
21748,-21.0482,65.373,IS,ISL
21749,-2.4514,56.8249,GB,GBR
21750,-15.548,64.2475,IS,ISL
21751,-4.1173,58.4802,GB,GBR
21752,-0.8539,54.5038,GB,GBR
21753,-18.9488,63.5038,IS,ISL
21754,-3.042,56.3023,GB,GBR
21755,-4.6492,58.4562,GB,GBR
21756,-20.6153,65.558,IS,ISL
21757,-21.9325,64.0507,IS,ISL
21758,-25.4709,71.3551,IS,ISL
21759,-17.9292,63.7511,IS,ISL
21760,-22.3348,63.8604,IS,ISL
21761,-4.9745,55.9469,GB,GBR
21762,-25.85,70.1876,IS,ISL
21763,-24.6088,71.4404,IS,ISL
21764,-5.6477,54.3625,GB,GBR
21765,-27.9451,70.5096,IS,ISL
21766,-29.6651,68.394,IS,ISL
21767,-5.9081,57.2736,GB,GBR
21768,-3.3578,54.6424,GB,GBR
21769,-3.1514,59.1231,GB,GBR
21770,-28.434,70.3047,IS,ISL
21771,-6.5192,58.3541,GB,GBR
21772,-6.8808,62.2913,FO,FRO
21773,-3.5868,58.5019,GB,GBR
21774,-6.5382,57.4829,GB,GBR
21775,-5.5026,56.2932,GB,GBR
21776,-5.0808,58.1894,GB,GBR
21777,-14.2296,64.7411,IS,ISL
21778,-9.9827,54.2165,IE,IRL
21779,-1.2512,60.2385,GB,GBR
21780,-26.0002,71.1591,IS,ISL
21781,-18.3433,63.5746,IS,ISL
21782,-21.0961,64.0282,IS,ISL
21783,-22.7239,65.5698,IS,ISL
21784,-25.8049,69.0649,IS,ISL
21785,-2.8746,56.5594,GB,GBR
21786,-26.975,70.1985,IS,ISL
21787,-26.2766,68.8652,IS,ISL
21788,-6.2442,55.8612,GB,GBR
21789,-23.2858,70.5938,IS,ISL
21790,-4.0956,57.745,GB,GBR
21791,-4.6274,55.7146,GB,GBR
21792,-24.2894,71.3315,IS,ISL
21793,-2.0197,57.4566,GB,GBR
21794,-13.9598,65.016,IS,ISL
21795,-23.6849,65.9913,IS,ISL
21796,-32.1444,68.2896,GL,GRL
21797,-21.876,70.4476,IS,ISL
21798,-6.0397,56.6369,GB,GBR
21799,-22.8175,66.3769,IS,ISL
21800,-35.2671,66.3293,GL,GRL
21801,-6.5873,62.3045,FO,FRO
21802,-3.322,58.5119,GB,GBR
21803,-5.2093,55.5505,GB,GBR
21804,-33.4302,67.3084,GL,GRL
21805,-4.4298,54.8342,GB,GBR
21806,-6.2888,54.0515,GB,GBR
21807,-8.233,54.3995,IE,IRL
21808,-35.9357,66.1847,GL,GRL
21809,-2.5392,55.9487,GB,GBR
21810,-23.5519,69.7368,IS,ISL
21811,-19.2958,65.7037,IS,ISL
21812,-3.0395,55.9262,GB,GBR
21813,-2.3735,55.8303,GB,GBR
21814,-22.1645,70.5592,IS,ISL
21815,-32.2363,67.9754,GL,GRL
21816,-22.6415,69.9654,IS,ISL
21817,-26.4776,70.3989,IS,ISL
21818,-5.7495,57.533,GB,GBR
21819,-21.6018,65.4404,IS,ISL
21820,-34.2238,66.6985,GL,GRL
21821,-25.3257,69.2628,IS,ISL
21822,-5.5894,57.791,GB,GBR
21823,-15.1128,64.4137,IS,ISL
21824,-27.6067,71.123,IS,ISL
21825,-23.063,71.8583,IS,ISL
21826,-32.9593,67.8475,GL,GRL
21827,-22.028,65.2519,IS,ISL
21828,-16.1639,64.1904,IS,ISL
21829,-4.8475,54.9352,GB,GBR
21830,-3.3771,56.1614,GB,GBR
21831,-4.9984,58.3166,GB,GBR
21832,-1.5596,55.2346,GB,GBR
21833,-21.7161,63.9458,IS,ISL
21834,-5.4817,55.9143,GB,GBR
21835,-26.2307,71.4174,IS,ISL
21836,-8.2035,54.9248,IE,IRL
21837,-21.6289,65.8422,IS,ISL
21838,-26.9408,70.914,IS,ISL
21839,-1.484,54.9855,GB,GBR
21840,-4.1904,57.9869,GB,GBR
21841,-28.9195,68.5053,IS,ISL
21842,-3.2776,54.7745,GB,GBR
21843,-16.2559,66.381,IS,ISL
21844,-4.5721,54.1814,IM,IMN
21845,-29.3582,68.2951,IS,ISL
21846,-5.6469,57.2897,GB,GBR
21847,-5.8945,54.3435,GB,GBR
21848,-23.9544,65.5419,IS,ISL
21849,-34.162,67.0154,GL,GRL
21850,-19.0657,65.9928,IS,ISL
21851,-6.8658,58.2083,GB,GBR
21852,-3.4944,58.2616,GB,GBR
21853,-9.7325,54.2443,IE,IRL
21854,-7.4045,57.2964,GB,GBR
21855,-3.3531,54.2584,GB,GBR
21856,-6.1696,57.2569,GB,GBR
21857,-20.8844,63.9224,IS,ISL
21858,-5.3258,57.8059,GB,GBR
21859,-27.2717,71.0187,IS,ISL
21860,-2.6214,56.5699,GB,GBR
21861,-26.6591,70.0939,IS,ISL
21862,-19.2514,63.4674,IS,ISL
21863,-23.7758,65.8416,IS,ISL
21864,-5.9898,55.8794,GB,GBR
21865,-24.0021,70.6631,IS,ISL
21866,-5.7132,55.5161,GB,GBR
21867,-24.7328,70.1698,IS,ISL
21868,-3.1445,58.3967,GB,GBR
21869,-6.1921,55.096,GB,GBR
21870,-28.6157,68.4051,IS,ISL
21871,-25.9717,70.5974,IS,ISL
21872,-25.0403,71.3983,IS,ISL
21873,-5.7447,54.614,GB,GBR
21874,-14.4188,65.7479,IS,ISL
21875,-3.6093,55.0111,GB,GBR
21876,-6.4894,57.9845,GB,GBR
21877,-27.2946,70.3026,IS,ISL
21878,-1.4091,54.7357,GB,GBR
21879,-2.2799,57.0787,GB,GBR
21880,-2.7864,54.0336,GB,GBR
21881,-22.3159,64.8085,IS,ISL
21882,-22.5748,66.2703,IS,ISL
21883,-21.9634,64.4503,IS,ISL
21884,-6.9664,62.1709,FO,FRO
21885,-1.636,55.4832,GB,GBR
21886,-3.1378,57.6628,GB,GBR
21887,-14.7981,65.9767,IS,ISL
21888,-9.4824,54.2716,IE,IRL
21889,-3.6578,57.6413,GB,GBR
21890,-24.0537,69.5453,IS,ISL
21891,-25.037,70.2773,IS,ISL
21892,-20.6748,63.8166,IS,ISL
21893,-15.1858,66.2054,IS,ISL
21894,-5.5672,57.4193,GB,GBR
21895,-7.1965,55.0149,GB,GBR
21896,-26.0303,71.7208,IS,ISL
21897,-2.7892,55.9377,GB,GBR
21898,-2.1247,55.8405,GB,GBR
21899,-20.2858,65.5956,IS,ISL
21900,-5.8426,54.8648,GB,GBR
21901,-25.7758,70.9009,IS,ISL
21902,-22.7699,65.973,IS,ISL
21903,-16.7101,63.8797,IS,ISL
21904,-6.0911,57.387,GB,GBR
21905,-2.6193,57.6821,GB,GBR
21906,-21.3751,65.3334,IS,ISL
21907,-5.6245,56.9155,GB,GBR
21908,-2.5366,56.6976,GB,GBR
21909,-15.8559,64.2193,IS,ISL
21910,-20.4671,63.7106,IS,ISL
21911,-3.1102,54.2723,GB,GBR
21912,-21.9158,70.8552,IS,ISL
21913,-3.2902,55.9142,GB,GBR
21914,-23.1862,64.8262,IS,ISL
21915,-3.1251,56.1733,GB,GBR
21916,-28.1861,70.0485,IS,ISL
21917,-20.9444,65.5196,IS,ISL
21918,-5.228,55.9309,GB,GBR
21919,-25.9003,71.3108,IS,ISL
21920,-8.5253,54.7637,IE,IRL
21921,-3.2352,58.6366,GB,GBR
21922,-5.0959,54.9184,GB,GBR
21923,-13.8651,65.4048,IS,ISL
21924,-26.2551,70.1413,IS,ISL
21925,-6.9451,55.036,GB,GBR
21926,-0.3908,54.1403,GB,GBR
21927,-30.0361,68.337,IS,ISL
21928,-5.9868,57.1434,GB,GBR
21929,-3.4377,54.5099,GB,GBR
21930,-3.2393,58.9996,GB,GBR
21931,-21.8277,71.4107,IS,ISL
21932,-6.5984,58.2255,GB,GBR
21933,-24.401,71.1813,IS,ISL
21934,-6.7554,57.9672,GB,GBR
21935,-7.5557,55.2428,IE,IRL
21936,-23.0423,69.9264,IS,ISL
21937,-26.8867,70.3513,IS,ISL
21938,-27.1178,68.614,IS,ISL
21939,-5.1629,58.0619,GB,GBR
21940,-14.5421,64.7163,IS,ISL
21941,-24.8389,69.4589,IS,ISL
21942,-5.6696,57.6621,GB,GBR
21943,-28.0301,71.0734,IS,ISL
21944,-2.9585,56.431,GB,GBR
21945,-0.6986,54.3828,GB,GBR
21946,-22.7726,65.0189,IS,ISL
21947,-26.6571,68.8167,IS,ISL
21948,-23.6993,70.554,IS,ISL
21949,-27.8646,69.9459,IS,ISL
21950,-3.758,58.251,GB,GBR
21951,-27.8688,68.5114,IS,ISL
21952,-22.0256,63.9035,IS,ISL
21953,-25.6961,71.6137,IS,ISL
21954,-17.3198,63.8168,IS,ISL
21955,-4.179,57.6176,GB,GBR
21956,-2.1068,57.331,GB,GBR
21957,-14.2322,65.6335,IS,ISL
21958,-3.3625,55.0247,GB,GBR
21959,-17.058,66.1829,IS,ISL
21960,-9.2996,54.1592,IE,IRL
21961,-28.0266,70.356,IS,ISL
21962,-18.1838,65.9481,IS,ISL
21963,-28.6885,70.5608,IS,ISL
21964,-4.4949,54.3157,IM,IMN
21965,-22.0908,64.7031,IS,ISL
21966,-6.1171,56.5053,GB,GBR
21967,-21.7434,64.3449,IS,ISL
21968,-5.4242,56.4246,GB,GBR
21969,-6.3311,58.2421,GB,GBR
21970,-6.6737,62.1844,FO,FRO
21971,-26.3629,68.7128,IS,ISL
21972,-3.4084,58.3869,GB,GBR
21973,-4.8323,58.5698,GB,GBR
21974,-2.8784,57.6727,GB,GBR
21975,-5.3256,56.1781,GB,GBR
21976,-33.781,67.2416,GL,GRL
21977,-7.2593,62.1568,FO,FRO
21978,-9.7986,54.1046,IE,IRL
21979,-26.0985,71.0073,IS,ISL
21980,-3.3976,57.6523,GB,GBR
21981,-25.8951,68.9129,IS,ISL
21982,-28.1953,70.7663,IS,ISL
21983,-22.5431,64.9138,IS,ISL
21984,-23.2923,65.6318,IS,ISL
21985,-6.0662,55.7464,GB,GBR
21986,-21.8985,64.9982,IS,ISL
21987,-22.5771,70.522,IS,ISL
21988,-16.388,66.24,IS,ISL
21989,-32.5985,67.9119,GL,GRL
21990,-4.4553,55.598,GB,GBR
21991,-25.457,70.794,IS,ISL
21992,-23.3481,66.0356,IS,ISL
21993,-14.0477,65.5191,IS,ISL
21994,-30.7745,68.2201,GL,GRL
21995,-16.8518,66.0703,IS,ISL
21996,-14.0954,64.8787,IS,ISL
21997,-7.2525,57.5586,GB,GBR
21998,-23.3822,71.9694,IS,ISL
21999,-34.565,66.6293,GL,GRL
22000,-32.1907,68.1325,GL,GRL
22001,-20.2614,63.6046,IS,ISL
22002,-2.8675,54.2856,GB,GBR
22003,-22.3539,65.21,IS,ISL
22004,-5.5592,55.7819,GB,GBR
22005,-8.2738,54.7879,IE,IRL
22006,-13.6845,65.2904,IS,ISL
22007,-1.568,54.8558,GB,GBR
22008,-4.274,57.8599,GB,GBR
22009,-29.2929,68.4501,IS,ISL
22010,-35.9548,66.0253,GL,GRL
22011,-5.7262,57.1598,GB,GBR
22012,-5.9689,54.2077,GB,GBR
22013,-24.2847,65.4958,IS,ISL
22014,-8.5517,54.2368,IE,IRL
22015,-23.4185,64.9304,IS,ISL
22016,-21.7513,70.5954,IS,ISL
22017,-22.5638,71.4869,IS,ISL
22018,-19.8454,65.7778,IS,ISL
22019,-19.3998,65.9583,IS,ISL
22020,-24.0873,71.0723,IS,ISL
22021,-5.9178,54.73,GB,GBR
22022,-7.3029,55.2645,IE,IRL
22023,-4.8005,55.8309,GB,GBR
22024,-4.5345,55.4661,GB,GBR
22025,-30.4636,68.1231,IS,ISL
22026,-1.1565,60.3573,GB,GBR
22027,-23.3315,70.036,IS,ISL
22028,-19.4504,63.5742,IS,ISL
22029,-15.4223,64.3866,IS,ISL
22030,-17.3105,65.8988,IS,ISL
22031,-23.1866,71.7095,IS,ISL
22032,-27.062,70.0456,IS,ISL
22033,-32.9994,67.6898,GL,GRL
22034,-22.1603,65.506,IS,ISL
22035,-4.6917,55.2013,GB,GBR
22036,-3.3268,58.8757,GB,GBR
22037,-15.919,66.4079,IS,ISL
22038,-22.2434,64.0079,IS,ISL
22039,-3.6893,54.879,GB,GBR
22040,-9.0502,54.1856,IE,IRL
22041,-27.7014,70.253,IS,ISL
22042,-2.3658,56.952,GB,GBR
22043,-34.1931,66.857,GL,GRL
22044,-18.7315,66.0264,IS,ISL
22045,-5.8596,56.5226,GB,GBR
22046,-19.1814,65.8483,IS,ISL
22047,-20.2911,65.9961,IS,ISL
22048,-22.5247,70.114,IS,ISL
22049,-26.3849,70.5512,IS,ISL
22050,-4.1827,54.8496,GB,GBR
22051,-27.4938,68.5631,IS,ISL
22052,-5.2445,57.9341,GB,GBR
22053,-21.5262,65.9896,IS,ISL
22054,-1.3343,60.4723,GB,GBR
22055,-3.7419,57.5142,GB,GBR
22056,-24.4467,69.5026,IS,ISL
22057,-25.444,70.2329,IS,ISL
22058,-15.5189,66.1799,IS,ISL
22059,-18.6461,63.5395,IS,ISL
22060,-23.0958,64.975,IS,ISL
22061,-23.8656,65.6918,IS,ISL
22062,-26.4678,71.6755,IS,ISL
22063,-18.9488,66.1371,IS,ISL
22064,-6.3201,55.7279,GB,GBR
22065,-26.5653,71.5235,IS,ISL
22066,-2.1936,57.205,GB,GBR
22067,-23.1057,65.93,IS,ISL
22068,-6.7596,62.064,FO,FRO
22069,-17.015,63.8486,IS,ISL
22070,-8.8009,54.2115,IE,IRL
22071,-1.5229,60.2345,GB,GBR
22072,-27.5333,70.5596,IS,ISL
22073,-1.2512,54.6153,GB,GBR
22074,-5.7032,56.7849,GB,GBR
22075,-14.9351,65.8378,IS,ISL
22076,-3.19,54.1394,GB,GBR
22077,-5.6024,56.5394,GB,GBR
22078,-16.2852,64.0503,IS,ISL
22079,-20.0671,65.887,IS,ISL
22080,-33.3935,67.4664,GL,GRL
22081,-21.7303,65.6948,IS,ISL
22082,-27.0312,70.7614,IS,ISL
22083,-18.0403,63.6089,IS,ISL
22084,-22.3931,65.6123,IS,ISL
22085,-8.4827,54.375,IE,IRL
22086,-25.4199,69.1113,IS,ISL
22087,-1.9321,57.582,GB,GBR
22088,-22.2585,71.3751,IS,ISL
22089,-1.9608,55.7216,GB,GBR
22090,-22.221,64.9564,IS,ISL
22091,-5.9619,56.7681,GB,GBR
22092,-19.626,65.6685,IS,ISL
22093,-22.041,70.7073,IS,ISL
22094,-6.8334,57.8376,GB,GBR
22095,-8.2559,71.1064,SJ,SJM
22096,-31.1419,68.1603,GL,GRL
22097,-13.6444,65.0393,IS,ISL
22098,-2.4474,57.5653,GB,GBR
22099,-8.1328,55.0615,IE,IRL
22100,-24.0286,70.1042,IS,ISL
22101,-19.9565,63.6432,IS,ISL
22102,-31.7758,68.3517,GL,GRL
22103,-17.851,65.9798,IS,ISL
22104,-22.0848,71.1151,IS,ISL
22105,-22.8731,71.5983,IS,ISL
22106,-21.9299,65.3996,IS,ISL
22107,-34.9308,66.4004,GL,GRL
22108,-5.0187,55.0519,GB,GBR
22109,-3.843,58.125,GB,GBR
22110,-28.2427,68.4587,IS,ISL
22111,-8.3437,54.6506,IE,IRL
22112,-17.6245,63.7843,IS,ISL
22113,-15.7179,66.2939,IS,ISL
22114,-21.5006,65.5876,IS,ISL
22115,-6.8716,55.1712,GB,GBR
22116,-1.6438,55.1053,GB,GBR
22117,-5.5725,54.4976,GB,GBR
22118,-8.1632,54.5372,IE,IRL
22119,-35.6021,66.2574,GL,GRL
22120,-7.3756,55.129,IE,IRL
22121,-23.1546,69.7772,IS,ISL
22122,-30.0963,68.1813,IS,ISL
22123,-6.0429,54.0717,GB,GBR
22124,-18.5165,65.9156,IS,ISL
22125,-3.2735,54.3912,GB,GBR
22126,-21.9572,71.263,IS,ISL
22127,-6.4105,58.1135,GB,GBR
22128,-6.0168,54.9805,GB,GBR
22129,-21.996,66.2046,IS,ISL
22130,-5.4038,56.0463,GB,GBR
22131,-3.9358,54.8646,GB,GBR
22132,-14.6734,64.5782,IS,ISL
22133,-6.3533,57.3701,GB,GBR
22134,-15.3222,66.0659,IS,ISL
22135,-14.8034,64.44,IS,ISL
22136,-2.7898,56.3134,GB,GBR
22137,-4.3831,58.4685,GB,GBR
22138,-27.4639,69.9963,IS,ISL
22139,-1.0943,54.4948,GB,GBR
22140,-22.8649,64.8704,IS,ISL
22141,-23.6236,65.5872,IS,ISL
22142,-23.8907,70.8131,IS,ISL
22143,-4.9155,58.4434,GB,GBR
22144,-28.1069,70.2023,IS,ISL
22145,-21.4062,63.9874,IS,ISL
22146,-6.3683,55.2112,GB,GBR
22147,-4.0018,57.5023,GB,GBR
22148,-3.197,54.9063,GB,GBR
22149,-17.185,66.0409,IS,ISL
22150,-33.8149,67.0834,GL,GRL
22151,-6.2513,58.3704,GB,GBR
22152,-14.7447,65.7237,IS,ISL
22153,-22.1855,64.5555,IS,ISL
22154,-5.9373,56.391,GB,GBR
22155,-22.4756,66.4189,IS,ISL
22156,-21.8385,64.1978,IS,ISL
22157,-22.989,70.4837,IS,ISL
22158,-3.8519,58.4913,GB,GBR
22159,-1.798,55.6025,GB,GBR
22160,-24.327,70.2125,IS,ISL
22161,-27.0367,68.7671,IS,ISL
22162,-1.7205,55.3542,GB,GBR
22163,-23.9485,69.6955,IS,ISL
22164,-22.9605,65.6755,IS,ISL
22165,-15.1276,65.9518,IS,ISL
22166,-28.276,70.6125,IS,ISL
22167,-18.0625,66.0914,IS,ISL
22168,-0.2382,54.0187,GB,GBR
22169,-5.9131,56.0121,GB,GBR
22170,-23.7407,64.885,IS,ISL
22171,-5.6364,55.6491,GB,GBR
22172,-20.1771,65.7413,IS,ISL
22173,-16.5186,66.0988,IS,ISL
22174,-25.5574,70.6426,IS,ISL
22175,-22.6729,66.1217,IS,ISL
22176,-4.6133,55.3339,GB,GBR
22177,-6.2751,57.5002,GB,GBR
22178,-2.1896,57.5739,GB,GBR
22179,-7.8803,55.0846,IE,IRL
22180,-23.7338,69.9955,IS,ISL
22181,-19.7542,63.5367,IS,ISL
22182,-34.5931,66.4706,GL,GRL
22183,-24.9371,69.3078,IS,ISL
22184,-31.4573,68.2562,GL,GRL
22185,-17.6417,65.8682,IS,ISL
22186,-2.706,54.1662,GB,GBR
22187,-21.7887,71.003,IS,ISL
22188,-3.4593,56.0317,GB,GBR
22189,-33.3564,67.6243,GL,GRL
22190,-22.2345,66.3118,IS,ISL
22191,-16.5916,64.0203,IS,ISL
22192,-4.7698,55.0684,GB,GBR
22193,21.0586,64.8644,SE,SWE
22194,18.3402,63.0798,SE,SWE
22195,27.7729,70.5666,NO,NOR
22196,29.2141,69.9377,NO,NOR
22197,15.0172,55.1138,DK,DNK
22198,19.8956,63.6306,SE,SWE
22199,9.0174,58.7146,NO,NOR
22200,21.2408,56.7326,LV,LVA
22201,18.9313,54.2997,PL,POL
22202,16.291,68.2423,NO,NOR
22203,8.7827,63.3335,NO,NOR
22204,9.3069,56.9863,DK,DNK
22205,17.0901,60.9949,SE,SWE
22206,11.1617,54.871,DK,DNK
22207,21.1994,55.8227,LT,LTU
22208,29.0133,70.1629,NO,NOR
22209,10.2099,54.3255,DE,DEU
22210,11.8343,58.0778,SE,SWE
22211,24.4023,57.2433,LV,LVA
22212,28.2311,59.4755,RU,RUS
22213,32.7632,69.6206,RU,RUS
22214,18.8002,69.5281,NO,NOR
22215,9.7196,63.3924,NO,NOR
22216,25.5159,65.3706,FI,FIN
22217,12.8235,56.365,SE,SWE
22218,7.5288,62.7586,NO,NOR
22219,11.0008,59.2056,NO,NOR
22220,13.2921,66.3619,NO,NOR
22221,33.3367,66.8365,RU,RUS
22222,28.72,60.514,RU,RUS
22223,10.3218,57.2989,DK,DNK
22224,15.6418,68.0302,NO,NOR
22225,11.3038,59.0143,NO,NOR
22226,33.2688,66.336,RU,RUS
22227,22.7838,57.5018,LV,LVA
22228,10.7424,64.431,NO,NOR
22229,10.1045,56.0454,DK,DNK
22230,18.8309,59.991,SE,SWE
22231,5.2511,61.422,NO,NOR
22232,24.3369,59.4089,EE,EST
22233,30.3094,59.7878,RU,RUS
22234,10.4784,59.9073,NO,NOR
22235,5.0485,61.768,NO,NOR
22236,22.6947,60.2935,FI,FIN
22237,15.6388,67.7917,NO,NOR
22238,35.4779,66.4891,RU,RUS
22239,26.3199,59.5226,EE,EST
22240,21.5224,56.9564,LV,LVA
22241,26.5508,70.4876,FI,FIN
22242,18.4016,60.2989,SE,SWE
22243,25.57,59.4832,EE,EST
22244,16.3147,68.7258,NO,NOR
22245,22.1644,70.0089,NO,NOR
22246,12.4627,65.0472,NO,NOR
22247,5.3611,61.5305,NO,NOR
22248,27.0033,60.5707,FI,FIN
22249,5.3451,59.5877,NO,NOR
22250,8.7869,56.9368,DK,DNK
22251,24.4718,57.9078,LV,LVA
22252,21.2837,62.5362,FI,FIN
22253,5.7206,58.8767,NO,NOR
22254,11.5044,55.2445,DK,DNK
22255,16.704,59.6223,SE,SWE
22256,24.3679,60.0407,FI,FIN
22257,11.9932,55.5108,DK,DNK
22258,33.3092,69.4042,RU,RUS
22259,8.129,56.1964,DK,DNK
22260,35.2095,64.3329,RU,RUS
22261,16.3805,57.1044,SE,SWE
22262,30.0492,60.0396,RU,RUS
22263,7.504,58.1294,NO,NOR
22264,24.7588,70.7162,NO,NOR
22265,5.385,60.7358,NO,NOR
22266,31.9653,69.5929,RU,RUS
22267,32.9669,66.5794,RU,RUS
22268,24.255,57.1355,LV,LVA
22269,29.1273,59.8877,RU,RUS
22270,7.2255,62.9959,NO,NOR
22271,10.6959,59.3952,NO,NOR
22272,15.3267,67.1551,NO,NOR
22273,21.9074,60.4769,FI,FIN
22274,14.4375,56.0045,SE,SWE
22275,13.8376,66.804,NO,NOR
22276,27.3638,70.5412,NO,NOR
22277,18.4135,54.5261,PL,POL
22278,27.3471,59.3147,EE,EST
22279,9.9282,54.534,DE,DEU
22280,15.6561,69.119,NO,NOR
22281,18.0865,69.4416,NO,NOR
22282,22.4997,60.0272,FI,FIN
22283,19.6938,60.2125,AX,ALA
22284,8.5655,56.6912,DK,DNK
22285,24.9468,70.3703,NO,NOR
22286,17.2449,54.6156,PL,POL
22287,16.7472,58.3316,SE,SWE
22288,35.0023,69.211,RU,RUS
22289,10.7112,63.7589,NO,NOR
22290,14.3578,68.1978,NO,NOR
22291,20.1283,60.3208,AX,ALA
22292,22.5897,58.6043,EE,EST
22293,7.765,62.9639,NO,NOR
22294,8.3462,56.4444,DK,DNK
22295,25.5723,70.7781,NO,NOR
22296,17.2796,59.2128,SE,SWE
22297,20.8974,54.8982,RU,RUS
22298,34.6154,65.4745,RU,RUS
22299,21.6831,63.0713,FI,FIN
22300,8.6418,55.4519,DK,DNK
22301,11.0452,63.5895,NO,NOR
22302,11.6326,54.0898,DE,DEU
22303,34.1662,66.7263,RU,RUS
22304,9.5461,55.4244,DK,DNK
22305,32.5186,69.3794,RU,RUS
22306,25.3409,60.3546,FI,FIN
22307,32.5053,66.9416,RU,RUS
22308,15.32,68.5843,NO,NOR
22309,15.6528,68.8749,NO,NOR
22310,21.6641,57.0678,LV,LVA
22311,15.8727,56.4105,SE,SWE
22312,11.2213,55.4528,DK,DNK
22313,25.7297,71.0309,NO,NOR
22314,30.1502,70.5765,NO,NOR
22315,12.5662,65.3095,NO,NOR
22316,21.0713,55.9377,LT,LTU
22317,16.6207,57.999,SE,SWE
22318,6.4299,58.2653,NO,NOR
22319,18.8165,57.3898,SE,SWE
22320,8.8984,57.0591,DK,DNK
22321,23.7637,70.2737,NO,NOR
22322,19.2416,69.9434,NO,NOR
22323,16.4301,59.4002,SE,SWE
22324,33.8428,69.1866,RU,RUS
22325,18.4211,69.3617,NO,NOR
22326,8.5681,55.9011,DK,DNK
22327,5.2324,60.8555,NO,NOR
22328,21.4431,55.3608,LT,LTU
22329,32.8142,66.7006,RU,RUS
22330,10.2693,56.7367,DK,DNK
22331,23.727,58.8013,EE,EST
22332,10.3105,55.4927,DK,DNK
22333,10.779,63.3761,NO,NOR
22334,9.9105,57.3744,DK,DNK
22335,18.9349,63.2744,SE,SWE
22336,16.3027,68.4834,NO,NOR
22337,17.1911,62.3219,SE,SWE
22338,34.8484,65.8553,RU,RUS
22339,21.6887,57.514,LV,LVA
22340,21.4552,60.8104,FI,FIN
22341,23.7483,59.2435,EE,EST
22342,9.1042,54.106,DE,DEU
22343,19.4492,54.3061,PL,POL
22344,12.0326,57.5419,SE,SWE
22345,13.1492,54.1947,DE,DEU
22346,23.0268,63.8135,FI,FIN
22347,10.7089,55.4115,DK,DNK
22348,10.7404,54.1364,DE,DEU
22349,12.7253,56.0183,SE,SWE
22350,17.3278,68.8621,NO,NOR
22351,10.0619,59.0227,NO,NOR
22352,11.4422,54.6604,DK,DNK
22353,15.7451,56.292,SE,SWE
22354,13.3168,66.1331,NO,NOR
22355,18.1227,59.2335,SE,SWE
22356,5.8507,59.5694,NO,NOR
22357,12.4923,57.0177,SE,SWE
22358,34.5282,64.9671,RU,RUS
22359,10.3316,56.2916,DK,DNK
22360,9.5198,58.9756,NO,NOR
22361,12.1366,54.1269,DE,DEU
22362,18.9729,59.8876,SE,SWE
22363,25.0099,65.7048,FI,FIN
22364,14.7177,67.1796,NO,NOR
22365,21.3645,69.81,NO,NOR
22366,8.8221,55.125,DK,DNK
22367,8.0308,58.1845,NO,NOR
22368,11.3873,64.6113,NO,NOR
22369,28.7388,59.7479,RU,RUS
22370,34.8037,64.7146,RU,RUS
22371,28.85,60.646,RU,RUS
22372,8.4597,55.7764,DK,DNK
22373,16.351,54.2349,PL,POL
22374,27.2745,70.4162,NO,NOR
22375,15.6464,68.3903,NO,NOR
22376,18.272,57.38,SE,SWE
22377,5.3211,60.3952,NO,NOR
22378,23.4667,59.023,EE,EST
22379,10.4833,55.1624,DK,DNK
22380,26.4832,60.5449,FI,FIN
22381,26.3937,70.8366,NO,NOR
22382,12.2926,65.3763,NO,NOR
22383,16.4797,58.104,SE,SWE
22384,16.6021,68.0475,NO,NOR
22385,27.2125,59.4365,EE,EST
22386,18.6807,57.4987,SE,SWE
22387,10.2059,64.0099,NO,NOR
22388,28.0588,70.943,NO,NOR
22389,21.1893,55.5929,LT,LTU
22390,11.6863,58.1764,SE,SWE
22391,24.5502,57.3507,LV,LVA
22392,28.0977,59.5986,EE,EST
22393,10.1834,63.3314,NO,NOR
22394,13.1015,67.997,NO,NOR
22395,25.3483,65.4824,FI,FIN
22396,22.1635,58.5004,EE,EST
22397,12.8451,56.1398,SE,SWE
22398,10.8486,59.3006,NO,NOR
22399,21.0925,64.2511,SE,SWE
22400,13.2796,66.4767,NO,NOR
22401,17.6959,59.5442,SE,SWE
22402,11.021,64.9093,NO,NOR
22403,8.8213,54.3123,DE,DEU
22404,10.4381,57.4195,DK,DNK
22405,15.3235,67.8641,NO,NOR
22406,10.7869,59.7206,NO,NOR
22407,18.687,59.6711,SE,SWE
22408,7.6787,62.6396,NO,NOR
22409,22.4036,65.8567,SE,SWE
22410,18.6884,60.0941,SE,SWE
22411,15.6403,67.9108,NO,NOR
22412,23.931,64.2607,FI,FIN
22413,22.7043,58.2754,EE,EST
22414,35.3343,66.6137,RU,RUS
22415,18.0062,62.9151,SE,SWE
22416,9.8648,54.9927,DK,DNK
22417,17.8924,54.7492,PL,POL
22418,16.8754,58.6619,SE,SWE
22419,12.203,57.221,SE,SWE
22420,23.7023,70.1485,NO,NOR
22421,12.204,55.983,DK,DNK
22422,22.5983,70.17,NO,NOR
22423,5.2054,61.6494,NO,NOR
22424,16.6646,56.6652,SE,SWE
22425,18.4083,57.2712,SE,SWE
22426,5.7448,59.4576,NO,NOR
22427,24.0501,64.3942,FI,FIN
22428,24.6215,58.0137,LV,LVA
22429,13.0496,65.9714,NO,NOR
22430,9.9433,63.7991,NO,NOR
22431,21.1226,62.6446,FI,FIN
22432,15.2149,56.2693,SE,SWE
22433,13.3045,66.2473,NO,NOR
22434,20.6214,69.7329,NO,NOR
22435,24.2243,60.1569,FI,FIN
22436,12.0176,55.2825,DK,DNK
22437,23.962,56.9187,LV,LVA
22438,29.9179,60.165,RU,RUS
22439,12.2514,54.2524,DE,DEU
22440,27.7898,60.606,FI,FIN
22441,17.2895,58.7824,SE,SWE
22442,24.3226,57.8015,LV,LVA
22443,11.4547,58.9181,NO,NOR
22444,17.2107,61.9167,SE,SWE
22445,13.5396,54.101,DE,DEU
22446,32.4856,69.7283,RU,RUS
22447,5.3409,60.9652,NO,NOR
22448,16.4758,54.3569,PL,POL
22449,21.7574,60.5884,FI,FIN
22450,14.5615,56.1246,SE,SWE
22451,30.7537,70.3668,NO,NOR
22452,17.3951,69.4758,NO,NOR
22453,21.7724,65.428,SE,SWE
22454,9.645,54.7409,DE,DEU
22455,27.8667,70.6918,NO,NOR
22456,22.1734,65.5893,SE,SWE
22457,17.0719,61.6088,SE,SWE
22458,17.7492,69.5208,NO,NOR
22459,11.5378,58.2746,SE,SWE
22460,9.0508,63.3146,NO,NOR
22461,12.5451,65.5365,NO,NOR
22462,17.3724,54.7361,PL,POL
22463,11.3021,54.7659,DK,DNK
22464,16.6056,58.436,SE,SWE
22465,28.6966,70.74,NO,NOR
22466,15.2029,54.0704,PL,POL
22467,6.5279,62.372,NO,NOR
22468,27.8538,59.3343,EE,EST
22469,34.6191,69.2041,RU,RUS
22470,10.9793,63.9706,NO,NOR
22471,5.7634,62.1862,NO,NOR
22472,26.5715,59.5348,EE,EST
22473,22.9996,58.4893,EE,EST
22474,25.1646,70.7475,NO,NOR
22475,12.369,55.6519,DK,DNK
22476,23.4202,56.9312,LV,LVA
22477,34.474,65.5996,RU,RUS
22478,29.6521,59.9018,RU,RUS
22479,34.6536,66.6075,RU,RUS
22480,17.765,62.5145,SE,SWE
22481,8.3928,63.2513,NO,NOR
22482,9.5793,55.1975,DK,DNK
22483,31.2852,69.6832,RU,RUS
22484,11.0485,64.4526,NO,NOR
22485,30.2019,69.7524,NO,NOR
22486,24.2413,58.3535,EE,EST
22487,15.3194,68.7054,NO,NOR
22488,19.0229,63.4082,SE,SWE
22489,15.6544,68.9968,NO,NOR
22490,23.6963,63.9936,FI,FIN
22491,19.8348,60.1086,AX,ALA
22492,16.0009,56.5286,SE,SWE
22493,11.3363,55.5765,DK,DNK
22494,20.3736,54.8979,RU,RUS
22495,25.8192,59.4968,EE,EST
22496,11.4518,55.6998,DK,DNK
22497,19.3719,63.5719,SE,SWE
22498,15.6511,68.7533,NO,NOR
22499,21.2096,56.0517,LV,LVA
22500,6.8266,58.1642,NO,NOR
22501,24.9971,64.8382,FI,FIN
22502,9.6883,63.594,NO,NOR
22503,16.285,59.5018,SE,SWE
22504,6.1407,59.3265,NO,NOR
22505,18.8188,57.833,SE,SWE
22506,33.4511,69.176,RU,RUS
22507,10.1812,59.1398,NO,NOR
22508,11.575,64.5221,NO,NOR
22509,9.6814,57.132,DK,DNK
22510,11.6961,54.6797,DK,DNK
22511,22.606,58.8211,EE,EST
22512,18.2639,59.1292,SE,SWE
22513,20.7196,64.0893,SE,SWE
22514,23.9532,70.6509,NO,NOR
22515,23.5971,58.9123,EE,EST
22516,10.0259,57.4951,DK,DNK
22517,10.3892,59.5831,NO,NOR
22518,11.626,64.6544,NO,NOR
22519,15.6374,67.6728,NO,NOR
22520,16.6177,68.2877,NO,NOR
22521,21.5529,65.1603,SE,SWE
22522,10.1548,56.6146,DK,DNK
22523,19.5807,54.425,PL,POL
22524,13.2665,54.3194,DE,DEU
22525,9.2956,63.5136,NO,NOR
22526,25.0183,70.4957,NO,NOR
22527,9.4695,55.072,DK,DNK
22528,25.5958,60.3697,FI,FIN
22529,23.4669,65.8283,SE,SWE
22530,6.7584,62.5814,NO,NOR
22531,28.4972,70.4902,NO,NOR
22532,10.8517,54.263,DE,DEU
22533,23.1672,57.1606,LV,LVA
22534,10.2785,63.6301,NO,NOR
22535,28.3183,60.627,RU,RUS
22536,8.0334,62.9471,NO,NOR
22537,10.3389,64.1157,NO,NOR
22538,17.9809,59.3375,SE,SWE
22539,13.4273,55.4904,SE,SWE
22540,25.4195,64.9924,FI,FIN
22541,22.3197,63.2545,FI,FIN
22542,9.1588,57.0839,DK,DNK
22543,6.9798,58.0723,NO,NOR
22544,14.7134,67.2969,NO,NOR
22545,8.1527,63.0489,NO,NOR
22546,21.5459,57.4037,LV,LVA
22547,24.9769,60.2061,FI,FIN
22548,34.6665,64.841,RU,RUS
22549,28.7135,60.7689,RU,RUS
22550,26.8703,70.3897,FI,FIN
22551,18.1352,57.4883,SE,SWE
22552,5.7286,60.2651,NO,NOR
22553,21.3965,61.0542,FI,FIN
22554,16.6011,54.4785,PL,POL
22555,16.1296,56.6463,SE,SWE
22556,10.5958,55.2871,DK,DNK
22557,19.9783,54.7795,RU,RUS
22558,30.3416,70.3481,NO,NOR
22559,10.6295,54.0096,DE,DEU
22560,21.5049,62.1848,FI,FIN
22561,11.9687,55.7381,DK,DNK
22562,17.3149,68.7403,NO,NOR
22563,17.3813,69.3524,NO,NOR
22564,16.3638,57.5489,SE,SWE
22565,16.6099,68.1675,NO,NOR
22566,6.1787,59.0928,NO,NOR
22567,17.0112,58.7743,SE,SWE
22568,17.3613,61.8197,SE,SWE
22569,21.327,55.7074,LT,LTU
22570,5.9962,59.448,NO,NOR
22571,18.5443,57.6072,SE,SWE
22572,32.888,69.7415,RU,RUS
22573,21.0909,56.3937,LV,LVA
22574,5.382,62.091,NO,NOR
22575,5.3019,59.8206,NO,NOR
22576,18.8987,70.0256,NO,NOR
22577,33.6763,66.843,RU,RUS
22578,8.9281,54.4397,DE,DEU
22579,12.5046,54.27,DE,DEU
22580,11.8604,57.8603,SE,SWE
22581,8.7569,63.5522,NO,NOR
22582,6.0244,60.0237,NO,NOR
22583,22.9121,57.3885,LV,LVA
22584,14.1913,55.7631,SE,SWE
22585,29.2546,60.2754,RU,RUS
22586,24.5819,59.4246,EE,EST
22587,25.6684,70.3054,NO,NOR
22588,16.4957,57.6642,SE,SWE
22589,13.3844,54.4438,DE,DEU
22590,22.8516,58.3825,EE,EST
22591,14.1242,66.9681,NO,NOR
22592,17.5365,60.4885,SE,SWE
22593,12.324,57.3404,SE,SWE
22594,23.3149,70.1148,NO,NOR
22595,12.3225,56.1049,DK,DNK
22596,29.114,70.7627,NO,NOR
22597,5.5982,59.5788,NO,NOR
22598,18.8487,69.7762,NO,NOR
22599,34.6229,64.5864,RU,RUS
22600,5.9687,58.8678,NO,NOR
22601,17.8387,59.441,SE,SWE
22602,20.2878,69.8176,NO,NOR
22603,12.1342,55.4059,DK,DNK
22604,11.1145,64.076,NO,NOR
22605,8.2758,56.0984,DK,DNK
22606,30.3147,60.0453,RU,RUS
22607,22.642,63.6558,FI,FIN
22608,32.0843,69.7141,RU,RUS
22609,12.4376,54.9652,DK,DNK
22610,8.295,58.2112,NO,NOR
22611,28.3548,59.6075,RU,RUS
22612,10.7556,59.9293,NO,NOR
22613,22.1524,60.4983,FI,FIN
22614,21.5862,61.3211,FI,FIN
22615,14.686,56.2444,SE,SWE
22616,10.0866,55.2433,DK,DNK
22617,26.108,60.3984,FI,FIN
22618,27.4544,70.6664,NO,NOR
22619,18.5432,54.4111,PL,POL
22620,27.6001,59.3248,EE,EST
22621,28.9138,70.0394,NO,NOR
22622,21.6241,61.6983,FI,FIN
22623,12.0861,55.8607,DK,DNK
22624,16.642,68.6503,NO,NOR
22625,9.1332,58.8331,NO,NOR
22626,15.9625,68.0765,NO,NOR
22627,11.3889,58.3724,SE,SWE
22628,12.5288,65.6489,NO,NOR
22629,17.0961,60.7884,SE,SWE
22630,16.9866,59.6311,SE,SWE
22631,6.374,62.4906,NO,NOR
22632,10.4606,54.3472,DE,DEU
22633,11.4499,63.907,NO,NOR
22634,21.2303,56.5066,LV,LVA
22635,9.8491,63.4997,NO,NOR
22636,22.8689,58.6003,EE,EST
22637,6.9909,62.7894,NO,NOR
22638,17.5604,59.2203,SE,SWE
22639,12.4872,55.7743,DK,DNK
22640,9.0354,54.5667,DE,DEU
22641,15.7144,54.0925,PL,POL
22642,18.2618,59.5569,SE,SWE
22643,34.5065,66.7309,RU,RUS
22644,30.8876,69.6664,RU,RUS
22645,10.7058,56.4358,DK,DNK
22646,23.2007,69.8654,NO,NOR
22647,30.4446,59.9192,RU,RUS
22648,10.5108,59.6988,NO,NOR
22649,22.7433,60.0469,FI,FIN
22650,13.7937,54.1158,DE,DEU
22651,33.7502,66.2193,RU,RUS
22652,18.2568,62.9461,SE,SWE
22653,11.3631,55.3489,DK,DNK
22654,26.228,70.5849,NO,NOR
22655,22.9294,70.0802,NO,NOR
22656,18.4021,60.0889,SE,SWE
22657,21.2955,55.0134,RU,RUS
22658,11.5678,55.8229,DK,DNK
22659,21.8316,70.097,NO,NOR
22660,11.9725,64.962,NO,NOR
22661,22.3013,60.386,FI,FIN
22662,16.2589,56.7637,SE,SWE
22663,6.6752,58.2604,NO,NOR
22664,26.7078,59.4142,EE,EST
22665,24.0643,65.8779,SE,SWE
22666,7.2946,62.5519,NO,NOR
22667,5.3878,59.3542,NO,NOR
22668,19.5816,69.8606,NO,NOR
22669,5.7605,58.6414,NO,NOR
22670,11.7608,55.2638,DK,DNK
22671,16.7113,59.4096,SE,SWE
22672,23.8714,60.0065,FI,FIN
22673,32.5325,67.1904,RU,RUS
22674,33.9728,69.306,RU,RUS
22675,18.7764,69.4045,NO,NOR
22676,9.7957,57.2534,DK,DNK
22677,11.8108,54.8045,DK,DNK
22678,18.5449,59.3489,SE,SWE
22679,22.4737,58.9309,EE,EST
22680,8.8237,56.7167,DK,DNK
22681,24.4233,70.8103,NO,NOR
22682,31.6841,69.6991,RU,RUS
22683,8.5211,58.4509,NO,NOR
22684,14.6721,68.3668,NO,NOR
22685,17.2771,68.3768,NO,NOR
22686,10.8179,59.5111,NO,NOR
22687,16.6257,68.4083,NO,NOR
22688,13.5561,66.6402,NO,NOR
22689,8.3646,63.4706,NO,NOR
22690,21.3774,65.266,SE,SWE
22691,17.0841,61.2005,SE,SWE
22692,23.9906,59.2599,EE,EST
22693,28.0879,70.4664,NO,NOR
22694,15.9968,69.1669,NO,NOR
22695,8.9022,58.5958,NO,NOR
22696,12.1785,57.4414,SE,SWE
22697,23.3032,63.837,FI,FIN
22698,8.6615,63.2332,NO,NOR
22699,8.1986,56.5418,DK,DNK
22700,6.1454,62.2798,NO,NOR
22701,12.9229,56.7096,SE,SWE
22702,23.5823,69.8991,NO,NOR
22703,8.603,56.4703,DK,DNK
22704,12.6363,56.9154,SE,SWE
22705,21.1593,54.8975,RU,RUS
22706,11.1794,63.6957,NO,NOR
22707,29.9155,59.9081,RU,RUS
22708,21.5341,57.1805,LV,LVA
22709,21.7391,69.8474,NO,NOR
22710,9.8005,55.4477,DK,DNK
22711,32.2434,69.4863,RU,RUS
22712,13.3074,55.3681,SE,SWE
22713,10.6071,64.3263,NO,NOR
22714,24.519,58.3459,EE,EST
22715,13.9472,55.5205,SE,SWE
22716,14.6573,68.729,NO,NOR
22717,11.4881,64.8758,NO,NOR
22718,16.5944,67.9279,NO,NOR
22719,21.1637,64.9983,SE,SWE
22720,18.4244,63.2135,SE,SWE
22721,8.7503,54.771,DE,DEU
22722,19.9729,54.5453,RU,RUS
22723,23.3785,59.9707,FI,FIN
22724,21.346,62.2938,FI,FIN
22725,19.99,63.7645,SE,SWE
22726,16.3722,57.3271,SE,SWE
22727,8.5277,56.9112,DK,DNK
22728,24.5809,64.6833,FI,FIN
22729,23.4324,70.3653,NO,NOR
22730,19.6118,69.9854,NO,NOR
22731,15.8828,56.184,SE,SWE
22732,16.4052,56.4304,SE,SWE
22733,18.4074,57.7153,SE,SWE
22734,11.218,64.3693,NO,NOR
22735,11.926,54.929,DK,DNK
22736,22.4422,58.4973,EE,EST
22737,17.8442,59.0125,SE,SWE
22738,5.277,60.6257,NO,NOR
22739,21.2998,64.5189,SE,SWE
22740,34.431,65.3465,RU,RUS
22741,10.9117,63.483,NO,NOR
22742,12.6205,54.395,DE,DEU
22743,25.5184,70.0559,NO,NOR
22744,15.3251,67.5082,NO,NOR
22745,16.6338,68.5291,NO,NOR
22746,11.4265,59.1306,NO,NOR
22747,17.2757,62.4518,SE,SWE
22748,5.877,60.1445,NO,NOR
22749,21.513,60.5663,FI,FIN
22750,16.9349,61.2986,SE,SWE
22751,22.6982,65.8837,SE,SWE
22752,34.7108,65.0953,RU,RUS
22753,35.9595,66.3651,RU,RUS
22754,26.147,70.4595,NO,NOR
22755,9.5637,63.4938,NO,NOR
22756,17.3902,60.5889,SE,SWE
22757,23.765,65.8534,SE,SWE
22758,7.0269,62.5669,NO,NOR
22759,10.9912,54.157,DE,DEU
22760,12.3478,57.1196,SE,SWE
22761,12.3458,55.8789,DK,DNK
22762,17.6696,68.9064,NO,NOR
22763,24.3354,64.4165,FI,FIN
22764,18.8735,69.9007,NO,NOR
22765,10.7379,55.1837,DK,DNK
22766,18.2628,59.3435,SE,SWE
22767,20.9919,69.7718,NO,NOR
22768,13.0281,55.5807,SE,SWE
22769,11.5103,58.4901,SE,SWE
22770,10.5908,56.3134,DK,DNK
22771,9.6376,59.0932,NO,NOR
22772,24.4485,57.6872,LV,LVA
22773,33.4528,66.4645,RU,RUS
22774,21.4076,69.9346,NO,NOR
22775,14.0689,55.642,SE,SWE
22776,15.3262,67.2725,NO,NOR
22777,15.9735,68.4372,NO,NOR
22778,5.4286,60.5057,NO,NOR
22779,8.8577,54.8975,DE,DEU
22780,23.6176,59.1276,EE,EST
22781,14.7577,55.1013,DK,DNK
22782,21.4679,61.8081,FI,FIN
22783,12.1102,55.6338,DK,DNK
22784,12.5196,65.1799,NO,NOR
22785,18.6725,54.2957,PL,POL
22786,16.4877,57.8846,SE,SWE
22787,18.68,57.2762,SE,SWE
22788,16.9482,60.8875,SE,SWE
22789,6.0453,58.397,NO,NOR
22790,24.4743,60.1737,FI,FIN
22791,21.7795,61.5881,FI,FIN
22792,28.1084,59.3435,EE,EST
22793,24.8276,59.4399,EE,EST
22794,21.4957,70.1846,NO,NOR
22795,21.2199,56.2796,LV,LVA
22796,10.3143,63.4388,NO,NOR
22797,25.3842,65.2376,FI,FIN
22798,22.1491,58.2821,EE,EST
22799,21.1956,64.385,SE,SWE
22800,13.5671,66.5249,NO,NOR
22801,34.0168,66.8488,RU,RUS
22802,11.6167,63.8219,NO,NOR
22803,15.0111,67.6982,NO,NOR
22804,25.1275,70.0262,NO,NOR
22805,10.9098,59.8358,NO,NOR
22806,12.8665,55.9135,SE,SWE
22807,11.275,59.2264,NO,NOR
22808,22.5101,57.5058,LV,LVA
22809,8.7862,55.3516,DK,DNK
22810,5.1415,61.3131,NO,NOR
22811,24.2335,59.2761,EE,EST
22812,10.3565,59.792,NO,NOR
22813,22.5967,60.1603,FI,FIN
22814,15.959,67.9569,NO,NOR
22815,34.2293,66.1007,RU,RUS
22816,17.2434,60.6888,SE,SWE
22817,18.1527,54.7549,PL,POL
22818,30.1225,70.1014,NO,NOR
22819,18.2586,60.1912,SE,SWE
22820,21.4322,55.129,LT,LTU
22821,19.6332,63.6015,SE,SWE
22822,15.9811,68.6792,NO,NOR
22823,22.2642,70.2592,NO,NOR
22824,5.316,61.7575,NO,NOR
22825,16.3888,56.8807,SE,SWE
22826,11.3608,58.5874,SE,SWE
22827,24.5376,65.7923,FI,FIN
22828,5.2401,59.4752,NO,NOR
22829,12.7869,65.81,NO,NOR
22830,9.9795,63.607,NO,NOR
22831,21.2205,62.7783,FI,FIN
22832,5.6166,58.7634,NO,NOR
22833,13.0359,66.0851,NO,NOR
22834,27.5464,70.7919,NO,NOR
22835,12.2747,55.3007,DK,DNK
22836,23.041,70.3307,NO,NOR
22837,11.8844,54.1086,DE,DEU
22838,15.0161,67.4616,NO,NOR
22839,27.2647,60.583,FI,FIN
22840,17.4266,58.8942,SE,SWE
22841,8.8603,56.4956,DK,DNK
22842,11.4826,58.7045,SE,SWE
22843,32.2049,69.8356,RU,RUS
22844,12.0417,55.0532,DK,DNK
22845,18.4131,54.7601,PL,POL
22846,17.9697,60.3945,SE,SWE
22847,5.4498,61.0746,NO,NOR
22848,35.5252,64.3327,RU,RUS
22849,16.0941,54.2254,PL,POL
22850,10.6645,59.6052,NO,NOR
22851,15.0186,67.3438,NO,NOR
22852,14.1748,55.9907,SE,SWE
22853,21.9625,57.5119,LV,LVA
22854,10.3005,56.5146,DK,DNK
22855,22.2879,65.723,SE,SWE
22856,14.8806,55.223,DK,DNK
22857,17.078,61.4051,SE,SWE
22858,21.1107,56.8457,LV,LVA
22859,17.6323,54.7429,PL,POL
22860,5.9033,58.5193,NO,NOR
22861,16.6132,58.218,SE,SWE
22862,25.8515,60.3843,FI,FIN
22863,20.5217,63.8216,SE,SWE
22864,16.8554,59.3073,SE,SWE
22865,15.4585,54.0817,PL,POL
22866,28.5962,70.615,NO,NOR
22867,10.0692,54.43,DE,DEU
22868,12.9443,56.4857,SE,SWE
22869,34.3689,69.3155,RU,RUS
22870,11.944,55.9646,DK,DNK
22871,5.8765,62.2924,NO,NOR
22872,10.5781,63.6526,NO,NOR
22873,10.4069,57.6379,DK,DNK
22874,35.541,69.0964,RU,RUS
22875,19.9813,60.2149,AX,ALA
22876,23.1481,58.5957,EE,EST
22877,24.6457,58.2327,EE,EST
22878,5.9569,59.6808,NO,NOR
22879,23.6911,56.9252,LV,LVA
22880,34.6602,65.7275,RU,RUS
22881,21.5818,62.9375,FI,FIN
22882,17.8446,62.648,SE,SWE
22883,21.6763,57.2914,LV,LVA
22884,21.5492,60.9437,FI,FIN
22885,33.1838,66.9577,RU,RUS
22886,30.0459,59.7825,RU,RUS
22887,26.0691,59.5099,EE,EST
22888,17.925,62.7816,SE,SWE
22889,9.6123,54.9697,DK,DNK
22890,20.1059,54.6632,RU,RUS
22891,30.4536,70.4719,NO,NOR
22892,23.2334,60.0852,FI,FIN
22893,18.1144,60.2931,SE,SWE
22894,20.6355,54.8983,RU,RUS
22895,25.3217,59.4692,EE,EST
22896,16.5036,57.4429,SE,SWE
22897,26.7428,60.558,FI,FIN
22898,8.6385,57.0337,DK,DNK
22899,12.2751,65.4882,NO,NOR
22900,23.8891,70.5249,NO,NOR
22901,19.9187,69.7773,NO,NOR
22902,16.0105,56.3025,SE,SWE
22903,16.4216,59.6129,SE,SWE
22904,16.5346,56.548,SE,SWE
22905,33.1837,69.2843,RU,RUS
22906,10.3012,59.2567,NO,NOR
22907,34.8945,64.3324,RU,RUS
22908,16.2413,57.211,SE,SWE
22909,11.9503,54.6984,DK,DNK
22910,7.2416,58.1011,NO,NOR
22911,24.6883,70.5901,NO,NOR
22912,8.7875,58.4766,NO,NOR
22913,21.1276,64.6249,SE,SWE
22914,23.5768,58.6961,EE,EST
22915,10.0553,55.4704,DK,DNK
22916,10.4217,59.3732,NO,NOR
22917,11.6775,64.7867,NO,NOR
22918,12.0073,57.7608,SE,SWE
22919,16.9465,68.3325,NO,NOR
22920,7.9727,63.3875,NO,NOR
22921,22.1064,57.6215,LV,LVA
22922,19.1902,54.3032,PL,POL
22923,34.5714,65.221,RU,RUS
22924,9.7868,54.6377,DE,DEU
22925,29.5198,60.283,RU,RUS
22926,35.8183,66.4906,RU,RUS
22927,25.7451,70.4306,NO,NOR
22928,13.5212,54.3349,DE,DEU
22929,8.4175,56.7884,DK,DNK
22930,24.8763,70.2451,NO,NOR
22931,27.7346,71.0438,NO,NOR
22932,14.9476,54.0585,PL,POL
22933,12.4644,56.0009,DK,DNK
22934,17.6851,69.0287,NO,NOR
22935,5.6508,62.0795,NO,NOR
22936,35.3822,69.2168,RU,RUS
22937,7.4957,62.9801,NO,NOR
22938,10.4727,64.2212,NO,NOR
22939,15.4799,56.281,SE,SWE
22940,18.1211,59.4474,SE,SWE
22941,5.8104,59.8019,NO,NOR
22942,13.1478,55.7028,SE,SWE
22943,12.7798,56.8127,SE,SWE
22944,21.471,64.4124,SE,SWE
22945,23.8352,58.4728,EE,EST
22946,25.5503,65.1254,FI,FIN
22947,22.4261,63.3883,FI,FIN
22948,8.497,55.5518,DK,DNK
22949,9.4198,57.1082,DK,DNK
22950,18.8297,59.7796,SE,SWE
22951,22.9156,63.6798,FI,FIN
22952,14.4161,67.1324,NO,NOR
22953,17.3564,62.0215,SE,SWE
22954,22.1156,69.8842,NO,NOR
22955,25.087,60.3391,FI,FIN
22956,10.3532,57.0792,DK,DNK
22957,14.0857,55.413,SE,SWE
22958,8.2062,55.7503,DK,DNK
22959,15.0234,67.1091,NO,NOR
22960,18.271,57.602,SE,SWE
22961,21.4449,65.0265,SE,SWE
22962,18.6791,63.2441,SE,SWE
22963,8.893,54.6691,DE,DEU
22964,10.2291,55.1405,DK,DNK
22965,25.6504,70.9044,NO,NOR
22966,20.1119,54.8969,RU,RUS
22967,20.2552,63.7932,SE,SWE
22968,16.967,68.5743,NO,NOR
22969,17.7008,69.1512,NO,NOR
22970,11.8862,57.642,SE,SWE
22971,10.0738,63.904,NO,NOR
22972,10.6252,55.0588,DK,DNK
22973,17.2695,59.6393,SE,SWE
22974,29.8238,70.205,NO,NOR
22975,6.035,59.2146,NO,NOR
22976,8.4221,56.0,DK,DNK
22977,5.4271,61.8652,NO,NOR
22978,22.0172,58.3927,EE,EST
22979,7.2603,62.7742,NO,NOR
22980,5.4079,59.9322,NO,NOR
22981,5.2141,60.2844,NO,NOR
22982,21.3164,55.477,LT,LTU
22983,28.9901,60.2674,RU,RUS
22984,10.4809,63.354,NO,NOR
22985,12.7582,54.287,DE,DEU
22986,15.0086,67.817,NO,NOR
22987,25.5929,70.1806,NO,NOR
22988,18.545,59.5623,SE,SWE
22989,34.5177,65.8523,RU,RUS
22990,5.5144,60.0436,NO,NOR
22991,10.8505,56.3347,DK,DNK
22992,22.9942,65.9102,SE,SWE
22993,8.963,54.2094,DE,DEU
22994,29.9095,69.8556,NO,NOR
22995,9.8796,55.7979,DK,DNK
22996,17.0207,69.1841,NO,NOR
22997,22.9879,60.0663,FI,FIN
22998,13.0122,54.3035,DE,DEU
22999,23.813,64.1271,FI,FIN
23000,14.4222,67.0155,NO,NOR
23001,34.0834,66.2243,RU,RUS
23002,9.1729,63.4143,NO,NOR
23003,10.5663,55.5144,DK,DNK
23004,16.7402,58.5491,SE,SWE
23005,26.3102,70.7106,NO,NOR
23006,10.6007,54.242,DE,DEU
23007,21.4074,62.0511,FI,FIN
23008,21.8789,70.2223,NO,NOR
23009,12.2169,65.0047,NO,NOR
23010,26.9597,59.4256,EE,EST
23011,24.365,65.9019,FI,FIN
23012,7.5615,62.5364,NO,NOR
23013,29.8434,70.6808,NO,NOR
23014,18.273,57.157,SE,SWE
23015,5.6395,59.3454,NO,NOR
23016,12.7718,65.9232,NO,NOR
23017,9.8148,63.6958,NO,NOR
23018,24.8303,70.8425,NO,NOR
23019,11.9014,55.1587,DK,DNK
23020,21.7853,63.2051,FI,FIN
23021,17.8414,59.2272,SE,SWE
23022,32.8745,67.199,RU,RUS
23023,25.29,64.8592,FI,FIN
23024,22.6515,70.2954,NO,NOR
23025,9.2496,58.9513,NO,NOR
23026,24.7091,65.6822,FI,FIN
23027,22.7546,58.9272,EE,EST
23028,8.9711,56.6188,DK,DNK
23029,24.5738,57.5726,LV,LVA
23030,11.3324,58.8013,SE,SWE
23031,17.2051,62.118,SE,SWE
23032,13.2858,54.0856,DE,DEU
23033,17.4132,59.5369,SE,SWE
23034,8.6782,55.2258,DK,DNK
23035,7.7671,58.1572,NO,NOR
23036,11.1495,64.5681,NO,NOR
23037,9.6568,55.5492,DK,DNK
23038,11.5862,64.0121,NO,NOR
23039,17.8245,60.4956,SE,SWE
23040,5.2962,61.194,NO,NOR
23041,35.9728,64.2031,RU,RUS
23042,15.3206,68.4635,NO,NOR
23043,22.1347,58.0629,EE,EST
23044,21.6824,61.4546,FI,FIN
23045,14.9503,56.2572,SE,SWE
23046,26.2244,60.5312,FI,FIN
23047,24.8069,70.1202,NO,NOR
23048,11.71,55.7193,DK,DNK
23049,16.9282,61.5028,SE,SWE
23050,18.4638,69.6089,NO,NOR
23051,21.1008,56.6202,LV,LVA
23052,22.5469,60.4065,FI,FIN
23053,9.1944,56.8641,DK,DNK
23054,12.8019,65.6971,NO,NOR
23055,22.8159,70.6732,NO,NOR
23056,6.2899,58.3879,NO,NOR
23057,27.962,70.8173,NO,NOR
23058,6.4135,62.2667,NO,NOR
23059,13.0656,56.6061,SE,SWE
23060,24.4253,57.4657,LV,LVA
23061,16.3208,68.8474,NO,NOR
23062,20.7357,70.1071,NO,NOR
23063,10.8449,63.865,NO,NOR
23064,9.8866,63.3081,NO,NOR
23065,12.7033,56.244,SE,SWE
23066,7.1079,62.8928,NO,NOR
23067,20.82,64.2232,SE,SWE
23068,17.5643,59.0056,SE,SWE
23069,11.4809,63.7163,NO,NOR
23070,10.2902,57.5177,DK,DNK
23071,14.0521,55.87,SE,SWE
23072,33.418,66.2136,RU,RUS
23073,8.2725,63.1503,NO,NOR
23074,9.9437,55.3457,DK,DNK
23075,30.5999,69.7708,RU,RUS
23076,33.0298,67.0786,RU,RUS
23077,29.5112,69.8356,NO,NOR
23078,14.9898,68.6569,NO,NOR
23079,22.8748,69.9554,NO,NOR
23080,11.7296,64.919,NO,NOR
23081,13.828,66.9202,NO,NOR
23082,34.9935,66.611,RU,RUS
23083,21.3813,56.8447,LV,LVA
23084,16.8594,54.4869,PL,POL
23085,23.6245,59.9888,FI,FIN
23086,23.6419,70.0236,NO,NOR
23087,11.194,55.6799,DK,DNK
23088,19.2815,63.4381,SE,SWE
23089,22.1928,58.934,EE,EST
23090,8.6759,56.8141,DK,DNK
23091,24.4953,58.1273,EE,EST
23092,23.4925,70.4911,NO,NOR
23093,23.9752,60.1396,FI,FIN
23094,16.5422,56.3218,SE,SWE
23095,18.6813,57.7203,SE,SWE
23096,11.5141,64.3932,NO,NOR
23097,34.7592,64.4596,RU,RUS
23098,16.2502,56.9878,SE,SWE
23099,12.0657,54.8231,DK,DNK
23100,22.6224,59.0369,EE,EST
23101,9.0825,56.7416,DK,DNK
23102,20.6201,63.9554,SE,SWE
23103,24.2877,70.5579,NO,NOR
23104,17.1364,59.3158,SE,SWE
23105,33.1184,66.4579,RU,RUS
23106,10.1229,56.8361,DK,DNK
23107,24.1082,57.0273,LV,LVA
23108,14.9954,68.4154,NO,NOR
23109,17.2895,68.4977,NO,NOR
23110,5.0786,60.975,NO,NOR
23111,10.2683,59.467,NO,NOR
23112,21.4909,61.1876,FI,FIN
23113,21.4859,65.3998,SE,SWE
23114,9.5028,54.8437,DE,DEU
23115,10.4459,56.4142,DK,DNK
23116,21.8838,65.5617,SE,SWE
23117,9.8966,54.7638,DE,DEU
23118,23.4171,63.9706,FI,FIN
23119,8.4556,56.568,DK,DNK
23120,35.9169,69.1006,RU,RUS
23121,8.2373,56.3206,DK,DNK
23122,5.2832,59.2413,NO,NOR
23123,25.0909,70.6215,NO,NOR
23124,13.168,55.4746,SE,SWE
23125,32.349,67.0616,RU,RUS
23126,23.2939,57.0461,LV,LVA
23127,28.9988,59.7558,RU,RUS
23128,23.7063,58.5846,EE,EST
23129,29.3893,59.895,RU,RUS
23130,17.5198,62.4834,SE,SWE
23131,16.3553,57.7698,SE,SWE
23132,9.436,55.2993,DK,DNK
23133,32.9134,69.3922,RU,RUS
23134,32.6604,66.8213,RU,RUS
23135,10.4691,57.2002,DK,DNK
23136,28.4797,59.7395,RU,RUS
23137,23.9636,58.3605,EE,EST
23138,14.2076,55.5347,SE,SWE
23139,14.987,68.7782,NO,NOR
23140,16.9858,54.608,PL,POL
23141,21.444,62.4275,FI,FIN
23142,16.9774,68.6956,NO,NOR
23143,17.3676,69.2294,NO,NOR
23144,21.081,56.1662,LV,LVA
23145,22.3807,57.6185,LV,LVA
23146,24.7055,64.8166,FI,FIN
23147,6.0735,58.9805,NO,NOR
23148,17.2163,61.7144,SE,SWE
23149,29.4178,70.1844,NO,NOR
23150,24.7252,60.1901,FI,FIN
23151,18.5444,57.8283,SE,SWE
23152,25.0743,59.4548,EE,EST
23153,22.4194,70.6369,NO,NOR
23154,9.9091,59.1168,NO,NOR
23155,5.2703,61.9837,NO,NOR
23156,11.5562,54.7855,DK,DNK
23157,22.4267,58.2791,EE,EST
23158,17.9831,59.1232,SE,SWE
23159,15.8374,54.2153,PL,POL
23160,21.3059,55.2457,LT,LTU
23161,8.4078,58.3312,NO,NOR
23162,10.2378,56.9578,DK,DNK
23163,28.8554,60.3909,RU,RUS
23164,15.3246,67.6266,NO,NOR
23165,13.0074,55.8084,SE,SWE
23166,17.3485,62.2236,SE,SWE
23167,34.374,65.9767,RU,RUS
23168,5.9172,59.913,NO,NOR
23169,21.6067,60.6996,FI,FIN
23170,16.9416,61.0935,SE,SWE
23171,29.7859,60.29,RU,RUS
23172,9.9918,55.9218,DK,DNK
23173,17.0319,69.307,NO,NOR
23174,16.274,67.883,NO,NOR
23175,9.0267,63.5331,NO,NOR
23176,18.2833,54.6407,PL,POL
23177,23.1702,65.8028,SE,SWE
23178,6.489,62.5955,NO,NOR
23179,30.2313,70.2246,NO,NOR
23180,23.0399,57.2747,LV,LVA
23181,17.0097,69.0615,NO,NOR
23182,28.0536,60.6167,FI,FIN
23183,29.426,70.6597,NO,NOR
23184,24.4575,64.5499,FI,FIN
23185,21.4815,62.8037,FI,FIN
23186,18.4855,69.733,NO,NOR
23187,19.8403,54.427,PL,POL
23188,27.6398,70.9177,NO,NOR
23189,21.565,61.9417,FI,FIN
23190,10.2178,56.1687,DK,DNK
23191,23.098,70.4564,NO,NOR
23192,22.0519,63.23,FI,FIN
23193,27.5268,60.5947,FI,FIN
23194,25.1796,65.5938,FI,FIN
23195,22.5335,63.522,FI,FIN
23196,20.9545,64.7305,SE,SWE
23197,8.7144,54.9989,DE,DEU
23198,35.681,65.0983,RU,RUS
23199,13.6871,55.5057,SE,SWE
23200,28.4467,60.7592,RU,RUS
23201,9.7679,55.6737,DK,DNK
23202,13.7147,68.2179,NO,NOR
23203,11.4186,64.0967,NO,NOR
23204,8.3518,55.6513,DK,DNK
23205,35.8416,64.3319,RU,RUS
23206,11.713,57.9595,SE,SWE
23207,13.847,66.6882,NO,NOR
23208,5.4717,60.275,NO,NOR
23209,56.1075,71.22,RU,RUS
23210,41.0953,67.0589,RU,RUS
23211,41.0796,67.4406,RU,RUS
23212,53.3716,68.2362,RU,RUS
23213,46.3031,67.993,RU,RUS
23214,59.1324,68.3805,RU,RUS
23215,59.9232,70.0254,RU,RUS
23216,43.1089,66.3457,RU,RUS
23217,67.6647,69.6849,RU,RUS
23218,54.4591,70.8534,RU,RUS
23219,55.3481,70.7746,RU,RUS
23220,36.103,64.0739,RU,RUS
23221,51.1526,68.305,RU,RUS
23222,36.5462,63.9416,RU,RUS
23223,36.9751,68.8616,RU,RUS
23224,41.3654,66.0258,RU,RUS
23225,56.8857,68.5262,RU,RUS
23226,64.893,69.1838,RU,RUS
23227,68.2658,68.1459,RU,RUS
23228,45.9804,68.3949,RU,RUS
23229,60.1361,69.736,RU,RUS
23230,61.1277,69.2017,RU,RUS
23231,55.7893,68.5171,RU,RUS
23232,38.8285,66.2177,RU,RUS
23233,48.454,69.0205,RU,RUS
23234,61.1967,68.918,RU,RUS
23235,52.8962,71.4878,RU,RUS
23236,45.5635,67.1304,RU,RUS
23237,71.2877,66.2882,RU,RUS
23238,56.3937,70.934,RU,RUS
23239,51.6013,71.832,RU,RUS
23240,45.7735,66.859,RU,RUS
23241,38.2219,64.8195,RU,RUS
23242,54.5157,68.1201,RU,RUS
23243,71.9469,66.1262,RU,RUS
23244,60.5358,68.5995,RU,RUS
23245,55.2114,68.1792,RU,RUS
23246,37.3237,66.3622,RU,RUS
23247,40.0824,66.3197,RU,RUS
23248,68.6382,68.3633,RU,RUS
23249,53.0728,68.7922,RU,RUS
23250,36.0724,68.9793,RU,RUS
23251,41.8229,66.2675,RU,RUS
23252,69.0166,68.5793,RU,RUS
23253,51.9674,71.5539,RU,RUS
23254,71.5963,71.5924,RU,RUS
23255,58.9977,68.8064,RU,RUS
23256,59.7217,69.7879,RU,RUS
23257,38.0739,64.3064,RU,RUS
23258,50.1792,68.1222,RU,RUS
23259,55.1472,68.3199,RU,RUS
23260,53.298,68.3757,RU,RUS
23261,44.2736,66.1606,RU,RUS
23262,36.5961,64.8399,RU,RUS
23263,59.0431,68.6648,RU,RUS
23264,46.4086,67.8583,RU,RUS
23265,68.9255,66.8298,RU,RUS
23266,68.0619,69.6138,RU,RUS
23267,37.6157,63.7975,RU,RUS
23268,71.6342,71.2848,RU,RUS
23269,38.3202,64.0426,RU,RUS
23270,48.6519,68.7509,RU,RUS
23271,69.6091,66.6791,RU,RUS
23272,56.2316,70.6915,RU,RUS
23273,71.364,66.8796,RU,RUS
23274,49.3465,69.3469,RU,RUS
23275,39.9618,67.844,RU,RUS
23276,40.9703,67.1895,RU,RUS
23277,40.9528,67.5705,RU,RUS
23278,46.1966,68.1273,RU,RUS
23279,43.5721,66.1952,RU,RUS
23280,37.9493,64.4378,RU,RUS
23281,67.2652,69.755,RU,RUS
23282,54.0127,70.8911,RU,RUS
23283,69.5882,66.3829,RU,RUS
23284,39.7356,66.3277,RU,RUS
23285,44.1653,66.2962,RU,RUS
23286,66.7982,68.7133,RU,RUS
23287,54.9042,70.8146,RU,RUS
23288,44.7252,67.3034,RU,RUS
23289,38.9561,68.1093,RU,RUS
23290,36.987,63.8074,RU,RUS
23291,41.2192,66.9279,RU,RUS
23292,67.5396,68.576,RU,RUS
23293,37.499,68.7389,RU,RUS
23294,68.1499,69.3148,RU,RUS
23295,37.9309,63.7915,RU,RUS
23296,70.2583,66.2285,RU,RUS
23297,67.9035,68.217,RU,RUS
23298,40.5205,64.7602,RU,RUS
23299,68.5951,71.8207,RU,RUS
23300,55.7905,70.7336,RU,RUS
23301,67.7308,70.6669,RU,RUS
23302,43.6825,66.0601,RU,RUS
23303,37.7915,68.4908,RU,RUS
23304,66.7695,71.1086,RU,RUS
23305,40.8442,67.3198,RU,RUS
23306,47.9243,67.2435,RU,RUS
23307,40.8248,67.7001,RU,RUS
23308,45.669,66.9949,RU,RUS
23309,54.4482,68.2606,RU,RUS
23310,43.6899,68.4972,RU,RUS
23311,71.6182,66.2076,RU,RUS
23312,64.4334,69.3939,RU,RUS
23313,46.089,68.2613,RU,RUS
23314,60.2309,68.3674,RU,RUS
23315,66.8633,69.8241,RU,RUS
23316,54.1447,71.1352,RU,RUS
23317,36.6004,68.86,RU,RUS
23318,50.4727,68.2296,RU,RUS
23319,56.8392,70.8904,RU,RUS
23320,48.6492,69.2642,RU,RUS
23321,40.7577,66.6856,RU,RUS
23322,40.7964,65.9153,RU,RUS
23323,66.886,70.8065,RU,RUS
23324,53.4629,68.7558,RU,RUS
23325,52.9134,68.4121,RU,RUS
23326,55.3504,71.9361,RU,RUS
23327,45.103,68.5651,RU,RUS
23328,58.9518,68.9478,RU,RUS
23329,37.3119,65.0894,RU,RUS
23330,49.3143,67.7966,RU,RUS
23331,60.4464,69.8279,RU,RUS
23332,55.0824,68.4604,RU,RUS
23333,38.274,66.0988,RU,RUS
23334,59.3896,70.2213,RU,RUS
23335,61.2731,69.7196,RU,RUS
23336,52.7796,71.2423,RU,RUS
23337,49.745,69.3198,RU,RUS
23338,40.3053,66.4419,RU,RUS
23339,46.4958,66.8155,RU,RUS
23340,60.1922,68.5102,RU,RUS
23341,60.6996,69.3966,RU,RUS
23342,48.7507,67.5769,RU,RUS
23343,40.4028,64.8939,RU,RUS
23344,45.1316,67.6692,RU,RUS
23345,52.8371,68.551,RU,RUS
23346,52.1424,68.4822,RU,RUS
23347,59.6127,69.9322,RU,RUS
23348,49.2492,69.4812,RU,RUS
23349,55.1942,71.69,RU,RUS
23350,44.4401,66.8011,RU,RUS
23351,44.4528,68.4667,RU,RUS
23352,49.9325,69.0493,RU,RUS
23353,57.9349,68.6696,RU,RUS
23354,44.3897,67.7045,RU,RUS
23355,40.4592,67.7083,RU,RUS
23356,52.2546,71.661,RU,RUS
23357,37.3063,64.4477,RU,RUS
23358,53.7536,68.1984,RU,RUS
23359,69.9483,66.6026,RU,RUS
23360,42.4059,66.3747,RU,RUS
23361,58.2712,68.763,RU,RUS
23362,59.5125,68.3294,RU,RUS
23363,43.4608,66.33,RU,RUS
23364,69.2507,66.459,RU,RUS
23365,39.8001,65.5572,RU,RUS
23366,44.6572,66.5307,RU,RUS
23367,40.0442,65.293,RU,RUS
23368,44.6144,67.4374,RU,RUS
23369,38.8173,68.2356,RU,RUS
23370,67.1698,68.6451,RU,RUS
23371,48.0198,67.106,RU,RUS
23372,69.9241,66.3061,RU,RUS
23373,70.3137,66.8207,RU,RUS
23374,48.9384,67.8243,RU,RUS
23375,69.0229,68.7234,RU,RUS
23376,37.6459,68.615,RU,RUS
23377,69.3419,68.9463,RU,RUS
23378,68.5383,69.2427,RU,RUS
23379,44.2758,67.8375,RU,RUS
23380,41.3299,67.1796,RU,RUS
23381,51.8906,71.9401,RU,RUS
23382,58.7512,68.4306,RU,RUS
23383,37.9359,68.3661,RU,RUS
23384,46.1346,66.8377,RU,RUS
23385,37.1786,64.5779,RU,RUS
23386,43.5694,68.628,RU,RUS
23387,64.0332,69.4562,RU,RUS
23388,70.99,66.664,RU,RUS
23389,68.9114,66.5342,RU,RUS
23390,43.8798,67.4709,RU,RUS
23391,39.1723,66.2116,RU,RUS
23392,67.5395,68.4318,RU,RUS
23393,62.0925,69.6073,RU,RUS
23394,44.107,67.204,RU,RUS
23395,36.4478,68.9821,RU,RUS
23396,63.2267,69.578,RU,RUS
23397,48.5488,69.3981,RU,RUS
23398,56.1143,68.6147,RU,RUS
23399,64.8315,69.3306,RU,RUS
23400,47.4829,66.8815,RU,RUS
23401,39.9806,64.6477,RU,RUS
23402,68.2463,71.5874,RU,RUS
23403,60.0304,69.8806,RU,RUS
23404,40.3553,65.6709,RU,RUS
23405,71.9934,71.8204,RU,RUS
23406,53.6098,68.4778,RU,RUS
23407,67.4153,70.4356,RU,RUS
23408,58.9632,70.2713,RU,RUS
23409,71.7651,67.2404,RU,RUS
23410,60.8607,69.7743,RU,RUS
23411,53.5262,71.3125,RU,RUS
23412,45.394,67.7844,RU,RUS
23413,63.631,69.5176,RU,RUS
23414,37.4414,64.9598,RU,RUS
23415,60.882,68.688,RU,RUS
23416,38.6728,64.6817,RU,RUS
23417,67.5174,70.1347,RU,RUS
23418,36.6402,66.3651,RU,RUS
23419,61.6838,69.6639,RU,RUS
23420,40.2842,65.0273,RU,RUS
23421,59.1932,69.9828,RU,RUS
23422,42.0549,66.3879,RU,RUS
23423,67.2557,70.8883,RU,RUS
23424,40.3285,67.8371,RU,RUS
23425,52.222,68.3437,RU,RUS
23426,51.7858,71.693,RU,RUS
23427,70.637,66.595,RU,RUS
23428,42.2892,66.5079,RU,RUS
23429,37.4588,66.2345,RU,RUS
23430,60.2398,69.5915,RU,RUS
23431,44.5491,66.666,RU,RUS
23432,39.9226,65.4253,RU,RUS
23433,39.3247,68.1049,RU,RUS
23434,36.7893,64.9664,RU,RUS
23435,55.9609,71.3631,RU,RUS
23436,37.0498,64.7078,RU,RUS
23437,48.9445,68.8602,RU,RUS
23438,39.4464,64.5334,RU,RUS
23439,40.1647,65.1603,RU,RUS
23440,51.453,68.4107,RU,RUS
23441,58.7721,70.0324,RU,RUS
23442,71.3835,67.0268,RU,RUS
23443,66.0416,68.9901,RU,RUS
23444,41.593,66.1468,RU,RUS
23445,55.5068,71.7928,RU,RUS
23446,44.8345,68.4501,RU,RUS
23447,67.1448,71.1911,RU,RUS
23448,56.2517,71.077,RU,RUS
23449,58.7047,68.5726,RU,RUS
23450,66.7943,68.8568,RU,RUS
23451,38.4478,68.2387,RU,RUS
23452,37.6276,64.4431,RU,RUS
23453,39.4608,67.9777,RU,RUS
23454,68.9967,71.9006,RU,RUS
23455,67.2136,69.9046,RU,RUS
23456,44.0316,66.0428,RU,RUS
23457,52.7224,71.6279,RU,RUS
23458,43.9939,67.3376,RU,RUS
23459,62.8204,69.6374,RU,RUS
23460,41.1399,65.9044,RU,RUS
23461,53.78,68.8573,RU,RUS
23462,45.4869,68.5471,RU,RUS
23463,55.467,68.4188,RU,RUS
23464,38.6154,66.0938,RU,RUS
23465,52.9492,71.1028,RU,RUS
23466,55.0542,70.6734,RU,RUS
23467,48.1973,67.3551,RU,RUS
23468,46.8569,66.7924,RU,RUS
23469,60.8463,68.8304,RU,RUS
23470,39.1209,64.5419,RU,RUS
23471,54.8957,68.0796,RU,RUS
23472,69.6197,66.8268,RU,RUS
23473,62.4122,69.6959,RU,RUS
23474,53.9838,71.2761,RU,RUS
23475,57.4154,70.702,RU,RUS
23476,69.0086,68.4351,RU,RUS
23477,66.8283,70.9574,RU,RUS
23478,53.3884,68.8943,RU,RUS
23479,71.6154,71.4385,RU,RUS
23480,70.2997,66.6731,RU,RUS
23481,42.7573,66.3606,RU,RUS
23482,49.6,67.9056,RU,RUS
23483,37.9332,66.103,RU,RUS
23484,60.7369,69.2555,RU,RUS
23485,49.8883,68.0142,RU,RUS
23486,44.5351,67.9537,RU,RUS
23487,52.6073,71.3819,RU,RUS
23488,50.2353,69.1563,RU,RUS
23489,36.727,64.7108,RU,RUS
23490,58.6545,70.1763,RU,RUS
23491,40.5304,66.5639,RU,RUS
23492,67.9071,71.3542,RU,RUS
23493,37.8956,64.825,RU,RUS
23494,54.135,68.1597,RU,RUS
23495,68.9184,66.6821,RU,RUS
23496,68.1062,69.4642,RU,RUS
23497,59.8915,68.2773,RU,RUS
23498,60.647,69.5384,RU,RUS
23499,60.1531,68.6527,RU,RUS
23500,38.1246,63.9172,RU,RUS
23501,69.277,66.9024,RU,RUS
23502,49.0313,67.687,RU,RUS
23503,59.502,70.0767,RU,RUS
23504,65.6623,69.0554,RU,RUS
23505,44.6907,66.9178,RU,RUS
23506,66.4188,68.9239,RU,RUS
23507,38.3062,68.3642,RU,RUS
23508,71.3446,66.7322,RU,RUS
23509,39.5167,66.2047,RU,RUS
23510,67.6804,70.8181,RU,RUS
23511,57.27,68.4805,RU,RUS
23512,44.4709,67.1869,RU,RUS
23513,50.7689,68.3365,RU,RUS
23514,40.9873,66.8069,RU,RUS
23515,46.0338,67.8792,RU,RUS
23516,56.5005,68.5709,RU,RUS
23517,37.301,63.8028,RU,RUS
23518,40.3087,64.6373,RU,RUS
23519,68.6406,71.6677,RU,RUS
23520,59.2755,70.3661,RU,RUS
23521,48.9478,69.373,RU,RUS
23522,55.3496,71.5472,RU,RUS
23523,45.1992,67.1501,RU,RUS
23524,44.1889,68.3508,RU,RUS
23525,67.524,71.2729,RU,RUS
23526,68.9613,69.0203,RU,RUS
23527,44.1335,67.5879,RU,RUS
23528,70.9385,66.2195,RU,RUS
23529,45.5983,68.4142,RU,RUS
23530,48.1017,67.4924,RU,RUS
23531,38.999,64.6743,RU,RUS
23532,66.9174,69.6748,RU,RUS
23533,36.9816,66.364,RU,RUS
23534,36.2323,63.9444,RU,RUS
23535,52.7599,68.6895,RU,RUS
23536,56.9752,70.7471,RU,RUS
23537,48.3536,69.1548,RU,RUS
23538,52.3222,71.2757,RU,RUS
23539,37.1249,68.7386,RU,RUS
23540,65.2797,69.12,RU,RUS
23541,37.7683,64.9554,RU,RUS
23542,52.6058,68.3088,RU,RUS
23543,67.8562,71.5065,RU,RUS
23544,58.6102,68.8558,RU,RUS
23545,37.8003,66.2315,RU,RUS
23546,61.1624,69.06,RU,RUS
23547,40.5748,65.7933,RU,RUS
23548,44.4208,68.0864,RU,RUS
23549,53.5367,68.6169,RU,RUS
23550,67.3629,70.5863,RU,RUS
23551,58.8456,70.4158,RU,RUS
23552,48.5535,68.8859,RU,RUS
23553,53.3589,71.453,RU,RUS
23554,45.091,67.2849,RU,RUS
23555,49.8392,69.1847,RU,RUS
23556,45.659,67.8991,RU,RUS
23557,70.6061,66.2986,RU,RUS
23558,38.3471,64.6883,RU,RUS
23559,36.2995,66.3655,RU,RUS
23560,47.218,66.7685,RU,RUS
23561,67.4668,70.285,RU,RUS
23562,49.3354,68.8335,RU,RUS
23563,69.9729,66.8979,RU,RUS
23564,39.7724,64.5241,RU,RUS
23565,53.853,71.0316,RU,RUS
23566,67.9056,68.3617,RU,RUS
23567,44.8717,67.5535,RU,RUS
23568,51.8377,68.3777,RU,RUS
23569,71.7435,67.0937,RU,RUS
23570,44.5813,67.0525,RU,RUS
23571,57.6011,68.5754,RU,RUS
23572,36.9844,65.0926,RU,RUS
23573,38.1975,64.1747,RU,RUS
23574,68.6322,68.2187,RU,RUS
23575,44.3054,68.2188,RU,RUS
23576,44.4101,66.4136,RU,RUS
23577,40.138,65.5482,RU,RUS
23578,36.6735,63.8113,RU,RUS
23579,55.812,71.5063,RU,RUS
23580,39.8285,67.972,RU,RUS
23581,47.7501,66.994,RU,RUS
23582,67.5673,69.9846,RU,RUS
23583,48.3781,67.6035,RU,RUS
23584,56.6711,70.6482,RU,RUS
23585,68.6177,68.9443,RU,RUS
23586,69.3753,68.7971,RU,RUS
23587,44.0712,68.4824,RU,RUS
23588,49.6325,68.9417,RU,RUS
23589,68.5783,69.0934,RU,RUS
23590,76.7124,69.2484,RU,RUS
23591,77.5861,67.9152,RU,RUS
23592,72.992,68.7591,RU,RUS
23593,83.6091,71.5996,RU,RUS
23594,77.4328,69.0639,RU,RUS
23595,76.8619,67.7999,RU,RUS
23596,76.2687,71.7347,RU,RUS
23597,77.8353,71.0541,RU,RUS
23598,74.1049,70.3266,RU,RUS
23599,82.6034,71.3483,RU,RUS
23600,75.0554,67.6562,RU,RUS
23601,78.4661,71.8889,RU,RUS
23602,77.532,67.6159,RU,RUS
23603,77.9823,68.122,RU,RUS
23604,82.0056,70.9897,RU,RUS
23605,76.7352,71.9539,RU,RUS
23606,81.4443,71.6597,RU,RUS
23607,74.4354,68.4211,RU,RUS
23608,78.0764,68.5739,RU,RUS
23609,77.9053,71.3634,RU,RUS
23610,77.5675,71.7679,RU,RUS
23611,74.1001,70.0211,RU,RUS
23612,74.9802,71.6929,RU,RUS
23613,75.5417,68.7614,RU,RUS
23614,78.7009,71.1723,RU,RUS
23615,83.2412,70.11,RU,RUS
23616,82.6006,70.4738,RU,RUS
23617,74.1123,70.7866,RU,RUS
23618,74.6444,67.4519,RU,RUS
23619,83.3188,70.2628,RU,RUS
23620,74.0867,69.1098,RU,RUS
23621,77.6138,68.0653,RU,RUS
23622,77.5019,71.4576,RU,RUS
23623,72.5174,70.5095,RU,RUS
23624,75.1221,67.9477,RU,RUS
23625,83.7262,71.0298,RU,RUS
23626,74.5138,70.7002,RU,RUS
23627,74.1175,71.0942,RU,RUS
23628,72.6246,68.8416,RU,RUS
23629,78.6181,70.8635,RU,RUS
23630,77.0741,69.1565,RU,RUS
23631,77.4385,71.148,RU,RUS
23632,82.4569,70.1675,RU,RUS
23633,83.4389,71.2908,RU,RUS
23634,73.7762,66.7449,RU,RUS
23635,77.7886,68.9705,RU,RUS
23636,74.1312,71.867,RU,RUS
23637,73.8078,66.8919,RU,RUS
23638,72.1524,67.4525,RU,RUS
23639,72.5684,69.748,RU,RUS
23640,82.8254,70.9347,RU,RUS
23641,81.0497,71.7618,RU,RUS
23642,72.1765,67.5983,RU,RUS
23643,82.2954,71.6076,RU,RUS
23644,83.3559,71.1367,RU,RUS
23645,78.5516,67.4837,RU,RUS
23646,74.5023,70.3935,RU,RUS
23647,73.7124,69.9539,RU,RUS
23648,77.1533,71.8614,RU,RUS
23649,81.8347,71.5567,RU,RUS
23650,72.5972,69.2938,RU,RUS
23651,75.7799,71.2056,RU,RUS
23652,80.651,71.8631,RU,RUS
23653,73.0017,68.1614,RU,RUS
23654,72.4734,71.1225,RU,RUS
23655,73.3634,68.3756,RU,RUS
23656,76.9762,68.5512,RU,RUS
23657,72.6492,66.2583,RU,RUS
23658,74.7971,68.4849,RU,RUS
23659,73.7139,69.6496,RU,RUS
23660,77.273,68.158,RU,RUS
23661,73.703,71.6428,RU,RUS
23662,77.0946,71.5509,RU,RUS
23663,75.214,69.3039,RU,RUS
23664,82.3071,70.7319,RU,RUS
23665,72.4957,70.8156,RU,RUS
23666,74.7755,68.0348,RU,RUS
23667,73.7058,71.1797,RU,RUS
23668,74.0933,69.5644,RU,RUS
23669,72.9445,67.8719,RU,RUS
23670,74.2392,67.246,RU,RUS
23671,74.8121,68.7862,RU,RUS
23672,74.4596,69.1752,RU,RUS
23673,76.9295,68.25,RU,RUS
23674,72.2428,69.0737,RU,RUS
23675,78.3534,68.178,RU,RUS
23676,72.2973,66.1927,RU,RUS
23677,76.1846,71.1154,RU,RUS
23678,76.8841,67.9497,RU,RUS
23679,75.3991,71.6045,RU,RUS
23680,72.1677,69.9816,RU,RUS
23681,82.6807,71.5028,RU,RUS
23682,75.0947,67.801,RU,RUS
23683,83.9204,70.6152,RU,RUS
23684,72.0093,71.666,RU,RUS
23685,75.9144,68.8234,RU,RUS
23686,75.3717,71.295,RU,RUS
23687,82.0762,71.1439,RU,RUS
23688,83.7537,70.3091,RU,RUS
23689,76.6251,68.6427,RU,RUS
23690,76.6836,71.6432,RU,RUS
23691,81.9362,70.8357,RU,RUS
23692,82.6743,70.6273,RU,RUS
23693,83.6965,71.7542,RU,RUS
23694,74.9599,71.3834,RU,RUS
23695,74.1149,70.9403,RU,RUS
23696,82.9208,71.9675,RU,RUS
23697,74.0889,69.2611,RU,RUS
23698,73.2861,71.4184,RU,RUS
23699,74.1712,66.9534,RU,RUS
23700,72.5455,67.663,RU,RUS
23701,82.7593,71.6575,RU,RUS
23702,72.9981,68.6088,RU,RUS
23703,83.3108,71.8612,RU,RUS
23704,77.8012,70.8997,RU,RUS
23705,72.5383,70.2043,RU,RUS
23706,74.1025,70.1738,RU,RUS
23707,83.5233,71.4451,RU,RUS
23708,73.0575,66.6187,RU,RUS
23709,75.182,68.8497,RU,RUS
23710,78.1087,68.725,RU,RUS
23711,74.9906,71.848,RU,RUS
23712,72.5585,69.8999,RU,RUS
23713,83.642,70.876,RU,RUS
23714,78.5856,67.6332,RU,RUS
23715,78.0446,68.423,RU,RUS
23716,82.148,71.2983,RU,RUS
23717,74.97,71.538,RU,RUS
23718,74.6813,67.5973,RU,RUS
23719,78.015,71.8288,RU,RUS
23720,76.2898,68.8846,RU,RUS
23721,72.5877,69.445,RU,RUS
23722,78.6591,71.0178,RU,RUS
23723,75.5957,69.3672,RU,RUS
23724,82.5282,70.3206,RU,RUS
23725,76.2907,71.89,RU,RUS
23726,73.3601,68.5256,RU,RUS
23727,72.6747,66.4065,RU,RUS
23728,72.5279,70.3568,RU,RUS
23729,72.4846,70.969,RU,RUS
23730,74.7826,68.1846,RU,RUS
23731,74.508,70.5467,RU,RUS
23732,76.3282,69.1876,RU,RUS
23733,78.2551,67.7279,RU,RUS
23734,73.7049,71.3338,RU,RUS
23735,82.8127,70.0628,RU,RUS
23736,76.6095,71.1787,RU,RUS
23737,77.7584,68.819,RU,RUS
23738,78.1913,70.805,RU,RUS
23739,72.414,71.8934,RU,RUS
23740,78.3871,68.3285,RU,RUS
23741,72.1287,67.3063,RU,RUS
23742,74.5642,71.9356,RU,RUS
23743,72.9162,67.7267,RU,RUS
23744,72.5066,70.6625,RU,RUS
23745,75.9634,69.2778,RU,RUS
23746,73.7131,69.8016,RU,RUS
23747,77.1982,67.7082,RU,RUS
23748,77.0104,71.0866,RU,RUS
23749,72.1544,70.1337,RU,RUS
23750,84.0058,70.7686,RU,RUS
23751,74.8045,68.6355,RU,RUS
23752,77.8632,67.5228,RU,RUS
23753,73.7021,71.7976,RU,RUS
23754,72.2061,69.5267,RU,RUS
23755,76.6464,68.7938,RU,RUS
23756,72.1935,69.6781,RU,RUS
23757,72.973,68.0168,RU,RUS
23758,74.2737,67.3919,RU,RUS
23759,83.8363,70.4621,RU,RUS
23760,78.1919,67.429,RU,RUS
23761,76.9527,68.4005,RU,RUS
23762,74.7898,68.3347,RU,RUS
23763,73.704,71.4882,RU,RUS
23764,78.305,71.2683,RU,RUS
23765,82.7492,70.7809,RU,RUS
23766,77.9219,67.8219,RU,RUS
23767,72.2308,69.2245,RU,RUS
23768,72.7005,66.5544,RU,RUS
23769,74.091,69.4127,RU,RUS
23770,73.01,68.309,RU,RUS
23771,73.4161,66.6822,RU,RUS
23772,72.0554,71.2041,RU,RUS
23773,76.9066,68.0997,RU,RUS
23774,72.2547,68.9232,RU,RUS
23775,74.205,67.0999,RU,RUS
23776,74.8353,69.2399,RU,RUS
23777,141.0456,58.5687,RU,RUS
23778,141.6989,58.9972,RU,RUS
23779,135.7281,55.2091,RU,RUS
23780,138.1939,71.5391,RU,RUS
23781,138.1207,71.2039,RU,RUS
23782,135.6971,54.6156,RU,RUS
23783,139.7948,57.7083,RU,RUS
23784,128.4708,71.7653,RU,RUS
23785,138.6366,56.9967,RU,RUS
23786,141.6185,58.6884,RU,RUS
23787,135.9821,55.4268,RU,RUS
23788,133.1333,71.5034,RU,RUS
23789,136.9091,54.9516,RU,RUS
23790,143.7637,59.3967,RU,RUS
23791,139.8773,54.1456,RU,RUS
23792,137.2747,71.5579,RU,RUS
23793,137.5149,56.1305,RU,RUS
23794,140.1356,71.8229,RU,RUS
23795,141.6585,58.8427,RU,RUS
23796,129.5578,71.1205,RU,RUS
23797,132.2332,71.3301,RU,RUS
23798,142.6225,59.3269,RU,RUS
23799,135.2252,54.626,RU,RUS
23800,137.0056,55.9975,RU,RUS
23801,138.926,54.0504,RU,RUS
23802,137.2949,54.0495,RU,RUS
23803,139.1959,57.2768,RU,RUS
23804,140.0699,57.7706,RU,RUS
23805,140.4111,58.139,RU,RUS
23806,134.968,71.5014,RU,RUS
23807,137.8443,54.7676,RU,RUS
23808,138.157,71.3715,RU,RUS
23809,137.6156,54.8513,RU,RUS
23810,140.0266,71.4883,RU,RUS
23811,128.4199,71.9323,RU,RUS
23812,138.9482,54.1971,RU,RUS
23813,142.4744,54.1862,RU,RUS
23814,139.0664,71.3485,RU,RUS
23815,137.2177,71.2224,RU,RUS
23816,135.4644,54.695,RU,RUS
23817,143.217,59.4405,RU,RUS
23818,129.5182,71.2876,RU,RUS
23819,132.2171,71.4978,RU,RUS
23820,137.7894,56.3471,RU,RUS
23821,136.3992,54.5226,RU,RUS
23822,138.0877,56.7151,RU,RUS
23823,130.9686,70.7282,RU,RUS
23824,140.0955,54.0584,RU,RUS
23825,131.8476,70.7396,RU,RUS
23826,132.2491,71.1625,RU,RUS
23827,136.4891,55.7127,RU,RUS
23828,139.4131,54.1722,RU,RUS
23829,136.3542,71.5722,RU,RUS
23830,140.4441,58.2927,RU,RUS
23831,137.6322,54.9996,RU,RUS
23832,134.503,71.2518,RU,RUS
23833,135.9286,54.5358,RU,RUS
23834,137.5504,54.2608,RU,RUS
23835,135.973,55.2776,RU,RUS
23836,133.5938,71.4207,RU,RUS
23837,137.2459,71.3901,RU,RUS
23838,137.649,55.1482,RU,RUS
23839,139.4932,57.4927,RU,RUS
23840,138.9028,57.0609,RU,RUS
23841,136.2293,55.4951,RU,RUS
23842,142.6859,54.0944,RU,RUS
23843,130.0226,71.0467,RU,RUS
23844,135.4844,55.1401,RU,RUS
23845,137.8078,56.4982,RU,RUS
23846,141.9903,59.0561,RU,RUS
23847,135.0003,55.001,RU,RUS
23848,128.5207,71.5984,RU,RUS
23849,141.3315,58.6288,RU,RUS
23850,135.4205,71.4142,RU,RUS
23851,134.9914,54.7045,RU,RUS
23852,137.2597,56.0642,RU,RUS
23853,139.169,54.1115,RU,RUS
23854,140.7609,58.508,RU,RUS
23855,142.0328,59.2109,RU,RUS
23856,132.6565,71.7529,RU,RUS
23857,139.4658,57.3401,RU,RUS
23858,130.0574,70.8796,RU,RUS
23859,140.3461,57.8323,RU,RUS
23860,137.6535,71.1299,RU,RUS
23861,137.862,54.9158,RU,RUS
23862,138.9271,57.2131,RU,RUS
23863,136.2397,55.6447,RU,RUS
23864,142.7251,54.2402,RU,RUS
23865,139.5447,71.419,RU,RUS
23866,136.6285,54.4416,RU,RUS
23867,136.8022,71.4817,RU,RUS
23868,136.605,54.1473,RU,RUS
23869,129.0457,71.3602,RU,RUS
23870,143.516,59.4962,RU,RUS
23871,142.9363,54.1479,RU,RUS
23872,132.6689,71.5851,RU,RUS
23873,134.9958,54.8526,RU,RUS
23874,142.327,59.2692,RU,RUS
23875,131.8286,70.907,RU,RUS
23876,136.7397,55.7802,RU,RUS
23877,139.658,54.2325,RU,RUS
23878,137.5318,56.2812,RU,RUS
23879,139.6958,71.9213,RU,RUS
23880,140.3785,57.9855,RU,RUS
23881,142.9191,59.384,RU,RUS
23882,140.7261,58.354,RU,RUS
23883,134.0504,71.3368,RU,RUS
23884,137.8798,55.0642,RU,RUS
23885,134.9597,71.3335,RU,RUS
23886,136.1688,54.6033,RU,RUS
23887,136.6404,54.5892,RU,RUS
23888,138.3502,56.7802,RU,RUS
23889,137.3097,54.1963,RU,RUS
23890,137.718,71.4652,RU,RUS
23891,137.3857,54.9346,RU,RUS
23892,136.6167,54.2943,RU,RUS
23893,136.5934,54.0005,RU,RUS
23894,129.0011,71.5272,RU,RUS
23895,138.6323,71.4443,RU,RUS
23896,138.0678,56.5637,RU,RUS
23897,138.3716,56.932,RU,RUS
23898,142.8962,54.0022,RU,RUS
23899,131.4191,70.6508,RU,RUS
23900,140.1915,71.9903,RU,RUS
23901,131.8092,71.0745,RU,RUS
23902,135.2418,55.0708,RU,RUS
23903,140.0806,71.6556,RU,RUS
23904,135.8854,71.4938,RU,RUS
23905,136.9914,55.8472,RU,RUS
23906,130.5147,70.8045,RU,RUS
23907,139.7657,57.5554,RU,RUS
23908,163.5875,61.0785,RU,RUS
23909,151.6904,58.89,RU,RUS
23910,152.1856,59.2243,RU,RUS
23911,176.2591,64.775,RU,RUS
23912,164.7738,59.8789,RU,RUS
23913,163.2378,56.2717,RU,RUS
23914,162.2425,57.8113,RU,RUS
23915,177.0474,69.5944,RU,RUS
23916,162.7821,56.6473,RU,RUS
23917,164.404,62.0524,RU,RUS
23918,177.5142,62.7212,RU,RUS
23919,148.9789,71.5816,RU,RUS
23920,144.364,59.5051,RU,RUS
23921,177.6504,69.4078,RU,RUS
23922,164.0665,61.7723,RU,RUS
23923,145.5158,59.5597,RU,RUS
23924,170.8742,68.8828,RU,RUS
23925,154.7792,59.2152,RU,RUS
23926,178.7764,71.0823,RU,RUS
23927,159.6172,70.4491,RU,RUS
23928,155.9039,54.7785,RU,RUS
23929,155.7797,55.6812,RU,RUS
23930,166.0628,69.3922,RU,RUS
23931,152.5266,70.8154,RU,RUS
23932,154.2623,59.3038,RU,RUS
23933,166.56,60.2964,RU,RUS
23934,161.5652,54.5313,RU,RUS
23935,171.2068,70.0238,RU,RUS
23936,146.2656,71.7796,RU,RUS
23937,170.6442,69.7524,RU,RUS
23938,162.1895,61.5896,RU,RUS
23939,164.7483,62.3323,RU,RUS
23940,164.4469,60.1438,RU,RUS
23941,144.9101,59.4566,RU,RUS
23942,149.2495,71.9073,RU,RUS
23943,162.3,60.4988,RU,RUS
23944,176.5096,64.8986,RU,RUS
23945,164.4033,69.5322,RU,RUS
23946,164.469,59.0687,RU,RUS
23947,162.026,58.4678,RU,RUS
23948,174.5759,61.9611,RU,RUS
23949,158.9982,62.0068,RU,RUS
23950,162.5857,57.2957,RU,RUS
23951,144.9378,71.9469,RU,RUS
23952,166.2236,60.0261,RU,RUS
23953,155.8315,60.9625,RU,RUS
23954,175.5742,62.3108,RU,RUS
23955,153.6387,59.2421,RU,RUS
23956,162.4975,69.5084,RU,RUS
23957,154.3691,59.4516,RU,RUS
23958,178.998,64.8419,RU,RUS
23959,170.1209,60.2497,RU,RUS
23960,179.1382,69.1504,RU,RUS
23961,161.7493,58.1907,RU,RUS
23962,173.8483,71.008,RU,RUS
23963,172.6507,61.242,RU,RUS
23964,179.7072,68.9578,RU,RUS
23965,155.5923,60.6655,RU,RUS
23966,178.7371,64.723,RU,RUS
23967,148.5958,71.6988,RU,RUS
23968,156.0114,56.3619,RU,RUS
23969,149.6983,59.8987,RU,RUS
23970,162.0008,60.217,RU,RUS
23971,171.3955,60.8857,RU,RUS
23972,165.0953,60.1528,RU,RUS
23973,179.2112,62.5729,RU,RUS
23974,169.2428,68.7813,RU,RUS
23975,165.3559,69.5363,RU,RUS
23976,154.0588,59.8359,RU,RUS
23977,173.4763,61.7481,RU,RUS
23978,151.3153,59.6798,RU,RUS
23979,160.4353,61.7996,RU,RUS
23980,146.6039,59.4507,RU,RUS
23981,177.354,64.2721,RU,RUS
23982,173.0598,61.4955,RU,RUS
23983,161.9422,54.9346,RU,RUS
23984,148.9912,59.6625,RU,RUS
23985,160.1406,61.5103,RU,RUS
23986,156.836,57.0961,RU,RUS
23987,166.1987,55.1718,RU,RUS
23988,155.8048,56.0787,RU,RUS
23989,159.7898,58.9021,RU,RUS
23990,153.0175,59.1774,RU,RUS
23991,161.0536,61.1371,RU,RUS
23992,160.4856,54.4763,RU,RUS
23993,161.5454,69.4887,RU,RUS
23994,161.1003,59.6401,RU,RUS
23995,166.4733,54.9167,RU,RUS
23996,177.138,64.994,RU,RUS
23997,161.6435,55.178,RU,RUS
23998,148.8321,59.3583,RU,RUS
23999,161.7073,59.9351,RU,RUS
24000,179.4822,71.3242,RU,RUS
24001,167.5584,60.5632,RU,RUS
24002,159.5296,58.6187,RU,RUS
24003,151.9706,59.3385,RU,RUS
24004,160.7598,60.8507,RU,RUS
24005,162.4507,58.8837,RU,RUS
24006,151.7829,59.0394,RU,RUS
24007,152.8678,70.6909,RU,RUS
24008,160.0551,59.1857,RU,RUS
24009,163.1035,56.1378,RU,RUS
24010,162.1497,60.3579,RU,RUS
24011,163.0346,61.7506,RU,RUS
24012,165.2584,60.2897,RU,RUS
24013,164.2344,61.9124,RU,RUS
24014,174.2505,69.7561,RU,RUS
24015,179.1271,71.2036,RU,RUS
24016,179.2596,62.9869,RU,RUS
24017,155.8811,55.8221,RU,RUS
24018,146.2345,59.2488,RU,RUS
24019,156.989,57.6425,RU,RUS
24020,153.8466,59.5388,RU,RUS
24021,159.569,69.7211,RU,RUS
24022,160.3813,61.1083,RU,RUS
24023,158.1674,61.8205,RU,RUS
24024,146.377,71.9444,RU,RUS
24025,163.9003,61.6321,RU,RUS
24026,178.715,63.3164,RU,RUS
24027,169.9366,60.1198,RU,RUS
24028,172.8321,69.8203,RU,RUS
24029,162.3469,61.7319,RU,RUS
24030,149.4938,71.6262,RU,RUS
24031,176.3824,64.6255,RU,RUS
24032,162.6068,57.0337,RU,RUS
24033,145.2472,71.6718,RU,RUS
24034,175.1312,62.0642,RU,RUS
24035,177.4066,62.8688,RU,RUS
24036,157.4063,70.9481,RU,RUS
24037,148.0638,59.5309,RU,RUS
24038,178.9718,62.456,RU,RUS
24039,178.2963,63.9141,RU,RUS
24040,150.2409,71.3874,RU,RUS
24041,179.2613,64.9604,RU,RUS
24042,155.6561,55.1456,RU,RUS
24043,175.1891,69.707,RU,RUS
24044,161.7785,57.9261,RU,RUS
24045,163.1677,59.8463,RU,RUS
24046,164.1566,59.0628,RU,RUS
24047,151.2598,59.1158,RU,RUS
24048,153.9522,59.6873,RU,RUS
24049,168.1632,69.2308,RU,RUS
24050,151.679,70.902,RU,RUS
24051,163.8552,58.7893,RU,RUS
24052,166.7146,60.1614,RU,RUS
24053,161.1482,54.6403,RU,RUS
24054,162.2292,56.3665,RU,RUS
24055,164.5654,62.7442,RU,RUS
24056,148.7273,71.8621,RU,RUS
24057,156.1161,56.5036,RU,RUS
24058,159.2742,58.3356,RU,RUS
24059,147.4502,59.4396,RU,RUS
24060,168.8373,69.0762,RU,RUS
24061,162.6681,56.2528,RU,RUS
24062,158.2236,70.8359,RU,RUS
24063,165.0998,62.6117,RU,RUS
24064,179.5269,65.0784,RU,RUS
24065,179.4526,62.6894,RU,RUS
24066,177.1218,64.5716,RU,RUS
24067,163.6789,69.6697,RU,RUS
24068,154.1666,59.9847,RU,RUS
24069,168.2515,69.8046,RU,RUS
24070,159.031,70.7203,RU,RUS
24071,158.4203,58.0141,RU,RUS
24072,161.9692,56.0961,RU,RUS
24073,163.0011,57.7046,RU,RUS
24074,178.0792,64.2138,RU,RUS
24075,168.9437,69.6489,RU,RUS
24076,161.9617,54.678,RU,RUS
24077,149.0721,59.8148,RU,RUS
24078,160.2872,61.6549,RU,RUS
24079,156.947,57.2383,RU,RUS
24080,178.1051,69.3752,RU,RUS
24081,155.9076,56.2202,RU,RUS
24082,159.9218,59.0439,RU,RUS
24083,178.2983,62.5164,RU,RUS
24084,160.6075,54.6121,RU,RUS
24085,161.7136,55.8259,RU,RUS
24086,156.7944,61.7307,RU,RUS
24087,148.9113,59.5103,RU,RUS
24088,170.9539,69.1677,RU,RUS
24089,125.3147,71.4442,RU,RUS
24090,178.691,69.1856,RU,RUS
24091,155.0486,70.9766,RU,RUS
24092,155.7553,55.2857,RU,RUS
24093,159.6591,58.7604,RU,RUS
24094,163.7616,60.9457,RU,RUS
24095,175.4956,69.8349,RU,RUS
24096,152.3988,59.1098,RU,RUS
24097,162.7229,57.4319,RU,RUS
24098,174.0242,61.8557,RU,RUS
24099,153.8664,70.7577,RU,RUS
24100,159.9955,61.3656,RU,RUS
24101,156.7261,56.954,RU,RUS
24102,159.8572,54.0513,RU,RUS
24103,152.9184,59.0289,RU,RUS
24104,160.3644,54.3403,RU,RUS
24105,155.9531,61.1111,RU,RUS
24106,157.8182,57.9726,RU,RUS
24107,163.8522,62.7335,RU,RUS
24108,156.5382,61.4337,RU,RUS
24109,167.9904,69.6644,RU,RUS
24110,172.3567,69.8392,RU,RUS
24111,156.2217,56.6456,RU,RUS
24112,159.4013,58.4771,RU,RUS
24113,160.8024,69.6143,RU,RUS
24114,156.2875,61.1369,RU,RUS
24115,150.4658,59.7159,RU,RUS
24116,169.8444,60.5267,RU,RUS
24117,168.0641,60.6938,RU,RUS
24118,145.7571,59.4564,RU,RUS
24119,177.374,64.6934,RU,RUS
24120,159.9043,70.3129,RU,RUS
24121,151.5355,59.5662,RU,RUS
24122,159.8927,61.9133,RU,RUS
24123,163.0356,59.4384,RU,RUS
24124,157.0591,57.3806,RU,RUS
24125,163.6017,60.8061,RU,RUS
24126,157.5839,57.6878,RU,RUS
24127,161.4623,55.556,RU,RUS
24128,166.3363,55.0444,RU,RUS
24129,161.7943,55.0565,RU,RUS
24130,171.2274,69.3028,RU,RUS
24131,162.0337,61.4472,RU,RUS
24132,158.6515,61.9877,RU,RUS
24133,170.8415,69.6026,RU,RUS
24134,159.4904,70.0088,RU,RUS
24135,164.6271,58.9377,RU,RUS
24136,165.584,60.2926,RU,RUS
24137,162.743,57.1696,RU,RUS
24138,175.3517,62.1877,RU,RUS
24139,162.9353,56.5221,RU,RUS
24140,162.5423,57.8219,RU,RUS
24141,159.7467,61.7678,RU,RUS
24142,177.5077,69.5633,RU,RUS
24143,163.0706,56.6568,RU,RUS
24144,162.829,62.1586,RU,RUS
24145,169.6987,68.7712,RU,RUS
24146,154.575,59.3335,RU,RUS
24147,168.7211,60.6848,RU,RUS
24148,163.6429,59.993,RU,RUS
24149,155.8786,54.3875,RU,RUS
24150,155.0913,59.2437,RU,RUS
24151,161.9151,58.0642,RU,RUS
24152,163.1853,59.5771,RU,RUS
24153,154.0553,59.4213,RU,RUS
24154,151.831,71.0625,RU,RUS
24155,161.5875,55.6909,RU,RUS
24156,176.1215,69.6531,RU,RUS
24157,164.0052,58.9261,RU,RUS
24158,166.885,60.2961,RU,RUS
24159,155.5795,55.3999,RU,RUS
24160,162.3609,56.5018,RU,RUS
24161,157.614,61.9253,RU,RUS
24162,177.9994,64.7851,RU,RUS
24163,178.8166,63.1674,RU,RUS
24164,166.5457,60.0267,RU,RUS
24165,149.9267,59.7876,RU,RUS
24166,170.8187,60.4992,RU,RUS
24167,165.0993,62.3359,RU,RUS
24168,179.2131,65.196,RU,RUS
24169,145.2124,59.5085,RU,RUS
24170,149.7741,71.9512,RU,RUS
24171,168.5161,69.9444,RU,RUS
24172,163.7065,58.6525,RU,RUS
24173,158.5421,58.1561,RU,RUS
24174,162.0987,56.2313,RU,RUS
24175,162.0881,54.8122,RU,RUS
24176,156.5791,71.0567,RU,RUS
24177,161.8409,55.9609,RU,RUS
24178,162.7193,69.6565,RU,RUS
24179,150.6074,71.267,RU,RUS
24180,166.6097,54.7886,RU,RUS
24181,170.4426,60.2408,RU,RUS
24182,163.7983,60.1316,RU,RUS
24183,179.5836,69.1142,RU,RUS
24184,155.8302,55.0317,RU,RUS
24185,163.923,61.0853,RU,RUS
24186,156.1176,54.0235,RU,RUS
24187,154.822,60.4609,RU,RUS
24188,151.1171,71.3072,RU,RUS
24189,172.1191,61.1291,RU,RUS
24190,151.9964,58.9258,RU,RUS
24191,162.8614,57.5683,RU,RUS
24192,154.5973,60.1633,RU,RUS
24193,154.0351,70.9163,RU,RUS
24194,160.0455,61.0927,RU,RUS
24195,155.148,60.4894,RU,RUS
24196,156.6656,61.5822,RU,RUS
24197,173.8119,61.7303,RU,RUS
24198,155.5575,71.0047,RU,RUS
24199,147.6835,59.333,RU,RUS
24200,177.8557,62.6931,RU,RUS
24201,169.0415,68.9288,RU,RUS
24202,156.4122,61.2853,RU,RUS
24203,144.6089,59.404,RU,RUS
24204,177.2386,64.4218,RU,RUS
24205,165.832,69.5364,RU,RUS
24206,163.0542,59.1703,RU,RUS
24207,157.1721,57.523,RU,RUS
24208,175.965,69.8077,RU,RUS
24209,146.9091,59.4987,RU,RUS
24210,157.7005,57.8302,RU,RUS
24211,166.5351,69.3904,RU,RUS
24212,160.5714,60.9795,RU,RUS
24213,160.6426,59.4846,RU,RUS
24214,177.5125,64.9654,RU,RUS
24215,161.242,59.7814,RU,RUS
24216,171.1434,69.018,RU,RUS
24217,167.0571,60.4307,RU,RUS
24218,164.0763,61.4982,RU,RUS
24219,151.5676,59.1527,RU,RUS
24220,164.086,61.2248,RU,RUS
24221,159.6958,70.1609,RU,RUS
24222,162.1663,58.6065,RU,RUS
24223,162.7615,58.8937,RU,RUS
24224,152.0905,59.075,RU,RUS
24225,162.6289,60.5089,RU,RUS
24226,165.7501,60.429,RU,RUS
24227,159.3452,62.025,RU,RUS
24228,160.284,60.6924,RU,RUS
24229,162.953,56.2626,RU,RUS
24230,160.3691,59.2015,RU,RUS
24231,171.6884,70.0078,RU,RUS
24232,162.8516,61.8836,RU,RUS
24233,148.2955,59.423,RU,RUS
24234,161.0698,69.4769,RU,RUS
24235,154.6835,59.4811,RU,RUS
24236,150.6896,59.6038,RU,RUS
24237,144.0633,59.4512,RU,RUS
24238,169.3768,60.6726,RU,RUS
24239,164.7712,60.1487,RU,RUS
24240,155.9764,54.526,RU,RUS
24241,145.9967,59.3527,RU,RUS
24242,79.7837,66.0421,RU,RUS
24243,164.8797,69.5349,RU,RUS
24244,163.3364,59.7158,RU,RUS
24245,151.0021,59.6421,RU,RUS
24246,151.4759,59.003,RU,RUS
24247,176.367,62.5319,RU,RUS
24248,146.2998,59.4021,RU,RUS
24249,160.05,69.7369,RU,RUS
24250,157.1027,57.7854,RU,RUS
24251,152.0272,70.779,RU,RUS
24252,161.6157,55.434,RU,RUS
24253,175.9137,62.2877,RU,RUS
24254,153.9502,59.2733,RU,RUS
24255,176.7081,62.5067,RU,RUS
24256,161.2948,54.5184,RU,RUS
24257,155.6792,55.5405,RU,RUS
24258,163.3263,62.5848,RU,RUS
24259,178.4029,63.7645,RU,RUS
24260,170.7242,70.0384,RU,RUS
24261,162.8199,56.1283,RU,RUS
24262,173.3062,69.8001,RU,RUS
24263,171.0359,69.4528,RU,RUS
24264,171.0092,60.6282,RU,RUS
24265,165.2759,62.4752,RU,RUS
24266,171.7233,60.8734,RU,RUS
24267,164.1226,60.1381,RU,RUS
24268,162.7823,60.6494,RU,RUS
24269,159.3262,70.5849,RU,RUS
24270,165.9178,60.5653,RU,RUS
24271,145.7549,71.7264,RU,RUS
24272,162.6276,56.7726,RU,RUS
24273,176.8283,62.7749,RU,RUS
24274,153.3278,59.2101,RU,RUS
24275,162.0213,69.4992,RU,RUS
24276,155.9505,54.1364,RU,RUS
24277,170.6298,60.3701,RU,RUS
24278,161.5411,61.293,RU,RUS
24279,172.3196,61.2567,RU,RUS
24280,155.7315,54.8921,RU,RUS
24281,154.7091,60.3121,RU,RUS
24282,160.1893,61.237,RU,RUS
24283,155.2639,60.638,RU,RUS
24284,174.7932,62.0854,RU,RUS
24285,166.4039,60.4315,RU,RUS
24286,161.3901,61.1502,RU,RUS
24287,167.8859,60.5604,RU,RUS
24288,147.7566,59.4856,RU,RUS
24289,169.3001,69.067,RU,RUS
24290,149.3848,59.8571,RU,RUS
24291,171.2015,60.757,RU,RUS
24292,158.7316,70.8553,RU,RUS
24293,171.9203,61.0014,RU,RUS
24294,154.4867,60.0147,RU,RUS
24295,168.7315,69.7967,RU,RUS
24296,163.2025,59.3086,RU,RUS
24297,168.2067,69.5175,RU,RUS
24298,169.2109,69.7876,RU,RUS
24299,178.558,69.3415,RU,RUS
24300,160.8777,54.6265,RU,RUS
24301,157.1369,61.7544,RU,RUS
24302,161.385,59.9227,RU,RUS
24303,169.9833,60.3882,RU,RUS
24304,174.7205,69.7322,RU,RUS
24305,162.3078,58.7451,RU,RUS
24306,162.9072,59.032,RU,RUS
24307,156.3283,56.7876,RU,RUS
24308,160.427,60.836,RU,RUS
24309,159.9763,54.1882,RU,RUS
24310,158.1191,57.9937,RU,RUS
24311,163.0872,56.3969,RU,RUS
24312,164.2088,62.7393,RU,RUS
24313,160.5052,59.343,RU,RUS
24314,167.2582,69.5289,RU,RUS
24315,163.0141,62.0254,RU,RUS
24316,164.226,62.1874,RU,RUS
24317,158.9695,58.3172,RU,RUS
24318,147.1448,59.3929,RU,RUS
24319,168.3738,69.0841,RU,RUS
24320,178.9197,70.9248,RU,RUS
24321,162.6907,61.7417,RU,RUS
24322,156.0478,54.2744,RU,RUS
24323,176.7526,64.599,RU,RUS
24324,173.7791,69.7787,RU,RUS
24325,145.9331,59.1994,RU,RUS
24326,163.1129,60.6583,RU,RUS
24327,162.9931,62.3007,RU,RUS
24328,166.2463,60.5665,RU,RUS
24329,166.0604,55.2987,RU,RUS
24330,176.1394,62.4099,RU,RUS
24331,176.9389,62.6277,RU,RUS
24332,163.4956,62.7268,RU,RUS
24333,178.6525,63.8834,RU,RUS
24334,157.8234,61.7993,RU,RUS
24335,161.4915,55.2996,RU,RUS
24336,151.7539,59.4524,RU,RUS
24337,164.1588,69.6743,RU,RUS
24338,159.5469,61.8965,RU,RUS
24339,163.2225,56.5312,RU,RUS
24340,162.7627,56.9081,RU,RUS
24341,177.062,62.8959,RU,RUS
24342,164.3973,62.3277,RU,RUS
24343,156.8969,70.9251,RU,RUS
24344,148.5255,59.3149,RU,RUS
24345,178.6356,62.4866,RU,RUS
24346,170.1539,68.7598,RU,RUS
24347,160.3241,69.6005,RU,RUS
24348,154.8883,59.3625,RU,RUS
24349,150.1532,59.6763,RU,RUS
24350,169.0491,60.6791,RU,RUS
24351,161.6935,61.4357,RU,RUS
24352,170.6082,68.7473,RU,RUS
24353,151.4763,71.1852,RU,RUS
24354,158.5117,61.8408,RU,RUS
24355,155.8056,54.6394,RU,RUS
24356,179.1614,63.1359,RU,RUS
24357,155.7029,55.9373,RU,RUS
24358,159.2881,69.8564,RU,RUS
24359,161.9427,57.8,RU,RUS
24360,170.257,60.1114,RU,RUS
24361,176.5853,69.6244,RU,RUS
24362,164.3162,58.9323,RU,RUS
24363,166.391,60.1613,RU,RUS
24364,162.648,56.5123,RU,RUS
24365,178.3689,64.7545,RU,RUS
24366,170.9237,69.8883,RU,RUS
24367,178.6122,63.4656,RU,RUS
24368,162.3834,56.2424,RU,RUS
24369,170.3684,69.6161,RU,RUS
24370,164.7452,62.6082,RU,RUS
24371,161.887,58.3293,RU,RUS
24372,174.3604,61.8365,RU,RUS
24373,160.2387,61.9292,RU,RUS
24374,179.6307,64.9266,RU,RUS
24375,144.8392,71.7814,RU,RUS
24376,158.845,58.1754,RU,RUS
24377,177.7172,64.2434,RU,RUS
24378,168.4674,69.6573,RU,RUS
24379,161.6902,54.666,RU,RUS
24380,155.7113,60.8139,RU,RUS
24381,178.1884,64.0639,RU,RUS
24382,157.269,61.9027,RU,RUS
24383,163.1991,69.6638,RU,RUS
24384,149.8698,71.5071,RU,RUS
24385,168.3927,60.6897,RU,RUS
24386,154.5412,70.9471,RU,RUS
24387,163.3201,59.9854,RU,RUS
24388,179.4072,70.888,RU,RUS
24389,167.9495,69.3774,RU,RUS
24390,153.3663,70.725,RU,RUS
24391,156.4359,56.9298,RU,RUS
24392,152.6104,58.9952,RU,RUS
24393,160.0961,54.3248,RU,RUS
24394,167.5127,69.6702,RU,RUS
24395,177.6287,64.8148,RU,RUS
24396,171.8801,69.8568,RU,RUS
24397,164.2506,61.3643,RU,RUS
24398,156.0677,71.0314,RU,RUS
24399,178.1961,62.6642,RU,RUS
24400,161.8533,60.076,RU,RUS
24401,169.5189,60.5343,RU,RUS
24402,157.9166,70.9697,RU,RUS
24403,164.9338,60.0159,RU,RUS
24404,179.3567,62.8381,RU,RUS
24405,168.0323,69.9517,RU,RUS
24406,173.2671,61.6219,RU,RUS
24407,163.2695,60.7984,RU,RUS
24408,157.2863,57.6655,RU,RUS
24409,163.1588,62.4428,RU,RUS
24410,162.8421,57.8318,RU,RUS
24411,167.007,69.3873,RU,RUS
24412,172.8544,61.3689,RU,RUS
24413,154.1566,59.156,RU,RUS
24414,160.906,60.9939,RU,RUS
24415,160.96,59.4989,RU,RUS
24416,178.5082,63.615,RU,RUS
24417,176.8837,64.8716,RU,RUS
24418,167.3833,60.4292,RU,RUS
24419,-109.3022,75.7818,CA,CAN
24420,-117.9563,76.4208,CA,CAN
24421,-124.6389,72.7881,CA,CAN
24422,-108.9505,76.8053,CA,CAN
24423,-111.4037,75.5597,CA,CAN
24424,-114.5711,76.4486,CA,CAN
24425,-116.3962,73.4121,CA,CAN
24426,-124.2672,73.3208,CA,CAN
24427,-124.1872,74.1478,CA,CAN
24428,-116.5885,75.3147,CA,CAN
24429,-113.0885,74.5452,CA,CAN
24430,-116.9853,76.6368,CA,CAN
24431,-108.9192,76.6505,CA,CAN
24432,-118.853,76.7539,CA,CAN
24433,-108.109,75.0251,CA,CAN
24434,-115.7607,75.6787,CA,CAN
24435,-110.3939,77.6972,CA,CAN
24436,-114.3526,78.0172,CA,CAN
24437,-112.4331,72.8235,CA,CAN
24438,-117.5962,76.68,CA,CAN
24439,-119.9558,76.1251,CA,CAN
24440,-117.594,73.0919,CA,CAN
24441,-114.9279,75.1692,CA,CAN
24442,-117.802,74.1209,CA,CAN
24443,-113.8124,76.091,CA,CAN
24444,-108.282,76.2755,CA,CAN
24445,-111.487,72.7027,CA,CAN
24446,-120.1331,76.8196,CA,CAN
24447,-109.6544,72.6057,CA,CAN
24448,-118.0581,75.8592,CA,CAN
24449,-112.6689,78.4707,CA,CAN
24450,-108.8587,76.3403,CA,CAN
24451,-114.1458,72.581,CA,CAN
24452,-111.7344,74.9963,CA,CAN
24453,-120.4066,76.0111,CA,CAN
24454,-110.6052,78.3079,CA,CAN
24455,-112.6557,75.9834,CA,CAN
24456,-125.6188,72.0164,CA,CAN
24457,-112.7674,77.4629,CA,CAN
24458,-118.1547,77.2694,CA,CAN
24459,-110.9354,72.3237,CA,CAN
24460,-120.2908,74.1769,CA,CAN
24461,-112.0824,75.9274,CA,CAN
24462,-111.2831,78.3647,CA,CAN
24463,-120.9008,76.4446,CA,CAN
24464,-109.345,78.4947,CA,CAN
24465,-116.8454,77.193,CA,CAN
24466,-118.8167,77.3053,CA,CAN
24467,-111.3968,72.3864,CA,CAN
24468,-113.6871,74.7555,CA,CAN
24469,-116.3224,77.3003,CA,CAN
24470,-119.2485,74.0972,CA,CAN
24471,-119.6511,76.9335,CA,CAN
24472,-119.1817,76.496,CA,CAN
24473,-116.22,73.1025,CA,CAN
24474,-124.3049,72.9065,CA,CAN
24475,-118.745,72.7659,CA,CAN
24476,-117.7264,76.8286,CA,CAN
24477,-117.356,76.3782,CA,CAN
24478,-110.2977,75.4394,CA,CAN
24479,-108.6403,75.0917,CA,CAN
24480,-116.3313,75.726,CA,CAN
24481,-112.9097,72.882,CA,CAN
24482,-115.4878,73.467,CA,CAN
24483,-116.4877,76.7434,CA,CAN
24484,-120.5677,76.1555,CA,CAN
24485,-109.6435,74.9079,CA,CAN
24486,-115.4789,75.2191,CA,CAN
24487,-112.8445,77.6153,CA,CAN
24488,-118.3221,74.1649,CA,CAN
24489,-112.131,77.4088,CA,CAN
24490,-115.5711,76.2414,CA,CAN
24491,-117.2001,73.1993,CA,CAN
24492,-123.8718,73.8528,CA,CAN
24493,-116.6189,72.9969,CA,CAN
24494,-114.3956,76.1426,CA,CAN
24495,-125.1395,72.4026,CA,CAN
24496,-111.9589,72.7637,CA,CAN
24497,-116.7675,74.0289,CA,CAN
24498,-119.3781,72.3926,CA,CAN
24499,-109.4043,76.2484,CA,CAN
24500,-111.3507,78.516,CA,CAN
24501,-124.3607,74.2895,CA,CAN
24502,-114.6188,72.6357,CA,CAN
24503,-117.9676,72.2594,CA,CAN
24504,-112.724,76.1376,CA,CAN
24505,-117.7851,72.6759,CA,CAN
24506,-121.4772,74.4011,CA,CAN
24507,-118.3907,75.5988,CA,CAN
24508,-109.9802,78.402,CA,CAN
24509,-116.4348,75.8784,CA,CAN
24510,-116.6005,76.8946,CA,CAN
24511,-110.5132,72.4185,CA,CAN
24512,-114.843,75.0151,CA,CAN
24513,-111.0982,77.9079,CA,CAN
24514,-109.3355,75.9375,CA,CAN
24515,-119.7689,74.1377,CA,CAN
24516,-124.4559,73.0545,CA,CAN
24517,-111.7564,77.9639,CA,CAN
24518,-111.4576,75.7149,CA,CAN
24519,-118.3634,76.8651,CA,CAN
24520,-110.8489,75.5003,CA,CAN
24521,-116.1301,75.4206,CA,CAN
24522,-119.4979,76.2382,CA,CAN
24523,-115.7327,73.0523,CA,CAN
24524,-110.175,74.971,CA,CAN
24525,-114.4606,75.272,CA,CAN
24526,-110.926,77.4491,CA,CAN
24527,-110.029,78.5542,CA,CAN
24528,-112.3343,75.2096,CA,CAN
24529,-117.2838,74.0756,CA,CAN
24530,-110.0527,72.3537,CA,CAN
24531,-112.882,75.2658,CA,CAN
24532,-118.5376,72.4588,CA,CAN
24533,-109.9833,76.3105,CA,CAN
24534,-124.0726,73.5869,CA,CAN
24535,-108.6866,72.1523,CA,CAN
24536,-111.2481,75.093,CA,CAN
24537,-113.3068,76.1918,CA,CAN
24538,-125.306,72.1358,CA,CAN
24539,-122.0081,74.4358,CA,CAN
24540,-113.6749,72.5252,CA,CAN
24541,-118.9614,75.6397,CA,CAN
24542,-117.4014,72.7835,CA,CAN
24543,-123.92,73.4388,CA,CAN
24544,-123.8213,74.2663,CA,CAN
24545,-113.2223,74.8559,CA,CAN
24546,-122.5402,74.4692,CA,CAN
24547,-109.2375,75.4697,CA,CAN
24548,-120.4195,74.3278,CA,CAN
24549,-121.073,76.5893,CA,CAN
24550,-117.5951,75.2527,CA,CAN
24551,-115.7909,77.4065,CA,CAN
24552,-108.2361,75.964,CA,CAN
24553,-109.787,75.5331,CA,CAN
24554,-119.1607,77.0464,CA,CAN
24555,-118.7045,76.6078,CA,CAN
24556,-115.9366,75.1144,CA,CAN
24557,-110.497,78.003,CA,CAN
24558,-118.3664,72.8752,CA,CAN
24559,-112.0215,75.7727,CA,CAN
24560,-110.025,76.4654,CA,CAN
24561,-116.6917,75.4673,CA,CAN
24562,-121.6265,76.0679,CA,CAN
24563,-109.1451,75.0003,CA,CAN
24564,-120.4488,72.0586,CA,CAN
24565,-114.2464,77.8678,CA,CAN
24566,-122.2415,76.0941,CA,CAN
24567,-109.2178,72.698,CA,CAN
24568,-111.5611,77.5061,CA,CAN
24569,-114.3531,73.0504,CA,CAN
24570,-115.075,76.3454,CA,CAN
24571,-110.7203,78.6117,CA,CAN
24572,-124.8164,72.5215,CA,CAN
24573,-111.8459,75.3075,CA,CAN
24574,-114.4824,76.2957,CA,CAN
24575,-115.5708,73.6221,CA,CAN
24576,-111.1494,74.7809,CA,CAN
24577,-119.4872,72.5456,CA,CAN
24578,-110.1549,72.8298,CA,CAN
24579,-114.6908,72.7919,CA,CAN
24580,-113.6204,76.8049,CA,CAN
24581,-118.0649,72.4136,CA,CAN
24582,-122.9207,74.3528,CA,CAN
24583,-112.2142,74.8987,CA,CAN
24584,-116.0901,77.0005,CA,CAN
24585,-120.9477,74.3651,CA,CAN
24586,-120.5642,72.2109,CA,CAN
24587,-118.5133,75.7499,CA,CAN
24588,-116.5405,76.0305,CA,CAN
24589,-118.7012,72.0419,CA,CAN
24590,-116.4497,77.4482,CA,CAN
24591,-108.8007,76.0293,CA,CAN
24592,-108.7181,75.5613,CA,CAN
24593,-124.0277,74.0006,CA,CAN
24594,-124.9681,72.6693,CA,CAN
24595,-113.4328,75.3206,CA,CAN
24596,-111.1583,78.0604,CA,CAN
24597,-122.4244,76.2376,CA,CAN
24598,-111.575,74.5283,CA,CAN
24599,-108.8887,76.4955,CA,CAN
24600,-116.8008,73.306,CA,CAN
24601,-111.299,75.2488,CA,CAN
24602,-115.6649,75.5257,CA,CAN
24603,-117.04,75.208,CA,CAN
24604,-113.5456,74.445,CA,CAN
24605,-110.3441,77.5439,CA,CAN
24606,-112.0987,74.5871,CA,CAN
24607,-114.9144,73.2598,CA,CAN
24608,-117.4748,76.5292,CA,CAN
24609,-115.3262,73.1564,CA,CAN
24610,-112.9234,77.7674,CA,CAN
24611,-114.9236,77.9137,CA,CAN
24612,-121.1831,76.1843,CA,CAN
24613,-109.685,72.7645,CA,CAN
24614,-115.6706,76.3937,CA,CAN
24615,-117.9828,72.9838,CA,CAN
24616,-111.4415,72.5446,CA,CAN
24617,-109.6243,72.4468,CA,CAN
24618,-108.8294,76.1849,CA,CAN
24619,-116.0737,73.6721,CA,CAN
24620,-120.6071,76.7049,CA,CAN
24621,-120.251,75.8661,CA,CAN
24622,-116.5786,73.7209,CA,CAN
24623,-114.2328,76.8561,CA,CAN
24624,-113.2659,72.6254,CA,CAN
24625,-108.7085,72.3118,CA,CAN
24626,-123.4502,74.384,CA,CAN
24627,-112.7512,74.9555,CA,CAN
24628,-125.4581,72.2833,CA,CAN
24629,-116.7174,77.045,CA,CAN
24630,-119.7397,72.2818,CA,CAN
24631,-121.3552,76.3286,CA,CAN
24632,-117.1468,75.3604,CA,CAN
24633,-113.6157,74.6003,CA,CAN
24634,-108.7451,75.7175,CA,CAN
24635,-119.0329,76.3503,CA,CAN
24636,-124.6094,73.2023,CA,CAN
24637,-113.9866,75.374,CA,CAN
24638,-111.0395,77.7552,CA,CAN
24639,-109.476,76.5585,CA,CAN
24640,-119.3202,77.1929,CA,CAN
24641,-115.9003,73.3626,CA,CAN
24642,-116.0324,75.2676,CA,CAN
24643,-112.5641,74.4888,CA,CAN
24644,-110.1901,72.9882,CA,CAN
24645,-111.1014,74.6246,CA,CAN
24646,-116.3773,76.592,CA,CAN
24647,-116.797,75.6197,CA,CAN
24648,-113.3268,72.7825,CA,CAN
24649,-123.7184,73.7048,CA,CAN
24650,-118.6383,75.9007,CA,CAN
24651,-112.3447,77.8662,CA,CAN
24652,-118.7297,74.0554,CA,CAN
24653,-116.6723,73.875,CA,CAN
24654,-114.4246,73.2065,CA,CAN
24655,-109.3695,76.0931,CA,CAN
24656,-117.0127,72.8905,CA,CAN
24657,-109.1912,72.539,CA,CAN
24658,-110.6654,74.8764,CA,CAN
24659,-119.1186,72.656,CA,CAN
24660,-111.971,78.4188,CA,CAN
24661,-113.3613,75.1659,CA,CAN
24662,-114.2829,72.8941,CA,CAN
24663,-108.7307,72.4711,CA,CAN
24664,-118.3367,72.1509,CA,CAN
24665,-119.8059,75.9789,CA,CAN
24666,-118.1638,72.5676,CA,CAN
24667,-117.4975,77.232,CA,CAN
24668,-120.21,72.323,CA,CAN
24669,-116.0596,76.1364,CA,CAN
24670,-121.9816,76.3557,CA,CAN
24671,-114.1455,74.6541,CA,CAN
24672,-84.3601,74.5307,CA,CAN
24673,-89.7348,78.382,CA,CAN
24674,-81.7684,80.1874,CA,CAN
24675,-85.2734,72.0719,CA,CAN
24676,-95.1185,77.0036,CA,CAN
24677,-104.2983,76.4084,CA,CAN
24678,-92.3106,79.1845,CA,CAN
24679,-89.2286,81.241,CA,CAN
24680,-79.3133,76.5166,CA,CAN
24681,-96.8171,78.1389,CA,CAN
24682,-96.7159,72.7332,CA,CAN
24683,-94.0472,76.812,CA,CAN
24684,-99.9543,72.8995,CA,CAN
24685,-93.6868,75.123,CA,CAN
24686,-105.3974,77.486,CA,CAN
24687,-95.2757,72.7595,CA,CAN
24688,-84.7614,74.6492,CA,CAN
24689,-87.7064,76.4319,CA,CAN
24690,-82.3529,80.3028,CA,CAN
24691,-76.7737,79.4974,CA,CAN
24692,-86.141,80.9686,CA,CAN
24693,-87.6793,77.4015,CA,CAN
24694,-84.7831,77.5468,CA,CAN
24695,-77.4159,78.0355,CA,CAN
24696,-76.6697,79.2364,CA,CAN
24697,-101.2202,78.729,CA,CAN
24698,-98.4496,73.1085,CA,CAN
24699,-78.4503,73.6514,CA,CAN
24700,-83.4614,78.6792,CA,CAN
24701,-94.5794,76.9085,CA,CAN
24702,-91.9353,75.8507,CA,CAN
24703,-87.4635,79.8552,CA,CAN
24704,-90.0091,76.5611,CA,CAN
24705,-75.2476,72.0389,CA,CAN
24706,-88.1836,76.5417,CA,CAN
24707,-103.1777,76.2561,CA,CAN
24708,-95.2511,79.9536,CA,CAN
24709,-75.2819,78.8555,CA,CAN
24710,-99.9223,78.568,CA,CAN
24711,-77.8532,72.6895,CA,CAN
24712,-78.5412,72.2491,CA,CAN
24713,-97.4222,78.2277,CA,CAN
24714,-107.8787,72.9696,CA,CAN
24715,-89.1785,73.0737,CA,CAN
24716,-86.5638,74.5437,CA,CAN
24717,-89.4926,81.0966,CA,CAN
24718,-100.9461,76.0919,CA,CAN
24719,-88.8061,75.5215,CA,CAN
24720,-93.2765,78.9815,CA,CAN
24721,-86.9616,77.4407,CA,CAN
24722,-88.4324,74.8422,CA,CAN
24723,-102.6956,75.8647,CA,CAN
24724,-95.9463,80.0432,CA,CAN
24725,-104.603,79.1035,CA,CAN
24726,-97.5748,72.923,CA,CAN
24727,-80.1884,73.5972,CA,CAN
24728,-92.8322,78.7347,CA,CAN
24729,-96.5391,76.7268,CA,CAN
24730,-80.8541,73.1522,CA,CAN
24731,-94.161,75.2223,CA,CAN
24732,-106.0192,76.0022,CA,CAN
24733,-80.7804,82.8003,CA,CAN
24734,-94.4295,76.3495,CA,CAN
24735,-87.4045,80.7886,CA,CAN
24736,-84.5339,78.0999,CA,CAN
24737,-95.178,77.7115,CA,CAN
24738,-90.326,77.3771,CA,CAN
24739,-87.159,74.5054,CA,CAN
24740,-103.237,75.9431,CA,CAN
24741,-77.646,79.4858,CA,CAN
24742,-88.7112,81.9279,CA,CAN
24743,-100.7069,73.5533,CA,CAN
24744,-80.541,73.724,CA,CAN
24745,-79.2939,77.1936,CA,CAN
24746,-92.357,75.3871,CA,CAN
24747,-72.6138,82.9887,CA,CAN
24748,-99.5288,78.0252,CA,CAN
24749,-101.3974,78.2694,CA,CAN
24750,-97.7289,78.7726,CA,CAN
24751,-92.3811,80.9529,CA,CAN
24752,-95.7211,75.3571,CA,CAN
24753,-85.3385,78.8748,CA,CAN
24754,-101.6276,75.7039,CA,CAN
24755,-95.5156,73.176,CA,CAN
24756,-82.7585,79.7655,CA,CAN
24757,-89.0413,81.7813,CA,CAN
24758,-91.2145,73.6188,CA,CAN
24759,-101.9005,72.6046,CA,CAN
24760,-80.3644,72.0449,CA,CAN
24761,-99.0651,76.4624,CA,CAN
24762,-91.7072,74.8704,CA,CAN
24763,-99.1153,75.1222,CA,CAN
24764,-107.8327,72.4915,CA,CAN
24765,-77.0792,78.1737,CA,CAN
24766,-95.3367,80.6392,CA,CAN
24767,-74.149,79.5178,CA,CAN
24768,-85.1017,72.2259,CA,CAN
24769,-98.6323,73.8365,CA,CAN
24770,-90.3464,76.2564,CA,CAN
24771,-88.285,76.9519,CA,CAN
24772,-85.6972,73.4682,CA,CAN
24773,-85.4018,75.4518,CA,CAN
24774,-81.3243,74.6686,CA,CAN
24775,-102.3449,72.6885,CA,CAN
24776,-105.0838,73.1679,CA,CAN
24777,-78.7648,80.6407,CA,CAN
24778,-106.0201,75.5322,CA,CAN
24779,-89.7456,72.4481,CA,CAN
24780,-102.2233,77.7321,CA,CAN
24781,-86.3545,72.4279,CA,CAN
24782,-92.7856,72.886,CA,CAN
24783,-85.9041,73.7383,CA,CAN
24784,-88.217,80.3556,CA,CAN
24785,-87.7469,78.7641,CA,CAN
24786,-83.8555,80.7826,CA,CAN
24787,-95.8735,77.6512,CA,CAN
24788,-97.7202,73.6532,CA,CAN
24789,-99.0948,73.9265,CA,CAN
24790,-77.2084,73.4031,CA,CAN
24791,-102.6251,76.178,CA,CAN
24792,-94.8795,79.5631,CA,CAN
24793,-97.3157,78.3804,CA,CAN
24794,-97.0659,72.9881,CA,CAN
24795,-105.5522,73.2437,CA,CAN
24796,-84.1903,73.4158,CA,CAN
24797,-89.8351,76.713,CA,CAN
24798,-97.9705,75.2583,CA,CAN
24799,-81.554,74.5208,CA,CAN
24800,-93.1219,81.0471,CA,CAN
24801,-81.6352,82.2636,CA,CAN
24802,-76.5668,73.1373,CA,CAN
24803,-77.5362,73.535,CA,CAN
24804,-92.2794,76.1068,CA,CAN
24805,-84.9396,73.2313,CA,CAN
24806,-95.5049,78.1098,CA,CAN
24807,-101.8271,78.9598,CA,CAN
24808,-105.132,72.2078,CA,CAN
24809,-83.6751,79.3387,CA,CAN
24810,-81.0203,72.3006,CA,CAN
24811,-85.6642,79.5309,CA,CAN
24812,-100.1232,75.2958,CA,CAN
24813,-77.0567,82.8453,CA,CAN
24814,-91.7288,72.991,CA,CAN
24815,-105.5388,73.7213,CA,CAN
24816,-83.7574,74.5616,CA,CAN
24817,-84.5477,76.4633,CA,CAN
24818,-82.3056,82.3803,CA,CAN
24819,-99.6797,75.0521,CA,CAN
24820,-94.0352,72.458,CA,CAN
24821,-83.5688,77.462,CA,CAN
24822,-78.0682,77.7571,CA,CAN
24823,-92.7761,76.2079,CA,CAN
24824,-93.5746,79.3767,CA,CAN
24825,-75.3517,79.118,CA,CAN
24826,-78.6211,76.5334,CA,CAN
24827,-83.262,75.6954,CA,CAN
24828,-83.9885,78.7939,CA,CAN
24829,-88.8533,76.4992,CA,CAN
24830,-94.6911,73.7108,CA,CAN
24831,-97.723,75.7285,CA,CAN
24832,-87.0361,76.4714,CA,CAN
24833,-103.7354,76.3329,CA,CAN
24834,-86.1575,82.1494,CA,CAN
24835,-77.9375,72.9673,CA,CAN
24836,-82.277,73.6527,CA,CAN
24837,-88.7216,80.0648,CA,CAN
24838,-94.7885,75.8846,CA,CAN
24839,-81.8087,76.5763,CA,CAN
24840,-72.4026,79.7803,CA,CAN
24841,-94.0404,74.6543,CA,CAN
24842,-88.9692,78.4264,CA,CAN
24843,-85.745,77.3657,CA,CAN
24844,-80.2278,74.9841,CA,CAN
24845,-94.4041,80.0117,CA,CAN
24846,-103.1894,79.1111,CA,CAN
24847,-77.3005,72.7028,CA,CAN
24848,-85.1951,75.6018,CA,CAN
24849,-80.7793,79.5559,CA,CAN
24850,-81.2026,73.2785,CA,CAN
24851,-90.8358,76.3612,CA,CAN
24852,-85.4776,72.772,CA,CAN
24853,-102.5498,78.8837,CA,CAN
24854,-102.1779,77.8863,CA,CAN
24855,-94.9473,76.4457,CA,CAN
24856,-92.4929,73.9343,CA,CAN
24857,-96.8733,72.4137,CA,CAN
24858,-80.5397,76.2095,CA,CAN
24859,-72.8594,79.9108,CA,CAN
24860,-99.4871,75.524,CA,CAN
24861,-94.5032,74.7534,CA,CAN
24862,-72.3757,78.4683,CA,CAN
24863,-89.6365,72.0228,CA,CAN
24864,-106.0235,73.6366,CA,CAN
24865,-90.8553,77.4805,CA,CAN
24866,-87.578,74.6186,CA,CAN
24867,-99.0452,80.0848,CA,CAN
24868,-79.6103,73.6168,CA,CAN
24869,-81.5559,73.404,CA,CAN
24870,-85.1193,80.2154,CA,CAN
24871,-100.1443,78.1081,CA,CAN
24872,-88.1683,73.5828,CA,CAN
24873,-102.0349,78.3478,CA,CAN
24874,-79.851,74.8581,CA,CAN
24875,-95.4714,76.5406,CA,CAN
24876,-92.9286,74.0375,CA,CAN
24877,-92.8979,81.1954,CA,CAN
24878,-94.733,72.0815,CA,CAN
24879,-88.0024,74.7309,CA,CAN
24880,-79.9501,73.0459,CA,CAN
24881,-91.7467,75.4389,CA,CAN
24882,-87.0968,72.6611,CA,CAN
24883,-100.7672,78.1895,CA,CAN
24884,-80.0968,82.6806,CA,CAN
24885,-91.6035,73.1483,CA,CAN
24886,-102.313,72.8487,CA,CAN
24887,-97.9028,76.4423,CA,CAN
24888,-80.484,80.3486,CA,CAN
24889,-79.9309,80.8789,CA,CAN
24890,-99.6119,76.5483,CA,CAN
24891,-95.1377,72.1819,CA,CAN
24892,-75.866,78.0559,CA,CAN
24893,-78.331,76.6753,CA,CAN
24894,-88.0875,77.1021,CA,CAN
24895,-103.147,76.4124,CA,CAN
24896,-90.6701,75.9504,CA,CAN
24897,-87.5181,81.1797,CA,CAN
24898,-94.5875,73.8686,CA,CAN
24899,-101.4204,72.68,CA,CAN
24900,-97.6372,75.8848,CA,CAN
24901,-94.9713,74.8514,CA,CAN
24902,-75.215,78.5921,CA,CAN
24903,-86.7235,72.5449,CA,CAN
24904,-81.306,75.7732,CA,CAN
24905,-89.7847,74.5998,CA,CAN
24906,-94.4322,80.6972,CA,CAN
24907,-97.8678,73.3351,CA,CAN
24908,-98.1021,73.9042,CA,CAN
24909,-101.4883,76.1741,CA,CAN
24910,-97.9357,78.4678,CA,CAN
24911,-103.3319,78.4998,CA,CAN
24912,-85.9804,79.7847,CA,CAN
24913,-99.7478,76.2364,CA,CAN
24914,-91.2567,74.7656,CA,CAN
24915,-105.3028,79.1734,CA,CAN
24916,-98.6189,75.0335,CA,CAN
24917,-107.3766,72.4203,CA,CAN
24918,-84.5377,77.6934,CA,CAN
24919,-90.6826,78.1857,CA,CAN
24920,-94.2367,80.1606,CA,CAN
24921,-86.6385,78.5473,CA,CAN
24922,-82.6109,80.5572,CA,CAN
24923,-77.0597,72.8481,CA,CAN
24924,-85.3012,72.9254,CA,CAN
24925,-76.9885,72.5697,CA,CAN
24926,-106.0205,75.3752,CA,CAN
24927,-100.6587,73.7126,CA,CAN
24928,-84.249,79.0517,CA,CAN
24929,-83.6241,73.4463,CA,CAN
24930,-84.2346,79.452,CA,CAN
24931,-99.8136,76.0802,CA,CAN
24932,-87.7301,75.4531,CA,CAN
24933,-81.4206,80.3269,CA,CAN
24934,-75.8999,79.5066,CA,CAN
24935,-84.0491,77.5782,CA,CAN
24936,-78.5099,77.8823,CA,CAN
24937,-104.2795,76.5643,CA,CAN
24938,-92.1277,79.3337,CA,CAN
24939,-88.9546,81.385,CA,CAN
24940,-82.6564,78.7068,CA,CAN
24941,-89.3407,76.6067,CA,CAN
24942,-86.6027,73.1246,CA,CAN
24943,-95.923,75.044,CA,CAN
24944,-105.565,72.7648,CA,CAN
24945,-105.3898,77.6405,CA,CAN
24946,-95.1824,72.9186,CA,CAN
24947,-74.7119,72.0452,CA,CAN
24948,-85.8296,81.1108,CA,CAN
24949,-93.5247,72.5144,CA,CAN
24950,-87.4685,77.5506,CA,CAN
24951,-103.9165,75.0772,CA,CAN
24952,-76.2893,79.3719,CA,CAN
24953,-101.1581,78.8817,CA,CAN
24954,-98.3825,73.268,CA,CAN
24955,-107.5964,75.1143,CA,CAN
24956,-93.7887,76.4064,CA,CAN
24957,-81.3404,73.5531,CA,CAN
24958,-87.2024,80.0002,CA,CAN
24959,-95.0159,75.5734,CA,CAN
24960,-85.9658,74.5805,CA,CAN
24961,-88.51,81.1395,CA,CAN
24962,-80.6924,76.4774,CA,CAN
24963,-101.5821,75.8608,CA,CAN
24964,-86.0833,80.576,CA,CAN
24965,-86.2396,77.478,CA,CAN
24966,-104.436,75.1537,CA,CAN
24967,-78.3153,72.3963,CA,CAN
24968,-107.8946,73.1286,CA,CAN
24969,-79.5434,82.8186,CA,CAN
24970,-89.0306,73.2295,CA,CAN
24971,-100.9795,72.5941,CA,CAN
24972,-86.1977,79.2411,CA,CAN
24973,-94.4757,77.77,CA,CAN
24974,-95.0461,72.3414,CA,CAN
24975,-106.024,73.3184,CA,CAN
24976,-102.6607,76.0214,CA,CAN
24977,-94.0499,77.5218,CA,CAN
24978,-96.4342,76.8815,CA,CAN
24979,-104.5934,73.41,CA,CAN
24980,-80.6358,73.301,CA,CAN
24981,-83.6017,80.1348,CA,CAN
24982,-91.8347,76.5674,CA,CAN
24983,-89.0782,72.6499,CA,CAN
24984,-91.9338,73.9867,CA,CAN
24985,-80.8129,72.4504,CA,CAN
24986,-96.375,72.4771,CA,CAN
24987,-93.6337,81.2914,CA,CAN
24988,-100.5243,75.695,CA,CAN
24989,-93.3693,74.1396,CA,CAN
24990,-105.5772,72.2845,CA,CAN
24991,-100.7235,76.7162,CA,CAN
24992,-94.6102,77.6173,CA,CAN
24993,-78.9969,77.3353,CA,CAN
24994,-83.4254,73.5974,CA,CAN
24995,-99.4496,78.1787,CA,CAN
24996,-91.5046,73.8814,CA,CAN
24997,-101.5621,77.8078,CA,CAN
24998,-92.1655,81.0993,CA,CAN
24999,-83.1839,76.5235,CA,CAN
25000,-74.1963,79.7785,CA,CAN
25001,-79.532,81.0153,CA,CAN
25002,-98.4431,76.5308,CA,CAN
25003,-95.6171,75.5133,CA,CAN
25004,-107.1193,75.8293,CA,CAN
25005,-94.2348,72.1396,CA,CAN
25006,-87.1077,78.2529,CA,CAN
25007,-95.4223,73.3347,CA,CAN
25008,-103.7106,76.489,CA,CAN
25009,-91.1518,76.0549,CA,CAN
25010,-82.4371,79.9067,CA,CAN
25011,-89.159,76.7581,CA,CAN
25012,-75.1584,82.986,CA,CAN
25013,-101.8649,72.7649,CA,CAN
25014,-80.1547,72.1943,CA,CAN
25015,-98.1563,75.9746,CA,CAN
25016,-95.4445,74.9483,CA,CAN
25017,-107.8478,72.651,CA,CAN
25018,-105.4766,75.6169,CA,CAN
25019,-89.3687,80.1675,CA,CAN
25020,-76.7352,78.3114,CA,CAN
25021,-85.0383,82.1825,CA,CAN
25022,-73.7292,79.6496,CA,CAN
25023,-82.8821,80.8106,CA,CAN
25024,-84.9273,72.3795,CA,CAN
25025,-98.5641,73.9952,CA,CAN
25026,-89.7257,75.7381,CA,CAN
25027,-91.1256,81.6914,CA,CAN
25028,-85.5159,73.621,CA,CAN
25029,-90.6608,73.6679,CA,CAN
25030,-105.0753,73.3274,CA,CAN
25031,-90.2222,74.7077,CA,CAN
25032,-107.3548,72.1005,CA,CAN
25033,-85.0345,77.8075,CA,CAN
25034,-89.6074,72.6049,CA,CAN
25035,-94.2535,80.8449,CA,CAN
25036,-94.9376,80.252,CA,CAN
25037,-77.3767,72.9809,CA,CAN
25038,-90.1948,75.8448,CA,CAN
25039,-94.7254,79.7129,CA,CAN
25040,-76.1347,72.4461,CA,CAN
25041,-99.6789,73.6974,CA,CAN
25042,-99.9011,73.0594,CA,CAN
25043,-84.8052,79.5641,CA,CAN
25044,-106.0245,72.9995,CA,CAN
25045,-92.3772,72.7813,CA,CAN
25046,-83.8673,76.4943,CA,CAN
25047,-86.6627,75.3796,CA,CAN
25048,-99.7834,72.0083,CA,CAN
25049,-82.1071,80.0473,CA,CAN
25050,-97.1913,73.7187,CA,CAN
25051,-84.5412,77.2851,CA,CAN
25052,-104.42,75.3111,CA,CAN
25053,-92.7614,79.4307,CA,CAN
25054,-89.6665,81.4878,CA,CAN
25055,-79.5909,76.3734,CA,CAN
25056,-95.3761,78.2622,CA,CAN
25057,-82.6124,75.7231,CA,CAN
25058,-91.6023,75.5934,CA,CAN
25059,-100.3491,73.1474,CA,CAN
25060,-79.2829,72.7881,CA,CAN
25061,-89.6928,76.3028,CA,CAN
25062,-96.4067,75.1386,CA,CAN
25063,-76.4305,82.9794,CA,CAN
25064,-95.3274,73.4932,CA,CAN
25065,-98.3945,75.505,CA,CAN
25066,-80.4387,79.6955,CA,CAN
25067,-93.9329,72.6169,CA,CAN
25068,-87.9834,77.6594,CA,CAN
25069,-95.6503,80.3418,CA,CAN
25070,-87.6325,81.9678,CA,CAN
25071,-87.6064,73.6239,CA,CAN
25072,-75.5392,72.1752,CA,CAN
25073,-92.6352,76.3618,CA,CAN
25074,-79.6143,72.9173,CA,CAN
25075,-81.7,73.6781,CA,CAN
25076,-87.8314,80.106,CA,CAN
25077,-89.0461,80.851,CA,CAN
25078,-81.1173,76.5999,CA,CAN
25079,-95.4013,79.804,CA,CAN
25080,-103.9383,78.8793,CA,CAN
25081,-97.2194,72.6689,CA,CAN
25082,-78.086,72.5431,CA,CAN
25083,-84.5536,75.6348,CA,CAN
25084,-92.4055,78.4865,CA,CAN
25085,-78.6937,77.4765,CA,CAN
25086,-101.8287,72.9251,CA,CAN
25087,-94.0425,75.3781,CA,CAN
25088,-103.2976,78.653,CA,CAN
25089,-107.8631,72.8104,CA,CAN
25090,-85.3649,74.6157,CA,CAN
25091,-81.8167,82.5207,CA,CAN
25092,-93.9248,74.8108,CA,CAN
25093,-90.1451,77.528,CA,CAN
25094,-79.9796,75.1299,CA,CAN
25095,-77.5225,79.2251,CA,CAN
25096,-100.2987,73.3071,CA,CAN
25097,-80.4139,73.4493,CA,CAN
25098,-85.2584,77.2523,CA,CAN
25099,-84.2027,80.247,CA,CAN
25100,-90.6729,76.5139,CA,CAN
25101,-94.5263,75.4763,CA,CAN
25102,-80.7112,74.6912,CA,CAN
25103,-79.9417,72.3433,CA,CAN
25104,-96.7953,72.5735,CA,CAN
25105,-80.2744,76.3539,CA,CAN
25106,-99.4203,75.681,CA,CAN
25107,-85.3619,79.2759,CA,CAN
25108,-95.6306,77.9572,CA,CAN
25109,-89.5003,72.1799,CA,CAN
25110,-85.3316,73.7735,CA,CAN
25111,-90.6791,77.6316,CA,CAN
25112,-76.3837,78.4484,CA,CAN
25113,-91.2481,78.2873,CA,CAN
25114,-100.0721,78.2616,CA,CAN
25115,-90.5213,73.8239,CA,CAN
25116,-83.5467,74.7114,CA,CAN
25117,-95.823,75.2007,CA,CAN
25118,-91.5675,75.0255,CA,CAN
25119,-85.5979,78.7294,CA,CAN
25120,-107.6756,75.8974,CA,CAN
25121,-81.2927,80.7207,CA,CAN
25122,-76.5702,78.9746,CA,CAN
25123,-95.6073,73.0171,CA,CAN
25124,-95.2441,78.4143,CA,CAN
25125,-87.3865,77.1425,CA,CAN
25126,-83.0133,80.0213,CA,CAN
25127,-86.5175,81.2174,CA,CAN
25128,-86.9348,72.8159,CA,CAN
25129,-91.4761,73.3054,CA,CAN
25130,-104.6919,78.339,CA,CAN
25131,-102.2805,73.0087,CA,CAN
25132,-78.3595,80.7762,CA,CAN
25133,-92.027,75.1293,CA,CAN
25134,-93.8289,72.7756,CA,CAN
25135,-90.0282,80.2689,CA,CAN
25136,-87.7719,77.8084,CA,CAN
25137,-89.1941,74.6451,CA,CAN
25138,-95.4958,80.4906,CA,CAN
25139,-87.5132,78.9112,CA,CAN
25140,-85.8989,76.3958,CA,CAN
25141,-85.287,72.4993,CA,CAN
25142,-97.3487,73.4009,CA,CAN
25143,-75.2919,72.3189,CA,CAN
25144,-98.6992,73.6776,CA,CAN
25145,-94.4821,74.0262,CA,CAN
25146,-100.6339,72.1859,CA,CAN
25147,-105.0922,73.0082,CA,CAN
25148,-85.1026,79.8188,CA,CAN
25149,-90.6652,74.8147,CA,CAN
25150,-104.5838,79.2557,CA,CAN
25151,-98.0497,75.1011,CA,CAN
25152,-89.8817,72.2911,CA,CAN
25153,-94.9974,80.936,CA,CAN
25154,-103.1514,79.2634,CA,CAN
25155,-86.362,76.5091,CA,CAN
25156,-76.5019,72.8593,CA,CAN
25157,-101.4399,76.3304,CA,CAN
25158,-90.0887,81.7377,CA,CAN
25159,-97.8336,78.6203,CA,CAN
25160,-76.4387,72.5807,CA,CAN
25161,-106.5472,75.1322,CA,CAN
25162,-100.1421,73.7851,CA,CAN
25163,-83.4208,79.0813,CA,CAN
25164,-74.5606,82.8585,CA,CAN
25165,-80.8957,72.0231,CA,CAN
25166,-84.3806,73.2639,CA,CAN
25167,-99.6806,76.3925,CA,CAN
25168,-93.8069,74.967,CA,CAN
25169,-106.4913,73.0733,CA,CAN
25170,-86.6789,72.1181,CA,CAN
25171,-90.4945,78.3356,CA,CAN
25172,-82.1108,82.1238,CA,CAN
25173,-87.1013,75.4928,CA,CAN
25174,-100.2069,72.0976,CA,CAN
25175,-86.3955,78.6939,CA,CAN
25176,-82.262,80.6969,CA,CAN
25177,-97.6445,73.812,CA,CAN
25178,-92.4217,75.9527,CA,CAN
25179,-93.1092,79.1316,CA,CAN
25180,-92.0787,75.6964,CA,CAN
25181,-106.9613,73.1459,CA,CAN
25182,-80.983,79.8139,CA,CAN
25183,-87.1176,80.932,CA,CAN
25184,-94.1358,72.2989,CA,CAN
25185,-78.1888,78.0221,CA,CAN
25186,-103.2077,76.0997,CA,CAN
25187,-81.1497,75.5039,CA,CAN
25188,-99.9981,78.4149,CA,CAN
25189,-99.2199,73.6085,CA,CAN
25190,-79.0309,73.6349,CA,CAN
25191,-82.3621,78.8497,CA,CAN
25192,-93.1426,76.4617,CA,CAN
25193,-86.4325,73.2785,CA,CAN
25194,-105.5608,72.9246,CA,CAN
25195,-99.144,79.9343,CA,CAN
25196,-88.7566,78.5749,CA,CAN
25197,-81.5391,79.9312,CA,CAN
25198,-85.1374,80.61,CA,CAN
25199,-93.4396,78.8311,CA,CAN
25200,-103.8954,75.2348,CA,CAN
25201,-81.5519,75.6269,CA,CAN
25202,-96.0881,79.8935,CA,CAN
25203,-76.1089,78.848,CA,CAN
25204,-104.6217,78.951,CA,CAN
25205,-97.6475,72.7633,CA,CAN
25206,-93.6567,76.5605,CA,CAN
25207,-79.0801,72.2323,CA,CAN
25208,-86.5177,79.4953,CA,CAN
25209,-107.0674,75.0452,CA,CAN
25210,-100.4951,72.6673,CA,CAN
25211,-101.5357,76.0175,CA,CAN
25212,-89.4305,75.4773,CA,CAN
25213,-72.3709,78.2035,CA,CAN
25214,-85.7834,80.7187,CA,CAN
25215,-85.1116,72.6529,CA,CAN
25216,-86.0115,77.6259,CA,CAN
25217,-83.2299,82.0985,CA,CAN
25218,-78.0141,79.349,CA,CAN
25219,-83.9092,75.666,CA,CAN
25220,-100.7544,73.3938,CA,CAN
25221,-80.7652,73.5759,CA,CAN
25222,-95.7795,76.9434,CA,CAN
25223,-80.3883,72.749,CA,CAN
25224,-91.1731,76.6177,CA,CAN
25225,-96.3366,77.8958,CA,CAN
25226,-95.0647,76.2909,CA,CAN
25227,-96.95,72.2537,CA,CAN
25228,-88.3577,80.7486,CA,CAN
25229,-99.9412,75.767,CA,CAN
25230,-85.9344,79.3862,CA,CAN
25231,-94.9529,72.5008,CA,CAN
25232,-104.7994,77.2596,CA,CAN
25233,-93.9099,77.6744,CA,CAN
25234,-101.214,73.4795,CA,CAN
25235,-79.7258,73.1938,CA,CAN
25236,-91.8223,78.3876,CA,CAN
25237,-82.8522,73.6258,CA,CAN
25238,-89.3595,81.6346,CA,CAN
25239,-88.4819,73.2729,CA,CAN
25240,-100.2148,77.9543,CA,CAN
25241,-90.9437,73.9312,CA,CAN
25242,-91.3465,73.4622,CA,CAN
25243,-80.6022,72.5999,CA,CAN
25244,-82.4976,76.5509,CA,CAN
25245,-78.5249,81.0316,CA,CAN
25246,-105.5732,72.4447,CA,CAN
25247,-80.1132,80.4865,CA,CAN
25248,-106.5727,75.9163,CA,CAN
25249,-90.4726,80.5151,CA,CAN
25250,-102.1985,75.628,CA,CAN
25251,-77.0413,79.1003,CA,CAN
25252,-78.0352,76.8167,CA,CAN
25253,-80.0675,73.3219,CA,CAN
25254,-95.8525,78.506,CA,CAN
25255,-81.6492,79.5335,CA,CAN
25256,-104.675,78.4923,CA,CAN
25257,-79.6179,72.214,CA,CAN
25258,-73.767,79.9099,CA,CAN
25259,-98.4708,75.3481,CA,CAN
25260,-85.8136,78.1794,CA,CAN
25261,-86.518,72.2731,CA,CAN
25262,-107.4345,73.2173,CA,CAN
25263,-86.5178,77.7374,CA,CAN
25264,-75.9436,78.3207,CA,CAN
25265,-83.911,82.2125,CA,CAN
25266,-75.0248,79.5134,CA,CAN
25267,-78.4474,76.9432,CA,CAN
25268,-95.0323,73.9674,CA,CAN
25269,-97.7946,73.4942,CA,CAN
25270,-75.5881,72.4548,CA,CAN
25271,-86.6812,77.181,CA,CAN
25272,-90.9954,76.2082,CA,CAN
25273,-86.03,80.1813,CA,CAN
25274,-88.9735,76.9092,CA,CAN
25275,-86.2594,73.4321,CA,CAN
25276,-102.721,78.2711,CA,CAN
25277,-86.0338,75.4165,CA,CAN
25278,-81.9356,74.6443,CA,CAN
25279,-101.0643,72.2731,CA,CAN
25280,-105.5566,73.0842,CA,CAN
25281,-85.701,79.9287,CA,CAN
25282,-98.0736,76.1307,CA,CAN
25283,-86.3402,78.2904,CA,CAN
25284,-105.4708,75.7737,CA,CAN
25285,-86.4742,73.7017,CA,CAN
25286,-103.8537,79.3364,CA,CAN
25287,-85.225,76.4304,CA,CAN
25288,-98.0288,74.0627,CA,CAN
25289,-76.8152,72.9929,CA,CAN
25290,-79.727,75.2753,CA,CAN
25291,-85.1219,73.0785,CA,CAN
25292,-96.4693,78.5963,CA,CAN
25293,-105.1396,72.0473,CA,CAN
25294,-79.1596,76.9269,CA,CAN
25295,-83.9656,79.1954,CA,CAN
25296,-101.4982,72.3592,CA,CAN
25297,-81.2246,72.1504,CA,CAN
25298,-86.3115,80.0375,CA,CAN
25299,-100.2279,76.4771,CA,CAN
25300,-100.1814,75.1383,CA,CAN
25301,-84.787,77.9539,CA,CAN
25302,-91.8709,80.7108,CA,CAN
25303,-89.1767,78.2776,CA,CAN
25304,-84.7728,76.3149,CA,CAN
25305,-86.8759,78.4003,CA,CAN
25306,-83.8205,77.3159,CA,CAN
25307,-93.5218,76.7144,CA,CAN
25308,-84.516,79.7075,CA,CAN
25309,-78.3018,82.8336,CA,CAN
25310,-92.2589,72.9391,CA,CAN
25311,-94.8581,72.66,CA,CAN
25312,-97.8072,75.572,CA,CAN
25313,-85.4747,80.861,CA,CAN
25314,-103.7597,76.1766,CA,CAN
25315,-86.5444,82.0048,CA,CAN
25316,-87.0416,73.6636,CA,CAN
25317,-100.5673,78.6492,CA,CAN
25318,-98.0102,73.0163,CA,CAN
25319,-78.1139,73.521,CA,CAN
25320,-82.8863,78.966,CA,CAN
25321,-79.0564,72.9355,CA,CAN
25322,-86.7702,72.9704,CA,CAN
25323,-82.545,74.6184,CA,CAN
25324,-105.5692,72.6048,CA,CAN
25325,-95.2308,73.6514,CA,CAN
25326,-88.0861,80.8927,CA,CAN
25327,-99.8656,80.0154,CA,CAN
25328,-94.0563,78.9261,CA,CAN
25329,-80.5042,75.5259,CA,CAN
25330,-74.8387,78.7268,CA,CAN
25331,-103.2264,78.9586,CA,CAN
25332,-78.4974,72.9522,CA,CAN
25333,-92.4912,76.5154,CA,CAN
25334,-87.1121,79.6031,CA,CAN
25335,-100.4094,76.0085,CA,CAN
25336,-88.3554,75.4117,CA,CAN
25337,-87.9751,78.6166,CA,CAN
25338,-84.1848,80.6416,CA,CAN
25339,-106.0238,73.4776,CA,CAN
25340,-86.4628,77.3297,CA,CAN
25341,-102.1591,75.785,CA,CAN
25342,-92.2341,78.6369,CA,CAN
25343,-78.3842,77.6171,CA,CAN
25344,-96.002,76.6344,CA,CAN
25345,-80.7263,72.8764,CA,CAN
25346,-104.5804,73.5693,CA,CAN
25347,-87.7177,79.7097,CA,CAN
25348,-96.9275,77.9859,CA,CAN
25349,-88.3264,73.428,CA,CAN
25350,-103.2625,78.8059,CA,CAN
25351,-88.9329,72.806,CA,CAN
25352,-100.0065,72.7395,CA,CAN
25353,-100.0637,75.4531,CA,CAN
25354,-86.4545,79.0955,CA,CAN
25355,-106.5031,73.5508,CA,CAN
25356,-88.1728,74.5776,CA,CAN
25357,-105.4048,77.3314,CA,CAN
25358,-91.8882,75.2843,CA,CAN
25359,-81.0689,73.0032,CA,CAN
25360,-105.0578,73.6459,CA,CAN
25361,-82.9359,74.74,CA,CAN
25362,-80.4716,74.8379,CA,CAN
25363,-80.6292,82.542,CA,CAN
25364,-89.3238,72.9177,CA,CAN
25365,-91.6531,80.8572,CA,CAN
25366,-97.9891,76.2866,CA,CAN
25367,-84.7955,78.7627,CA,CAN
25368,-80.3188,80.7418,CA,CAN
25369,-91.1652,80.6137,CA,CAN
25370,-76.0245,78.5848,CA,CAN
25371,-101.1013,75.6216,CA,CAN
25372,-82.1982,79.65,CA,CAN
25373,-101.4596,72.5197,CA,CAN
25374,-96.536,72.1573,CA,CAN
25375,-79.1594,80.5045,CA,CAN
25376,-93.3089,72.8314,CA,CAN
25377,-107.9107,73.2876,CA,CAN
25378,-87.0324,77.8477,CA,CAN
25379,-76.6415,78.0468,CA,CAN
25380,-84.6135,82.3257,CA,CAN
25381,-99.6062,77.8714,CA,CAN
25382,-103.3653,78.3464,CA,CAN
25383,-93.9277,74.0836,CA,CAN
25384,-77.9428,80.911,CA,CAN
25385,-107.3656,72.2605,CA,CAN
25386,-85.0464,78.2134,CA,CAN
25387,-106.0195,75.8457,CA,CAN
25388,-86.8701,73.8172,CA,CAN
25389,-89.7932,80.415,CA,CAN
25390,-81.9603,75.7491,CA,CAN
25391,-94.0658,80.9927,CA,CAN
25392,-85.3382,82.4379,CA,CAN
25393,-89.0326,74.799,CA,CAN
25394,-87.2736,79.0578,CA,CAN
25395,-95.3038,77.5584,CA,CAN
25396,-76.8853,73.2705,CA,CAN
25397,-89.8899,75.5849,CA,CAN
25398,-80.1126,75.401,CA,CAN
25399,-94.2219,79.4707,CA,CAN
25400,-97.0948,78.6852,CA,CAN
25401,-104.0166,78.4202,CA,CAN
25402,-106.0208,75.218,CA,CAN
25403,-95.0296,79.413,CA,CAN
25404,-79.5849,77.0514,CA,CAN
25405,-73.312,82.8601,CA,CAN
25406,-56.2216,74.6307,GL,GRL
25407,-66.8003,81.1484,CA,CAN
25408,-44.9326,82.6204,GL,GRL
25409,-71.0185,80.1646,CA,CAN
25410,-66.0762,79.0503,CA,CAN
25411,-57.1573,74.9809,GL,GRL
25412,-62.7681,82.4768,GL,GRL
25413,-68.3415,82.833,CA,CAN
25414,-55.5832,74.0129,GL,GRL
25415,-68.2118,78.9592,CA,CAN
25416,-61.772,76.2167,GL,GRL
25417,-44.0571,81.9723,GL,GRL
25418,-69.7023,77.7868,CA,CAN
25419,-59.1059,81.8519,GL,GRL
25420,-68.8146,82.9673,CA,CAN
25421,-53.8877,82.1622,GL,GRL
25422,-36.7824,83.2067,GL,GRL
25423,-69.7503,77.5204,CA,CAN
25424,-60.8371,81.3905,GL,GRL
25425,-67.4491,82.5638,CA,CAN
25426,-50.0512,82.3727,GL,GRL
25427,-70.5573,76.9925,CA,CAN
25428,-64.0612,79.5267,CA,CAN
25429,-65.8702,81.7727,CA,CAN
25430,-71.9765,78.3349,CA,CAN
25431,-40.3958,83.0343,GL,GRL
25432,-69.012,80.6645,CA,CAN
25433,-64.4043,79.6676,CA,CAN
25434,-66.6611,80.5008,CA,CAN
25435,-60.4858,81.2489,GL,GRL
25436,-43.86,82.6916,GL,GRL
25437,-65.9297,77.7171,CA,CAN
25438,-65.4882,80.087,CA,CAN
25439,-70.5348,80.291,CA,CAN
25440,-65.5876,79.1709,CA,CAN
25441,-58.3745,81.9558,GL,GRL
25442,-69.351,77.6491,CA,CAN
25443,-53.6287,82.0171,GL,GRL
25444,-56.3887,74.7845,GL,GRL
25445,-47.013,82.4706,GL,GRL
25446,-66.6807,82.6824,CA,CAN
25447,-39.3571,82.9504,GL,GRL
25448,-68.3397,77.2322,CA,CAN
25449,-71.574,78.4656,CA,CAN
25450,-67.2039,77.3447,CA,CAN
25451,-58.7267,75.781,GL,GRL
25452,-56.559,74.938,GL,GRL
25453,-61.62,82.4475,GL,GRL
25454,-42.9545,82.3278,GL,GRL
25455,-45.885,81.8239,GL,GRL
25456,-67.1106,82.818,CA,CAN
25457,-54.7075,73.0791,GL,GRL
25458,-63.779,76.299,CA,CAN
25459,-69.5079,76.8466,CA,CAN
25460,-42.6978,82.905,GL,GRL
25461,-49.8815,82.0852,GL,GRL
25462,-64.9916,81.4998,CA,CAN
25463,-42.8942,82.4717,GL,GRL
25464,-68.1674,76.5556,CA,CAN
25465,-66.6801,77.7352,CA,CAN
25466,-54.6842,72.5009,GL,GRL
25467,-49.9718,82.2291,GL,GRL
25468,-69.9262,78.7176,CA,CAN
25469,-67.2634,76.1304,CA,CAN
25470,-53.0036,82.2542,GL,GRL
25471,-62.1411,81.1709,GL,GRL
25472,-42.5523,83.1954,GL,GRL
25473,-61.3111,82.3083,GL,GRL
25474,-43.7693,82.9814,GL,GRL
25475,-52.3439,81.8183,GL,GRL
25476,-62.7708,81.0591,GL,GRL
25477,-47.0345,82.6151,GL,GRL
25478,-38.1796,83.0082,GL,GRL
25479,-62.7703,82.0898,GL,GRL
25480,-66.2123,81.2667,CA,CAN
25481,-57.8977,75.5904,GL,GRL
25482,-36.9823,83.063,GL,GRL
25483,-56.3071,74.2126,GL,GRL
25484,-44.9921,82.1881,GL,GRL
25485,-60.4496,76.1529,GL,GRL
25486,-54.3026,72.6093,GL,GRL
25487,-61.1092,76.1857,GL,GRL
25488,-45.977,81.9711,GL,GRL
25489,-60.8855,81.7806,GL,GRL
25490,-67.5578,82.9535,CA,CAN
25491,-55.7691,82.1144,GL,GRL
25492,-37.6401,83.4409,GL,GRL
25493,-70.8799,77.3974,CA,CAN
25494,-64.5752,80.7165,CA,CAN
25495,-66.8806,76.2573,CA,CAN
25496,-54.8471,73.2353,GL,GRL
25497,-49.0069,82.3117,GL,GRL
25498,-64.22,79.9252,CA,CAN
25499,-71.5063,79.7774,CA,CAN
25500,-64.7861,81.7518,CA,CAN
25501,-64.967,80.855,CA,CAN
25502,-54.9892,73.3913,GL,GRL
25503,-71.3438,82.985,CA,CAN
25504,-54.4353,72.7661,GL,GRL
25505,-70.1804,77.1232,CA,CAN
25506,-64.578,80.0654,CA,CAN
25507,-68.4792,80.787,CA,CAN
25508,-45.9827,82.2584,GL,GRL
25509,-54.152,81.777,GL,GRL
25510,-55.4354,72.2815,GL,GRL
25511,-48.8632,82.0237,GL,GRL
25512,-66.1095,80.62,CA,CAN
25513,-42.766,82.7603,GL,GRL
25514,-48.6955,81.8763,GL,GRL
25515,-69.2353,76.438,CA,CAN
25516,-68.6011,77.6383,CA,CAN
25517,-52.5792,81.9644,GL,GRL
25518,-70.0394,80.4164,CA,CAN
25519,-67.1055,81.5377,CA,CAN
25520,-65.0891,79.2905,CA,CAN
25521,-45.9831,82.4024,GL,GRL
25522,-52.822,82.1102,GL,GRL
25523,-66.4738,77.3281,CA,CAN
25524,-50.5238,81.8514,GL,GRL
25525,-66.6523,81.4026,CA,CAN
25526,-68.6113,76.1573,CA,CAN
25527,-58.092,75.7421,GL,GRL
25528,-65.8866,82.7997,CA,CAN
25529,-67.936,77.3592,CA,CAN
25530,-55.8331,73.7486,GL,GRL
25531,-64.3755,80.9708,CA,CAN
25532,-67.9333,80.9086,CA,CAN
25533,-44.9731,82.3319,GL,GRL
25534,-67.7484,79.0833,CA,CAN
25535,-44.9246,81.7527,GL,GRL
25536,-69.0986,82.7114,CA,CAN
25537,-36.3551,83.4946,GL,GRL
25538,-60.1621,81.4983,GL,GRL
25539,-71.9521,79.9092,CA,CAN
25540,-60.518,81.6397,GL,GRL
25541,-54.5702,72.9227,GL,GRL
25542,-63.3641,76.4198,CA,CAN
25543,-64.5804,79.4091,CA,CAN
25544,-57.9454,75.1746,GL,GRL
25545,-69.5319,80.5409,CA,CAN
25546,-47.942,82.1048,GL,GRL
25547,-54.4174,81.9222,GL,GRL
25548,-70.077,82.9779,CA,CAN
25549,-69.1104,78.7082,CA,CAN
25550,-67.2,80.3806,CA,CAN
25551,-55.2978,72.1247,GL,GRL
25552,-45.9851,82.9813,GL,GRL
25553,-57.6256,82.0581,GL,GRL
25554,-45.9836,82.5467,GL,GRL
25555,-64.8573,76.2,CA,CAN
25556,-67.8528,77.6255,CA,CAN
25557,-55.1338,73.547,GL,GRL
25558,-51.5441,81.9092,GL,GRL
25559,-71.4908,80.0374,CA,CAN
25560,-71.163,78.5956,CA,CAN
25561,-68.9204,76.298,CA,CAN
25562,-64.2909,82.6407,GL,GRL
25563,-68.7361,77.1045,CA,CAN
25564,-62.0628,82.1998,GL,GRL
25565,-57.7593,75.0222,GL,GRL
25566,-63.9259,82.5031,GL,GRL
25567,-44.0207,82.1156,GL,GRL
25568,-59.7935,76.1185,GL,GRL
25569,-37.828,83.2965,GL,GRL
25570,-56.1462,74.0582,GL,GRL
25571,-66.2041,76.24,CA,CAN
25572,-66.9109,79.0679,CA,CAN
25573,-55.6806,73.5934,GL,GRL
25574,-53.1275,81.7256,GL,GRL
25575,-68.637,82.5779,CA,CAN
25576,-55.3394,72.7046,GL,GRL
25577,-69.4576,77.1148,CA,CAN
25578,-64.1314,81.8658,GL,GRL
25579,-61.1393,81.1402,GL,GRL
25580,-58.1351,75.3267,GL,GRL
25581,-41.4608,83.116,GL,GRL
25582,-47.9806,82.2484,GL,GRL
25583,-65.6096,81.3839,CA,CAN
25584,-71.5972,77.9353,CA,CAN
25585,-64.4535,76.3228,CA,CAN
25586,-44.9111,82.7651,GL,GRL
25587,-51.7679,82.0556,GL,GRL
25588,-66.4959,81.6558,CA,CAN
25589,-49.5186,81.7911,GL,GRL
25590,-44.9532,82.476,GL,GRL
25591,-64.6705,82.7783,CA,CAN
25592,-62.0145,76.3644,GL,GRL
25593,-55.8965,74.3223,GL,GRL
25594,-63.4596,81.9785,GL,GRL
25595,-57.7072,75.4385,GL,GRL
25596,-70.3539,78.5896,CA,CAN
25597,-66.0508,77.452,CA,CAN
25598,-43.9829,82.2591,GL,GRL
25599,-70.4617,77.7946,CA,CAN
25600,-60.1807,81.8878,GL,GRL
25601,-56.0575,74.4766,GL,GRL
25602,-54.9628,82.2113,GL,GRL
25603,-55.4307,73.8579,GL,GRL
25604,-63.7698,81.0855,GL,GRL
25605,-67.3738,81.029,CA,CAN
25606,-44.063,81.8279,GL,GRL
25607,-70.8286,77.9307,CA,CAN
25608,-65.1496,80.5999,CA,CAN
25609,-65.5296,76.2209,CA,CAN
25610,-59.5772,75.9685,GL,GRL
25611,-55.2389,73.1265,GL,GRL
25612,-62.6878,76.393,GL,GRL
25613,-70.2172,76.8548,CA,CAN
25614,-64.7563,79.808,CA,CAN
25615,-68.4805,76.6963,CA,CAN
25616,-46.9523,82.0392,GL,GRL
25617,-68.5471,76.4272,CA,CAN
25618,-55.0618,72.3916,GL,GRL
25619,-71.98,78.0697,CA,CAN
25620,-66.4025,80.1062,CA,CAN
25621,-43.9026,82.5472,GL,GRL
25622,-67.4328,77.7512,CA,CAN
25623,-68.6657,78.8341,CA,CAN
25624,-65.6202,77.575,CA,CAN
25625,-66.796,80.2437,CA,CAN
25626,-43.7209,83.1267,GL,GRL
25627,-44.8887,82.91,GL,GRL
25628,-67.9366,76.1448,CA,CAN
25629,-70.9041,77.1296,CA,CAN
25630,-44.8652,83.0553,GL,GRL
25631,-69.1814,76.7073,CA,CAN
25632,-56.859,82.1589,GL,GRL
25633,-58.9318,75.9318,GL,GRL
25634,-69.007,77.5107,CA,CAN
25635,-23.143,81.6785,IS,ISL
25636,-24.3659,72.3003,IS,ISL
25637,-20.9131,76.2453,IS,ISL
25638,-17.6885,79.8895,SJ,SJM
25639,-19.9497,77.7716,IS,ISL
25640,-26.2975,81.6162,IS,ISL
25641,-20.4795,74.9104,IS,ISL
25642,-25.2773,72.7781,IS,ISL
25643,-17.9156,80.6175,SJ,SJM
25644,-19.1512,80.2468,SJ,SJM
25645,-19.4377,74.5585,IS,ISL
25646,-22.5491,72.4519,IS,ISL
25647,-19.7694,75.4875,IS,ISL
25648,-19.541,80.1228,IS,ISL
25649,-28.8736,83.0809,IS,ISL
25650,-22.142,72.8951,IS,ISL
25651,-28.4755,81.9379,IS,ISL
25652,-18.7082,75.1318,IS,ISL
25653,-21.3254,78.529,IS,ISL
25654,-22.2686,81.3185,IS,ISL
25655,-20.1566,79.6344,IS,ISL
25656,-31.9227,81.6951,GL,GRL
25657,-18.5176,75.2744,IS,ISL
25658,-21.9442,78.0984,IS,ISL
25659,-21.2386,77.7214,IS,ISL
25660,-18.1837,81.3536,SJ,SJM
25661,-30.8886,81.7333,IS,ISL
25662,-22.3629,82.5675,IS,ISL
25663,-21.7427,78.2423,IS,ISL
25664,-21.0355,77.8649,IS,ISL
25665,-17.1577,81.3555,SJ,SJM
25666,-16.442,80.2528,SJ,SJM
25667,-18.518,77.1513,IS,ISL
25668,-28.9243,82.1798,IS,ISL
25669,-28.4965,83.2197,IS,ISL
25670,-20.8882,78.8145,IS,ISL
25671,-18.771,76.6063,IS,ISL
25672,-20.2313,81.3415,IS,ISL
25673,-16.004,80.3734,SJ,SJM
25674,-14.5742,81.7204,SJ,SJM
25675,-30.0303,82.1463,IS,ISL
25676,-20.9305,73.6609,IS,ISL
25677,-24.5769,81.5284,IS,ISL
25678,-23.1396,76.677,IS,ISL
25679,-25.9051,82.8912,IS,ISL
25680,-13.0539,81.336,SJ,SJM
25681,-24.8072,73.3787,IS,ISL
25682,-21.0841,73.5149,IS,ISL
25683,-19.0493,78.3382,IS,ISL
25684,-19.9505,76.9638,IS,ISL
25685,-25.1627,72.9285,IS,ISL
25686,-17.4801,80.7406,SJ,SJM
25687,-32.2105,82.0708,GL,GRL
25688,-31.3565,83.5343,GL,GRL
25689,-15.0958,80.8586,SJ,SJM
25690,-22.3119,81.9402,IS,ISL
25691,-19.5836,75.631,IS,ISL
25692,-20.6561,81.2141,IS,ISL
25693,-21.9533,74.0053,IS,ISL
25694,-27.3933,81.9672,IS,ISL
25695,-20.1837,78.8382,IS,ISL
25696,-17.9788,75.2967,IS,ISL
25697,-22.5327,73.4165,IS,ISL
25698,-21.7665,76.8838,IS,ISL
25699,-13.5866,81.2174,SJ,SJM
25700,-15.6492,81.7252,SJ,SJM
25701,-26.303,81.9937,IS,ISL
25702,-18.3663,75.0125,IS,ISL
25703,-21.8908,76.3328,IS,ISL
25704,-23.7057,72.08,IS,ISL
25705,-19.9518,75.3436,IS,ISL
25706,-20.1265,74.7935,IS,ISL
25707,-23.9908,82.4178,IS,ISL
25708,-23.2051,72.6759,IS,ISL
25709,-23.5801,73.7537,IS,ISL
25710,-20.8006,77.6042,IS,ISL
25711,-23.7907,72.4892,IS,ISL
25712,-20.2895,74.2426,IS,ISL
25713,-27.8085,82.2104,IS,ISL
25714,-30.3716,83.4311,IS,ISL
25715,-20.2979,74.6489,IS,ISL
25716,-21.4464,81.577,IS,ISL
25717,-13.5003,81.7127,SJ,SJM
25718,-20.7743,73.8067,IS,ISL
25719,-22.971,76.8231,IS,ISL
25720,-24.0336,72.1904,IS,ISL
25721,-20.7945,74.2136,IS,ISL
25722,-20.5233,76.1283,IS,ISL
25723,-24.5735,73.1191,IS,ISL
25724,-19.5238,77.6526,IS,ISL
25725,-22.0507,73.4505,IS,ISL
25726,-17.4111,80.4965,SJ,SJM
25727,-33.5168,81.8894,GL,GRL
25728,-25.6103,81.5068,IS,ISL
25729,-17.8368,75.0348,IS,ISL
25730,-25.0441,72.5189,IS,ISL
25731,-19.9479,79.3812,IS,ISL
25732,-21.2119,81.9532,IS,ISL
25733,-25.582,81.8837,IS,ISL
25734,-19.1016,74.4405,IS,ISL
25735,-24.9293,72.6692,IS,ISL
25736,-19.4096,75.3693,IS,ISL
25737,-15.571,80.7382,SJ,SJM
25738,-18.249,80.2512,SJ,SJM
25739,-21.0021,77.4607,IS,ISL
25740,-22.3047,74.1193,IS,ISL
25741,-18.9226,74.5839,IS,ISL
25742,-22.0926,72.487,IS,ISL
25743,-22.6605,81.1891,IS,ISL
25744,-12.5781,81.2071,SJ,SJM
25745,-18.1743,75.1547,IS,ISL
25746,-23.973,73.3074,IS,ISL
25747,-19.3128,79.6414,IS,ISL
25748,-35.0485,83.545,GL,GRL
25749,-21.4891,76.2171,IS,ISL
25750,-22.8214,82.4354,IS,ISL
25751,-23.075,72.8244,IS,ISL
25752,-20.3258,75.8668,IS,ISL
25753,-20.5948,77.7473,IS,ISL
25754,-19.3407,81.5956,SJ,SJM
25755,-19.5372,77.249,IS,ISL
25756,-26.6838,82.238,IS,ISL
25757,-29.0389,83.4659,IS,ISL
25758,-22.9427,72.9727,IS,ISL
25759,-18.9481,76.868,IS,ISL
25760,-11.9407,81.5718,SJ,SJM
25761,-22.7159,76.5628,IS,ISL
25762,-23.7132,73.6052,IS,ISL
25763,-12.9949,81.5837,SJ,SJM
25764,-24.4509,73.2687,IS,ISL
25765,-25.0963,82.779,IS,ISL
25766,-20.7068,75.984,IS,ISL
25767,-32.4647,81.9318,GL,GRL
25768,-19.3432,76.9875,IS,ISL
25769,-16.5257,80.7406,SJ,SJM
25770,-34.0031,83.4491,GL,GRL
25771,-19.6723,79.5178,IS,ISL
25772,-22.7345,81.8094,IS,ISL
25773,-22.1937,73.3033,IS,ISL
25774,-24.7027,72.4098,IS,ISL
25775,-21.35,76.7676,IS,ISL
25776,-22.1555,74.2663,IS,ISL
25777,-21.068,81.0865,IS,ISL
25778,-20.7962,79.99,IS,ISL
25779,-27.9936,82.9737,IS,ISL
25780,-21.6071,73.8909,IS,ISL
25781,-23.0046,72.4157,IS,ISL
25782,-23.361,73.4935,IS,ISL
25783,-14.1041,81.0982,SJ,SJM
25784,-16.1677,81.6023,SJ,SJM
25785,-26.7408,83.0021,IS,ISL
25786,-19.5937,75.2258,IS,ISL
25787,-21.1623,76.9119,IS,ISL
25788,-23.0403,81.0595,IS,ISL
25789,-18.9397,79.7641,SJ,SJM
25790,-20.5998,73.5454,IS,ISL
25791,-21.8812,77.694,IS,ISL
25792,-25.5508,82.2627,IS,ISL
25793,-18.7352,77.0098,IS,ISL
25794,-23.3333,72.5272,IS,ISL
25795,-19.9523,74.5319,IS,ISL
25796,-21.8641,81.4479,IS,ISL
25797,-17.3458,80.2532,SJ,SJM
25798,-19.7839,74.2703,IS,ISL
25799,-24.4103,82.2844,IS,ISL
25800,-21.6485,74.2984,IS,ISL
25801,-18.5568,79.8867,SJ,SJM
25802,-30.6128,81.8708,IS,ISL
25803,-22.3694,76.8542,IS,ISL
25804,-23.8686,82.7996,IS,ISL
25805,-24.3467,72.8594,IS,ISL
25806,-19.9512,76.1543,IS,ISL
25807,-22.3339,77.8098,IS,ISL
25808,-25.9459,81.7499,IS,ISL
25809,-24.2242,73.0089,IS,ISL
25810,-20.8382,75.027,IS,ISL
25811,-20.5569,76.9386,IS,ISL
25812,-22.4398,80.9455,IS,ISL
25813,-16.4827,80.4963,SJ,SJM
25814,-18.0828,79.7679,SJ,SJM
25815,-32.6889,83.4934,GL,GRL
25816,-19.4604,79.2616,IS,ISL
25817,-21.6537,81.8235,IS,ISL
25818,-20.3844,77.8902,IS,ISL
25819,-25.1686,73.4882,IS,ISL
25820,-20.5752,77.3432,IS,ISL
25821,-20.4291,80.1151,IS,ISL
25822,-24.8812,81.7726,IS,ISL
25823,-22.8748,72.5641,IS,ISL
25824,-19.9484,78.9797,IS,ISL
25825,-20.6673,75.1719,IS,ISL
25826,-23.6246,73.1963,IS,ISL
25827,-20.6494,79.7499,IS,ISL
25828,-16.6703,81.4791,SJ,SJM
25829,-21.1536,79.8648,IS,ISL
25830,-23.1033,82.6841,IS,ISL
25831,-19.9515,75.7491,IS,ISL
25832,-22.6089,72.8603,IS,ISL
25833,-24.4334,73.8272,IS,ISL
25834,-33.7419,81.75,GL,GRL
25835,-28.103,83.3585,IS,ISL
25836,-24.5601,73.6779,IS,ISL
25837,-21.8871,82.6994,IS,ISL
25838,-19.793,81.4687,SJ,SJM
25839,-18.1638,80.0091,SJ,SJM
25840,-29.5489,81.9057,IS,ISL
25841,-24.2002,81.6605,IS,ISL
25842,-22.1255,76.5936,IS,ISL
25843,-21.5678,73.4833,IS,ISL
25844,-25.4776,83.0271,IS,ISL
25845,-12.5055,81.4542,SJ,SJM
25846,-19.0014,81.9705,SJ,SJM
25847,-24.0042,72.7491,IS,ISL
25848,-21.4674,80.9587,IS,ISL
25849,-14.607,80.9786,SJ,SJM
25850,-25.0483,73.6382,IS,ISL
25851,-22.081,81.6936,IS,ISL
25852,-19.6123,74.4145,IS,ISL
25853,-22.6805,72.3038,IS,ISL
25854,-23.0138,73.3813,IS,ISL
25855,-20.1566,77.2251,IS,ISL
25856,-19.7074,79.1208,IS,ISL
25857,-22.2798,72.7476,IS,ISL
25858,-20.4933,75.3166,IS,ISL
25859,-21.5365,78.3858,IS,ISL
25860,-22.3608,72.1915,IS,ISL
25861,-32.9463,81.6542,GL,GRL
25862,-27.1982,83.2495,IS,ISL
25863,-22.2996,76.4481,IS,ISL
25864,-23.2812,73.0847,IS,ISL
25865,-22.1412,77.9543,IS,ISL
25866,-19.2085,81.3489,SJ,SJM
25867,-18.9171,77.2714,IS,ISL
25868,-23.9396,73.8653,IS,ISL
25869,-18.3458,76.8895,IS,ISL
25870,-24.1267,72.5997,IS,ISL
25871,-21.1094,78.6719,IS,ISL
25872,-21.2988,74.1834,IS,ISL
25873,-18.9774,76.4642,IS,ISL
25874,-25.0461,73.0787,IS,ISL
25875,-31.126,82.11,GL,GRL
25876,-21.1117,73.9222,IS,ISL
25877,15.8904,78.5797,SJ,SJM
25878,14.556,78.742,SJ,SJM
25879,16.5433,78.4964,SJ,SJM
25880,16.9981,77.1313,SJ,SJM
25881,21.5085,77.9235,SJ,SJM
25882,19.8662,80.1776,SJ,SJM
25883,21.7286,79.4564,SJ,SJM
25884,18.7499,79.2471,SJ,SJM
25885,19.6653,79.7386,SJ,SJM
25886,10.928,79.4087,SJ,SJM
25887,20.5942,78.6839,SJ,SJM
25888,16.7172,79.9469,SJ,SJM
25889,12.637,78.4001,SJ,SJM
25890,15.9105,79.0123,SJ,SJM
25891,17.4572,79.8608,SJ,SJM
25892,17.6453,77.4703,SJ,SJM
25893,23.043,79.2613,SJ,SJM
25894,22.4943,79.5045,SJ,SJM
25895,21.2853,77.4977,SJ,SJM
25896,14.6104,78.0258,SJ,SJM
25897,15.2373,78.0884,SJ,SJM
25898,21.219,78.59,SJ,SJM
25899,16.9796,76.9905,SJ,SJM
25900,11.8233,78.9041,SJ,SJM
25901,22.1208,80.039,SJ,SJM
25902,12.9831,79.7671,SJ,SJM
25903,16.5285,78.3529,SJ,SJM
25904,15.8336,77.1561,SJ,SJM
25905,25.4868,79.5343,NO,NOR
25906,23.762,77.5356,NO,NOR
25907,15.9401,79.593,SJ,SJM
25908,23.0555,80.2329,SJ,SJM
25909,17.0365,77.4139,SJ,SJM
25910,15.2436,77.6614,SJ,SJM
25911,19.4239,79.1569,SJ,SJM
25912,16.3762,76.6528,SJ,SJM
25913,21.142,78.4465,SJ,SJM
25914,11.6689,79.3364,SJ,SJM
25915,21.0532,79.5519,SJ,SJM
25916,15.9563,79.885,SJ,SJM
25917,15.8602,77.8644,SJ,SJM
25918,21.4322,77.7813,SJ,SJM
25919,15.2394,77.9458,SJ,SJM
25920,21.8337,78.4948,SJ,SJM
25921,14.4938,79.4651,SJ,SJM
25922,15.2203,79.0945,SJ,SJM
25923,11.5005,79.7711,SJ,SJM
25924,16.6416,79.3634,SJ,SJM
25925,14.6671,77.1757,SJ,SJM
25926,22.564,77.5902,NO,NOR
25927,26.6102,79.8619,NO,NOR
25928,23.7609,80.1326,SJ,SJM
25929,22.2572,78.1128,SJ,SJM
25930,15.2119,79.5298,SJ,SJM
25931,20.9711,79.4066,SJ,SJM
25932,14.0429,77.5363,SJ,SJM
25933,21.7492,78.3516,SJ,SJM
25934,11.5583,79.6259,SJ,SJM
25935,17.4265,79.7146,SJ,SJM
25936,14.6491,77.4579,SJ,SJM
25937,19.8975,78.6324,SJ,SJM
25938,18.5269,78.525,SJ,SJM
25939,18.2957,77.6674,SJ,SJM
25940,22.9341,78.1582,SJ,SJM
25941,13.9911,77.962,SJ,SJM
25942,13.9155,78.5334,SJ,SJM
25943,15.8778,78.2927,SJ,SJM
25944,16.3987,76.9333,SJ,SJM
25945,13.0538,79.4764,SJ,SJM
25946,15.2148,79.3844,SJ,SJM
25947,12.2652,79.6972,SJ,SJM
25948,19.0071,79.976,SJ,SJM
25949,18.3689,77.9522,SJ,SJM
25950,20.0868,79.0652,SJ,SJM
25951,16.9615,76.85,SJ,SJM
25952,11.872,78.7606,SJ,SJM
25953,15.2515,77.0961,SJ,SJM
25954,23.1168,77.493,NO,NOR
25955,22.838,78.0158,SJ,SJM
25956,15.9324,79.4474,SJ,SJM
25957,18.4858,78.3813,SJ,SJM
25958,12.4421,79.118,SJ,SJM
25959,15.2457,77.5197,SJ,SJM
25960,25.3406,79.3901,NO,NOR
25961,12.3114,79.552,SJ,SJM
25962,24.5247,77.718,NO,NOR
25963,25.4364,80.2184,NO,NOR
25964,20.2928,79.5004,SJ,SJM
25965,19.2084,78.5794,SJ,SJM
25966,24.5673,79.349,NO,NOR
25967,21.9188,79.7472,SJ,SJM
25968,23.4095,77.9177,NO,NOR
25969,14.6204,77.8834,SJ,SJM
25970,13.7857,79.399,SJ,SJM
25971,15.8238,76.8748,SJ,SJM
25972,12.5622,78.6864,SJ,SJM
25973,11.7218,79.1921,SJ,SJM
25974,25.7925,79.8233,NO,NOR
25975,16.6241,79.2182,SJ,SJM
25976,17.0171,77.2725,SJ,SJM
25977,22.9363,80.0868,SJ,SJM
25978,21.5867,78.0659,SJ,SJM
25979,13.712,79.8355,SJ,SJM
25980,15.9481,79.7388,SJ,SJM
25981,19.9375,80.3245,SJ,SJM
25982,18.7983,79.3924,SJ,SJM
25983,21.0669,78.3032,SJ,SJM
25984,20.6793,80.2309,SJ,SJM
25985,10.8623,79.5533,SJ,SJM
25986,14.0594,77.395,SJ,SJM
25987,21.6669,78.2086,SJ,SJM
25988,12.6001,78.5431,SJ,SJM
25989,20.4404,79.7919,SJ,SJM
25990,17.3967,79.5687,SJ,SJM
25991,17.6728,77.6121,SJ,SJM
25992,23.154,79.4059,SJ,SJM
25993,16.607,79.0733,SJ,SJM
25994,21.3579,77.6394,SJ,SJM
25995,16.9438,76.7097,SJ,SJM
25996,23.9717,77.8184,NO,NOR
25997,21.2982,78.7338,SJ,SJM
25998,21.9218,77.5446,SJ,SJM
25999,14.0088,77.8198,SJ,SJM
26000,13.9351,78.3901,SJ,SJM
26001,15.8718,78.1497,SJ,SJM
26002,16.3873,76.7929,SJ,SJM
26003,12.4832,78.9739,SJ,SJM
26004,21.2248,79.8433,SJ,SJM
26005,13.2999,78.3243,SJ,SJM
26006,18.9525,79.8297,SJ,SJM
26007,18.3318,77.8097,SJ,SJM
26008,20.022,78.9207,SJ,SJM
26009,25.6374,79.6787,NO,NOR
26010,23.8656,77.6769,NO,NOR
26011,26.117,80.1131,NO,NOR
26012,15.2279,78.6616,SJ,SJM
26013,23.1785,80.3793,SJ,SJM
26014,19.0942,74.4916,NO,NOR
26015,18.4458,78.238,SJ,SJM
26016,15.8546,77.7221,SJ,SJM
26017,11.2856,78.5469,SJ,SJM
26018,24.5943,80.1765,SJ,SJM
26019,18.1034,79.4813,SJ,SJM
26020,23.8014,79.306,SJ,SJM
26021,14.4802,79.6106,SJ,SJM
26022,15.2176,79.2393,SJ,SJM
26023,21.8223,79.6017,SJ,SJM
26024,13.8953,78.677,SJ,SJM
26025,16.4103,77.0739,SJ,SJM
26026,21.407,80.1357,SJ,SJM
26027,19.0634,80.1226,SJ,SJM
26028,18.4069,78.0949,SJ,SJM
26029,20.6654,78.8279,SJ,SJM
26030,14.6582,77.3167,SJ,SJM
26031,26.7832,80.0065,NO,NOR
26032,59.282,75.9083,RU,RUS
26033,53.818,73.2268,RU,RUS
26034,47.4417,80.8173,RU,RUS
26035,56.3969,81.2612,RU,RUS
26036,69.6256,72.8305,RU,RUS
26037,53.2848,80.2589,RU,RUS
26038,58.0778,74.0899,RU,RUS
26039,60.1088,80.6627,RU,RUS
26040,60.6277,75.0973,RU,RUS
26041,50.3327,80.7589,RU,RUS
26042,64.7316,81.1228,RU,RUS
26043,61.8203,75.5461,RU,RUS
26044,55.9759,80.1536,RU,RUS
26045,60.8014,76.0606,RU,RUS
26046,64.8938,80.963,RU,RUS
26047,68.9538,72.0541,RU,RUS
26048,57.8073,81.4878,RU,RUS
26049,52.4813,72.1556,RU,RUS
26050,54.8184,73.945,RU,RUS
26051,45.4827,80.5729,RU,RUS
26052,57.7307,75.3423,RU,RUS
26053,59.1047,74.5447,RU,RUS
26054,55.726,74.4116,RU,RUS
26055,56.0243,72.9272,RU,RUS
26056,70.9914,72.7545,RU,RUS
26057,53.352,72.8689,RU,RUS
26058,70.8821,73.3772,RU,RUS
26059,57.2985,80.7996,RU,RUS
26060,56.9112,73.3835,RU,RUS
26061,48.3019,80.5301,RU,RUS
26062,61.3022,81.0321,RU,RUS
26063,69.24,72.5961,RU,RUS
26064,63.193,81.6602,RU,RUS
26065,55.905,74.2647,RU,RUS
26066,60.3417,74.846,RU,RUS
26067,67.1,76.8915,RU,RUS
26068,64.883,75.8083,RU,RUS
26069,56.5158,75.026,RU,RUS
26070,60.3397,80.5063,RU,RUS
26071,54.467,73.8377,RU,RUS
26072,61.5032,75.2949,RU,RUS
26073,63.957,76.3379,RU,RUS
26074,50.7226,80.6119,RU,RUS
26075,56.6948,74.8776,RU,RUS
26076,61.3688,75.4479,RU,RUS
26077,55.6859,72.8233,RU,RUS
26078,70.4318,73.2992,RU,RUS
26079,59.8699,80.8191,RU,RUS
26080,66.38,76.0821,RU,RUS
26081,54.4618,80.494,RU,RUS
26082,55.5374,74.1585,RU,RUS
26083,54.6507,73.6928,RU,RUS
26084,56.0387,80.9933,RU,RUS
26085,66.556,76.8016,RU,RUS
26086,63.3344,75.6818,RU,RUS
26087,70.9102,73.2213,RU,RUS
26088,57.2103,80.3795,RU,RUS
26089,58.5502,74.593,RU,RUS
26090,48.7126,80.3858,RU,RUS
26091,55.1885,72.4706,RU,RUS
26092,57.4801,80.2256,RU,RUS
26093,69.2818,72.4418,RU,RUS
26094,55.3512,72.3267,RU,RUS
26095,61.7346,80.717,RU,RUS
26096,58.8401,75.8051,RU,RUS
26097,53.4901,73.1192,RU,RUS
26098,56.4829,74.6238,RU,RUS
26099,56.8618,80.1138,RU,RUS
26100,65.8737,75.9917,RU,RUS
26101,69.1975,72.7507,RU,RUS
26102,65.5912,76.4619,RU,RUS
26103,55.9384,75.0674,RU,RUS
26104,62.8663,75.5862,RU,RUS
26105,60.1997,74.9976,RU,RUS
26106,70.464,73.1435,RU,RUS
26107,49.7775,80.6351,RU,RUS
26108,55.7017,80.7257,RU,RUS
26109,60.3415,75.9599,RU,RUS
26110,54.8311,73.5478,RU,RUS
26111,46.9254,80.6895,RU,RUS
26112,70.3989,73.455,RU,RUS
26113,61.7436,76.26,RU,RUS
26114,67.9433,76.3478,RU,RUS
26115,58.4053,75.7014,RU,RUS
26116,70.5267,72.8327,RU,RUS
26117,64.2917,75.8709,RU,RUS
26118,55.0298,72.2228,RU,RUS
26119,57.3193,75.2373,RU,RUS
26120,53.0348,72.7612,RU,RUS
26121,56.6438,80.6868,RU,RUS
26122,56.5562,73.2802,RU,RUS
26123,49.3719,80.7809,RU,RUS
26124,53.6738,72.9763,RU,RUS
26125,68.2821,76.9097,RU,RUS
26126,57.4807,73.7366,RU,RUS
26127,52.1839,72.048,RU,RUS
26128,57.6973,73.9874,RU,RUS
26129,59.4274,80.5551,RU,RUS
26130,60.8069,80.7693,RU,RUS
26131,54.4884,73.4412,RU,RUS
26132,59.9233,74.7461,RU,RUS
26133,55.9213,74.6653,RU,RUS
26134,57.8533,73.8391,RU,RUS
26135,54.1208,73.73,RU,RUS
26136,71.8915,72.7505,RU,RUS
26137,63.4607,76.2425,RU,RUS
26138,60.9242,75.349,RU,RUS
26139,55.3521,72.7191,RU,RUS
26140,64.1295,80.8641,RU,RUS
26141,54.6673,73.2967,RU,RUS
26142,58.2465,81.7549,RU,RUS
26143,52.7221,72.6532,RU,RUS
26144,55.0622,81.0305,RU,RUS
26145,58.5733,75.5505,RU,RUS
26146,56.2063,73.1766,RU,RUS
26147,55.1914,72.0794,RU,RUS
26148,55.3873,80.8782,RU,RUS
26149,59.511,74.6457,RU,RUS
26150,56.5855,80.267,RU,RUS
26151,57.9702,80.9113,RU,RUS
26152,48.2017,80.2602,RU,RUS
26153,62.972,76.1463,RU,RUS
26154,68.8656,72.3617,RU,RUS
26155,59.8888,75.8585,RU,RUS
26156,54.3314,73.1902,RU,RUS
26157,68.3495,76.7512,RU,RUS
26158,61.0289,80.6122,RU,RUS
26159,70.0932,72.7546,RU,RUS
26160,56.1015,74.5179,RU,RUS
26161,56.9144,75.1319,RU,RUS
26162,68.4152,76.5927,RU,RUS
26163,51.29,80.7343,RU,RUS
26164,65.0768,76.3695,RU,RUS
26165,58.153,74.4905,RU,RUS
26166,62.4051,75.4898,RU,RUS
26167,47.2903,80.277,RU,RUS
26168,54.7531,80.7621,RU,RUS
26169,52.7829,72.2631,RU,RUS
26170,63.1976,80.9226,RU,RUS
26171,55.1752,74.052,RU,RUS
26172,52.9069,72.5118,RU,RUS
26173,59.4809,79.9802,RU,RUS
26174,66.0202,76.7107,RU,RUS
26175,71.4301,72.8308,RU,RUS
26176,61.2688,76.1606,RU,RUS
26177,53.0886,72.3703,RU,RUS
26178,58.4639,74.1919,RU,RUS
26179,67.4147,76.2602,RU,RUS
26180,66.1134,76.5534,RU,RUS
26181,52.5342,72.7947,RU,RUS
26182,49.2377,80.5108,RU,RUS
26183,55.516,72.5747,RU,RUS
26184,57.3953,81.2206,RU,RUS
26185,67.6523,76.9805,RU,RUS
26186,65.3748,75.9004,RU,RUS
26187,51.7041,72.0796,RU,RUS
26188,56.8702,74.7292,RU,RUS
26189,57.1133,73.6337,RU,RUS
26190,60.4862,75.2494,RU,RUS
26191,64.5701,76.2762,RU,RUS
26192,68.4794,76.4344,RU,RUS
26193,58.31,74.3412,RU,RUS
26194,66.8937,76.1716,RU,RUS
26195,63.3826,80.7638,RU,RUS
26196,46.4239,80.5611,RU,RUS
26197,68.9101,72.2078,RU,RUS
26198,63.8095,75.7768,RU,RUS
26199,71.3612,73.2982,RU,RUS
26200,58.1487,75.4467,RU,RUS
26201,55.8612,73.0726,RU,RUS
26202,58.1135,80.3364,RU,RUS
26203,57.0082,80.9536,RU,RUS
26204,56.7512,73.5303,RU,RUS
26205,62.36,76.2039,RU,RUS
26206,81.8375,75.4239,RU,RUS
26207,104.4875,77.6611,RU,RUS
26208,107.2062,76.4788,RU,RUS
26209,87.5971,75.0026,RU,RUS
26210,100.0907,78.3651,RU,RUS
26211,94.4342,79.4037,RU,RUS
26212,97.9431,76.031,RU,RUS
26213,87.4486,74.8462,RU,RUS
26214,94.8497,79.9948,RU,RUS
26215,102.4733,78.9579,RU,RUS
26216,96.8859,79.0322,RU,RUS
26217,84.8797,73.6208,RU,RUS
26218,101.5728,79.2413,RU,RUS
26219,81.7981,72.437,RU,RUS
26220,95.7745,80.018,RU,RUS
26221,105.5834,72.9094,RU,RUS
26222,105.5173,76.9335,RU,RUS
26223,81.9159,73.6363,RU,RUS
26224,95.5524,80.302,RU,RUS
26225,100.5298,78.2259,RU,RUS
26226,94.2057,76.0692,RU,RUS
26227,99.9593,76.064,RU,RUS
26228,101.1734,76.9374,RU,RUS
26229,97.7986,79.7714,RU,RUS
26230,103.3323,78.3836,RU,RUS
26231,99.8873,76.3502,RU,RUS
26232,93.0607,80.8148,RU,RUS
26233,75.4722,72.3816,RU,RUS
26234,72.821,72.2758,RU,RUS
26235,92.7119,79.7852,RU,RUS
26236,75.457,72.2258,RU,RUS
26237,89.7417,75.4282,RU,RUS
26238,102.932,78.2394,RU,RUS
26239,77.2454,72.3286,RU,RUS
26240,83.3959,73.6337,RU,RUS
26241,91.4942,80.0338,RU,RUS
26242,98.9589,79.214,RU,RUS
26243,99.4452,79.0768,RU,RUS
26244,91.8159,75.681,RU,RUS
26245,102.9653,77.3761,RU,RUS
26246,97.0065,75.8663,RU,RUS
26247,99.7324,78.2169,RU,RUS
26248,96.081,80.8922,RU,RUS
26249,101.2228,78.8073,RU,RUS
26250,99.2855,76.0549,RU,RUS
26251,87.1511,75.1181,RU,RUS
26252,100.17,78.0782,RU,RUS
26253,87.3072,74.1062,RU,RUS
26254,107.3147,73.1617,RU,RUS
26255,94.5144,79.8408,RU,RUS
26256,102.0287,79.1,RU,RUS
26257,97.6388,80.0569,RU,RUS
26258,105.6201,73.1949,RU,RUS
26259,89.1252,75.3922,RU,RUS
26260,75.0573,72.7827,RU,RUS
26261,102.1299,78.2371,RU,RUS
26262,72.3491,72.6691,RU,RUS
26263,86.7745,73.4837,RU,RUS
26264,93.9706,75.9163,RU,RUS
26265,106.5044,76.4895,RU,RUS
26266,72.4015,72.0482,RU,RUS
26267,93.7406,75.7634,RU,RUS
26268,86.3652,73.5975,RU,RUS
26269,103.7594,79.1034,RU,RUS
26270,98.229,78.9142,RU,RUS
26271,72.3757,72.3583,RU,RUS
26272,94.869,76.0921,RU,RUS
26273,92.1103,79.9101,RU,RUS
26274,95.9454,75.9817,RU,RUS
26275,81.3173,72.384,RU,RUS
26276,86.7258,74.6482,RU,RUS
26277,101.1655,79.0946,RU,RUS
26278,92.4031,80.5031,RU,RUS
26279,91.6134,75.5266,RU,RUS
26280,100.8355,78.6603,RU,RUS
26281,93.8735,79.5319,RU,RUS
26282,99.3394,79.3633,RU,RUS
26283,94.2609,80.1236,RU,RUS
26284,100.4583,78.5129,RU,RUS
26285,87.0215,74.3773,RU,RUS
26286,94.1891,79.6865,RU,RUS
26287,104.5665,78.5253,RU,RUS
26288,78.5946,72.3563,RU,RUS
26289,84.4555,73.7307,RU,RUS
26290,101.6204,78.9539,RU,RUS
26291,76.644,79.5581,RU,RUS
26292,75.4422,72.0702,RU,RUS
26293,93.0958,75.7376,RU,RUS
26294,104.8226,77.2271,RU,RUS
26295,96.0398,79.0127,RU,RUS
26296,97.2584,79.9056,RU,RUS
26297,105.3214,73.0563,RU,RUS
26298,105.1738,77.0806,RU,RUS
26299,88.956,75.2363,RU,RUS
26300,75.0457,72.6264,RU,RUS
26301,72.3625,72.5136,RU,RUS
26302,106.5708,76.7773,RU,RUS
26303,93.5454,76.0444,RU,RUS
26304,79.4815,72.3176,RU,RUS
26305,95.5169,79.144,RU,RUS
26306,78.5081,72.0445,RU,RUS
26307,79.2122,72.8847,RU,RUS
26308,91.0119,81.1862,RU,RUS
26309,107.0021,73.0254,RU,RUS
26310,72.3887,72.2031,RU,RUS
26311,106.8075,73.4601,RU,RUS
26312,80.7129,72.0186,RU,RUS
26313,80.9718,72.6421,RU,RUS
26314,104.998,78.6674,RU,RUS
26315,86.4912,73.7533,RU,RUS
26316,103.7208,77.6635,RU,RUS
26317,95.4506,81.0229,RU,RUS
26318,98.9033,76.1924,RU,RUS
26319,103.3387,77.52,RU,RUS
26320,81.1087,72.9549,RU,RUS
26321,99.2277,79.6498,RU,RUS
26322,88.1918,75.0422,RU,RUS
26323,78.0914,72.1401,RU,RUS
26324,86.8849,74.2212,RU,RUS
26325,104.1457,78.3826,RU,RUS
26326,103.3276,78.9595,RU,RUS
26327,80.816,73.3703,RU,RUS
26328,81.3986,73.5824,RU,RUS
26329,96.8934,80.4756,RU,RUS
26330,97.701,80.7789,RU,RUS
26331,105.6128,77.5095,RU,RUS
26332,106.1824,76.638,RU,RUS
26333,96.4826,81.0449,RU,RUS
26334,86.4567,74.3353,RU,RUS
26335,105.2132,77.3686,RU,RUS
26336,85.9504,73.7104,RU,RUS
26337,79.1614,72.7281,RU,RUS
26338,100.5766,76.3578,RU,RUS
26339,99.6282,79.7989,RU,RUS
26340,106.9675,76.916,RU,RUS
26341,106.4937,73.323,RU,RUS
26342,82.872,73.5834,RU,RUS
26343,80.9053,72.486,RU,RUS
26344,92.7188,80.2221,RU,RUS
26345,79.264,73.0415,RU,RUS
26346,102.2173,77.3744,RU,RUS
26347,107.4514,73.7335,RU,RUS
26348,107.9075,76.4662,RU,RUS
26349,86.1522,74.6052,RU,RUS
26350,90.9859,75.4954,RU,RUS
26351,101.8613,77.2291,RU,RUS
26352,98.6134,76.0438,RU,RUS
26353,81.0396,72.7984,RU,RUS
26354,98.8386,79.5003,RU,RUS
26355,78.1706,72.4521,RU,RUS
26356,93.3321,80.0962,RU,RUS
26357,82.6064,72.2283,RU,RUS
26358,75.012,72.1588,RU,RUS
26359,102.4482,79.2456,RU,RUS
26360,80.7481,73.2133,RU,RUS
26361,97.3881,78.8985,RU,RUS
26362,96.7043,80.0388,RU,RUS
26363,106.2426,76.9258,RU,RUS
26364,96.5086,80.3235,RU,RUS
26365,83.9238,73.6828,RU,RUS
26366,101.329,78.2326,RU,RUS
26367,87.4457,73.6796,RU,RUS
26368,92.4542,75.7102,RU,RUS
26369,80.6814,73.0565,RU,RUS
26370,82.2045,72.3331,RU,RUS
26371,88.3504,75.1984,RU,RUS
26372,94.9819,79.2743,RU,RUS
26373,74.6147,73.0269,RU,RUS
26374,100.2646,76.2111,RU,RUS
26375,101.5546,76.7963,RU,RUS
26376,90.362,75.4626,RU,RUS
26377,95.7917,76.2649,RU,RUS
26378,80.3067,72.1191,RU,RUS
26379,106.442,73.0373,RU,RUS
26380,104.5955,78.8134,RU,RUS
26381,93.7083,80.6884,RU,RUS
26382,107.1267,73.597,RU,RUS
26383,97.6671,75.8816,RU,RUS
26384,87.3033,74.6898,RU,RUS
26385,77.6705,72.2348,RU,RUS
26386,94.425,80.998,RU,RUS
26387,107.879,73.1476,RU,RUS
26388,95.1956,80.1485,RU,RUS
26389,82.5265,72.0729,RU,RUS
26390,75.0012,72.0033,RU,RUS
26391,77.7423,72.5471,RU,RUS
26392,96.3012,80.6079,RU,RUS
26393,87.3108,73.5243,RU,RUS
26394,80.8853,73.5274,RU,RUS
26395,95.8469,81.1762,RU,RUS
26396,87.5833,73.835,RU,RUS
26397,96.6942,80.7604,RU,RUS
26398,104.8545,77.5151,RU,RUS
26399,79.0144,72.2594,RU,RUS
26400,101.5134,77.0834,RU,RUS
26401,79.6866,80.8996,RU,RUS
26402,78.7305,72.8253,RU,RUS
26403,93.4066,80.9704,RU,RUS
26404,99.1098,79.9362,RU,RUS
26405,75.4876,72.5377,RU,RUS
26406,99.0731,78.9276,RU,RUS
26407,101.2213,76.6505,RU,RUS
26408,85.4132,73.6663,RU,RUS
26409,95.5352,76.1134,RU,RUS
26410,93.0172,79.9408,RU,RUS
26411,92.0903,80.3468,RU,RUS
26412,98.7117,79.7864,RU,RUS
26413,106.139,72.8999,RU,RUS
26414,100.8954,76.5043,RU,RUS
26415,93.3676,80.5332,RU,RUS
26416,87.17,73.9505,RU,RUS
26417,105.9239,73.3333,RU,RUS
26418,79.8963,72.2188,RU,RUS
26419,96.3482,75.8492,RU,RUS
26420,77.2772,72.4847,RU,RUS
26421,82.352,73.5319,RU,RUS
26422,104.1828,78.9587,RU,RUS
26423,87.1609,74.5335,RU,RUS
26424,90.5496,75.6178,RU,RUS
26425,110.5923,73.4921,RU,RUS
26426,127.8129,72.3358,RU,RUS
26427,139.9494,75.6417,RU,RUS
26428,113.0293,76.1665,RU,RUS
26429,143.7448,75.0889,RU,RUS
26430,140.9455,72.7273,RU,RUS
26431,111.3032,73.754,RU,RUS
26432,109.4341,76.7223,RU,RUS
26433,122.1669,72.8464,RU,RUS
26434,141.8361,75.8427,RU,RUS
26435,109.6742,73.381,RU,RUS
26436,109.0169,76.5872,RU,RUS
26437,113.5314,75.4105,RU,RUS
26438,137.6386,75.8566,RU,RUS
26439,139.6903,74.9699,RU,RUS
26440,113.1865,74.3995,RU,RUS
26441,142.3669,72.5873,RU,RUS
26442,135.796,75.4549,RU,RUS
26443,112.7011,75.1541,RU,RUS
26444,142.8146,75.4678,RU,RUS
26445,137.5972,75.6882,RU,RUS
26446,113.6489,73.2039,RU,RUS
26447,141.7654,73.4621,RU,RUS
26448,141.2851,75.9449,RU,RUS
26449,112.4144,74.143,RU,RUS
26450,114.3975,73.4554,RU,RUS
26451,125.9002,73.3681,RU,RUS
26452,110.7187,73.7773,RU,RUS
26453,128.8144,72.1956,RU,RUS
26454,114.0203,73.3299,RU,RUS
26455,141.0247,74.1681,RU,RUS
26456,143.2412,73.3161,RU,RUS
26457,127.9774,73.2691,RU,RUS
26458,143.1333,75.0286,RU,RUS
26459,140.0179,75.8096,RU,RUS
26460,141.2013,75.7774,RU,RUS
26461,118.3426,73.188,RU,RUS
26462,109.3374,73.248,RU,RUS
26463,113.1126,75.2826,RU,RUS
26464,143.4429,75.5289,RU,RUS
26465,139.1012,74.8991,RU,RUS
26466,113.049,73.6743,RU,RUS
26467,138.8863,76.0042,RU,RUS
26468,142.5266,74.9667,RU,RUS
26469,116.8952,73.593,RU,RUS
26470,125.3564,73.4311,RU,RUS
26471,123.8049,73.4461,RU,RUS
26472,112.6778,73.5465,RU,RUS
26473,138.2592,75.9312,RU,RUS
26474,111.132,76.5284,RU,RUS
26475,119.9981,73.0505,RU,RUS
26476,112.2969,75.0249,RU,RUS
26477,140.7454,73.4978,RU,RUS
26478,142.1914,75.405,RU,RUS
26479,128.5606,73.0319,RU,RUS
26480,108.0354,73.7191,RU,RUS
26481,142.6949,73.2547,RU,RUS
26482,137.4784,75.183,RU,RUS
26483,128.3682,72.0993,RU,RUS
26484,140.4588,74.1008,RU,RUS
26485,111.8997,74.8952,RU,RUS
26486,108.7116,73.9892,RU,RUS
26487,110.0167,73.5135,RU,RUS
26488,141.9276,76.01,RU,RUS
26489,116.3222,73.6317,RU,RUS
26490,121.211,72.7879,RU,RUS
26491,108.4428,73.1318,RU,RUS
26492,111.0785,73.9084,RU,RUS
26493,112.3455,76.1935,RU,RUS
26494,139.2997,72.1862,RU,RUS
26495,140.2485,72.1577,RU,RUS
26496,113.3042,75.5676,RU,RUS
26497,121.6291,72.8996,RU,RUS
26498,118.1898,73.3494,RU,RUS
26499,138.5177,74.8268,RU,RUS
26500,112.1947,74.2988,RU,RUS
26501,141.9226,73.7966,RU,RUS
26502,118.5998,73.4673,RU,RUS
26503,112.5794,74.4278,RU,RUS
26504,141.9205,72.6908,RU,RUS
26505,135.8161,75.6235,RU,RUS
26506,119.5878,72.9355,RU,RUS
26507,123.7027,73.6114,RU,RUS
26508,110.8592,76.6828,RU,RUS
26509,109.4115,74.2575,RU,RUS
26510,128.7655,72.3628,RU,RUS
26511,108.3094,76.6029,RU,RUS
26512,113.8259,73.4873,RU,RUS
26513,143.3329,73.4828,RU,RUS
26514,137.5171,75.3514,RU,RUS
26515,111.5094,74.7648,RU,RUS
26516,108.3706,73.8544,RU,RUS
26517,127.9172,73.4363,RU,RUS
26518,110.133,73.799,RU,RUS
26519,140.5261,74.2685,RU,RUS
26520,140.8159,72.3926,RU,RUS
26521,111.1258,74.6339,RU,RUS
26522,113.5035,75.8526,RU,RUS
26523,140.4981,75.5426,RU,RUS
26524,141.6591,75.508,RU,RUS
26525,124.1592,73.7184,RU,RUS
26526,110.1474,76.7035,RU,RUS
26527,143.5508,75.6955,RU,RUS
26528,140.8099,74.9393,RU,RUS
26529,108.7697,73.2661,RU,RUS
26530,141.3656,73.7317,RU,RUS
26531,140.3066,72.3251,RU,RUS
26532,124.0035,73.1154,RU,RUS
26533,140.8131,73.6653,RU,RUS
26534,112.4685,73.7025,RU,RUS
26535,138.3091,76.0994,RU,RUS
26536,142.0118,75.0706,RU,RUS
26537,142.8687,73.5884,RU,RUS
26538,124.8088,73.4927,RU,RUS
26539,128.5069,73.1993,RU,RUS
26540,113.0851,73.2339,RU,RUS
26541,109.0585,74.1235,RU,RUS
26542,110.508,74.6563,RU,RUS
26543,126.9062,73.4046,RU,RUS
26544,128.665,72.6973,RU,RUS
26545,139.8554,72.4239,RU,RUS
26546,127.8704,72.1689,RU,RUS
26547,128.207,72.6005,RU,RUS
26548,113.0722,75.7245,RU,RUS
26549,111.8865,73.729,RU,RUS
26550,112.0925,76.3493,RU,RUS
26551,142.3793,75.7393,RU,RUS
26552,120.6727,72.8385,RU,RUS
26553,140.2168,74.8714,RU,RUS
26554,139.8012,72.2563,RU,RUS
26555,123.5639,73.0084,RU,RUS
26556,137.9824,74.9213,RU,RUS
26557,123.13,72.9005,RU,RUS
26558,139.4559,75.9076,RU,RUS
26559,141.4082,75.0057,RU,RUS
26560,118.0341,73.5108,RU,RUS
26561,111.8338,76.5048,RU,RUS
26562,119.0415,72.9817,RU,RUS
26563,142.2329,73.3589,RU,RUS
26564,137.5567,75.5198,RU,RUS
26565,110.1361,74.5239,RU,RUS
26566,126.4401,73.3037,RU,RUS
26567,112.8833,73.3903,RU,RUS
26568,139.349,72.3539,RU,RUS
26569,138.026,75.0896,RU,RUS
26570,109.7707,74.3909,RU,RUS
26571,110.9448,73.6233,RU,RUS
26572,128.2618,72.4334,RU,RUS
26573,115.747,73.6689,RU,RUS
26574,128.6133,72.8646,RU,RUS
26575,140.8801,72.56,RU,RUS
26576,113.269,76.0096,RU,RUS
26577,127.3781,73.5046,RU,RUS
26578,141.4689,72.7932,RU,RUS
26579,141.7466,75.6754,RU,RUS
26580,115.3542,73.5457,RU,RUS
26581,110.4883,73.9311,RU,RUS
26582,122.593,72.9563,RU,RUS
26583,141.1195,75.6098,RU,RUS
26584,118.4925,73.0265,RU,RUS
26585,143.0175,75.8016,RU,RUS
26586,117.4658,73.5526,RU,RUS
26587,129.2655,72.2909,RU,RUS
26588,139.0466,74.731,RU,RUS
26589,142.8914,72.6496,RU,RUS
26590,143.8576,72.6037,RU,RUS
26591,124.7162,73.6585,RU,RUS
26592,123.9051,73.2808,RU,RUS
26593,141.22,73.3969,RU,RUS
26594,143.3311,72.544,RU,RUS
26595,142.3986,73.693,RU,RUS
26596,120.1316,72.8877,RU,RUS
26597,112.7973,74.2716,RU,RUS
26598,114.7806,73.5802,RU,RUS
26599,144.101,72.164,RU,RUS
26600,149.2479,74.7837,RU,RUS
26601,144.3612,75.1475,RU,RUS
26602,146.2382,75.3134,RU,RUS
26603,144.7179,72.3874,RU,RUS
26604,147.6945,74.9713,RU,RUS
26605,149.1132,75.2289,RU,RUS
26606,146.4903,72.1091,RU,RUS
26607,148.8361,76.7271,RU,RUS
26608,145.2444,72.4434,RU,RUS
26609,148.0696,72.2588,RU,RUS
26610,149.8698,74.8274,RU,RUS
26611,146.3758,75.4786,RU,RUS
26612,145.4522,72.0023,RU,RUS
26613,144.1948,72.33,RU,RUS
26614,147.9982,75.2998,RU,RUS
26615,144.192,75.7546,RU,RUS
26616,149.3884,72.0701,RU,RUS
26617,144.2904,72.496,RU,RUS
26618,144.4765,75.3137,RU,RUS
26619,147.5403,72.2103,RU,RUS
26620,147.0139,72.1604,RU,RUS
26621,150.674,75.0316,RU,RUS
26622,145.0381,72.1124,RU,RUS
26623,147.2164,75.0863,RU,RUS
26624,146.6058,72.2738,RU,RUS
26625,148.7873,74.9019,RU,RUS
26626,148.1655,74.8553,RU,RUS
26627,144.8187,72.5532,RU,RUS
26628,144.5945,75.4799,RU,RUS
26629,150.0416,74.9901,RU,RUS
26630,146.731,75.2004,RU,RUS
26631,144.5219,72.0559,RU,RUS
26632,147.5118,75.4154,RU,RUS
26633,150.2172,75.1527,RU,RUS
26634,146.0801,72.2214,RU,RUS
26635,145.5576,72.1676,RU,RUS
26636,144.715,75.646,RU,RUS
26637,148.9976,72.1884,RU,RUS
26638,148.477,75.1831,RU,RUS
26639,149.581,75.11,RU,RUS
26640,148.468,72.1424,RU,RUS
26641,146.1925,72.3864,RU,RUS
26642,146.8729,75.3653,RU,RUS
