iso3,country,year,mhw_days,pixel_count
ALB,Albania,1982.0,144.88050719965614,29
DZA,Algeria,1982.0,65.05436335005675,266
AGO,Angola,1982.0,2.489829109912581,725
ATG,Antigua and Barbuda,1982.0,1.3134804234153807,188
AZE,Azerbaijan,1982.0,50.77386724127611,154
ARG,Argentina,1982.0,62.356130149981404,2223
CXR,Christmas Island,1982.0,4.5696369459321255,478
CCK,Cocos Islands,1982.0,8.632763643669788,676
HMD,Heard and McDonald Islands,1982.0,7.920805525376373,979
NFK,Norfolk Island,1982.0,13.98408803764672,699
AUS,Australia,1982.0,31.36927885447308,10749
,Macquarie Island,1982.0,21.545150171609034,1147
BHS,Bahamas,1982.0,25.927185426532464,981
BHR,Bahrain,1982.0,6.0415430267062336,21
BGD,Bangladesh,1982.0,37.49666218034993,166
BRB,Barbados,1982.0,1.470835307121427,288
BEL,Belgium,1982.0,49.98378378378378,11
,Trindade,1982.0,0.90321696978359,714
BRA,Brazil,1982.0,13.92455113943457,4589
BLZ,Belize,1982.0,5.3385315139701115,58
SLB,Solomon Islands,1982.0,12.249022668920224,2285
BRN,Brunei,1982.0,35.35308486878838,77
BGR,Bulgaria,1982.0,78.05428902627513,80
MMR,Myanmar,1982.0,20.673252072506624,725
KHM,Cambodia,1982.0,33.55051190329346,87
CMR,Cameroon,1982.0,28.575797579757975,28
CAN,Canada,1982.0,20.677678071781298,21648
CPV,Cape Verde,1982.0,11.87025357420246,1161
LKA,Sri Lanka,1982.0,25.654497481947885,770
CHL,Chile,1982.0,34.361981481532766,4486
CHL,Islas San Félix and San Ambrosio,1982.0,27.01970720047804,708
,Easter Island,1982.0,28.48210845234068,1139
CHN,China,1982.0,34.04363428231536,1579
CHN,China,1982.0,14.418404812797352,531
COL,Colombia,1982.0,28.529901731010938,1067
,Serrana Bank,1982.0,0.9273285568065507,8
,Quitasueño Bank,1982.0,1.2825396825396824,10
,Serranilla Bank,1982.0,0.0,8
,Bajo Nuevo Bank,1982.0,0.020446096654275096,8
COM,Comores,1982.0,59.68413334287145,261
COG,Republic of the Congo,1982.0,0.3358002674988854,65
COD,Democratic Republic of the Congo,1982.0,1.0906771799628943,33
CRI,Costa Rica,1982.0,83.10518500249209,841
HRV,Croatia,1982.0,123.77987260057287,122
CUB,Cuba,1982.0,21.61141064918477,589
CYP,Cyprus,1982.0,30.617140680548488,195
BEN,Benin,1982.0,12.087891458315557,61
FRO,Faeroe,1982.0,14.387083381507443,823
DNK,Denmark,1982.0,55.82063898739335,323
GRL,Greenland,1982.0,10.699214667095442,12225
DMA,Dominica,1982.0,1.8792055127685448,63
DOM,Dominican Republic,1982.0,2.5331122068316745,554
,Galapagos,1982.0,132.17558399726354,1181
ECU,Ecuador,1982.0,94.16284412451661,334
SLV,El Salvador,1982.0,54.067752280723624,149
GNQ,Equatorial Guinea,1982.0,4.919155077148137,464
ERI,Eritrea,1982.0,5.942370979805533,141
EST,Estonia,1982.0,89.48288630429626,118
FJI,Fiji,1982.0,19.748919247154173,1987
FIN,Finland,1982.0,70.11431872787637,277
PYF,French Polynesia,1982.0,26.97049565541592,6856
ATF,Amsterdam and Saint Paul Islands,1982.0,49.93250496558729,912
ATF,Crozet Islands,1982.0,18.026746942533393,1148
ATF,Kerguélen,1982.0,38.28350005257184,1159
NCL,New Caledonia,1982.0,7.209651181650779,1764
REU,Réunion,1982.0,10.190617419480487,491
ATF,Europa Island,1982.0,14.404887088433032,215
ATF,Juan de Nova Island,1982.0,41.92406451318132,108
ATF,Bassas da India,1982.0,14.616245520964213,198
,Clipperton Island,1982.0,20.509130702877787,628
GLP,Guadeloupe,1982.0,1.9679635316091046,157
BLM,Saint-Barthélemy,1982.0,0.0,14
MAF,Collectivity of Saint Martin,1982.0,0.13157894736842107,7
SPM,Saint-Pierre and Miquelon,1982.0,21.19295870006771,43
MTQ,Martinique,1982.0,1.2935869300170688,96
GUF,French Guiana,1982.0,13.715000454834893,204
WLF,Wallis and Futuna,1982.0,12.777509139540037,380
FRA,France,1982.0,20.207225921323513,758
DJI,Djibouti,1982.0,12.486908589802482,17
GAB,Gabon,1982.0,5.365935615493086,299
GEO,Georgia,1982.0,57.186810856658184,48
GMB,Gambia,1982.0,33.10438247011951,45
DEU,Germany,1982.0,47.645579348167814,154
GHA,Ghana,1982.0,14.121380462452269,330
KIR,Phoenix Group,1982.0,87.51021767479183,1049
KIR,Line Group,1982.0,90.92294930808663,2315
KIR,Gilbert Islands,1982.0,44.328928278648114,1489
GRC,Greece,1982.0,52.34767103008847,870
GRD,Grenada,1982.0,3.106343925662498,53
GTM,Guatemala,1982.0,52.388511888859206,178
GIN,Guinea,1982.0,24.528771429403033,157
GUY,Guyana,1982.0,5.805131715503345,205
HTI,Haiti,1982.0,20.336201580806097,178
HND,Honduras,1982.0,2.2818281800336893,332
ISL,Iceland,1982.0,18.846051659504585,2449
,Andaman and Nicobar,1982.0,26.300341965589723,960
IND,India,1982.0,29.458582223060404,2390
IDN,Indonesia,1982.0,23.819529923572695,8462
IRN,Iran,1982.0,45.52222083437421,399
IRQ,Iraq,1982.0,33.64488017429194,4
IRL,Ireland,1982.0,41.26054887022769,992
ISR,Israel,1982.0,23.42275615567911,53
ITA,Italy,1982.0,75.51797712968705,1037
CIV,Ivory Coast,1982.0,17.075482306638083,248
JAM,Jamaica,1982.0,2.478636215846535,401
JPN,Japan,1982.0,28.953770269126288,6497
KAZ,Kazakhstan,1982.0,79.8318281335523,243
KEN,Kenya,1982.0,45.22004124711876,191
PRK,North Korea,1982.0,41.928822607295686,227
KOR,South Korea,1982.0,75.98098545691344,634
KWT,Kuwait,1982.0,16.201548318206086,24
LBN,Lebanon,1982.0,41.21439300832992,38
LVA,Latvia,1982.0,66.67432661518177,89
LBR,Liberia,1982.0,25.358970999821352,367
LBY,Libya,1982.0,72.90048672285052,626
LTU,Lithuania,1982.0,74.31291645310097,23
MDG,Madagascar,1982.0,35.98941543754277,1821
MYS,Malaysia,1982.0,48.88444366320973,829
MDV,Maldives,1982.0,53.65222870100419,1290
MLT,Malta,1982.0,99.49074934920039,110
MRT,Mauritania,1982.0,30.801866308653654,267
MUS,Republic of Mauritius,1982.0,5.520846379856397,1862
,Chagos Archipelago,1982.0,41.27640361570483,920
MEX,Mexico,1982.0,50.800170689646045,4729
MCO,Monaco,1982.0,70.42635658914729,7
MNE,Montenegro,1982.0,174.68080272624002,18
MAR,Morocco,1982.0,34.03480085374233,503
MOZ,Mozambique,1982.0,21.43532229532309,900
OMN,Oman,1982.0,48.94274570256527,834
NAM,Namibia,1982.0,19.231418098308534,860
NRU,Nauru,1982.0,27.86635435155818,448
ABW,Aruba,1982.0,3.990175097276265,61
BES,Bonaire,1982.0,5.279038418332959,35
CUW,Curaçao,1982.0,4.732404100910033,52
BES,Saba,1982.0,1.084515544823423,21
BES,Sint-Eustatius,1982.0,1.0647291941875827,10
SXM,Sint-Maarten,1982.0,0.0,4
NLD,Netherlands,1982.0,26.7955940443634,153
VUT,Vanuatu,1982.0,7.427942900489622,943
COK,Cook Islands,1982.0,27.343327407876757,2825
NIU,Niue,1982.0,9.149510087481199,487
TKL,Tokelau,1982.0,38.53249000592241,469
NZL,New Zealand,1982.0,19.04891834908943,7834
NIC,Nicaragua,1982.0,13.47502112159112,349
NGA,Nigeria,1982.0,14.476733693153763,262
SJM,Svalbard,1982.0,14.518510144573643,5479
NOR,Norway,1982.0,19.11371518941772,3357
SJM,Jan Mayen,1982.0,5.293996883508509,1250
FSM,Micronesia,1982.0,15.48590017828839,4155
MHL,Marshall Islands,1982.0,6.537541606527442,2797
PLW,Palau,1982.0,17.85934223115656,878
PAK,Pakistan,1982.0,73.18104257102469,345
PAN,Panama,1982.0,44.58555449893585,485
PNG,Papua New Guinea,1982.0,11.0459311558248,3363
PER,Peru,1982.0,109.84377653193454,1237
PHL,Philippines,1982.0,14.078661841755789,2847
POL,Poland,1982.0,76.14327907999748,81
,Azores,1982.0,2.762161963009357,1692
,Madeira,1982.0,17.56673475862606,767
PRT,Portugal,1982.0,11.063946182266932,568
GNB,Guinea-Bissau,1982.0,26.173695940418103,168
,Oecusse,1982.0,0.985790408525755,6
TLS,East Timor,1982.0,34.81145556305323,130
QAT,Qatar,1982.0,10.986899563318776,63
ROU,Romania,1982.0,94.36616309768257,67
RUS,Russia,1982.0,12.324303028545025,32820
KNA,Saint Kitts and Nevis,1982.0,1.6129130039405886,25
LCA,Saint Lucia,1982.0,0.7243796173517711,35
VCT,Saint Vincent and the Grenadines,1982.0,0.7264805551073099,69
STP,Sao Tome and Principe,1982.0,6.671230049532198,211
SAU,Saudi Arabia,1982.0,23.253135553936822,364
SEN,Senegal,1982.0,31.791792106089417,261
SYC,Seychelles,1982.0,36.01868663103505,1882
SLE,Sierra Leone,1982.0,21.787478299826397,245
SGP,Singapore,1982.0,36.34782608695652,2
VNM,Vietnam,1982.0,26.575898403711538,1096
SVN,Slovenia,1982.0,47.0,1
SOM,Federal Republic of Somalia,1982.0,20.845221004771798,1163
ZAF,South Africa,1982.0,30.936241650023295,1823
,Prince Edward Islands,1982.0,15.692004820514153,964
,Canary Islands,1982.0,24.206514124226715,744
ESP,Spain,1982.0,25.72268117346707,1070
SDN,Sudan,1982.0,5.51732528274681,110
SUR,Suriname,1982.0,6.7192868501803025,199
SWE,Sweden,1982.0,53.69755759396383,502
SYR,Syria,1982.0,50.760703363914374,22
THA,Thailand,1982.0,44.16274675146553,440
TGO,Togo,1982.0,12.455197827773468,36
TON,Tonga,1982.0,20.688134776562876,1005
TTO,Trinidad and Tobago,1982.0,2.6968867334167705,132
ARE,United Arab Emirates,1982.0,22.95074715433996,101
TUN,Tunisia,1982.0,94.5274174528302,207
TUR,Turkey,1982.0,69.88419863730691,550
TKM,Turkmenistan,1982.0,42.336554882782174,132
TUV,Tuvalu,1982.0,55.33926853455294,1137
EGY,Egypt,1982.0,15.822271960555343,451
SHN,Ascension,1982.0,1.220348806224686,639
PCN,Pitcairn,1982.0,18.497281639061352,1289
SHN,Saint Helena,1982.0,0.707637844853064,662
SHN,Tristan da Cunha,1982.0,82.46675362983439,1343
AIA,Anguilla,1982.0,1.565704977602355,151
VGB,British Virgin Islands,1982.0,3.336417302447614,140
CYM,Cayman Islands,1982.0,4.912266002776848,197
MSR,Montserrat,1982.0,1.3042954636692092,18
TCA,Turks and Caicos Islands,1982.0,7.828373892120733,161
GGY,Guernsey,1982.0,4.327301756253326,15
JEY,Jersey,1982.0,13.536833192209992,9
GBR,United Kingdom,1982.0,26.52024769156303,1907
BMU,Bermuda,1982.0,31.575059001330587,773
IMN,Isle of Man,1982.0,9.555109326193664,15
TZA,Tanzania,1982.0,59.24923004903049,368
ASM,American Samoa,1982.0,10.267923932317279,614
UMI,Palmyra Atoll,1982.0,44.25598807438351,516
PRI,Puerto Rico,1982.0,0.9545218391657705,251
VIR,United States Virgin Islands,1982.0,0.44977151846580254,80
UMI,Johnston Atoll,1982.0,12.264974592901604,658
GUM,Guam,1982.0,5.566976835713484,320
MNP,Northern Mariana Islands,1982.0,7.70832493749767,1128
UMI,Jarvis Island,1982.0,159.034545150874,470
UMI,Howland and Baker Islands,1982.0,48.974661977227946,629
,Hawaii,1982.0,5.602698014441618,3773
,Alaska,1982.0,11.099419981819498,9728
USA,United States,1982.0,54.86000685787966,4090
URY,Uruguay,1982.0,132.47876480976626,277
VEN,Venezuela,1982.0,5.527504703442342,710
WSM,Samoa,1982.0,13.796658005555061,208
YEM,Yemen,1982.0,26.682521104382584,788
,Glorioso Islands,1982.0,50.531733693815454,78
BLZ,Belize,1982.0,16.512922465208746,6
KOR,South Korea,1982.0,50.83010483492412,156
PSE,Palestine,1982.0,12.131979695431472,4
BRB,Barbados,1982.0,4.8181818181818175,2
IRQ,Iraq,1982.0,35.0,1
,"Abu musa, Greater and Lesser Tunb",1982.0,6.25273283777875,17
FRO,Faeroe,1982.0,40.22126745435016,15
,Doumeira Islands,1982.0,5.811764705882354,2
FRA,France,1982.0,30.0,1
PNG,Papua New Guinea,1982.0,37.28396436525613,12
FLK,Falkland / Malvinas Islands,1982.0,13.024972930001779,1230
SGS,South Georgia and the South Sandwich Islands,1982.0,12.553991458186491,3051
URY,Uruguay,1982.0,157.79315406294035,88
GBR,United Kingdom,1982.0,7.617971124620062,41
MYT,Mayotte,1982.0,60.328105834939535,119
CRI,Costa Rica,1982.0,64.19206101577397,46
PER,Peru,1982.0,119.30269585670348,49
DOM,Dominican Republic,1982.0,0.4982316534040672,30
ECU,Ecuador,1982.0,55.17639613985126,40
JAM,Jamaica,1982.0,0.5343007915567284,35
NOR,Norway,1982.0,56.24719101123596,3
FRA,France,1982.0,6.8104335047759,9
GIB,Gibraltar,1982.0,16.169934640522875,2
HRV,Croatia,1982.0,47.0,1
MYS,Malaysia,1982.0,10.34736842105263,3
EGY,Egypt,1982.0,38.07102628285357,25
,Matthew and Hunter Islands,1982.0,18.84934992352041,306
CAN,Canada,1982.0,10.73852031167259,130
,Navassa Island,1982.0,5.2498457742134494,31
HND,Honduras,1982.0,0.8736111111111111,7
,Melilla,1982.0,33.0,1
,Alhucemas Islands,1982.0,42.0,1
,Ceuta,1982.0,14.0,1
,Peñón de Vélez de la Gomera,1982.0,36.0,1
,Chafarinas Islands,1982.0,43.357142857142854,2
ESH,Western Sahara,1982.0,40.18700198235317,455
UMI,Wake Island / Enenkio,1982.0,1.1593017595103978,611
,Kuril Islands,1982.0,101.71275424937835,445
NOR,Norway,1982.0,6.116486983960032,35
UKR,Ukraine,1982.0,84.9175212707451,296
USA,United States,1982.0,73.27792207792207,52
ISL,Iceland,1982.0,11.33908005369886,204
STP,São Tomé and Principe,1982.0,11.647437011294528,68
,Halaib Triangle,1982.0,9.486162101101382,41
,Liancourt Rocks,1982.0,50.46199701937407,7
TWN,Taiwan,1982.0,15.558866077992711,577
PRI,Puerto Rico,1982.0,5.021025168815221,45
SEN,Senegal,1982.0,19.678010107098146,110
VEN,Venezuela,1982.0,0.46596858638743455,7
,Ile Tromelin,1982.0,12.917863611473832,413
,Senkaku Islands,1982.0,27.80234976465868,132
QAT,Qatar,1982.0,20.0,1
GUY,Guyana,1982.0,2.6451349141455434,13
COL,Colombia,1982.0,1.4161073825503356,6
ALB,Albania,1983.0,61.23275306254028,29
DZA,Algeria,1983.0,49.99335335262019,266
AGO,Angola,1983.0,21.288862845457484,725
ATG,Antigua and Barbuda,1983.0,4.386659864813163,188
AZE,Azerbaijan,1983.0,72.32653977374751,154
ARG,Argentina,1983.0,53.81847764843866,2223
CXR,Christmas Island,1983.0,46.28792241928395,478
CCK,Cocos Islands,1983.0,63.08070673330485,676
HMD,Heard and McDonald Islands,1983.0,7.548821287529961,979
NFK,Norfolk Island,1983.0,16.224299464718417,699
AUS,Australia,1983.0,39.18099167552469,10749
,Macquarie Island,1983.0,13.824041346993827,1147
BHS,Bahamas,1983.0,20.207191758234508,981
BHR,Bahrain,1983.0,9.689169139465875,21
BGD,Bangladesh,1983.0,28.865921938088828,166
BRB,Barbados,1983.0,1.6829464708668873,288
BEL,Belgium,1983.0,47.00300300300301,11
,Trindade,1983.0,5.988113528900323,714
BRA,Brazil,1983.0,13.616303625610325,4589
BLZ,Belize,1983.0,32.48955722639934,58
SLB,Solomon Islands,1983.0,11.221952302925638,2285
BRN,Brunei,1983.0,10.894472361809047,77
BGR,Bulgaria,1983.0,61.62319680577023,80
MMR,Myanmar,1983.0,26.339203707105487,725
KHM,Cambodia,1983.0,49.13346490687059,87
CMR,Cameroon,1983.0,19.633663366336634,28
CAN,Canada,1983.0,23.997760022555543,21648
CPV,Cape Verde,1983.0,37.83562624054312,1161
LKA,Sri Lanka,1983.0,39.53514349255788,770
CHL,Chile,1983.0,40.658843717317836,4486
CHL,Islas San Félix and San Ambrosio,1983.0,8.473074394980578,708
,Easter Island,1983.0,1.845855455708676,1139
CHN,China,1983.0,44.39146842041764,1579
CHN,China,1983.0,26.33901606564159,531
COL,Colombia,1983.0,86.77906277351676,1067
,Serrana Bank,1983.0,17.789150460593657,8
,Quitasueño Bank,1983.0,23.63968253968254,10
,Serranilla Bank,1983.0,19.95238095238095,8
,Bajo Nuevo Bank,1983.0,16.875464684014872,8
COM,Comores,1983.0,74.39443093211247,261
COG,Republic of the Congo,1983.0,31.09835042353991,65
COD,Democratic Republic of the Congo,1983.0,35.20640074211503,33
CRI,Costa Rica,1983.0,172.41623890781477,841
HRV,Croatia,1983.0,56.33140951648071,122
CUB,Cuba,1983.0,31.557283625281915,589
CYP,Cyprus,1983.0,12.771609954291513,195
BEN,Benin,1983.0,7.332110248314701,61
FRO,Faeroe,1983.0,1.2068246076875375,823
DNK,Denmark,1983.0,38.966981692315535,323
GRL,Greenland,1983.0,5.635114669380271,12225
DMA,Dominica,1983.0,3.0597892176732877,63
DOM,Dominican Republic,1983.0,9.059874460700033,554
,Galapagos,1983.0,247.37728574889903,1181
ECU,Ecuador,1983.0,255.61109622085223,334
SLV,El Salvador,1983.0,163.22555033160015,149
GNQ,Equatorial Guinea,1983.0,18.514910693987282,464
ERI,Eritrea,1983.0,16.9217277486911,141
EST,Estonia,1983.0,91.84970329931166,118
FJI,Fiji,1983.0,6.745844266713651,1987
FIN,Finland,1983.0,66.61918823248907,277
PYF,French Polynesia,1983.0,20.073815777287507,6856
ATF,Amsterdam and Saint Paul Islands,1983.0,5.716070026329158,912
ATF,Crozet Islands,1983.0,12.156556063824382,1148
ATF,Kerguélen,1983.0,13.264958504493986,1159
NCL,New Caledonia,1983.0,19.930095600652592,1764
REU,Réunion,1983.0,27.481859872160317,491
ATF,Europa Island,1983.0,105.54550939493191,215
ATF,Juan de Nova Island,1983.0,139.5498240964956,108
ATF,Bassas da India,1983.0,96.47228814742427,198
,Clipperton Island,1983.0,17.545477337561582,628
GLP,Guadeloupe,1983.0,4.949539396625408,157
BLM,Saint-Barthélemy,1983.0,3.545143638850889,14
MAF,Collectivity of Saint Martin,1983.0,4.663157894736842,7
SPM,Saint-Pierre and Miquelon,1983.0,146.3346310088016,43
MTQ,Martinique,1983.0,4.281394781760545,96
GUF,French Guiana,1983.0,10.651391794778496,204
WLF,Wallis and Futuna,1983.0,9.965836224114362,380
FRA,France,1983.0,31.198867394946564,758
DJI,Djibouti,1983.0,34.46899402847957,17
GAB,Gabon,1983.0,29.93264528516996,299
GEO,Georgia,1983.0,50.84478371501274,48
GMB,Gambia,1983.0,88.46002656042496,45
DEU,Germany,1983.0,29.022007196003788,154
GHA,Ghana,1983.0,1.62815549427238,330
KIR,Phoenix Group,1983.0,22.93934797873407,1049
KIR,Line Group,1983.0,55.08119817909888,2315
KIR,Gilbert Islands,1983.0,16.985697423169785,1489
GRC,Greece,1983.0,21.588031905257314,870
GRD,Grenada,1983.0,9.939887576000919,53
GTM,Guatemala,1983.0,81.66334491049957,178
GIN,Guinea,1983.0,77.34729458334543,157
GUY,Guyana,1983.0,4.583059156049199,205
HTI,Haiti,1983.0,34.017041313975014,178
HND,Honduras,1983.0,27.596469490888325,332
ISL,Iceland,1983.0,16.6836082461857,2449
,Andaman and Nicobar,1983.0,21.722219748512803,960
IND,India,1983.0,21.327180785154898,2390
IDN,Indonesia,1983.0,35.904794831706496,8462
IRN,Iran,1983.0,40.92373220084938,399
IRQ,Iraq,1983.0,29.616557734204793,4
IRL,Ireland,1983.0,43.30489135139814,992
ISR,Israel,1983.0,9.80470611596505,53
ITA,Italy,1983.0,35.50448985019059,1037
CIV,Ivory Coast,1983.0,3.274572161506834,248
JAM,Jamaica,1983.0,21.238718285067215,401
JPN,Japan,1983.0,50.15728060102524,6497
KAZ,Kazakhstan,1983.0,118.44882320744394,243
KEN,Kenya,1983.0,18.954191435157107,191
PRK,North Korea,1983.0,55.635978477312214,227
KOR,South Korea,1983.0,71.4546559583243,634
KWT,Kuwait,1983.0,19.750667378537102,24
LBN,Lebanon,1983.0,27.403250034139017,38
LVA,Latvia,1983.0,62.87819426131727,89
LBR,Liberia,1983.0,8.332698148037865,367
LBY,Libya,1983.0,14.512457703148506,626
LTU,Lithuania,1983.0,105.18452075858532,23
MDG,Madagascar,1983.0,74.66195924884055,1821
MYS,Malaysia,1983.0,24.33694263783912,829
MDV,Maldives,1983.0,41.3884062196307,1290
MLT,Malta,1983.0,15.683618445518775,110
MRT,Mauritania,1983.0,59.952032884159586,267
MUS,Republic of Mauritius,1983.0,10.204722111864534,1862
,Chagos Archipelago,1983.0,48.4444970904156,920
MEX,Mexico,1983.0,81.8020986547401,4729
MCO,Monaco,1983.0,67.6046511627907,7
MNE,Montenegro,1983.0,73.54221885649373,18
MAR,Morocco,1983.0,51.693466700430506,503
MOZ,Mozambique,1983.0,75.08743117807236,900
OMN,Oman,1983.0,34.68356499562884,834
NAM,Namibia,1983.0,14.740812711311325,860
NRU,Nauru,1983.0,8.008283139833758,448
ABW,Aruba,1983.0,12.083657587548638,61
BES,Bonaire,1983.0,15.369804538305996,35
CUW,Curaçao,1983.0,14.167261836193985,52
BES,Saba,1983.0,9.562330214307273,21
BES,Sint-Eustatius,1983.0,6.025099075297228,10
SXM,Sint-Maarten,1983.0,6.709876543209878,4
NLD,Netherlands,1983.0,17.981312670920687,153
VUT,Vanuatu,1983.0,9.817493046456564,943
COK,Cook Islands,1983.0,9.327743750403346,2825
NIU,Niue,1983.0,5.360621890768639,487
TKL,Tokelau,1983.0,8.914041679005036,469
NZL,New Zealand,1983.0,4.9437306100668055,7834
NIC,Nicaragua,1983.0,82.56331629755825,349
NGA,Nigeria,1983.0,9.32998484667903,262
SJM,Svalbard,1983.0,34.334698956263125,5479
NOR,Norway,1983.0,29.48120718891125,3357
SJM,Jan Mayen,1983.0,22.13660060108572,1250
FSM,Micronesia,1983.0,7.892604494608802,4155
MHL,Marshall Islands,1983.0,3.1122080179092175,2797
PLW,Palau,1983.0,9.814856336558073,878
PAK,Pakistan,1983.0,33.314372568397616,345
PAN,Panama,1983.0,97.45702123805643,485
PNG,Papua New Guinea,1983.0,17.691239868403425,3363
PER,Peru,1983.0,271.51616407090535,1237
PHL,Philippines,1983.0,27.913961960064693,2847
POL,Poland,1983.0,80.33236976057312,81
,Azores,1983.0,3.740996733230172,1692
,Madeira,1983.0,13.011393807156894,767
PRT,Portugal,1983.0,33.77520260660833,568
GNB,Guinea-Bissau,1983.0,113.17589640872295,168
,Oecusse,1983.0,1.8650088809946714,6
TLS,East Timor,1983.0,68.24570317151587,130
QAT,Qatar,1983.0,7.603511273505036,63
ROU,Romania,1983.0,72.80815488413022,67
RUS,Russia,1983.0,20.207735853019848,32820
KNA,Saint Kitts and Nevis,1983.0,7.094574113367691,25
LCA,Saint Lucia,1983.0,5.53040348550862,35
VCT,Saint Vincent and the Grenadines,1983.0,7.060351783120865,69
STP,Sao Tome and Principe,1983.0,16.247110621904238,211
SAU,Saudi Arabia,1983.0,20.515025495000334,364
SEN,Senegal,1983.0,88.70790314537422,261
SYC,Seychelles,1983.0,48.975373777012265,1882
SLE,Sierra Leone,1983.0,32.27262884769745,245
SGP,Singapore,1983.0,47.826086956521735,2
VNM,Vietnam,1983.0,29.8950460014154,1096
SVN,Slovenia,1983.0,51.0,1
SOM,Federal Republic of Somalia,1983.0,37.896090667867306,1163
ZAF,South Africa,1983.0,64.92467050810473,1823
,Prince Edward Islands,1983.0,17.99561455029562,964
,Canary Islands,1983.0,20.940777990192014,744
ESP,Spain,1983.0,32.094518293663725,1070
SDN,Sudan,1983.0,7.2587752895057,110
SUR,Suriname,1983.0,6.263489148207045,199
SWE,Sweden,1983.0,57.57930535601257,502
SYR,Syria,1983.0,38.679153924566776,22
THA,Thailand,1983.0,35.80371638439892,440
TGO,Togo,1983.0,4.395267649340576,36
TON,Tonga,1983.0,4.981348188284818,1005
TTO,Trinidad and Tobago,1983.0,6.71976689612015,132
ARE,United Arab Emirates,1983.0,25.83077089065111,101
TUN,Tunisia,1983.0,20.986168435534594,207
TUR,Turkey,1983.0,53.60209178894785,550
TKM,Turkmenistan,1983.0,58.88751746623196,132
TUV,Tuvalu,1983.0,5.664979352604236,1137
EGY,Egypt,1983.0,6.620269452013323,451
SHN,Ascension,1983.0,0.7716038691110638,639
PCN,Pitcairn,1983.0,2.581352952243783,1289
SHN,Saint Helena,1983.0,16.19893219228249,662
SHN,Tristan da Cunha,1983.0,21.16635269038427,1343
AIA,Anguilla,1983.0,7.129373805720011,151
VGB,British Virgin Islands,1983.0,6.542168674698796,140
CYM,Cayman Islands,1983.0,18.80320294920285,197
MSR,Montserrat,1983.0,3.65355279004416,18
TCA,Turks and Caicos Islands,1983.0,12.100112691499406,161
GGY,Guernsey,1983.0,2.607237892496008,15
JEY,Jersey,1983.0,7.191363251481795,9
GBR,United Kingdom,1983.0,13.464752122272685,1907
BMU,Bermuda,1983.0,18.944859081276714,773
IMN,Isle of Man,1983.0,20.205265506470326,15
TZA,Tanzania,1983.0,49.078732106339494,368
ASM,American Samoa,1983.0,6.474446685858273,614
UMI,Palmyra Atoll,1983.0,7.571764250101063,516
PRI,Puerto Rico,1983.0,7.568987271310354,251
VIR,United States Virgin Islands,1983.0,6.566334556895646,80
UMI,Johnston Atoll,1983.0,1.0657530508012003,658
GUM,Guam,1983.0,8.543910941189699,320
MNP,Northern Mariana Islands,1983.0,13.206537557371549,1128
UMI,Jarvis Island,1983.0,99.99189956574988,470
UMI,Howland and Baker Islands,1983.0,40.37740174074888,629
,Hawaii,1983.0,10.716390208049422,3773
,Alaska,1983.0,37.44406991806886,9728
USA,United States,1983.0,74.39771903636522,4090
URY,Uruguay,1983.0,78.50052294977966,277
VEN,Venezuela,1983.0,17.15429217205932,710
WSM,Samoa,1983.0,14.171019621897685,208
YEM,Yemen,1983.0,42.52154541188179,788
,Glorioso Islands,1983.0,53.4566407570125,78
BLZ,Belize,1983.0,36.52683896620279,6
KOR,South Korea,1983.0,76.9991237677985,156
PSE,Palestine,1983.0,0.23604060913705582,4
BRB,Barbados,1983.0,3.090909090909091,2
IRQ,Iraq,1983.0,36.0,1
,"Abu musa, Greater and Lesser Tunb",1983.0,19.320069960647135,17
FRO,Faeroe,1983.0,9.524167561761548,15
,Doumeira Islands,1983.0,27.24705882352941,2
FRA,France,1983.0,20.0,1
PNG,Papua New Guinea,1983.0,102.6770601336303,12
FLK,Falkland / Malvinas Islands,1983.0,9.53226812319248,1230
SGS,South Georgia and the South Sandwich Islands,1983.0,10.491706839785067,3051
URY,Uruguay,1983.0,88.85973461719118,88
GBR,United Kingdom,1983.0,1.0575607902735558,41
MYT,Mayotte,1983.0,68.7110127913089,119
CRI,Costa Rica,1983.0,190.99306638932222,46
PER,Peru,1983.0,275.92563777817986,49
DOM,Dominican Republic,1983.0,15.527409372236962,30
ECU,Ecuador,1983.0,188.36180984021482,40
JAM,Jamaica,1983.0,22.26573690162082,35
NOR,Norway,1983.0,54.68539325842697,3
FRA,France,1983.0,15.068332108743572,9
GIB,Gibraltar,1983.0,18.372549019607842,2
HRV,Croatia,1983.0,51.0,1
MYS,Malaysia,1983.0,16.357894736842105,3
EGY,Egypt,1983.0,14.001564455569463,25
,Matthew and Hunter Islands,1983.0,8.197640898929286,306
CAN,Canada,1983.0,3.666313639458354,130
,Navassa Island,1983.0,18.247378161628628,31
HND,Honduras,1983.0,19.50972222222222,7
,Melilla,1983.0,78.0,1
,Alhucemas Islands,1983.0,27.0,1
,Ceuta,1983.0,20.0,1
,Peñón de Vélez de la Gomera,1983.0,30.0,1
,Chafarinas Islands,1983.0,122.71428571428572,2
ESH,Western Sahara,1983.0,40.03318498075952,455
UMI,Wake Island / Enenkio,1983.0,6.3124765282704,611
,Kuril Islands,1983.0,35.320262503566624,445
NOR,Norway,1983.0,8.813568235603471,35
UKR,Ukraine,1983.0,63.12447025330791,296
USA,United States,1983.0,35.1161995898838,52
ISL,Iceland,1983.0,19.288725594102544,204
STP,São Tomé and Principe,1983.0,14.107558644656816,68
,Halaib Triangle,1983.0,9.866139508613387,41
,Liancourt Rocks,1983.0,47.113263785394935,7
TWN,Taiwan,1983.0,48.47465987873423,577
PRI,Puerto Rico,1983.0,5.73219766728054,45
SEN,Senegal,1983.0,100.3375214428114,110
VEN,Venezuela,1983.0,5.31413612565445,7
,Ile Tromelin,1983.0,21.39880375721327,413
,Senkaku Islands,1983.0,58.89042945232969,132
QAT,Qatar,1983.0,29.0,1
GUY,Guyana,1983.0,3.633687653311529,13
COL,Colombia,1983.0,13.711409395973153,6
ALB,Albania,1984.0,26.436492585428756,29
DZA,Algeria,1984.0,2.3299703372761558,266
AGO,Angola,1984.0,154.02756484615108,725
ATG,Antigua and Barbuda,1984.0,2.662568549929856,188
AZE,Azerbaijan,1984.0,33.66424253306996,154
ARG,Argentina,1984.0,44.647378870750764,2223
CXR,Christmas Island,1984.0,6.155950875115498,478
CCK,Cocos Islands,1984.0,19.60195393927217,676
HMD,Heard and McDonald Islands,1984.0,2.4369384517219377,979
NFK,Norfolk Island,1984.0,2.9230952337355594,699
AUS,Australia,1984.0,27.357581251699504,10749
,Macquarie Island,1984.0,53.1258648985515,1147
BHS,Bahamas,1984.0,16.418332036213812,981
BHR,Bahrain,1984.0,2.4113501483679527,21
BGD,Bangladesh,1984.0,10.632436069986541,166
BRB,Barbados,1984.0,0.33739144165482393,288
BEL,Belgium,1984.0,56.84204204204204,11
,Trindade,1984.0,27.954675385000183,714
BRA,Brazil,1984.0,30.329280774941296,4589
BLZ,Belize,1984.0,6.539496890374086,58
SLB,Solomon Islands,1984.0,14.338393398568604,2285
BRN,Brunei,1984.0,8.819025683975433,77
BGR,Bulgaria,1984.0,59.71438691396186,80
MMR,Myanmar,1984.0,18.512239492287726,725
KHM,Cambodia,1984.0,22.998704822992465,87
CMR,Cameroon,1984.0,74.85808580858084,28
CAN,Canada,1984.0,23.45315460244879,21648
CPV,Cape Verde,1984.0,13.34112058798148,1161
LKA,Sri Lanka,1984.0,12.517559142013653,770
CHL,Chile,1984.0,20.38016118506374,4486
CHL,Islas San Félix and San Ambrosio,1984.0,10.848807887660593,708
,Easter Island,1984.0,49.67147721088934,1139
CHN,China,1984.0,27.810573008582633,1579
CHN,China,1984.0,4.2844928635454735,531
COL,Colombia,1984.0,9.182289182114957,1067
,Serrana Bank,1984.0,2.353121801432958,8
,Quitasueño Bank,1984.0,1.8071428571428572,10
,Serranilla Bank,1984.0,5.594285714285713,8
,Bajo Nuevo Bank,1984.0,8.723048327137548,8
COM,Comores,1984.0,7.958348236640682,261
COG,Republic of the Congo,1984.0,124.9052162282657,65
COD,Democratic Republic of the Congo,1984.0,135.0426716141002,33
CRI,Costa Rica,1984.0,10.094898237068325,841
HRV,Croatia,1984.0,42.07006968492156,122
CUB,Cuba,1984.0,14.060812067028275,589
CYP,Cyprus,1984.0,14.66762315896394,195
BEN,Benin,1984.0,14.524106152402089,61
FRO,Faeroe,1984.0,13.615129124142062,823
DNK,Denmark,1984.0,23.257987342416477,323
GRL,Greenland,1984.0,22.763412878313805,12225
DMA,Dominica,1984.0,1.0707336846372113,63
DOM,Dominican Republic,1984.0,2.4156096928017656,554
,Galapagos,1984.0,14.609879851203626,1181
ECU,Ecuador,1984.0,27.611096220852325,334
SLV,El Salvador,1984.0,40.56530809228757,149
GNQ,Equatorial Guinea,1984.0,99.61057240854407,464
ERI,Eritrea,1984.0,4.749738219895289,141
EST,Estonia,1984.0,92.67201519107525,118
FJI,Fiji,1984.0,31.171865397240893,1987
FIN,Finland,1984.0,79.07345523907345,277
PYF,French Polynesia,1984.0,18.142064573888785,6856
ATF,Amsterdam and Saint Paul Islands,1984.0,6.255134186336549,912
ATF,Crozet Islands,1984.0,16.544381293451544,1148
ATF,Kerguélen,1984.0,7.465264508924522,1159
NCL,New Caledonia,1984.0,20.39639923290494,1764
REU,Réunion,1984.0,8.43598278945411,491
ATF,Europa Island,1984.0,35.930550767109125,215
ATF,Juan de Nova Island,1984.0,18.91003792205418,108
ATF,Bassas da India,1984.0,19.413351016799297,198
,Clipperton Island,1984.0,3.6206709626708413,628
GLP,Guadeloupe,1984.0,1.9067713444553487,157
BLM,Saint-Barthélemy,1984.0,0.785909712722298,14
MAF,Collectivity of Saint Martin,1984.0,0.6947368421052632,7
SPM,Saint-Pierre and Miquelon,1984.0,105.64387271496275,43
MTQ,Martinique,1984.0,0.5727261643501584,96
GUF,French Guiana,1984.0,9.078186118439007,204
WLF,Wallis and Futuna,1984.0,10.36169218729924,380
FRA,France,1984.0,20.220029551594738,758
DJI,Djibouti,1984.0,12.028479559026179,17
GAB,Gabon,1984.0,116.62923404638323,299
GEO,Georgia,1984.0,51.583757421543694,48
GMB,Gambia,1984.0,45.556706507304106,45
DEU,Germany,1984.0,14.416250392985644,154
GHA,Ghana,1984.0,15.977208845990662,330
KIR,Phoenix Group,1984.0,2.637753034406661,1049
KIR,Line Group,1984.0,10.40805647116907,2315
KIR,Gilbert Islands,1984.0,3.3653171667544677,1489
GRC,Greece,1984.0,38.25061983364127,870
GRD,Grenada,1984.0,1.0854651829757944,53
GTM,Guatemala,1984.0,27.678065722682344,178
GIN,Guinea,1984.0,66.19899874843554,157
GUY,Guyana,1984.0,2.372446839048734,205
HTI,Haiti,1984.0,16.42213689108134,178
HND,Honduras,1984.0,2.9558964792359834,332
ISL,Iceland,1984.0,36.583602589660195,2449
,Andaman and Nicobar,1984.0,11.462744451964529,960
IND,India,1984.0,12.648351202866635,2390
IDN,Indonesia,1984.0,17.714353908160884,8462
IRN,Iran,1984.0,24.0849487884087,399
IRQ,Iraq,1984.0,10.806100217864925,4
IRL,Ireland,1984.0,62.83177646956973,992
ISR,Israel,1984.0,6.042494042891183,53
ITA,Italy,1984.0,15.68525396684691,1037
CIV,Ivory Coast,1984.0,15.802737463541481,248
JAM,Jamaica,1984.0,3.3879228190553077,401
JPN,Japan,1984.0,29.308871339311587,6497
KAZ,Kazakhstan,1984.0,86.40268981155683,243
KEN,Kenya,1984.0,12.461725100084928,191
PRK,North Korea,1984.0,56.078718806931334,227
KOR,South Korea,1984.0,52.992388394472215,634
KWT,Kuwait,1984.0,4.239989321943407,24
LBN,Lebanon,1984.0,7.6856479584869595,38
LVA,Latvia,1984.0,49.92572361398883,89
LBR,Liberia,1984.0,26.080271541713806,367
LBY,Libya,1984.0,12.525031965470225,626
LTU,Lithuania,1984.0,59.22450025627882,23
MDG,Madagascar,1984.0,17.818917262221547,1821
MYS,Malaysia,1984.0,16.39898048866234,829
MDV,Maldives,1984.0,13.129345643019109,1290
MLT,Malta,1984.0,8.49428226106359,110
MRT,Mauritania,1984.0,18.033016756998663,267
MUS,Republic of Mauritius,1984.0,2.223562974584812,1862
,Chagos Archipelago,1984.0,7.225949352531223,920
MEX,Mexico,1984.0,38.52608169498869,4729
MCO,Monaco,1984.0,32.961240310077514,7
MNE,Montenegro,1984.0,35.85119273002649,18
MAR,Morocco,1984.0,17.91270846145498,503
MOZ,Mozambique,1984.0,12.948236966071027,900
OMN,Oman,1984.0,11.466678392037778,834
NAM,Namibia,1984.0,61.06791895459477,860
NRU,Nauru,1984.0,11.697393817712724,448
ABW,Aruba,1984.0,3.0279182879377426,61
BES,Bonaire,1984.0,2.6686137946528867,35
CUW,Curaçao,1984.0,4.390162423683907,52
BES,Saba,1984.0,3.2961062481134915,21
BES,Sint-Eustatius,1984.0,3.3857331571994718,10
SXM,Sint-Maarten,1984.0,0.2654320987654321,4
NLD,Netherlands,1984.0,16.36052871467639,153
VUT,Vanuatu,1984.0,25.346661149805744,943
COK,Cook Islands,1984.0,10.478190213023096,2825
NIU,Niue,1984.0,28.859780896526562,487
TKL,Tokelau,1984.0,4.980048859934854,469
NZL,New Zealand,1984.0,26.797332886896186,7834
NIC,Nicaragua,1984.0,13.860486696860153,349
NGA,Nigeria,1984.0,24.236289649770995,262
SJM,Svalbard,1984.0,62.071698218434854,5479
NOR,Norway,1984.0,29.339390298097996,3357
SJM,Jan Mayen,1984.0,38.74380824490372,1250
FSM,Micronesia,1984.0,16.238294011607543,4155
MHL,Marshall Islands,1984.0,8.200257739550503,2797
PLW,Palau,1984.0,16.516463550173484,878
PAK,Pakistan,1984.0,24.150881319038742,345
PAN,Panama,1984.0,17.46099714712675,485
PNG,Papua New Guinea,1984.0,27.75305246217974,3363
PER,Peru,1984.0,44.33945751968734,1237
PHL,Philippines,1984.0,15.180733454861532,2847
POL,Poland,1984.0,14.09778168792811,81
,Azores,1984.0,10.364429052145505,1692
,Madeira,1984.0,3.620937442599592,767
PRT,Portugal,1984.0,10.447532977658714,568
GNB,Guinea-Bissau,1984.0,82.5392275792028,168
,Oecusse,1984.0,13.150976909413853,6
TLS,East Timor,1984.0,38.44762434009447,130
QAT,Qatar,1984.0,5.024507619641742,63
ROU,Romania,1984.0,77.11572308594894,67
RUS,Russia,1984.0,28.804024164944593,32820
KNA,Saint Kitts and Nevis,1984.0,3.758108517732647,25
LCA,Saint Lucia,1984.0,0.8685357075203638,35
VCT,Saint Vincent and the Grenadines,1984.0,0.5546232047765048,69
STP,Sao Tome and Principe,1984.0,53.64451476793246,211
SAU,Saudi Arabia,1984.0,25.47277663730878,364
SEN,Senegal,1984.0,39.26171434903861,261
SYC,Seychelles,1984.0,3.832095548413445,1882
SLE,Sierra Leone,1984.0,31.231337850702808,245
SGP,Singapore,1984.0,3.956521739130435,2
VNM,Vietnam,1984.0,11.036565227648016,1096
SVN,Slovenia,1984.0,4.0,1
SOM,Federal Republic of Somalia,1984.0,6.877523831315253,1163
ZAF,South Africa,1984.0,41.18226772840831,1823
,Prince Edward Islands,1984.0,33.79030328343145,964
,Canary Islands,1984.0,4.333489675481199,744
ESP,Spain,1984.0,9.95748594619341,1070
SDN,Sudan,1984.0,6.733114044969133,110
SUR,Suriname,1984.0,3.340739579367034,199
SWE,Sweden,1984.0,52.62208513759256,502
SYR,Syria,1984.0,20.114678899082573,22
THA,Thailand,1984.0,16.7709414908208,440
TGO,Togo,1984.0,16.951124903025605,36
TON,Tonga,1984.0,38.433653565737806,1005
TTO,Trinidad and Tobago,1984.0,0.8337374843554443,132
ARE,United Arab Emirates,1984.0,17.46555537573502,101
TUN,Tunisia,1984.0,5.260711477987423,207
TUR,Turkey,1984.0,63.98297551927418,550
TKM,Turkmenistan,1984.0,60.80884179475236,132
TUV,Tuvalu,1984.0,2.4739502390361583,1137
EGY,Egypt,1984.0,10.506509234029672,451
SHN,Ascension,1984.0,9.265062086975059,639
PCN,Pitcairn,1984.0,43.00110615880678,1289
SHN,Saint Helena,1984.0,16.824736902972134,662
SHN,Tristan da Cunha,1984.0,18.88793525478556,1343
AIA,Anguilla,1984.0,2.14303166995583,151
VGB,British Virgin Islands,1984.0,1.4036317188524872,140
CYM,Cayman Islands,1984.0,2.2132187485038544,197
MSR,Montserrat,1984.0,3.8530710558008843,18
TCA,Turks and Caicos Islands,1984.0,3.533670392592817,161
GGY,Guernsey,1984.0,2.5678552421500798,15
JEY,Jersey,1984.0,3.7273497036409826,9
GBR,United Kingdom,1984.0,27.0206851776007,1907
BMU,Bermuda,1984.0,8.286798486499503,773
IMN,Isle of Man,1984.0,23.31548415885766,15
TZA,Tanzania,1984.0,8.864611821519212,368
ASM,American Samoa,1984.0,8.326238181726808,614
UMI,Palmyra Atoll,1984.0,0.47376532812289446,516
PRI,Puerto Rico,1984.0,1.025327494711842,251
VIR,United States Virgin Islands,1984.0,0.43673683421979176,80
UMI,Johnston Atoll,1984.0,4.318511442941247,658
GUM,Guam,1984.0,30.072051051388726,320
MNP,Northern Mariana Islands,1984.0,20.984932273592303,1128
UMI,Jarvis Island,1984.0,2.9443176335226213,470
UMI,Howland and Baker Islands,1984.0,1.6494827019925555,629
,Hawaii,1984.0,49.4990364234137,3773
,Alaska,1984.0,42.685892196694134,9728
USA,United States,1984.0,50.07502089189393,4090
URY,Uruguay,1984.0,101.40198549457328,277
VEN,Venezuela,1984.0,3.9054431509532086,710
WSM,Samoa,1984.0,12.587156168802084,208
YEM,Yemen,1984.0,5.6725696741472,788
,Glorioso Islands,1984.0,4.460966542750929,78
BLZ,Belize,1984.0,13.761431411530817,6
KOR,South Korea,1984.0,54.242997965889565,156
PSE,Palestine,1984.0,4.5126903553299496,4
BRB,Barbados,1984.0,0.0,2
IRQ,Iraq,1984.0,12.0,1
,"Abu musa, Greater and Lesser Tunb",1984.0,4.187581985133363,17
FRO,Faeroe,1984.0,24.50053705692804,15
,Doumeira Islands,1984.0,10.0,2
FRA,France,1984.0,4.0,1
PNG,Papua New Guinea,1984.0,40.01893095768374,12
FLK,Falkland / Malvinas Islands,1984.0,6.508004495675653,1230
SGS,South Georgia and the South Sandwich Islands,1984.0,5.215626208731305,3051
URY,Uruguay,1984.0,112.70320573038985,88
GBR,United Kingdom,1984.0,8.495440729483285,41
MYT,Mayotte,1984.0,9.647844752058873,119
CRI,Costa Rica,1984.0,2.5089270237476167,46
PER,Peru,1984.0,25.958567034557632,49
DOM,Dominican Republic,1984.0,1.0106100795755968,30
ECU,Ecuador,1984.0,16.07467172915676,40
JAM,Jamaica,1984.0,4.117602713908783,35
NOR,Norway,1984.0,57.50561797752809,3
FRA,France,1984.0,1.459221160911095,9
GIB,Gibraltar,1984.0,3.7124183006535945,2
HRV,Croatia,1984.0,4.0,1
MYS,Malaysia,1984.0,3.0,3
EGY,Egypt,1984.0,13.538172715894873,25
,Matthew and Hunter Islands,1984.0,48.623705730085874,306
CAN,Canada,1984.0,3.4676601860957708,130
,Navassa Island,1984.0,3.0030845157310315,31
HND,Honduras,1984.0,0.8486111111111112,7
,Melilla,1984.0,15.0,1
,Alhucemas Islands,1984.0,5.0,1
,Ceuta,1984.0,1.0,1
,Peñón de Vélez de la Gomera,1984.0,10.0,1
,Chafarinas Islands,1984.0,35.14285714285714,2
ESH,Western Sahara,1984.0,18.836990321452173,455
UMI,Wake Island / Enenkio,1984.0,42.539432505737544,611
,Kuril Islands,1984.0,65.60561284800062,445
NOR,Norway,1984.0,34.48041020247173,35
UKR,Ukraine,1984.0,77.68229756397405,296
USA,United States,1984.0,64.5444976076555,52
ISL,Iceland,1984.0,51.567088249841,204
STP,São Tomé and Principe,1984.0,22.533796698523027,68
,Halaib Triangle,1984.0,14.929257271957074,41
,Liancourt Rocks,1984.0,35.84351713859911,7
TWN,Taiwan,1984.0,13.586929540944988,577
PRI,Puerto Rico,1984.0,2.4323204419889497,45
SEN,Senegal,1984.0,71.88186749501598,110
VEN,Venezuela,1984.0,0.0,7
,Ile Tromelin,1984.0,6.671370203445517,413
,Senkaku Islands,1984.0,18.72251614551027,132
QAT,Qatar,1984.0,21.0,1
GUY,Guyana,1984.0,0.0,13
COL,Colombia,1984.0,1.5536912751677852,6
ALB,Albania,1985.0,52.282398452611204,29
DZA,Algeria,1985.0,47.39566777749291,266
AGO,Angola,1985.0,11.607174035230386,725
ATG,Antigua and Barbuda,1985.0,1.8049483484249464,188
AZE,Azerbaijan,1985.0,44.10384868617944,154
ARG,Argentina,1985.0,48.135310982410815,2223
CXR,Christmas Island,1985.0,5.417992123511946,478
CCK,Cocos Islands,1985.0,8.15962402993696,676
HMD,Heard and McDonald Islands,1985.0,8.246382809940158,979
NFK,Norfolk Island,1985.0,6.275862279432863,699
AUS,Australia,1985.0,26.39708388438434,10749
,Macquarie Island,1985.0,50.90579961767192,1147
BHS,Bahamas,1985.0,6.79753503321945,981
BHR,Bahrain,1985.0,18.111646884272997,21
BGD,Bangladesh,1985.0,6.648613728129207,166
BRB,Barbados,1985.0,0.00402652771198484,288
BEL,Belgium,1985.0,8.07927927927928,11
,Trindade,1985.0,2.1724729338621502,714
BRA,Brazil,1985.0,11.372615107818593,4589
BLZ,Belize,1985.0,0.9870045484080574,58
SLB,Solomon Islands,1985.0,6.390519565974686,2285
BRN,Brunei,1985.0,8.74392797319933,77
BGR,Bulgaria,1985.0,17.186888201957753,80
MMR,Myanmar,1985.0,10.319862287194011,725
KHM,Cambodia,1985.0,8.463303318120145,87
CMR,Cameroon,1985.0,16.226622662266227,28
CAN,Canada,1985.0,22.021323206703734,21648
CPV,Cape Verde,1985.0,7.800772372925234,1161
LKA,Sri Lanka,1985.0,7.9640022183506884,770
CHL,Chile,1985.0,21.22544493889792,4486
CHL,Islas San Félix and San Ambrosio,1985.0,18.437801015835078,708
,Easter Island,1985.0,20.902673804656366,1139
CHN,China,1985.0,16.501973811574636,1579
CHN,China,1985.0,0.9705836723436531,531
COL,Colombia,1985.0,2.1277579820220427,1067
,Serrana Bank,1985.0,0.0,8
,Quitasueño Bank,1985.0,0.0,10
,Serranilla Bank,1985.0,0.04952380952380952,8
,Bajo Nuevo Bank,1985.0,0.0,8
COM,Comores,1985.0,10.162708348236649,261
COG,Republic of the Congo,1985.0,30.997057512260373,65
COD,Democratic Republic of the Congo,1985.0,23.967532467532465,33
CRI,Costa Rica,1985.0,1.2172706673038096,841
HRV,Croatia,1985.0,48.09401051686546,122
CUB,Cuba,1985.0,5.844360555820516,589
CYP,Cyprus,1985.0,16.123641442356522,195
BEN,Benin,1985.0,4.188070654492704,61
FRO,Faeroe,1985.0,16.105685246108408,823
DNK,Denmark,1985.0,6.104365678605972,323
GRL,Greenland,1985.0,38.888400473743744,12225
DMA,Dominica,1985.0,0.039319010944466964,63
DOM,Dominican Republic,1985.0,2.5894751354332244,554
,Galapagos,1985.0,1.7864223308581448,1181
ECU,Ecuador,1985.0,9.006802721088432,334
SLV,El Salvador,1985.0,15.024286203568199,149
GNQ,Equatorial Guinea,1985.0,22.543140685387815,464
ERI,Eritrea,1985.0,7.62071802543007,141
EST,Estonia,1985.0,20.17284595300261,118
FJI,Fiji,1985.0,10.749256949644572,1987
FIN,Finland,1985.0,14.282798085211756,277
PYF,French Polynesia,1985.0,10.079566206521497,6856
ATF,Amsterdam and Saint Paul Islands,1985.0,10.12417201718324,912
ATF,Crozet Islands,1985.0,13.858885320535585,1148
ATF,Kerguélen,1985.0,16.30333958152806,1159
NCL,New Caledonia,1985.0,25.08279665302305,1764
REU,Réunion,1985.0,2.386909715459389,491
ATF,Europa Island,1985.0,39.17891311842786,215
ATF,Juan de Nova Island,1985.0,24.227852149677883,108
ATF,Bassas da India,1985.0,27.348550421145696,198
,Clipperton Island,1985.0,1.0716565364990958,628
GLP,Guadeloupe,1985.0,0.02453385672227674,157
BLM,Saint-Barthélemy,1985.0,0.0,14
MAF,Collectivity of Saint Martin,1985.0,0.0,7
SPM,Saint-Pierre and Miquelon,1985.0,1.2217332430602572,43
MTQ,Martinique,1985.0,0.0,96
GUF,French Guiana,1985.0,1.5707040844173557,204
WLF,Wallis and Futuna,1985.0,1.1269140474438482,380
FRA,France,1985.0,21.438841181816507,758
DJI,Djibouti,1985.0,13.340836012861734,17
GAB,Gabon,1985.0,26.603777264408514,299
GEO,Georgia,1985.0,25.303223070398655,48
GMB,Gambia,1985.0,14.955909694555105,45
DEU,Germany,1985.0,5.834911097914557,154
GHA,Ghana,1985.0,2.741368795078489,330
KIR,Phoenix Group,1985.0,1.6905286387802185,1049
KIR,Line Group,1985.0,0.3103282413928297,2315
KIR,Gilbert Islands,1985.0,3.6692434029822163,1489
GRC,Greece,1985.0,40.974326723499814,870
GRD,Grenada,1985.0,0.1737983251118504,53
GTM,Guatemala,1985.0,16.110766764627304,178
GIN,Guinea,1985.0,4.113222924003842,157
GUY,Guyana,1985.0,0.3643208867887032,205
HTI,Haiti,1985.0,6.7566287347945515,178
HND,Honduras,1985.0,1.6073422338544636,332
ISL,Iceland,1985.0,42.97333033937441,2449
,Andaman and Nicobar,1985.0,7.01750792576497,960
IND,India,1985.0,5.252433670043162,2390
IDN,Indonesia,1985.0,13.725958901155968,8462
IRN,Iran,1985.0,24.919772670497128,399
IRQ,Iraq,1985.0,37.31808278867103,4
IRL,Ireland,1985.0,4.114236862609299,992
ISR,Israel,1985.0,4.5175734710087365,53
ITA,Italy,1985.0,48.259968087935455,1037
CIV,Ivory Coast,1985.0,1.9457602698808723,248
JAM,Jamaica,1985.0,1.9455786889105644,401
JPN,Japan,1985.0,22.531886817935362,6497
KAZ,Kazakhstan,1985.0,48.12370005473454,243
KEN,Kenya,1985.0,8.113623680698776,191
PRK,North Korea,1985.0,70.30553319493286,227
KOR,South Korea,1985.0,59.855596555965576,634
KWT,Kuwait,1985.0,17.859583555792845,24
LBN,Lebanon,1985.0,10.251263143520418,38
LVA,Latvia,1985.0,13.50894707101149,89
LBR,Liberia,1985.0,3.285368903709877,367
LBY,Libya,1985.0,21.95793979895308,626
LTU,Lithuania,1985.0,12.071501793951816,23
MDG,Madagascar,1985.0,22.11840454649128,1821
MYS,Malaysia,1985.0,12.738542215972348,829
MDV,Maldives,1985.0,7.190566893424035,1290
MLT,Malta,1985.0,36.159910747489754,110
MRT,Mauritania,1985.0,18.74834667594849,267
MUS,Republic of Mauritius,1985.0,0.9814374631049938,1862
,Chagos Archipelago,1985.0,2.234859810934516,920
MEX,Mexico,1985.0,19.39526278983331,4729
MCO,Monaco,1985.0,50.03875968992248,7
MNE,Montenegro,1985.0,54.577432790609606,18
MAR,Morocco,1985.0,46.837825127518705,503
MOZ,Mozambique,1985.0,20.62446085349128,900
OMN,Oman,1985.0,5.439861778566364,834
NAM,Namibia,1985.0,32.01069253681541,860
NRU,Nauru,1985.0,4.721874666589074,448
ABW,Aruba,1985.0,17.88258754863813,61
BES,Bonaire,1985.0,0.09323747472478093,35
CUW,Curaçao,1985.0,10.291786660522979,52
BES,Saba,1985.0,0.0,21
BES,Sint-Eustatius,1985.0,0.0,10
SXM,Sint-Maarten,1985.0,0.0,4
NLD,Netherlands,1985.0,4.324886052871467,153
VUT,Vanuatu,1985.0,20.378787669815864,943
COK,Cook Islands,1985.0,2.8743319194372585,2825
NIU,Niue,1985.0,5.892993494531316,487
TKL,Tokelau,1985.0,2.0927228309150134,469
NZL,New Zealand,1985.0,39.86475989180875,7834
NIC,Nicaragua,1985.0,3.776914447168324,349
NGA,Nigeria,1985.0,4.762399332572827,262
SJM,Svalbard,1985.0,46.83528040112538,5479
NOR,Norway,1985.0,25.325883159089045,3357
SJM,Jan Mayen,1985.0,20.367103177407785,1250
FSM,Micronesia,1985.0,6.651462024176776,4155
MHL,Marshall Islands,1985.0,2.5101269551385914,2797
PLW,Palau,1985.0,4.201293115945531,878
PAK,Pakistan,1985.0,4.5316811989441685,345
PAN,Panama,1985.0,2.8722546755422727,485
PNG,Papua New Guinea,1985.0,11.762195144842567,3363
PER,Peru,1985.0,7.7751088776067885,1237
PHL,Philippines,1985.0,9.166106309003549,2847
POL,Poland,1985.0,8.30182869352102,81
,Azores,1985.0,3.3832608749048205,1692
,Madeira,1985.0,53.74477204036537,767
PRT,Portugal,1985.0,38.45506535332936,568
GNB,Guinea-Bissau,1985.0,7.354980675374505,168
,Oecusse,1985.0,7.4369449378330375,6
TLS,East Timor,1985.0,17.026872543960625,130
QAT,Qatar,1985.0,11.58657873629801,63
ROU,Romania,1985.0,10.806541507773538,67
RUS,Russia,1985.0,17.41683254080504,32820
KNA,Saint Kitts and Nevis,1985.0,0.0,25
LCA,Saint Lucia,1985.0,0.0018942981625307824,35
VCT,Saint Vincent and the Grenadines,1985.0,0.08149104405357431,69
STP,Sao Tome and Principe,1985.0,13.736309851403416,211
SAU,Saudi Arabia,1985.0,19.649692073372616,364
SEN,Senegal,1985.0,14.231461130709416,261
SYC,Seychelles,1985.0,3.751771223609213,1882
SLE,Sierra Leone,1985.0,2.291594332754662,245
SGP,Singapore,1985.0,16.82608695652174,2
VNM,Vietnam,1985.0,3.22717622080679,1096
SVN,Slovenia,1985.0,46.0,1
SOM,Federal Republic of Somalia,1985.0,8.88612635486978,1163
ZAF,South Africa,1985.0,41.26333128071608,1823
,Prince Edward Islands,1985.0,19.684760997341744,964
,Canary Islands,1985.0,34.65486184499567,744
ESP,Spain,1985.0,43.808476414763604,1070
SDN,Sudan,1985.0,12.942459334024239,110
SUR,Suriname,1985.0,0.7737585952023652,199
SWE,Sweden,1985.0,9.41251645183005,502
SYR,Syria,1985.0,21.84760448521916,22
THA,Thailand,1985.0,8.417305875300979,440
TGO,Togo,1985.0,2.9908844065166797,36
TON,Tonga,1985.0,9.070515936246565,1005
TTO,Trinidad and Tobago,1985.0,0.1302409261576971,132
ARE,United Arab Emirates,1985.0,23.352538166909415,101
TUN,Tunisia,1985.0,28.7782036163522,207
TUR,Turkey,1985.0,33.38059907072411,550
TKM,Turkmenistan,1985.0,33.96596025461885,132
TUV,Tuvalu,1985.0,1.8742692005979602,1137
EGY,Egypt,1985.0,10.526610008217638,451
SHN,Ascension,1985.0,11.076496216158601,639
PCN,Pitcairn,1985.0,15.01833109506478,1289
SHN,Saint Helena,1985.0,3.2905889004535958,662
SHN,Tristan da Cunha,1985.0,9.159557789193844,1343
AIA,Anguilla,1985.0,4.969802336873099,151
VGB,British Virgin Islands,1985.0,3.0139814271412297,140
CYM,Cayman Islands,1985.0,1.0747354813999141,197
MSR,Montserrat,1985.0,0.0,18
TCA,Turks and Caicos Islands,1985.0,5.03222367739774,161
GGY,Guernsey,1985.0,2.3177221926556677,15
JEY,Jersey,1985.0,15.34970364098222,9
GBR,United Kingdom,1985.0,7.218507986447239,1907
BMU,Bermuda,1985.0,17.223630101356335,773
IMN,Isle of Man,1985.0,4.3975903614457845,15
TZA,Tanzania,1985.0,9.479081972060026,368
ASM,American Samoa,1985.0,0.5648075694379634,614
UMI,Palmyra Atoll,1985.0,0.5061144050667027,516
PRI,Puerto Rico,1985.0,0.2874902586558802,251
VIR,United States Virgin Islands,1985.0,0.034234774140385046,80
UMI,Johnston Atoll,1985.0,0.07121135326913326,658
GUM,Guam,1985.0,2.7346086809850427,320
MNP,Northern Mariana Islands,1985.0,1.6203589686182323,1128
UMI,Jarvis Island,1985.0,0.516200868500167,470
UMI,Howland and Baker Islands,1985.0,1.2018899167943948,629
,Hawaii,1985.0,5.570110313660035,3773
,Alaska,1985.0,15.477805314123087,9728
USA,United States,1985.0,47.81507439978152,4090
URY,Uruguay,1985.0,86.76606141659377,277
VEN,Venezuela,1985.0,2.254621573550281,710
WSM,Samoa,1985.0,0.09972224711047399,208
YEM,Yemen,1985.0,3.3105694366698892,788
,Glorioso Islands,1985.0,3.633457249070631,78
BLZ,Belize,1985.0,6.769383697813121,6
KOR,South Korea,1985.0,37.52185886402756,156
PSE,Palestine,1985.0,0.9111675126903552,4
BRB,Barbados,1985.0,0.0,2
IRQ,Iraq,1985.0,38.0,1
,"Abu musa, Greater and Lesser Tunb",1985.0,2.867074770441627,17
FRO,Faeroe,1985.0,16.038668098818473,15
,Doumeira Islands,1985.0,2.435294117647059,2
FRA,France,1985.0,36.0,1
PNG,Papua New Guinea,1985.0,35.283964365256125,12
FLK,Falkland / Malvinas Islands,1985.0,31.997190202716588,1230
SGS,South Georgia and the South Sandwich Islands,1985.0,6.706440861620735,3051
URY,Uruguay,1985.0,82.94181540629401,88
GBR,United Kingdom,1985.0,3.9382598784194527,41
MYT,Mayotte,1985.0,10.833844401612053,119
CRI,Costa Rica,1985.0,0.07904316172646905,46
PER,Peru,1985.0,8.551655509317895,49
DOM,Dominican Republic,1985.0,0.7219274977895667,30
ECU,Ecuador,1985.0,4.41306755260243,40
JAM,Jamaica,1985.0,0.21466264606106303,35
NOR,Norway,1985.0,5.57303370786517,3
FRA,France,1985.0,31.434974283614988,9
GIB,Gibraltar,1985.0,6.9150326797385615,2
HRV,Croatia,1985.0,46.0,1
MYS,Malaysia,1985.0,6.2631578947368425,3
EGY,Egypt,1985.0,15.630788485607013,25
,Matthew and Hunter Islands,1985.0,21.228850452994465,306
CAN,Canada,1985.0,0.029200393373174965,130
,Navassa Island,1985.0,1.6810610734114746,31
HND,Honduras,1985.0,1.0541666666666667,7
,Melilla,1985.0,65.0,1
,Alhucemas Islands,1985.0,38.0,1
,Ceuta,1985.0,8.0,1
,Peñón de Vélez de la Gomera,1985.0,41.0,1
,Chafarinas Islands,1985.0,106.14285714285715,2
ESH,Western Sahara,1985.0,18.29921871963307,455
UMI,Wake Island / Enenkio,1985.0,4.489491619723208,611
,Kuril Islands,1985.0,23.01949415073574,445
NOR,Norway,1985.0,10.296344990796737,35
UKR,Ukraine,1985.0,16.231438646436555,296
USA,United States,1985.0,19.571565276828437,52
ISL,Iceland,1985.0,3.617277844508819,204
STP,São Tomé and Principe,1985.0,8.206863596872285,68
,Halaib Triangle,1985.0,18.00677774639932,41
,Liancourt Rocks,1985.0,52.67064083457526,7
TWN,Taiwan,1985.0,13.275575300990523,577
PRI,Puerto Rico,1985.0,1.7664211172498463,45
SEN,Senegal,1985.0,5.51346840372757,110
VEN,Venezuela,1985.0,0.0,7
,Ile Tromelin,1985.0,0.09570995324544042,413
,Senkaku Islands,1985.0,33.586127631626965,132
QAT,Qatar,1985.0,38.0,1
GUY,Guyana,1985.0,0.0,13
COL,Colombia,1985.0,0.0,6
ALB,Albania,1986.0,110.9363851278745,29
DZA,Algeria,1986.0,30.167191562602987,266
AGO,Angola,1986.0,49.786871718826625,725
ATG,Antigua and Barbuda,1986.0,0.8127279683713815,188
AZE,Azerbaijan,1986.0,67.64544801580175,154
ARG,Argentina,1986.0,17.47184542677435,2223
CXR,Christmas Island,1986.0,0.2049411954678795,478
CCK,Cocos Islands,1986.0,0.6271379059195822,676
HMD,Heard and McDonald Islands,1986.0,2.563190887612742,979
NFK,Norfolk Island,1986.0,6.662430800969245,699
AUS,Australia,1986.0,15.459376081501988,10749
,Macquarie Island,1986.0,70.41465786020541,1147
BHS,Bahamas,1986.0,9.479960602742855,981
BHR,Bahrain,1986.0,77.00927299703265,21
BGD,Bangladesh,1986.0,21.477200538358005,166
BRB,Barbados,1986.0,0.023006474024948678,288
BEL,Belgium,1986.0,11.713513513513515,11
,Trindade,1986.0,2.0915365467300298,714
BRA,Brazil,1986.0,15.774279576399953,4589
BLZ,Belize,1986.0,4.964076858813701,58
SLB,Solomon Islands,1986.0,6.773933782939419,2285
BRN,Brunei,1986.0,8.915759352317142,77
BGR,Bulgaria,1986.0,46.016486347243685,80
MMR,Myanmar,1986.0,21.984960623855606,725
KHM,Cambodia,1986.0,1.7818551868755397,87
CMR,Cameroon,1986.0,5.581518151815181,28
CAN,Canada,1986.0,15.872065238174786,21648
CPV,Cape Verde,1986.0,2.960633432097344,1161
LKA,Sri Lanka,1986.0,4.886847309129408,770
CHL,Chile,1986.0,6.443314309028193,4486
CHL,Islas San Félix and San Ambrosio,1986.0,14.136360920227071,708
,Easter Island,1986.0,2.6601010398129215,1139
CHN,China,1986.0,12.585676328570186,1579
CHN,China,1986.0,1.743303109701441,531
COL,Colombia,1986.0,1.9988260817262824,1067
,Serrana Bank,1986.0,0.0,8
,Quitasueño Bank,1986.0,0.0,10
,Serranilla Bank,1986.0,0.0,8
,Bajo Nuevo Bank,1986.0,0.0,8
COM,Comores,1986.0,22.602868588597186,261
COG,Republic of the Congo,1986.0,24.572269282211327,65
COD,Democratic Republic of the Congo,1986.0,16.75904452690167,33
CRI,Costa Rica,1986.0,6.181868162923456,841
HRV,Croatia,1986.0,75.92869052199566,122
CUB,Cuba,1986.0,7.173875789150346,589
CYP,Cyprus,1986.0,16.872828847130517,195
BEN,Benin,1986.0,2.5509002474613887,61
FRO,Faeroe,1986.0,13.889963317602296,823
DNK,Denmark,1986.0,13.377504793253813,323
GRL,Greenland,1986.0,15.07225103644233,12225
DMA,Dominica,1986.0,0.0,63
DOM,Dominican Republic,1986.0,0.9761004963181624,554
,Galapagos,1986.0,28.349062183772084,1181
ECU,Ecuador,1986.0,15.812280634580267,334
SLV,El Salvador,1986.0,6.721611607559858,149
GNQ,Equatorial Guinea,1986.0,4.3207899653055755,464
ERI,Eritrea,1986.0,8.289491398653702,141
EST,Estonia,1986.0,51.191549964395925,118
FJI,Fiji,1986.0,3.7429098208498774,1987
FIN,Finland,1986.0,35.6596298809677,277
PYF,French Polynesia,1986.0,5.665224804618387,6856
ATF,Amsterdam and Saint Paul Islands,1986.0,12.619155619197185,912
ATF,Crozet Islands,1986.0,22.885186420281123,1148
ATF,Kerguélen,1986.0,11.063785970929572,1159
NCL,New Caledonia,1986.0,19.01288986842983,1764
REU,Réunion,1986.0,2.2924199231545566,491
ATF,Europa Island,1986.0,27.24519479400103,215
ATF,Juan de Nova Island,1986.0,32.44971901128523,108
ATF,Bassas da India,1986.0,27.094071385359957,198
,Clipperton Island,1986.0,0.6728599597503712,628
GLP,Guadeloupe,1986.0,0.013802272943113111,157
BLM,Saint-Barthélemy,1986.0,0.14979480164158684,14
MAF,Collectivity of Saint Martin,1986.0,2.7684210526315787,7
SPM,Saint-Pierre and Miquelon,1986.0,6.159614082599864,43
MTQ,Martinique,1986.0,0.0015849792733479637,96
GUF,French Guiana,1986.0,1.4937687619394155,204
WLF,Wallis and Futuna,1986.0,3.656960650338131,380
FRA,France,1986.0,14.82751265834524,758
DJI,Djibouti,1986.0,11.322462103812587,17
GAB,Gabon,1986.0,13.01015571089977,299
GEO,Georgia,1986.0,71.2362171331637,48
GMB,Gambia,1986.0,12.854448871181933,45
DEU,Germany,1986.0,12.213539665350892,154
GHA,Ghana,1986.0,6.763258379295714,330
KIR,Phoenix Group,1986.0,34.67999598756143,1049
KIR,Line Group,1986.0,22.214304383812287,2315
KIR,Gilbert Islands,1986.0,35.83488510329012,1489
GRC,Greece,1986.0,44.438479893580116,870
GRD,Grenada,1986.0,0.0,53
GTM,Guatemala,1986.0,11.53807106598985,178
GIN,Guinea,1986.0,8.349943243007246,157
GUY,Guyana,1986.0,1.0504338993530153,205
HTI,Haiti,1986.0,5.064998038006614,178
HND,Honduras,1986.0,2.5589369492280483,332
ISL,Iceland,1986.0,31.46391051033858,2449
,Andaman and Nicobar,1986.0,6.672398746126171,960
IND,India,1986.0,5.883324843615878,2390
IDN,Indonesia,1986.0,11.645417923155517,8462
IRN,Iran,1986.0,59.46473894579066,399
IRQ,Iraq,1986.0,146.40522875816993,4
IRL,Ireland,1986.0,1.1657259111765212,992
ISR,Israel,1986.0,24.604944400317713,53
ITA,Italy,1986.0,66.82373459799659,1037
CIV,Ivory Coast,1986.0,6.473732297852899,248
JAM,Jamaica,1986.0,0.7077461235747201,401
JPN,Japan,1986.0,13.11349418315735,6497
KAZ,Kazakhstan,1986.0,84.2761161936039,243
KEN,Kenya,1986.0,12.683125075821913,191
PRK,North Korea,1986.0,5.191585815362454,227
KOR,South Korea,1986.0,15.052970117936482,634
KWT,Kuwait,1986.0,106.9396689802456,24
LBN,Lebanon,1986.0,36.38850198006283,38
LVA,Latvia,1986.0,33.50141269542287,89
LBR,Liberia,1986.0,5.525647591258263,367
LBY,Libya,1986.0,23.756723345036345,626
LTU,Lithuania,1986.0,33.78241927216812,23
MDG,Madagascar,1986.0,17.571238500722266,1821
MYS,Malaysia,1986.0,8.613933321614818,829
MDV,Maldives,1986.0,5.030045351473923,1290
MLT,Malta,1986.0,54.69682037932315,110
MRT,Mauritania,1986.0,18.982546864899813,267
MUS,Republic of Mauritius,1986.0,4.614716253554829,1862
,Chagos Archipelago,1986.0,6.854396577500745,920
MEX,Mexico,1986.0,22.41404129315462,4729
MCO,Monaco,1986.0,69.93798449612403,7
MNE,Montenegro,1986.0,123.16849678152211,18
MAR,Morocco,1986.0,8.124498064609485,503
MOZ,Mozambique,1986.0,16.751108107570914,900
OMN,Oman,1986.0,17.526503649521757,834
NAM,Namibia,1986.0,61.15075053855253,860
NRU,Nauru,1986.0,26.20365466872291,448
ABW,Aruba,1986.0,0.1279182879377432,61
BES,Bonaire,1986.0,0.13614917995955964,35
CUW,Curaçao,1986.0,0.11277502591867294,52
BES,Saba,1986.0,0.06338665861756715,21
BES,Sint-Eustatius,1986.0,0.0,10
SXM,Sint-Maarten,1986.0,1.580246913580247,4
NLD,Netherlands,1986.0,5.929899726526891,153
VUT,Vanuatu,1986.0,10.71264970231938,943
COK,Cook Islands,1986.0,4.137130318977304,2825
NIU,Niue,1986.0,2.4472042503582,487
TKL,Tokelau,1986.0,7.9743485342019556,469
NZL,New Zealand,1986.0,35.24225579801511,7834
NIC,Nicaragua,1986.0,1.3156742981399157,349
NGA,Nigeria,1986.0,0.666575860248923,262
SJM,Svalbard,1986.0,16.742427839414205,5479
NOR,Norway,1986.0,7.348824564844444,3357
SJM,Jan Mayen,1986.0,15.523711923104104,1250
FSM,Micronesia,1986.0,5.61525127582065,4155
MHL,Marshall Islands,1986.0,5.154746826121537,2797
PLW,Palau,1986.0,9.317412608363695,878
PAK,Pakistan,1986.0,14.125724007656034,345
PAN,Panama,1986.0,4.808377484943169,485
PNG,Papua New Guinea,1986.0,12.806167869464613,3363
PER,Peru,1986.0,17.65852820162036,1237
PHL,Philippines,1986.0,4.988869304874809,2847
POL,Poland,1986.0,28.39948469804562,81
,Azores,1986.0,10.890442856090191,1692
,Madeira,1986.0,2.963742423146071,767
PRT,Portugal,1986.0,7.81664948492396,568
GNB,Guinea-Bissau,1986.0,17.364290348971714,168
,Oecusse,1986.0,8.735346358792183,6
TLS,East Timor,1986.0,13.002461001071726,130
QAT,Qatar,1986.0,53.42384814187683,63
ROU,Romania,1986.0,67.93077148723965,67
RUS,Russia,1986.0,13.792169748758196,32820
KNA,Saint Kitts and Nevis,1986.0,0.0,25
LCA,Saint Lucia,1986.0,0.1532487213487403,35
VCT,Saint Vincent and the Grenadines,1986.0,0.0,69
STP,Sao Tome and Principe,1986.0,4.622844432214272,211
SAU,Saudi Arabia,1986.0,40.41354877160452,364
SEN,Senegal,1986.0,11.343590122453504,261
SYC,Seychelles,1986.0,13.124813555409562,1882
SLE,Sierra Leone,1986.0,2.3989471915775327,245
SGP,Singapore,1986.0,7.826086956521738,2
VNM,Vietnam,1986.0,2.864964221121332,1096
SVN,Slovenia,1986.0,48.0,1
SOM,Federal Republic of Somalia,1986.0,9.83590990784856,1163
ZAF,South Africa,1986.0,67.13481714926583,1823
,Prince Edward Islands,1986.0,40.580415138502765,964
,Canary Islands,1986.0,3.0297505254283577,744
ESP,Spain,1986.0,22.797303483859263,1070
SDN,Sudan,1986.0,7.589284909656196,110
SUR,Suriname,1986.0,1.641745246041167,199
SWE,Sweden,1986.0,26.66733646127416,502
SYR,Syria,1986.0,29.177879714576964,22
THA,Thailand,1986.0,3.6152658261284785,440
TGO,Togo,1986.0,4.3644297905353,36
TON,Tonga,1986.0,1.5261053512483147,1005
TTO,Trinidad and Tobago,1986.0,0.17181633291614518,132
ARE,United Arab Emirates,1986.0,47.74105842369312,101
TUN,Tunisia,1986.0,50.36384630503146,207
TUR,Turkey,1986.0,54.69414703127582,550
TKM,Turkmenistan,1986.0,75.74930135072195,132
TUV,Tuvalu,1986.0,11.908452111362722,1137
EGY,Egypt,1986.0,26.404048267808484,451
SHN,Ascension,1986.0,0.6302427520784482,639
PCN,Pitcairn,1986.0,4.411555953469964,1289
SHN,Saint Helena,1986.0,3.38405098749727,662
SHN,Tristan da Cunha,1986.0,7.833836315075201,1343
AIA,Anguilla,1986.0,0.9270431976944519,151
VGB,British Virgin Islands,1986.0,1.2473849552939553,140
CYM,Cayman Islands,1986.0,0.7110164216977068,197
MSR,Montserrat,1986.0,0.04656764351665998,18
TCA,Turks and Caicos Islands,1986.0,1.3183687144031915,161
GGY,Guernsey,1986.0,0.18467269824374666,15
JEY,Jersey,1986.0,0.28535139712108387,9
GBR,United Kingdom,1986.0,2.885755640777421,1907
BMU,Bermuda,1986.0,15.100419990910222,773
IMN,Isle of Man,1986.0,0.5265506470325747,15
TZA,Tanzania,1986.0,17.81129425678173,368
ASM,American Samoa,1986.0,2.1208353374444515,614
UMI,Palmyra Atoll,1986.0,10.746007950410997,516
PRI,Puerto Rico,1986.0,0.4196942145693401,251
VIR,United States Virgin Islands,1986.0,0.04681998651584388,80
UMI,Johnston Atoll,1986.0,7.685341858681948,658
GUM,Guam,1986.0,3.7308838412234326,320
MNP,Northern Mariana Islands,1986.0,2.5267136833463946,1128
UMI,Jarvis Island,1986.0,54.72866792858996,470
UMI,Howland and Baker Islands,1986.0,46.14361862272825,629
,Hawaii,1986.0,8.572189495374612,3773
,Alaska,1986.0,26.97293262643661,9728
USA,United States,1986.0,51.93538706981688,4090
URY,Uruguay,1986.0,51.57731941086706,277
VEN,Venezuela,1986.0,1.1893191727078345,710
WSM,Samoa,1986.0,4.131999820804589,208
YEM,Yemen,1986.0,17.120056089879494,788
,Glorioso Islands,1986.0,12.233186887461978,78
BLZ,Belize,1986.0,2.9165009940357853,6
KOR,South Korea,1986.0,20.962791425442028,156
PSE,Palestine,1986.0,25.060913705583754,4
BRB,Barbados,1986.0,0.0,2
IRQ,Iraq,1986.0,159.0,1
,"Abu musa, Greater and Lesser Tunb",1986.0,9.903366856143418,17
FRO,Faeroe,1986.0,15.17937701396348,15
,Doumeira Islands,1986.0,5.870588235294118,2
FRA,France,1986.0,42.0,1
PNG,Papua New Guinea,1986.0,64.21714922048999,12
FLK,Falkland / Malvinas Islands,1986.0,0.5911642155183044,1230
SGS,South Georgia and the South Sandwich Islands,1986.0,6.263475458795658,3051
URY,Uruguay,1986.0,46.53417097228745,88
GBR,United Kingdom,1986.0,2.113031914893617,41
MYT,Mayotte,1986.0,25.00271596285264,119
CRI,Costa Rica,1986.0,1.5687294158433,46
PER,Peru,1986.0,28.586574995476756,49
DOM,Dominican Republic,1986.0,0.0,30
ECU,Ecuador,1986.0,5.068660022148389,40
JAM,Jamaica,1986.0,0.0,35
NOR,Norway,1986.0,21.775280898876403,3
FRA,France,1986.0,0.9316678912564291,9
GIB,Gibraltar,1986.0,0.0,2
HRV,Croatia,1986.0,48.0,1
MYS,Malaysia,1986.0,0.0,3
EGY,Egypt,1986.0,28.752816020025037,25
,Matthew and Hunter Islands,1986.0,11.986071890810681,306
CAN,Canada,1986.0,2.2945759891065887,130
,Navassa Island,1986.0,2.9047912811022014,31
HND,Honduras,1986.0,0.0,7
,Melilla,1986.0,47.0,1
,Alhucemas Islands,1986.0,10.0,1
,Ceuta,1986.0,0.0,1
,Peñón de Vélez de la Gomera,1986.0,11.0,1
,Chafarinas Islands,1986.0,84.57142857142857,2
ESH,Western Sahara,1986.0,7.564591674116687,455
UMI,Wake Island / Enenkio,1986.0,0.8325891925725022,611
,Kuril Islands,1986.0,9.958301063873153,445
NOR,Norway,1986.0,1.3615566657901654,35
UKR,Ukraine,1986.0,70.88649671637933,296
USA,United States,1986.0,41.77224880382775,52
ISL,Iceland,1986.0,15.495442662333083,204
STP,São Tomé and Principe,1986.0,2.110338835794961,68
,Halaib Triangle,1986.0,18.424738774357525,41
,Liancourt Rocks,1986.0,3.695976154992548,7
TWN,Taiwan,1986.0,8.437023217574842,577
PRI,Puerto Rico,1986.0,0.19889502762430933,45
SEN,Senegal,1986.0,10.060225323380777,110
VEN,Venezuela,1986.0,0.0,7
,Ile Tromelin,1986.0,5.4260561897139965,413
,Senkaku Islands,1986.0,15.169810632320214,132
QAT,Qatar,1986.0,90.0,1
GUY,Guyana,1986.0,0.0,13
COL,Colombia,1986.0,0.0,6
ALB,Albania,1987.0,85.78615946701052,29
DZA,Algeria,1987.0,48.505767751858485,266
AGO,Angola,1987.0,27.69381495078988,725
ATG,Antigua and Barbuda,1987.0,7.733528886621605,188
AZE,Azerbaijan,1987.0,21.303106482312796,154
ARG,Argentina,1987.0,21.180721275282778,2223
CXR,Christmas Island,1987.0,3.730997299746122,478
CCK,Cocos Islands,1987.0,13.24473214958435,676
HMD,Heard and McDonald Islands,1987.0,2.942443996068084,979
NFK,Norfolk Island,1987.0,1.3007037396468493,699
AUS,Australia,1987.0,16.798953415074283,10749
,Macquarie Island,1987.0,38.407749637226914,1147
BHS,Bahamas,1987.0,19.69713798273731,981
BHR,Bahrain,1987.0,49.730712166172104,21
BGD,Bangladesh,1987.0,31.807429340511433,166
BRB,Barbados,1987.0,7.196273488078319,288
BEL,Belgium,1987.0,12.852252252252251,11
,Trindade,1987.0,48.52411238551232,714
BRA,Brazil,1987.0,20.519950016724888,4589
BLZ,Belize,1987.0,6.206349206349207,58
SLB,Solomon Islands,1987.0,1.0122274670121958,2285
BRN,Brunei,1987.0,29.466778336125074,77
BGR,Bulgaria,1987.0,19.919178258629575,80
MMR,Myanmar,1987.0,51.641620792026394,725
KHM,Cambodia,1987.0,37.44973479708893,87
CMR,Cameroon,1987.0,33.54697469746974,28
CAN,Canada,1987.0,20.663988585149706,21648
CPV,Cape Verde,1987.0,42.19126657653252,1161
LKA,Sri Lanka,1987.0,40.364571370951914,770
CHL,Chile,1987.0,21.212519303531355,4486
CHL,Islas San Félix and San Ambrosio,1987.0,11.494723633104275,708
,Easter Island,1987.0,4.1753121644875195,1139
CHN,China,1987.0,21.71767901082159,1579
CHN,China,1987.0,36.63334310142729,531
COL,Colombia,1987.0,27.613502963832527,1067
,Serrana Bank,1987.0,12.022517911975436,8
,Quitasueño Bank,1987.0,6.43095238095238,10
,Serranilla Bank,1987.0,17.35809523809524,8
,Bajo Nuevo Bank,1987.0,23.171003717472125,8
COM,Comores,1987.0,54.590278274554706,261
COG,Republic of the Congo,1987.0,34.88185465893893,65
COD,Democratic Republic of the Congo,1987.0,41.24512987012987,33
CRI,Costa Rica,1987.0,56.294077145602444,841
HRV,Croatia,1987.0,72.53952374845025,122
CUB,Cuba,1987.0,11.789991027330267,589
CYP,Cyprus,1987.0,25.71800406297612,195
BEN,Benin,1987.0,28.724379213243452,61
FRO,Faeroe,1987.0,16.812131468031662,823
DNK,Denmark,1987.0,4.738975516229194,323
GRL,Greenland,1987.0,13.361757844377301,12225
DMA,Dominica,1987.0,7.617551682205107,63
DOM,Dominican Republic,1987.0,10.3286161481818,554
,Galapagos,1987.0,141.77991961575185,1181
ECU,Ecuador,1987.0,120.26922438769127,334
SLV,El Salvador,1987.0,69.92097642992806,149
GNQ,Equatorial Guinea,1987.0,38.215441488993676,464
ERI,Eritrea,1987.0,17.464023934181004,141
EST,Estonia,1987.0,3.671065748872538,118
FJI,Fiji,1987.0,0.6266289950099736,1987
FIN,Finland,1987.0,3.7092603121618444,277
PYF,French Polynesia,1987.0,20.776867791184472,6856
ATF,Amsterdam and Saint Paul Islands,1987.0,43.63062035197929,912
ATF,Crozet Islands,1987.0,15.542916899254026,1148
ATF,Kerguélen,1987.0,22.222465946130168,1159
NCL,New Caledonia,1987.0,1.088127677438436,1764
REU,Réunion,1987.0,27.357951024310747,491
ATF,Europa Island,1987.0,48.873944147560756,215
ATF,Juan de Nova Island,1987.0,55.500022844610946,108
ATF,Bassas da India,1987.0,49.37258597421939,198
,Clipperton Island,1987.0,19.203538443816537,628
GLP,Guadeloupe,1987.0,6.397765044794074,157
BLM,Saint-Barthélemy,1987.0,6.021203830369355,14
MAF,Collectivity of Saint Martin,1987.0,5.578947368421051,7
SPM,Saint-Pierre and Miquelon,1987.0,40.23324306025727,43
MTQ,Martinique,1987.0,8.213057790782734,96
GUF,French Guiana,1987.0,16.212498862912756,204
WLF,Wallis and Futuna,1987.0,1.9004403331114144,380
FRA,France,1987.0,29.991097427527507,758
DJI,Djibouti,1987.0,33.35737253100597,17
GAB,Gabon,1987.0,42.26701869130839,299
GEO,Georgia,1987.0,17.698367260390164,48
GMB,Gambia,1987.0,82.10810092961486,45
DEU,Germany,1987.0,6.472421140880986,154
GHA,Ghana,1987.0,25.573875689435727,330
KIR,Phoenix Group,1987.0,114.91539372053359,1049
KIR,Line Group,1987.0,138.03552318236612,2315
KIR,Gilbert Islands,1987.0,55.42171895732326,1489
GRC,Greece,1987.0,30.793412941194727,870
GRD,Grenada,1987.0,10.91843524148216,53
GTM,Guatemala,1987.0,74.05313919316058,178
GIN,Guinea,1987.0,55.77087638618038,157
GUY,Guyana,1987.0,16.86510477620509,205
HTI,Haiti,1987.0,17.882644767083367,178
HND,Honduras,1987.0,5.048099010176666,332
ISL,Iceland,1987.0,52.0717435982701,2449
,Andaman and Nicobar,1987.0,32.520883054892614,960
IND,India,1987.0,45.46572768629054,2390
IDN,Indonesia,1987.0,19.238059804022814,8462
IRN,Iran,1987.0,42.253097676742435,399
IRQ,Iraq,1987.0,52.44008714596949,4
IRL,Ireland,1987.0,20.517002856895505,992
ISR,Israel,1987.0,22.21445591739476,53
ITA,Italy,1987.0,66.6633897704104,1037
CIV,Ivory Coast,1987.0,16.515180799100392,248
JAM,Jamaica,1987.0,12.224277689953249,401
JPN,Japan,1987.0,30.158685457537963,6497
KAZ,Kazakhstan,1987.0,25.163108921729613,243
KEN,Kenya,1987.0,11.379910226859154,191
PRK,North Korea,1987.0,22.499724611278236,227
KOR,South Korea,1987.0,41.62891975978587,634
KWT,Kuwait,1987.0,28.993593166043784,24
LBN,Lebanon,1987.0,43.22914106240613,38
LVA,Latvia,1987.0,0.6513467696364663,89
LBR,Liberia,1987.0,14.087488834633477,367
LBY,Libya,1987.0,35.61794022280463,626
LTU,Lithuania,1987.0,0.2498718605843157,23
MDG,Madagascar,1987.0,38.6948723675207,1821
MYS,Malaysia,1987.0,33.787836175074744,829
MDV,Maldives,1987.0,41.72263038548754,1290
MLT,Malta,1987.0,72.86165860914835,110
MRT,Mauritania,1987.0,61.80208177945733,267
MUS,Republic of Mauritius,1987.0,30.005059245243192,1862
,Chagos Archipelago,1987.0,33.44437288681372,920
MEX,Mexico,1987.0,36.658485072142355,4729
MCO,Monaco,1987.0,51.58914728682171,7
MNE,Montenegro,1987.0,94.72737599394165,18
MAR,Morocco,1987.0,81.60072170169664,503
MOZ,Mozambique,1987.0,46.80653336248533,900
OMN,Oman,1987.0,39.10797514911051,834
NAM,Namibia,1987.0,30.601431887215576,860
NRU,Nauru,1987.0,38.789972939156776,448
ABW,Aruba,1987.0,19.277626459143967,61
BES,Bonaire,1987.0,18.896877106268246,35
CUW,Curaçao,1987.0,19.12786545328879,52
BES,Saba,1987.0,10.539390280712345,21
BES,Sint-Eustatius,1987.0,14.257595772787322,10
SXM,Sint-Maarten,1987.0,8.950617283950619,4
NLD,Netherlands,1987.0,5.5868732907930685,153
VUT,Vanuatu,1987.0,0.09683929843918805,943
COK,Cook Islands,1987.0,18.74937078691238,2825
NIU,Niue,1987.0,3.6141660807888445,487
TKL,Tokelau,1987.0,15.467926413976901,469
NZL,New Zealand,1987.0,20.672665491281396,7834
NIC,Nicaragua,1987.0,25.07396019445714,349
NGA,Nigeria,1987.0,23.870362487868828,262
SJM,Svalbard,1987.0,17.078991338242652,5479
NOR,Norway,1987.0,5.693691703058937,3357
SJM,Jan Mayen,1987.0,31.362623641583284,1250
FSM,Micronesia,1987.0,5.225156868060653,4155
MHL,Marshall Islands,1987.0,5.437846475595747,2797
PLW,Palau,1987.0,3.0704738525770505,878
PAK,Pakistan,1987.0,19.24610630871812,345
PAN,Panama,1987.0,26.570955033283532,485
PNG,Papua New Guinea,1987.0,6.032055702038145,3363
PER,Peru,1987.0,135.4835781289207,1237
PHL,Philippines,1987.0,21.287197889755408,2847
POL,Poland,1987.0,0.047256959718469174,81
,Azores,1987.0,12.058669221133302,1692
,Madeira,1987.0,86.36239765333212,767
PRT,Portugal,1987.0,47.51491049189949,568
GNB,Guinea-Bissau,1987.0,80.35797105537846,168
,Oecusse,1987.0,7.435168738898757,6
TLS,East Timor,1987.0,28.240582701544074,130
QAT,Qatar,1987.0,52.66081454415828,63
ROU,Romania,1987.0,23.054268113816363,67
RUS,Russia,1987.0,5.812907725300427,32820
KNA,Saint Kitts and Nevis,1987.0,16.586541376174605,25
LCA,Saint Lucia,1987.0,11.128243985603337,35
VCT,Saint Vincent and the Grenadines,1987.0,8.672744876553171,69
STP,Sao Tome and Principe,1987.0,28.250114657860934,211
SAU,Saudi Arabia,1987.0,38.552254817561746,364
SEN,Senegal,1987.0,76.59778734093045,261
SYC,Seychelles,1987.0,20.065790525063477,1882
SLE,Sierra Leone,1987.0,22.19170820033227,245
SGP,Singapore,1987.0,17.47826086956522,2
VNM,Vietnam,1987.0,42.983765825273224,1096
SVN,Slovenia,1987.0,31.0,1
SOM,Federal Republic of Somalia,1987.0,18.464181985260204,1163
ZAF,South Africa,1987.0,43.27806797987343,1823
,Prince Edward Islands,1987.0,16.68770203305619,964
,Canary Islands,1987.0,94.21964686464727,744
ESP,Spain,1987.0,40.010055225376455,1070
SDN,Sudan,1987.0,11.925471995674302,110
SUR,Suriname,1987.0,12.224651152373058,199
SWE,Sweden,1987.0,2.329177257793898,502
SYR,Syria,1987.0,28.272426095820595,22
THA,Thailand,1987.0,43.05045261051114,440
TGO,Togo,1987.0,30.44782777346781,36
TON,Tonga,1987.0,5.250377220529254,1005
TTO,Trinidad and Tobago,1987.0,16.464173967459327,132
ARE,United Arab Emirates,1987.0,68.92722662782543,101
TUN,Tunisia,1987.0,64.86792452830188,207
TUR,Turkey,1987.0,20.99356301996289,550
TKM,Turkmenistan,1987.0,27.095676137245768,132
TUV,Tuvalu,1987.0,6.9390827819960625,1137
EGY,Egypt,1987.0,12.731164309502178,451
SHN,Ascension,1987.0,0.30496562566616925,639
PCN,Pitcairn,1987.0,5.460927616341307,1289
SHN,Saint Helena,1987.0,15.892769489739534,662
SHN,Tristan da Cunha,1987.0,8.204888114964895,1343
AIA,Anguilla,1987.0,6.2015474736083664,151
VGB,British Virgin Islands,1987.0,6.397245141022543,140
CYM,Cayman Islands,1987.0,5.655862498204626,197
MSR,Montserrat,1987.0,20.044560417503014,18
TCA,Turks and Caicos Islands,1987.0,10.986629305881275,161
GGY,Guernsey,1987.0,1.6120276742948374,15
JEY,Jersey,1987.0,15.330228619813715,9
GBR,United Kingdom,1987.0,6.4079557301362735,1907
BMU,Bermuda,1987.0,17.710266505314216,773
IMN,Isle of Man,1987.0,0.8473895582329318,15
TZA,Tanzania,1987.0,36.193584152561165,368
ASM,American Samoa,1987.0,0.42454611369950535,614
UMI,Palmyra Atoll,1987.0,40.41619222476755,516
PRI,Puerto Rico,1987.0,8.69306416298661,251
VIR,United States Virgin Islands,1987.0,8.259270357330136,80
UMI,Johnston Atoll,1987.0,2.927177147907,658
GUM,Guam,1987.0,0.784535589789722,320
MNP,Northern Mariana Islands,1987.0,7.653904996455094,1128
UMI,Jarvis Island,1987.0,239.46166907916717,470
UMI,Howland and Baker Islands,1987.0,124.96735411648777,629
,Hawaii,1987.0,13.101774905884488,3773
,Alaska,1987.0,25.464789826733327,9728
USA,United States,1987.0,34.50429644108894,4090
URY,Uruguay,1987.0,75.96565677348558,277
VEN,Venezuela,1987.0,21.066503143119494,710
WSM,Samoa,1987.0,1.4858659618313774,208
YEM,Yemen,1987.0,25.390243074991943,788
,Glorioso Islands,1987.0,38.91355187563365,78
BLZ,Belize,1987.0,12.141153081510936,6
KOR,South Korea,1987.0,43.915287122516055,156
PSE,Palestine,1987.0,10.256345177664974,4
BRB,Barbados,1987.0,15.090909090909092,2
IRQ,Iraq,1987.0,55.0,1
,"Abu musa, Greater and Lesser Tunb",1987.0,32.160034980323566,17
FRO,Faeroe,1987.0,13.214822771213747,15
,Doumeira Islands,1987.0,11.0,2
FRA,France,1987.0,45.0,1
PNG,Papua New Guinea,1987.0,27.890868596881955,12
FLK,Falkland / Malvinas Islands,1987.0,3.4592236735700874,1230
SGS,South Georgia and the South Sandwich Islands,1987.0,1.1379062179496682,3051
URY,Uruguay,1987.0,65.42337952090185,88
GBR,United Kingdom,1987.0,2.128609422492401,41
MYT,Mayotte,1987.0,55.01616435955846,119
CRI,Costa Rica,1987.0,43.17611371121511,46
PER,Peru,1987.0,185.43604125203552,49
DOM,Dominican Republic,1987.0,12.559239610963749,30
ECU,Ecuador,1987.0,54.09049201075777,40
JAM,Jamaica,1987.0,17.38088955898983,35
NOR,Norway,1987.0,3.3932584269662924,3
FRA,France,1987.0,25.46216017634093,9
GIB,Gibraltar,1987.0,3.0849673202614376,2
HRV,Croatia,1987.0,31.0,1
MYS,Malaysia,1987.0,17.48421052631579,3
EGY,Egypt,1987.0,17.59605757196496,25
,Matthew and Hunter Islands,1987.0,0.8220231791975525,306
CAN,Canada,1987.0,70.27494515470156,130
,Navassa Island,1987.0,4.553156487764756,31
HND,Honduras,1987.0,6.794444444444443,7
,Melilla,1987.0,51.0,1
,Alhucemas Islands,1987.0,36.0,1
,Ceuta,1987.0,2.0,1
,Peñón de Vélez de la Gomera,1987.0,63.0,1
,Chafarinas Islands,1987.0,89.57142857142856,2
ESH,Western Sahara,1987.0,58.98060403467175,455
UMI,Wake Island / Enenkio,1987.0,2.0115376590861667,611
,Kuril Islands,1987.0,18.363255614886068,445
NOR,Norway,1987.0,5.259006047856954E-4,35
UKR,Ukraine,1987.0,20.613406230791636,296
USA,United States,1987.0,19.7917976760082,52
ISL,Iceland,1987.0,57.891872159024004,204
STP,São Tomé and Principe,1987.0,20.733014769765425,68
,Halaib Triangle,1987.0,8.8290031064671,41
,Liancourt Rocks,1987.0,8.397913561847986,7
TWN,Taiwan,1987.0,29.933343346587712,577
PRI,Puerto Rico,1987.0,5.842387968078577,45
SEN,Senegal,1987.0,73.8995780981965,110
VEN,Venezuela,1987.0,9.303664921465968,7
,Ile Tromelin,1987.0,28.17126490038331,413
,Senkaku Islands,1987.0,38.30554237968403,132
QAT,Qatar,1987.0,63.0,1
GUY,Guyana,1987.0,14.835650040883072,13
COL,Colombia,1987.0,16.100671140939593,6
ALB,Albania,1988.0,72.84461637653125,29
DZA,Algeria,1988.0,33.747500640861304,266
AGO,Angola,1988.0,48.81635593929753,725
ATG,Antigua and Barbuda,1988.0,4.094503252136208,188
AZE,Azerbaijan,1988.0,61.27255042796432,154
ARG,Argentina,1988.0,11.785436126623713,2223
CXR,Christmas Island,1988.0,8.9225269352567,478
CCK,Cocos Islands,1988.0,12.925716402541624,676
HMD,Heard and McDonald Islands,1988.0,2.285477779502302,979
NFK,Norfolk Island,1988.0,47.180347780443036,699
AUS,Australia,1988.0,53.058175923293696,10749
,Macquarie Island,1988.0,15.143420557263326,1147
BHS,Bahamas,1988.0,5.255923878871021,981
BHR,Bahrain,1988.0,39.80712166172107,21
BGD,Bangladesh,1988.0,39.57006729475101,166
BRB,Barbados,1988.0,4.794615506079265,288
BEL,Belgium,1988.0,25.777177177177176,11
,Trindade,1988.0,26.071265230285487,714
BRA,Brazil,1988.0,18.509374598397514,4589
BLZ,Belize,1988.0,14.281258702311336,58
SLB,Solomon Islands,1988.0,5.710374546815125,2285
BRN,Brunei,1988.0,24.13749302065885,77
BGR,Bulgaria,1988.0,57.29166666666668,80
MMR,Myanmar,1988.0,49.99634978104612,725
KHM,Cambodia,1988.0,15.329961761440728,87
CMR,Cameroon,1988.0,39.1047304730473,28
CAN,Canada,1988.0,27.0946746794928,21648
CPV,Cape Verde,1988.0,18.91095057963927,1161
LKA,Sri Lanka,1988.0,37.8553926648778,770
CHL,Chile,1988.0,9.26010406599523,4486
CHL,Islas San Félix and San Ambrosio,1988.0,4.9223722736779205,708
,Easter Island,1988.0,9.647706381539273,1139
CHN,China,1988.0,23.492838444855323,1579
CHN,China,1988.0,36.11988898848514,531
COL,Colombia,1988.0,13.663674488640371,1067
,Serrana Bank,1988.0,4.528147389969295,8
,Quitasueño Bank,1988.0,2.359523809523809,10
,Serranilla Bank,1988.0,12.144761904761904,8
,Bajo Nuevo Bank,1988.0,9.237918215613384,8
COM,Comores,1988.0,66.88729522855712,261
COG,Republic of the Congo,1988.0,54.88212215782436,65
COD,Democratic Republic of the Congo,1988.0,50.33487940630798,33
CRI,Costa Rica,1988.0,13.921230712314832,841
HRV,Croatia,1988.0,70.88717882946433,122
CUB,Cuba,1988.0,7.126061968005563,589
CYP,Cyprus,1988.0,48.28555104113762,195
BEN,Benin,1988.0,15.316494581448932,61
FRO,Faeroe,1988.0,18.14999316803481,823
DNK,Denmark,1988.0,59.40584013438079,323
GRL,Greenland,1988.0,20.651433797789995,12225
DMA,Dominica,1988.0,3.002330766112687,63
DOM,Dominican Republic,1988.0,8.65944626463814,554
,Galapagos,1988.0,3.20189416073999,1181
ECU,Ecuador,1988.0,15.331610317673036,334
SLV,El Salvador,1988.0,23.9515832736557,149
GNQ,Equatorial Guinea,1988.0,93.9275865136553,464
ERI,Eritrea,1988.0,26.722961854899026,141
EST,Estonia,1988.0,62.08554474246382,118
FJI,Fiji,1988.0,32.24506293641753,1987
FIN,Finland,1988.0,57.60385525374613,277
PYF,French Polynesia,1988.0,26.730533081294386,6856
ATF,Amsterdam and Saint Paul Islands,1988.0,32.6495727285325,912
ATF,Crozet Islands,1988.0,1.4420549365308353,1148
ATF,Kerguélen,1988.0,4.780579595595567,1159
NCL,New Caledonia,1988.0,42.515680606043254,1764
REU,Réunion,1988.0,19.920002833011647,491
ATF,Europa Island,1988.0,72.04020858472677,215
ATF,Juan de Nova Island,1988.0,61.04038927217068,108
ATF,Bassas da India,1988.0,39.240611475638715,198
,Clipperton Island,1988.0,5.383943514998749,628
GLP,Guadeloupe,1988.0,4.945993858621674,157
BLM,Saint-Barthélemy,1988.0,6.3830369357045145,14
MAF,Collectivity of Saint Martin,1988.0,8.589473684210528,7
SPM,Saint-Pierre and Miquelon,1988.0,38.45311442112391,43
MTQ,Martinique,1988.0,5.040234089246525,96
GUF,French Guiana,1988.0,10.619007550259253,204
WLF,Wallis and Futuna,1988.0,1.5771400539612455,380
FRA,France,1988.0,19.049267083356522,758
DJI,Djibouti,1988.0,30.217730822232433,17
GAB,Gabon,1988.0,74.39634274399207,299
GEO,Georgia,1988.0,18.507739609838847,48
GMB,Gambia,1988.0,43.60013280212484,45
DEU,Germany,1988.0,49.54214552695011,154
GHA,Ghana,1988.0,13.729051760712766,330
KIR,Phoenix Group,1988.0,19.042491724345464,1049
KIR,Line Group,1988.0,22.03130672165189,2315
KIR,Gilbert Islands,1988.0,9.812517078859965,1489
GRC,Greece,1988.0,43.796435762460064,870
GRD,Grenada,1988.0,4.699208443271768,53
GTM,Guatemala,1988.0,32.358509217205444,178
GIN,Guinea,1988.0,30.28628809267398,157
GUY,Guyana,1988.0,11.866871287565967,205
HTI,Haiti,1988.0,16.754834912270884,178
HND,Honduras,1988.0,7.968829613954975,332
ISL,Iceland,1988.0,16.090778663585855,2449
,Andaman and Nicobar,1988.0,23.951069533003242,960
IND,India,1988.0,30.96297014380815,2390
IDN,Indonesia,1988.0,34.13378735745724,8462
IRN,Iran,1988.0,51.6518361229078,399
IRQ,Iraq,1988.0,89.18518518518519,4
IRL,Ireland,1988.0,6.852350445848846,992
ISR,Israel,1988.0,44.552223987291505,53
ITA,Italy,1988.0,63.703696480808425,1037
CIV,Ivory Coast,1988.0,12.744403837368663,248
JAM,Jamaica,1988.0,5.426120883925869,401
JPN,Japan,1988.0,50.59726821967713,6497
KAZ,Kazakhstan,1988.0,72.52185471889906,243
KEN,Kenya,1988.0,57.855780662380226,191
PRK,North Korea,1988.0,103.88304452823795,227
KOR,South Korea,1988.0,65.68623833297161,634
KWT,Kuwait,1988.0,67.11825947677524,24
LBN,Lebanon,1988.0,54.613136692612336,38
LVA,Latvia,1988.0,49.969674138255776,89
LBR,Liberia,1988.0,13.508973977252428,367
LBY,Libya,1988.0,39.29987496379601,626
LTU,Lithuania,1988.0,64.41747821629933,23
MDG,Madagascar,1988.0,58.59293032007905,1821
MYS,Malaysia,1988.0,29.384871389230682,829
MDV,Maldives,1988.0,36.132031098153526,1290
MLT,Malta,1988.0,55.4204165117144,110
MRT,Mauritania,1988.0,41.747252747252745,267
MUS,Republic of Mauritius,1988.0,16.118589247195978,1862
,Chagos Archipelago,1988.0,49.45118108425143,920
MEX,Mexico,1988.0,12.650169016218157,4729
MCO,Monaco,1988.0,63.03875968992249,7
MNE,Montenegro,1988.0,87.16433169254067,18
MAR,Morocco,1988.0,11.832299316282608,503
MOZ,Mozambique,1988.0,52.23589771620518,900
OMN,Oman,1988.0,28.510467480200496,834
NAM,Namibia,1988.0,42.40231712523371,860
NRU,Nauru,1988.0,12.763726830971581,448
ABW,Aruba,1988.0,11.171011673151755,61
BES,Bonaire,1988.0,14.448887890361718,35
CUW,Curaçao,1988.0,11.824674576661675,52
BES,Saba,1988.0,5.945970419559311,21
BES,Sint-Eustatius,1988.0,5.8494055482166445,10
SXM,Sint-Maarten,1988.0,8.685185185185185,4
NLD,Netherlands,1988.0,25.38094804010938,153
VUT,Vanuatu,1988.0,22.813801347033525,943
COK,Cook Islands,1988.0,16.40709500090935,2825
NIU,Niue,1988.0,34.42643302749028,487
TKL,Tokelau,1988.0,9.04184557299378,469
NZL,New Zealand,1988.0,18.07495801572645,7834
NIC,Nicaragua,1988.0,13.347876068198495,349
NGA,Nigeria,1988.0,22.375836412238442,262
SJM,Svalbard,1988.0,6.754309211096515,5479
NOR,Norway,1988.0,35.384337131039466,3357
SJM,Jan Mayen,1988.0,23.35449249315954,1250
FSM,Micronesia,1988.0,10.649107271831419,4155
MHL,Marshall Islands,1988.0,1.4284220448319542,2797
PLW,Palau,1988.0,18.735244657923477,878
PAK,Pakistan,1988.0,65.32406770331636,345
PAN,Panama,1988.0,20.379839695693526,485
PNG,Papua New Guinea,1988.0,24.117572196033326,3363
PER,Peru,1988.0,10.305441646071298,1237
PHL,Philippines,1988.0,47.949234311997465,2847
POL,Poland,1988.0,63.19028467290894,81
,Azores,1988.0,39.66830005158056,1692
,Madeira,1988.0,13.85621649903428,767
PRT,Portugal,1988.0,12.116123497851653,568
GNB,Guinea-Bissau,1988.0,43.35709651028298,168
,Oecusse,1988.0,20.341030195381883,6
TLS,East Timor,1988.0,48.00750208391221,130
QAT,Qatar,1988.0,45.340522235094895,63
ROU,Romania,1988.0,63.89175711352301,67
RUS,Russia,1988.0,16.278384857674993,32820
KNA,Saint Kitts and Nevis,1988.0,4.220672931191271,25
LCA,Saint Lucia,1988.0,5.12729683652207,35
VCT,Saint Vincent and the Grenadines,1988.0,7.176698402452803,69
STP,Sao Tome and Principe,1988.0,51.081452944413876,211
SAU,Saudi Arabia,1988.0,48.32495861201244,364
SEN,Senegal,1988.0,41.847847367157314,261
SYC,Seychelles,1988.0,25.794269492338017,1882
SLE,Sierra Leone,1988.0,15.343674749397994,245
SGP,Singapore,1988.0,25.826086956521735,2
VNM,Vietnam,1988.0,20.20242981835336,1096
SVN,Slovenia,1988.0,43.0,1
SOM,Federal Republic of Somalia,1988.0,23.094103710045875,1163
ZAF,South Africa,1988.0,51.47276613977623,1823
,Prince Edward Islands,1988.0,4.677821719287713,964
,Canary Islands,1988.0,10.559857273472106,744
ESP,Spain,1988.0,26.785396414268693,1070
SDN,Sudan,1988.0,16.638940206371377,110
SUR,Suriname,1988.0,10.019463793759938,199
SWE,Sweden,1988.0,56.129253614379174,502
SYR,Syria,1988.0,49.272680937818556,22
THA,Thailand,1988.0,40.44207499822207,440
TGO,Togo,1988.0,10.41757176105508,36
TON,Tonga,1988.0,51.39878444118531,1005
TTO,Trinidad and Tobago,1988.0,4.101650500625782,132
ARE,United Arab Emirates,1988.0,54.689378000755234,101
TUN,Tunisia,1988.0,39.343381485849065,207
TUR,Turkey,1988.0,49.00070705772161,550
TKM,Turkmenistan,1988.0,58.80849247011334,132
TUV,Tuvalu,1988.0,4.046885869484776,1137
EGY,Egypt,1988.0,37.5743263699667,451
SHN,Ascension,1988.0,2.5742778725218507,639
PCN,Pitcairn,1988.0,14.04492107670449,1289
SHN,Saint Helena,1988.0,23.300245428729312,662
SHN,Tristan da Cunha,1988.0,30.26463552930824,1343
AIA,Anguilla,1988.0,2.820254988566236,151
VGB,British Virgin Islands,1988.0,1.4929402423447373,140
CYM,Cayman Islands,1988.0,3.6149758222818025,197
MSR,Montserrat,1988.0,1.8181453231633882,18
TCA,Turks and Caicos Islands,1988.0,9.138275515487466,161
GGY,Guernsey,1988.0,7.073443320915381,15
JEY,Jersey,1988.0,1.1041490262489415,9
GBR,United Kingdom,1988.0,13.432706270012654,1907
BMU,Bermuda,1988.0,17.46638156201572,773
IMN,Isle of Man,1988.0,16.494422132976354,15
TZA,Tanzania,1988.0,57.70985783625298,368
ASM,American Samoa,1988.0,3.804920421832487,614
UMI,Palmyra Atoll,1988.0,3.076775367201186,516
PRI,Puerto Rico,1988.0,4.535922366126103,251
VIR,United States Virgin Islands,1988.0,5.53442205408645,80
UMI,Johnston Atoll,1988.0,1.8073479147984974,658
GUM,Guam,1988.0,5.462329922410885,320
MNP,Northern Mariana Islands,1988.0,34.644225530803396,1128
UMI,Jarvis Island,1988.0,13.518010243848117,470
UMI,Howland and Baker Islands,1988.0,18.991022553098315,629
,Hawaii,1988.0,31.242300684019064,3773
,Alaska,1988.0,13.10270835075878,9728
USA,United States,1988.0,15.58469173420172,4090
URY,Uruguay,1988.0,29.204464790905806,277
VEN,Venezuela,1988.0,13.650757366585974,710
WSM,Samoa,1988.0,1.2144969088791329,208
YEM,Yemen,1988.0,26.109567508580277,788
,Glorioso Islands,1988.0,57.859749915512005,78
BLZ,Belize,1988.0,42.61431411530815,6
KOR,South Korea,1988.0,72.90323892974494,156
PSE,Palestine,1988.0,27.208121827411166,4
BRB,Barbados,1988.0,2.8181818181818183,2
IRQ,Iraq,1988.0,94.0,1
,"Abu musa, Greater and Lesser Tunb",1988.0,19.560559685177086,17
FRO,Faeroe,1988.0,7.936627282491944,15
,Doumeira Islands,1988.0,12.24705882352941,2
FRA,France,1988.0,29.0,1
PNG,Papua New Guinea,1988.0,92.45434298440983,12
FLK,Falkland / Malvinas Islands,1988.0,4.734892199728613,1230
SGS,South Georgia and the South Sandwich Islands,1988.0,2.528809415671493,3051
URY,Uruguay,1988.0,13.96988022545796,88
GBR,United Kingdom,1988.0,3.5419832826747717,41
MYT,Mayotte,1988.0,72.75718415980376,119
CRI,Costa Rica,1988.0,2.222222222222222,46
PER,Peru,1988.0,20.783245883842955,49
DOM,Dominican Republic,1988.0,13.392572944297081,30
ECU,Ecuador,1988.0,1.5991140642303412,40
JAM,Jamaica,1988.0,10.967960799095366,35
NOR,Norway,1988.0,104.62921348314607,3
FRA,France,1988.0,7.379867744305657,9
GIB,Gibraltar,1988.0,0.5424836601307189,2
HRV,Croatia,1988.0,43.0,1
MYS,Malaysia,1988.0,9.88421052631579,3
EGY,Egypt,1988.0,38.622027534418024,25
,Matthew and Hunter Islands,1988.0,55.49774973526296,306
CAN,Canada,1988.0,12.102882214993567,130
,Navassa Island,1988.0,3.730002056343822,31
HND,Honduras,1988.0,3.769444444444444,7
,Melilla,1988.0,31.0,1
,Alhucemas Islands,1988.0,25.0,1
,Ceuta,1988.0,0.0,1
,Peñón de Vélez de la Gomera,1988.0,25.0,1
,Chafarinas Islands,1988.0,61.85714285714286,2
ESH,Western Sahara,1988.0,19.67043378551716,455
UMI,Wake Island / Enenkio,1988.0,5.114562904235344,611
,Kuril Islands,1988.0,32.034127501732364,445
NOR,Norway,1988.0,1.8535366815671837,35
UKR,Ukraine,1988.0,63.16909837921776,296
USA,United States,1988.0,17.893233082706764,52
ISL,Iceland,1988.0,27.646788666713768,204
STP,São Tomé and Principe,1988.0,32.97671589921807,68
,Halaib Triangle,1988.0,44.385766732561414,41
,Liancourt Rocks,1988.0,14.703427719821162,7
TWN,Taiwan,1988.0,48.36382105787397,577
PRI,Puerto Rico,1988.0,4.266574585635358,45
SEN,Senegal,1988.0,46.91135425842644,110
VEN,Venezuela,1988.0,8.395287958115183,7
,Ile Tromelin,1988.0,13.823238279769175,413
,Senkaku Islands,1988.0,62.04093844638233,132
QAT,Qatar,1988.0,66.0,1
GUY,Guyana,1988.0,1.2027800490596892,13
COL,Colombia,1988.0,9.724832214765101,6
ALB,Albania,1989.0,31.76531270148291,29
DZA,Algeria,1989.0,48.28990734976378,266
AGO,Angola,1989.0,24.726223077934975,725
ATG,Antigua and Barbuda,1989.0,0.055681673255962266,188
AZE,Azerbaijan,1989.0,64.98961513138204,154
ARG,Argentina,1989.0,44.3431193680313,2223
CXR,Christmas Island,1989.0,10.339577109741546,478
CCK,Cocos Islands,1989.0,11.872221664113315,676
HMD,Heard and McDonald Islands,1989.0,0.6831660544604824,979
NFK,Norfolk Island,1989.0,4.235212617264513,699
AUS,Australia,1989.0,38.54976145156106,10749
,Macquarie Island,1989.0,50.809267253195515,1147
BHS,Bahamas,1989.0,17.927255778777358,981
BHR,Bahrain,1989.0,45.156899109792285,21
BGD,Bangladesh,1989.0,4.4559084791386265,166
BRB,Barbados,1989.0,1.6428075161850622,288
BEL,Belgium,1989.0,166.8306306306306,11
,Trindade,1989.0,5.398976905944427,714
BRA,Brazil,1989.0,11.943653062842758,4589
BLZ,Belize,1989.0,4.088740369442125,58
SLB,Solomon Islands,1989.0,5.285155810811557,2285
BRN,Brunei,1989.0,14.001954215522055,77
BGR,Bulgaria,1989.0,41.80531942297786,80
MMR,Myanmar,1989.0,5.203718956843269,725
KHM,Cambodia,1989.0,4.123288516097201,87
CMR,Cameroon,1989.0,25.23058305830583,28
CAN,Canada,1989.0,18.65868032149439,21648
CPV,Cape Verde,1989.0,19.30888444610649,1161
LKA,Sri Lanka,1989.0,6.056304653494742,770
CHL,Chile,1989.0,21.76520352129642,4486
CHL,Islas San Félix and San Ambrosio,1989.0,12.940358530026892,708
,Easter Island,1989.0,12.531477505037284,1139
CHN,China,1989.0,19.77329083629569,1579
CHN,China,1989.0,1.887281941667241,531
COL,Colombia,1989.0,1.5607139746052026,1067
,Serrana Bank,1989.0,1.6366427840327538,8
,Quitasueño Bank,1989.0,0.0,10
,Serranilla Bank,1989.0,2.5466666666666664,8
,Bajo Nuevo Bank,1989.0,3.265799256505577,8
COM,Comores,1989.0,8.30935689248158,261
COG,Republic of the Congo,1989.0,31.903789567543477,65
COD,Democratic Republic of the Congo,1989.0,28.364564007421148,33
CRI,Costa Rica,1989.0,3.1090386858425947,841
HRV,Croatia,1989.0,14.952930614338847,122
CUB,Cuba,1989.0,8.281289154386512,589
CYP,Cyprus,1989.0,22.603275774504816,195
BEN,Benin,1989.0,6.163068521204882,61
FRO,Faeroe,1989.0,7.597292439642218,823
DNK,Denmark,1989.0,98.82622121926806,323
GRL,Greenland,1989.0,4.670188484671365,12225
DMA,Dominica,1989.0,0.13254965545196595,63
DOM,Dominican Republic,1989.0,0.6552372919842998,554
,Galapagos,1989.0,10.441821187805541,1181
ECU,Ecuador,1989.0,38.746627356383456,334
SLV,El Salvador,1989.0,19.327957156646008,149
GNQ,Equatorial Guinea,1989.0,29.863772499481062,464
ERI,Eritrea,1989.0,8.461144353029171,141
EST,Estonia,1989.0,93.90989793496323,118
FJI,Fiji,1989.0,18.483128509431552,1987
FIN,Finland,1989.0,76.5346917814501,277
PYF,French Polynesia,1989.0,17.115225873250694,6856
ATF,Amsterdam and Saint Paul Islands,1989.0,17.132569633701316,912
ATF,Crozet Islands,1989.0,11.542960396111376,1148
ATF,Kerguélen,1989.0,5.6127593695728635,1159
NCL,New Caledonia,1989.0,12.864312906088099,1764
REU,Réunion,1989.0,0.6238380225578551,491
ATF,Europa Island,1989.0,28.738644199275985,215
ATF,Juan de Nova Island,1989.0,12.257550143921042,108
ATF,Bassas da India,1989.0,28.05512122481271,198
,Clipperton Island,1989.0,1.2065266738492608,628
GLP,Guadeloupe,1989.0,0.01614486055272405,157
BLM,Saint-Barthélemy,1989.0,1.1060191518467852,14
MAF,Collectivity of Saint Martin,1989.0,2.013157894736842,7
SPM,Saint-Pierre and Miquelon,1989.0,41.33480027081923,43
MTQ,Martinique,1989.0,0.06187515240185319,96
GUF,French Guiana,1989.0,8.908259801691983,204
WLF,Wallis and Futuna,1989.0,1.2758564303818163,380
FRA,France,1989.0,80.21607285271807,758
DJI,Djibouti,1989.0,20.79375287092329,17
GAB,Gabon,1989.0,31.388152170651964,299
GEO,Georgia,1989.0,65.63199745547074,48
GMB,Gambia,1989.0,20.70903054448871,45
DEU,Germany,1989.0,103.34376637440181,154
GHA,Ghana,1989.0,8.965196754348748,330
KIR,Phoenix Group,1989.0,0.9460206640585815,1049
KIR,Line Group,1989.0,0.33346523008117107,2315
KIR,Gilbert Islands,1989.0,4.083992776874732,1489
GRC,Greece,1989.0,24.23791259698648,870
GRD,Grenada,1989.0,2.474475163473672,53
GTM,Guatemala,1989.0,32.41512156024578,178
GIN,Guinea,1989.0,30.61233518642488,157
GUY,Guyana,1989.0,0.9301344756773469,205
HTI,Haiti,1989.0,5.087392791075733,178
HND,Honduras,1989.0,2.894947863735711,332
ISL,Iceland,1989.0,18.388963261723998,2449
,Andaman and Nicobar,1989.0,2.8973123641933527,960
IND,India,1989.0,7.682025123688425,2390
IDN,Indonesia,1989.0,24.186001301700696,8462
IRN,Iran,1989.0,43.03286285286036,399
IRQ,Iraq,1989.0,51.716775599128546,4
IRL,Ireland,1989.0,52.03049086659164,992
ISR,Israel,1989.0,38.40131056393963,53
ITA,Italy,1989.0,20.81493661909404,1037
CIV,Ivory Coast,1989.0,14.47886284569702,248
JAM,Jamaica,1989.0,4.226329420470217,401
JPN,Japan,1989.0,31.088180271394464,6497
KAZ,Kazakhstan,1989.0,72.6753850965674,243
KEN,Kenya,1989.0,4.746305956569211,191
PRK,North Korea,1989.0,97.28610769817398,227
KOR,South Korea,1989.0,68.40136748426312,634
KWT,Kuwait,1989.0,24.91777896422851,24
LBN,Lebanon,1989.0,40.60890345486823,38
LVA,Latvia,1989.0,64.86073962453698,89
LBR,Liberia,1989.0,14.981694753766446,367
LBY,Libya,1989.0,17.444902832034696,626
LTU,Lithuania,1989.0,99.50307534597643,23
MDG,Madagascar,1989.0,15.721871911351029,1821
MYS,Malaysia,1989.0,14.208103357356297,829
MDV,Maldives,1989.0,2.7420505344995143,1290
MLT,Malta,1989.0,38.67604127928597,110
MRT,Mauritania,1989.0,41.12014983508199,267
MUS,Republic of Mauritius,1989.0,2.3441409046936057,1862
,Chagos Archipelago,1989.0,4.955489109184167,920
MEX,Mexico,1989.0,16.60412684935802,4729
MCO,Monaco,1989.0,44.51162790697674,7
MNE,Montenegro,1989.0,43.00681560015145,18
MAR,Morocco,1989.0,64.6381181492602,503
MOZ,Mozambique,1989.0,17.84837808829083,900
OMN,Oman,1989.0,6.1141413148624215,834
NAM,Namibia,1989.0,33.98376245786041,860
NRU,Nauru,1989.0,2.6458424263586195,448
ABW,Aruba,1989.0,4.689396887159533,61
BES,Bonaire,1989.0,0.3495843630644799,35
CUW,Curaçao,1989.0,2.0930768344660753,52
BES,Saba,1989.0,0.7195894959251432,21
BES,Sint-Eustatius,1989.0,0.0885072655217966,10
SXM,Sint-Maarten,1989.0,2.0,4
NLD,Netherlands,1989.0,88.4641446368885,153
VUT,Vanuatu,1989.0,15.83088062892214,943
COK,Cook Islands,1989.0,7.951984734615817,2825
NIU,Niue,1989.0,8.508574581505243,487
TKL,Tokelau,1989.0,0.29134586911459875,469
NZL,New Zealand,1989.0,33.4392308376451,7834
NIC,Nicaragua,1989.0,5.669173557152952,349
NGA,Nigeria,1989.0,11.270801763914664,262
SJM,Svalbard,1989.0,15.447459315816884,5479
NOR,Norway,1989.0,31.282633252811024,3357
SJM,Jan Mayen,1989.0,9.90202235392708,1250
FSM,Micronesia,1989.0,13.480359584534623,4155
MHL,Marshall Islands,1989.0,6.322738519544022,2797
PLW,Palau,1989.0,11.43025098819959,878
PAK,Pakistan,1989.0,16.525488822447677,345
PAN,Panama,1989.0,2.3739618711225834,485
PNG,Papua New Guinea,1989.0,24.990519441027434,3363
PER,Peru,1989.0,21.843181872866698,1237
PHL,Philippines,1989.0,8.813061363691231,2847
POL,Poland,1989.0,113.86715264249356,81
,Azores,1989.0,14.411767740033891,1692
,Madeira,1989.0,84.23117684057019,767
PRT,Portugal,1989.0,78.18021265228415,568
GNB,Guinea-Bissau,1989.0,46.02400767342794,168
,Oecusse,1989.0,13.332149200710477,6
TLS,East Timor,1989.0,19.896598261421822,130
QAT,Qatar,1989.0,37.796453079048206,63
ROU,Romania,1989.0,60.05910824288647,67
RUS,Russia,1989.0,26.236584699836165,32820
KNA,Saint Kitts and Nevis,1989.0,0.0,25
LCA,Saint Lucia,1989.0,0.044137147186967235,35
VCT,Saint Vincent and the Grenadines,1989.0,0.33153138615459093,69
STP,Sao Tome and Principe,1989.0,14.391946431847366,211
SAU,Saudi Arabia,1989.0,22.219164293755377,364
SEN,Senegal,1989.0,22.256746024416802,261
SYC,Seychelles,1989.0,6.307580304348599,1882
SLE,Sierra Leone,1989.0,14.964066379197698,245
SGP,Singapore,1989.0,8.478260869565217,2
VNM,Vietnam,1989.0,3.896166548714317,1096
SVN,Slovenia,1989.0,1.0,1
SOM,Federal Republic of Somalia,1989.0,9.028457339823667,1163
ZAF,South Africa,1989.0,39.90504264839132,1823
,Prince Edward Islands,1989.0,7.908688672226785,964
,Canary Islands,1989.0,87.67763040716251,744
ESP,Spain,1989.0,66.46337761536907,1070
SDN,Sudan,1989.0,3.6142927950254573,110
SUR,Suriname,1989.0,3.5239321790937796,199
SWE,Sweden,1989.0,78.46088232043644,502
SYR,Syria,1989.0,37.3132008154944,22
THA,Thailand,1989.0,6.497739487346209,440
TGO,Togo,1989.0,5.956555469356091,36
TON,Tonga,1989.0,10.87452187033758,1005
TTO,Trinidad and Tobago,1989.0,2.8508682728410517,132
ARE,United Arab Emirates,1989.0,44.28683174192157,101
TUN,Tunisia,1989.0,40.010392099056624,207
TUR,Turkey,1989.0,57.82172044590547,550
TKM,Turkmenistan,1989.0,109.22477099829217,132
TUV,Tuvalu,1989.0,1.7360833592350842,1137
EGY,Egypt,1989.0,24.252854547813683,451
SHN,Ascension,1989.0,2.004603229588574,639
PCN,Pitcairn,1989.0,14.126261053478402,1289
SHN,Saint Helena,1989.0,9.034642714878634,662
SHN,Tristan da Cunha,1989.0,68.73634977784116,1343
AIA,Anguilla,1989.0,0.10948219152335305,151
VGB,British Virgin Islands,1989.0,0.09027514067732248,140
CYM,Cayman Islands,1989.0,7.504691913630486,197
MSR,Montserrat,1989.0,0.0,18
TCA,Turks and Caicos Islands,1989.0,1.750890871988548,161
GGY,Guernsey,1989.0,108.67003725385841,15
JEY,Jersey,1989.0,121.79932260795935,9
GBR,United Kingdom,1989.0,42.999932515451626,1907
BMU,Bermuda,1989.0,38.21331924237361,773
IMN,Isle of Man,1989.0,71.18027666220439,15
TZA,Tanzania,1989.0,6.280828836819673,368
ASM,American Samoa,1989.0,0.8035277141646983,614
UMI,Palmyra Atoll,1989.0,1.123660894758119,516
PRI,Puerto Rico,1989.0,0.841429472668572,251
VIR,United States Virgin Islands,1989.0,0.6568282268334705,80
UMI,Johnston Atoll,1989.0,1.6165997374816428,658
GUM,Guam,1989.0,8.077687507028,320
MNP,Northern Mariana Islands,1989.0,12.441165715138622,1128
UMI,Jarvis Island,1989.0,0.09309468136436179,470
UMI,Howland and Baker Islands,1989.0,6.658843332603459,629
,Hawaii,1989.0,18.134473073448383,3773
,Alaska,1989.0,29.166821992034027,9728
USA,United States,1989.0,41.835494044526925,4090
URY,Uruguay,1989.0,98.7910601306516,277
VEN,Venezuela,1989.0,2.637382253414409,710
WSM,Samoa,1989.0,0.30519218708001083,208
YEM,Yemen,1989.0,6.290672230420845,788
,Glorioso Islands,1989.0,10.769516728624538,78
BLZ,Belize,1989.0,10.727634194831014,6
KOR,South Korea,1989.0,35.56911281489595,156
PSE,Palestine,1989.0,37.98223350253807,4
BRB,Barbados,1989.0,0.09090909090909091,2
IRQ,Iraq,1989.0,57.0,1
,"Abu musa, Greater and Lesser Tunb",1989.0,18.317883690424143,17
FRO,Faeroe,1989.0,4.450053705692803,15
,Doumeira Islands,1989.0,13.92941176470588,2
FRA,France,1989.0,8.0,1
PNG,Papua New Guinea,1989.0,40.20267260579065,12
FLK,Falkland / Malvinas Islands,1989.0,17.120070861716854,1230
SGS,South Georgia and the South Sandwich Islands,1989.0,15.57868428039466,3051
URY,Uruguay,1989.0,96.69880225457959,88
GBR,United Kingdom,1989.0,4.989931610942248,41
MYT,Mayotte,1989.0,15.602155247941129,119
CRI,Costa Rica,1989.0,0.9107297625238343,46
PER,Peru,1989.0,68.82178396960377,49
DOM,Dominican Republic,1989.0,5.924845269672854,30
ECU,Ecuador,1989.0,0.19538047777250409,40
JAM,Jamaica,1989.0,2.5094232943837165,35
NOR,Norway,1989.0,127.93258426966294,3
FRA,France,1989.0,96.28067597354887,9
GIB,Gibraltar,1989.0,14.712418300653594,2
HRV,Croatia,1989.0,1.0,1
MYS,Malaysia,1989.0,0.45263157894736844,3
EGY,Egypt,1989.0,11.939299123904881,25
,Matthew and Hunter Islands,1989.0,30.033195081774327,306
CAN,Canada,1989.0,6.6559497692715,130
,Navassa Island,1989.0,0.20995270409212424,31
HND,Honduras,1989.0,4.279166666666666,7
,Melilla,1989.0,74.0,1
,Alhucemas Islands,1989.0,23.0,1
,Ceuta,1989.0,12.0,1
,Peñón de Vélez de la Gomera,1989.0,35.0,1
,Chafarinas Islands,1989.0,104.49999999999999,2
ESH,Western Sahara,1989.0,57.513468340653795,455
UMI,Wake Island / Enenkio,1989.0,5.737972042562074,611
,Kuril Islands,1989.0,59.90491378958952,445
NOR,Norway,1989.0,4.431764396529056,35
UKR,Ukraine,1989.0,77.0583449257546,296
USA,United States,1989.0,41.16459330143541,52
ISL,Iceland,1989.0,5.575567017593442,204
STP,São Tomé and Principe,1989.0,5.025977410947004,68
,Halaib Triangle,1989.0,14.298644450720134,41
,Liancourt Rocks,1989.0,15.90461997019374,7
TWN,Taiwan,1989.0,13.711618273662245,577
PRI,Puerto Rico,1989.0,0.06660527931246162,45
SEN,Senegal,1989.0,27.608234039593878,110
VEN,Venezuela,1989.0,0.0,7
,Ile Tromelin,1989.0,2.7006655153531867,413
,Senkaku Islands,1989.0,34.195606961725105,132
QAT,Qatar,1989.0,53.0,1
GUY,Guyana,1989.0,0.1586263286999182,13
COL,Colombia,1989.0,0.07382550335570469,6
ALB,Albania,1990.0,28.17365140769396,29
DZA,Algeria,1990.0,88.30411616069136,266
AGO,Angola,1990.0,18.65435117972758,725
ATG,Antigua and Barbuda,1990.0,0.2368575436806531,188
AZE,Azerbaijan,1990.0,36.082151194110246,154
ARG,Argentina,1990.0,49.390369453313355,2223
CXR,Christmas Island,1990.0,3.0921495276798447,478
CCK,Cocos Islands,1990.0,5.133491975789236,676
HMD,Heard and McDonald Islands,1990.0,2.0303042061151637,979
NFK,Norfolk Island,1990.0,18.48316334938568,699
AUS,Australia,1990.0,24.15868569698168,10749
,Macquarie Island,1990.0,12.211274658518134,1147
BHS,Bahamas,1990.0,16.458613093432174,981
BHR,Bahrain,1990.0,23.297477744807118,21
BGD,Bangladesh,1990.0,15.525356662180354,166
BRB,Barbados,1990.0,4.154350228959419,288
BEL,Belgium,1990.0,176.8276276276276,11
,Trindade,1990.0,28.61973416228963,714
BRA,Brazil,1990.0,13.951905225002207,4589
BLZ,Belize,1990.0,14.535319780933824,58
SLB,Solomon Islands,1990.0,6.319053209940484,2285
BRN,Brunei,1990.0,11.982272473478504,77
BGR,Bulgaria,1990.0,54.54907264296756,80
MMR,Myanmar,1990.0,18.37095942686823,725
KHM,Cambodia,1990.0,15.584618231158263,87
CMR,Cameroon,1990.0,21.198019801980198,28
CAN,Canada,1990.0,15.639254592206887,21648
CPV,Cape Verde,1990.0,28.489072433334293,1161
LKA,Sri Lanka,1990.0,14.02469315616405,770
CHL,Chile,1990.0,11.693691149036647,4486
CHL,Islas San Félix and San Ambrosio,1990.0,18.565001493875112,708
,Easter Island,1990.0,10.649986027973467,1139
CHN,China,1990.0,38.759599009025926,1579
CHN,China,1990.0,1.883463766117355,531
COL,Colombia,1990.0,5.012008810609233,1067
,Serrana Bank,1990.0,4.900716479017401,8
,Quitasueño Bank,1990.0,3.1071428571428568,10
,Serranilla Bank,1990.0,4.1085714285714285,8
,Bajo Nuevo Bank,1990.0,1.200743494423792,8
COM,Comores,1990.0,30.677301666785915,261
COG,Republic of the Congo,1990.0,20.04823896567098,65
COD,Democratic Republic of the Congo,1990.0,27.15909090909091,33
CRI,Costa Rica,1990.0,15.077484726568324,841
HRV,Croatia,1990.0,40.15775298191612,122
CUB,Cuba,1990.0,7.301902044313673,589
CYP,Cyprus,1990.0,16.397536820721175,195
BEN,Benin,1990.0,2.496373410700572,61
FRO,Faeroe,1990.0,20.748126464930994,823
DNK,Denmark,1990.0,129.8037904881484,323
GRL,Greenland,1990.0,15.354983840809558,12225
DMA,Dominica,1990.0,0.2421970004053506,63
DOM,Dominican Republic,1990.0,1.6597463262724235,554
,Galapagos,1990.0,10.298647435257896,1181
ECU,Ecuador,1990.0,15.03694911360417,334
SLV,El Salvador,1990.0,20.078961297755082,149
GNQ,Equatorial Guinea,1990.0,25.7692969190167,464
ERI,Eritrea,1990.0,5.172139117427076,141
EST,Estonia,1990.0,155.01300735817713,118
FJI,Fiji,1990.0,7.385540879830352,1987
FIN,Finland,1990.0,104.21324945435885,277
PYF,French Polynesia,1990.0,7.099002253626813,6856
ATF,Amsterdam and Saint Paul Islands,1990.0,5.3308790244353075,912
ATF,Crozet Islands,1990.0,24.814862876157186,1148
ATF,Kerguélen,1990.0,11.953022518880541,1159
NCL,New Caledonia,1990.0,12.227461812214358,1764
REU,Réunion,1990.0,8.145244966977701,491
ATF,Europa Island,1990.0,42.94867264264782,215
ATF,Juan de Nova Island,1990.0,54.552702517476106,108
ATF,Bassas da India,1990.0,26.468681651077297,198
,Clipperton Island,1990.0,5.429586865339922,628
GLP,Guadeloupe,1990.0,2.7337997404159684,157
BLM,Saint-Barthélemy,1990.0,0.20930232558139533,14
MAF,Collectivity of Saint Martin,1990.0,1.3210526315789475,7
SPM,Saint-Pierre and Miquelon,1990.0,44.77674339878132,43
MTQ,Martinique,1990.0,0.4410509631797121,96
GUF,French Guiana,1990.0,11.588465387064492,204
WLF,Wallis and Futuna,1990.0,4.908160762465395,380
FRA,France,1990.0,80.23651785769488,758
DJI,Djibouti,1990.0,32.551217271474506,17
GAB,Gabon,1990.0,27.118388287180103,299
GEO,Georgia,1990.0,35.12574215436812,48
GMB,Gambia,1990.0,57.48658698539175,45
DEU,Germany,1990.0,122.45995039647886,154
GHA,Ghana,1990.0,1.5966270683071706,330
KIR,Phoenix Group,1990.0,19.171908917644696,1049
KIR,Line Group,1990.0,11.01451348250977,2315
KIR,Gilbert Islands,1990.0,57.76809373160062,1489
GRC,Greece,1990.0,40.49129644870264,870
GRD,Grenada,1990.0,8.217391304347826,53
GTM,Guatemala,1990.0,26.132914774245254,178
GIN,Guinea,1990.0,16.68341240504119,157
GUY,Guyana,1990.0,5.575021529357212,205
HTI,Haiti,1990.0,6.205140422669433,178
HND,Honduras,1990.0,3.9503696175745846,332
ISL,Iceland,1990.0,35.754388521024275,2449
,Andaman and Nicobar,1990.0,6.107777045559795,960
IND,India,1990.0,12.248355080523043,2390
IDN,Indonesia,1990.0,23.77287428158251,8462
IRN,Iran,1990.0,32.78488633524857,399
IRQ,Iraq,1990.0,39.35076252723312,4
IRL,Ireland,1990.0,37.267786338845134,992
ISR,Israel,1990.0,17.158260524225575,53
ITA,Italy,1990.0,84.88517418668555,1037
CIV,Ivory Coast,1990.0,3.97875742348104,248
JAM,Jamaica,1990.0,3.7541174755866487,401
JPN,Japan,1990.0,43.86992863923424,6497
KAZ,Kazakhstan,1990.0,89.30631792947065,243
KEN,Kenya,1990.0,29.776877350479214,191
PRK,North Korea,1990.0,82.4979239927128,227
KOR,South Korea,1990.0,99.3043050430505,634
KWT,Kuwait,1990.0,18.9767752269087,24
LBN,Lebanon,1990.0,22.068141472074288,38
LVA,Latvia,1990.0,163.4192252150436,89
LBR,Liberia,1990.0,4.174679926159708,367
LBY,Libya,1990.0,70.86663511327431,626
LTU,Lithuania,1990.0,222.3898001025115,23
MDG,Madagascar,1990.0,28.21935585037634,1821
MYS,Malaysia,1990.0,24.90254291908362,829
MDV,Maldives,1990.0,13.155908649173952,1290
MLT,Malta,1990.0,132.71364819635554,110
MRT,Mauritania,1990.0,53.06442577030812,267
MUS,Republic of Mauritius,1990.0,4.36138139391858,1862
,Chagos Archipelago,1990.0,20.14639464544471,920
MEX,Mexico,1990.0,50.829051412989685,4729
MCO,Monaco,1990.0,48.775193798449614,7
MNE,Montenegro,1990.0,32.44187807648617,18
MAR,Morocco,1990.0,71.82096733350214,503
MOZ,Mozambique,1990.0,37.01900180874957,900
OMN,Oman,1990.0,16.509836379343334,834
NAM,Namibia,1990.0,49.10567406164281,860
NRU,Nauru,1990.0,52.51382624804802,448
ABW,Aruba,1990.0,3.5178988326848257,61
BES,Bonaire,1990.0,3.942934172096158,35
CUW,Curaçao,1990.0,3.422762354567446,52
BES,Saba,1990.0,2.6875943253848473,21
BES,Sint-Eustatius,1990.0,1.4808454425363278,10
SXM,Sint-Maarten,1990.0,1.0,4
NLD,Netherlands,1990.0,123.57955028866598,153
VUT,Vanuatu,1990.0,7.319577960140674,943
COK,Cook Islands,1990.0,6.7052510692222445,2825
NIU,Niue,1990.0,8.953286997072091,487
TKL,Tokelau,1990.0,2.462938628960616,469
NZL,New Zealand,1990.0,24.871107495435343,7834
NIC,Nicaragua,1990.0,8.488622041245968,349
NGA,Nigeria,1990.0,3.9363730781672985,262
SJM,Svalbard,1990.0,72.07244810519825,5479
NOR,Norway,1990.0,105.91104851944073,3357
SJM,Jan Mayen,1990.0,64.6890138626657,1250
FSM,Micronesia,1990.0,9.393640387762408,4155
MHL,Marshall Islands,1990.0,11.457640873074318,2797
PLW,Palau,1990.0,5.560340578519585,878
PAK,Pakistan,1990.0,15.896768705355466,345
PAN,Panama,1990.0,8.846651270207854,485
PNG,Papua New Guinea,1990.0,11.336079308329651,3363
PER,Peru,1990.0,9.477208745956835,1237
PHL,Philippines,1990.0,5.41273661781394,2847
POL,Poland,1990.0,179.7266385973732,81
,Azores,1990.0,18.434723552673592,1692
,Madeira,1990.0,60.853811943737895,767
PRT,Portugal,1990.0,58.07424017818846,568
GNB,Guinea-Bissau,1990.0,36.770558862527146,168
,Oecusse,1990.0,12.008880994671403,6
TLS,East Timor,1990.0,37.65204620331044,130
QAT,Qatar,1990.0,14.639604313341051,63
ROU,Romania,1990.0,57.83836902317394,67
RUS,Russia,1990.0,40.334648323487585,32820
KNA,Saint Kitts and Nevis,1990.0,0.6583813276750531,25
LCA,Saint Lucia,1990.0,0.4086001136578898,35
VCT,Saint Vincent and the Grenadines,1990.0,4.390188801032758,69
STP,Sao Tome and Principe,1990.0,17.197876536415333,211
SAU,Saudi Arabia,1990.0,26.215747301503214,364
SEN,Senegal,1990.0,54.052453687457245,261
SYC,Seychelles,1990.0,13.682107534137117,1882
SLE,Sierra Leone,1990.0,8.786619626290342,245
SGP,Singapore,1990.0,36.91304347826087,2
VNM,Vietnam,1990.0,8.474931194464096,1096
SVN,Slovenia,1990.0,31.0,1
SOM,Federal Republic of Somalia,1990.0,18.779161300084514,1163
ZAF,South Africa,1990.0,27.52908823990803,1823
,Prince Edward Islands,1990.0,29.798408534224336,964
,Canary Islands,1990.0,76.54959806214903,744
ESP,Spain,1990.0,79.70299553330224,1070
SDN,Sudan,1990.0,4.236966611093586,110
SUR,Suriname,1990.0,7.1416668533160115,199
SWE,Sweden,1990.0,110.64913144384279,502
SYR,Syria,1990.0,22.06804281345566,22
THA,Thailand,1990.0,23.736114356541258,440
TGO,Togo,1990.0,1.2179984484096198,36
TON,Tonga,1990.0,6.045232651025574,1005
TTO,Trinidad and Tobago,1990.0,12.925610137672088,132
ARE,United Arab Emirates,1990.0,42.4691158224092,101
TUN,Tunisia,1990.0,135.1205286949686,207
TUR,Turkey,1990.0,53.831371324677214,550
TKM,Turkmenistan,1990.0,60.068700512342794,132
TUV,Tuvalu,1990.0,6.760334798632386,1137
EGY,Egypt,1990.0,26.001329959776832,451
SHN,Ascension,1990.0,0.24294526753357493,639
PCN,Pitcairn,1990.0,9.42470659218747,1289
SHN,Saint Helena,1990.0,2.3890430849491806,662
SHN,Tristan da Cunha,1990.0,57.92115993580013,1343
AIA,Anguilla,1990.0,0.9329010431350434,151
VGB,British Virgin Islands,1990.0,0.8080574446784272,140
CYM,Cayman Islands,1990.0,3.5335854837937455,197
MSR,Montserrat,1990.0,2.5981533520674427,18
TCA,Turks and Caicos Islands,1990.0,3.2008040690768427,161
GGY,Guernsey,1990.0,59.72432144757851,15
JEY,Jersey,1990.0,88.38611346316681,9
GBR,United Kingdom,1990.0,42.705688249311166,1907
BMU,Bermuda,1990.0,19.83433083456081,773
IMN,Isle of Man,1990.0,52.55243195002231,15
TZA,Tanzania,1990.0,31.278389632148222,368
ASM,American Samoa,1990.0,3.079176148804352,614
UMI,Palmyra Atoll,1990.0,25.55662983425415,516
PRI,Puerto Rico,1990.0,3.50840538835492,251
VIR,United States Virgin Islands,1990.0,3.1533448198366902,80
UMI,Johnston Atoll,1990.0,1.211613188298439,658
GUM,Guam,1990.0,5.5434892612166875,320
MNP,Northern Mariana Islands,1990.0,1.8851188477181986,1128
UMI,Jarvis Island,1990.0,28.28232750621683,470
UMI,Howland and Baker Islands,1990.0,65.02145828771623,629
,Hawaii,1990.0,5.351366397536045,3773
,Alaska,1990.0,23.272462914034094,9728
USA,United States,1990.0,56.55764417460078,4090
URY,Uruguay,1990.0,64.09239922500555,277
VEN,Venezuela,1990.0,9.353692443028955,710
WSM,Samoa,1990.0,2.537944628617508,208
YEM,Yemen,1990.0,13.541159907044594,788
,Glorioso Islands,1990.0,16.76654275092937,78
BLZ,Belize,1990.0,21.64811133200795,6
KOR,South Korea,1990.0,55.493193553434516,156
PSE,Palestine,1990.0,20.609137055837564,4
BRB,Barbados,1990.0,7.090909090909092,2
IRQ,Iraq,1990.0,44.0,1
,"Abu musa, Greater and Lesser Tunb",1990.0,12.613467424573678,17
FRO,Faeroe,1990.0,29.48872180451128,15
,Doumeira Islands,1990.0,15.058823529411764,2
FRA,France,1990.0,76.0,1
PNG,Papua New Guinea,1990.0,19.914253897550108,12
FLK,Falkland / Malvinas Islands,1990.0,25.863676859606066,1230
SGS,South Georgia and the South Sandwich Islands,1990.0,8.623766672911078,3051
URY,Uruguay,1990.0,66.53939643024894,88
GBR,United Kingdom,1990.0,13.492401215805472,41
MYT,Mayotte,1990.0,29.079288592956022,119
CRI,Costa Rica,1990.0,2.69232102617438,46
PER,Peru,1990.0,16.91297267957301,49
DOM,Dominican Republic,1990.0,3.1947391688770996,30
ECU,Ecuador,1990.0,0.513368137952855,40
JAM,Jamaica,1990.0,2.229928382962684,35
NOR,Norway,1990.0,153.97752808988764,3
FRA,France,1990.0,70.40852314474651,9
GIB,Gibraltar,1990.0,7.882352941176469,2
HRV,Croatia,1990.0,31.0,1
MYS,Malaysia,1990.0,11.389473684210525,3
EGY,Egypt,1990.0,39.26627033792241,25
,Matthew and Hunter Islands,1990.0,14.857792093187433,306
CAN,Canada,1990.0,8.433958695816626,130
,Navassa Island,1990.0,1.3331276989512648,31
HND,Honduras,1990.0,3.4138888888888883,7
,Melilla,1990.0,105.0,1
,Alhucemas Islands,1990.0,87.0,1
,Ceuta,1990.0,3.0,1
,Peñón de Vélez de la Gomera,1990.0,70.0,1
,Chafarinas Islands,1990.0,140.21428571428572,2
ESH,Western Sahara,1990.0,65.92933493994636,455
UMI,Wake Island / Enenkio,1990.0,0.5076222268586136,611
,Kuril Islands,1990.0,129.80285737577952,445
NOR,Norway,1990.0,11.611622403365763,35
UKR,Ukraine,1990.0,51.24517162175279,296
USA,United States,1990.0,30.380861244019137,52
ISL,Iceland,1990.0,45.693987140535555,204
STP,São Tomé and Principe,1990.0,6.1120764552563,68
,Halaib Triangle,1990.0,29.37588251906241,41
,Liancourt Rocks,1990.0,64.56631892697466,7
TWN,Taiwan,1990.0,6.361583886038625,577
PRI,Puerto Rico,1990.0,1.6617556783302634,45
SEN,Senegal,1990.0,35.509852102554575,110
VEN,Venezuela,1990.0,3.6073298429319376,7
,Ile Tromelin,1990.0,2.0395623604734427,413
,Senkaku Islands,1990.0,23.758565330025174,132
QAT,Qatar,1990.0,53.0,1
GUY,Guyana,1990.0,12.840556009811937,13
COL,Colombia,1990.0,2.2751677852348995,6
ALB,Albania,1991.0,6.811949280034384,29
DZA,Algeria,1991.0,51.270022338594494,266
AGO,Angola,1991.0,63.05341361619689,725
ATG,Antigua and Barbuda,1991.0,0.2517791098074227,188
AZE,Azerbaijan,1991.0,63.00194529239239,154
ARG,Argentina,1991.0,42.32774943560534,2223
CXR,Christmas Island,1991.0,1.3900745485372872,478
CCK,Cocos Islands,1991.0,4.6161124645252025,676
HMD,Heard and McDonald Islands,1991.0,2.8220592546605276,979
NFK,Norfolk Island,1991.0,6.131842845720498,699
AUS,Australia,1991.0,19.10474037772229,10749
,Macquarie Island,1991.0,13.951540095106862,1147
BHS,Bahamas,1991.0,11.971054448240531,981
BHR,Bahrain,1991.0,0.892433234421365,21
BGD,Bangladesh,1991.0,46.64740242261105,166
BRB,Barbados,1991.0,0.1521553765987683,288
BEL,Belgium,1991.0,35.64564564564564,11
,Trindade,1991.0,4.745822465192172,714
BRA,Brazil,1991.0,14.28944363073261,4589
BLZ,Belize,1991.0,5.307620904112134,58
SLB,Solomon Islands,1991.0,7.334778978488575,2285
BRN,Brunei,1991.0,18.51340033500837,77
BGR,Bulgaria,1991.0,38.37409840288512,80
MMR,Myanmar,1991.0,19.54596253785027,725
KHM,Cambodia,1991.0,22.909522634760087,87
CMR,Cameroon,1991.0,21.883608360836078,28
CAN,Canada,1991.0,17.21025588003814,21648
CPV,Cape Verde,1991.0,2.9767964502488273,1161
LKA,Sri Lanka,1991.0,28.488995075933694,770
CHL,Chile,1991.0,8.989598938848074,4486
CHL,Islas San Félix and San Ambrosio,1991.0,9.991120406334034,708
,Easter Island,1991.0,3.0898291000544167,1139
CHN,China,1991.0,31.55812152618981,1579
CHN,China,1991.0,4.9159398055574695,531
COL,Colombia,1991.0,7.088189054767644,1067
,Serrana Bank,1991.0,0.0,8
,Quitasueño Bank,1991.0,0.0,10
,Serranilla Bank,1991.0,0.0,8
,Bajo Nuevo Bank,1991.0,0.0,8
COM,Comores,1991.0,29.37161098791045,261
COG,Republic of the Congo,1991.0,54.02987070887207,65
COD,Democratic Republic of the Congo,1991.0,48.248144712430424,33
CRI,Costa Rica,1991.0,23.839178086415004,841
HRV,Croatia,1991.0,16.757770082510362,122
CUB,Cuba,1991.0,8.069267393641534,589
CYP,Cyprus,1991.0,4.539791772473334,195
BEN,Benin,1991.0,9.58947009130472,61
FRO,Faeroe,1991.0,32.92846932447631,823
DNK,Denmark,1991.0,28.243972377284223,323
GRL,Greenland,1991.0,21.368372933040558,12225
DMA,Dominica,1991.0,0.05411430887717875,63
DOM,Dominican Republic,1991.0,0.34509520874558025,554
,Galapagos,1991.0,36.353427019939275,1181
ECU,Ecuador,1991.0,43.07066916823015,334
SLV,El Salvador,1991.0,32.40642027586637,149
GNQ,Equatorial Guinea,1991.0,44.94355978610048,464
ERI,Eritrea,1991.0,8.904936424831712,141
EST,Estonia,1991.0,112.76999762639451,118
FJI,Fiji,1991.0,8.374488989011036,1987
FIN,Finland,1991.0,76.21557874658403,277
PYF,French Polynesia,1991.0,17.12020154405493,6856
ATF,Amsterdam and Saint Paul Islands,1991.0,11.212277703358122,912
ATF,Crozet Islands,1991.0,13.797801233860847,1148
ATF,Kerguélen,1991.0,6.640774727804707,1159
NCL,New Caledonia,1991.0,9.318621137094388,1764
REU,Réunion,1991.0,17.1938311170919,491
ATF,Europa Island,1991.0,49.866553180486115,215
ATF,Juan de Nova Island,1991.0,47.186320646959366,108
ATF,Bassas da India,1991.0,46.54595374377589,198
,Clipperton Island,1991.0,16.792734738682338,628
GLP,Guadeloupe,1991.0,0.25777960682516066,157
BLM,Saint-Barthélemy,1991.0,0.0,14
MAF,Collectivity of Saint Martin,1991.0,0.0,7
SPM,Saint-Pierre and Miquelon,1991.0,10.104096140826002,43
MTQ,Martinique,1991.0,0.0571202145818093,96
GUF,French Guiana,1991.0,0.6333348494496497,204
WLF,Wallis and Futuna,1991.0,9.152119322097244,380
FRA,France,1991.0,21.51207102274484,758
DJI,Djibouti,1991.0,16.093247588424433,17
GAB,Gabon,1991.0,68.9753982778795,299
GEO,Georgia,1991.0,51.32368532654792,48
GMB,Gambia,1991.0,20.929614873837977,45
DEU,Germany,1991.0,20.435113703846017,154
GHA,Ghana,1991.0,10.610813534153586,330
KIR,Phoenix Group,1991.0,64.57923161801584,1049
KIR,Line Group,1991.0,71.27533143595629,2315
KIR,Gilbert Islands,1991.0,75.72761155136612,1489
GRC,Greece,1991.0,12.195215246613559,870
GRD,Grenada,1991.0,0.19559481472983822,53
GTM,Guatemala,1991.0,30.54437616884851,178
GIN,Guinea,1991.0,32.59999417876997,157
GUY,Guyana,1991.0,0.9790889217656282,205
HTI,Haiti,1991.0,2.737541342003476,178
HND,Honduras,1991.0,1.1087274296612881,332
ISL,Iceland,1991.0,59.39513058860428,2449
,Andaman and Nicobar,1991.0,24.850447939301098,960
IND,India,1991.0,16.004168480646076,2390
IDN,Indonesia,1991.0,11.001342316204965,8462
IRN,Iran,1991.0,18.7344741443917,399
IRQ,Iraq,1991.0,0.0,4
IRL,Ireland,1991.0,27.01631460479613,992
ISR,Israel,1991.0,14.466739475774425,53
ITA,Italy,1991.0,28.345222054782376,1037
CIV,Ivory Coast,1991.0,12.303651122746597,248
JAM,Jamaica,1991.0,0.017165024161088876,401
JPN,Japan,1991.0,60.77877451794484,6497
KAZ,Kazakhstan,1991.0,113.98203534287278,243
KEN,Kenya,1991.0,20.062816935581708,191
PRK,North Korea,1991.0,38.673325424734145,227
KOR,South Korea,1991.0,39.55867882208238,634
KWT,Kuwait,1991.0,0.14762413240790173,24
LBN,Lebanon,1991.0,10.709135600163869,38
LVA,Latvia,1991.0,77.31518804545735,89
LBR,Liberia,1991.0,12.638968617876495,367
LBY,Libya,1991.0,13.985617304445494,626
LTU,Lithuania,1991.0,65.36032803690415,23
MDG,Madagascar,1991.0,43.664339884436984,1821
MYS,Malaysia,1991.0,21.83405402238237,829
MDV,Maldives,1991.0,16.515079365079355,1290
MLT,Malta,1991.0,44.60059501673483,110
MRT,Mauritania,1991.0,22.91019839888619,267
MUS,Republic of Mauritius,1991.0,16.987432691163825,1862
,Chagos Archipelago,1991.0,32.56997492927293,920
MEX,Mexico,1991.0,31.332786680218494,4729
MCO,Monaco,1991.0,38.72093023255814,7
MNE,Montenegro,1991.0,10.068534645967434,18
MAR,Morocco,1991.0,32.67262055493252,503
MOZ,Mozambique,1991.0,38.67788356423047,900
OMN,Oman,1991.0,12.010702849782477,834
NAM,Namibia,1991.0,35.20328087660155,860
NRU,Nauru,1991.0,60.06330685444374,448
ABW,Aruba,1991.0,0.4306420233463036,61
BES,Bonaire,1991.0,0.0,35
CUW,Curaçao,1991.0,0.3103329109549591,52
BES,Saba,1991.0,0.0,21
BES,Sint-Eustatius,1991.0,0.0,10
SXM,Sint-Maarten,1991.0,0.0,4
NLD,Netherlands,1991.0,17.84503190519599,153
VUT,Vanuatu,1991.0,4.177357883364366,943
COK,Cook Islands,1991.0,24.790979519040686,2825
NIU,Niue,1991.0,32.581336157412764,487
TKL,Tokelau,1991.0,30.78034312999704,469
NZL,New Zealand,1991.0,7.93044474555699,7834
NIC,Nicaragua,1991.0,7.80349302641238,349
NGA,Nigeria,1991.0,8.467454412340592,262
SJM,Svalbard,1991.0,45.57900151258568,5479
NOR,Norway,1991.0,44.245139490599236,3357
SJM,Jan Mayen,1991.0,41.00005384866506,1250
FSM,Micronesia,1991.0,7.679817991495186,4155
MHL,Marshall Islands,1991.0,11.63453268137501,2797
PLW,Palau,1991.0,1.6351489789409597,878
PAK,Pakistan,1991.0,8.214681561729863,345
PAN,Panama,1991.0,12.874310555631029,485
PNG,Papua New Guinea,1991.0,10.291229356696023,3363
PER,Peru,1991.0,33.84145976770485,1237
PHL,Philippines,1991.0,6.753357618852163,2847
POL,Poland,1991.0,53.733174134355544,81
,Azores,1991.0,49.102940092845024,1692
,Madeira,1991.0,32.32238852492777,767
PRT,Portugal,1991.0,27.4013153439233,568
GNB,Guinea-Bissau,1991.0,19.857928738680293,168
,Oecusse,1991.0,7.172291296625222,6
TLS,East Timor,1991.0,15.039137855753586,130
QAT,Qatar,1991.0,1.9625701809107918,63
ROU,Romania,1991.0,35.61601642710472,67
RUS,Russia,1991.0,27.700069217027405,32820
KNA,Saint Kitts and Nevis,1991.0,0.0,25
LCA,Saint Lucia,1991.0,0.21083538548967612,35
VCT,Saint Vincent and the Grenadines,1991.0,0.24294013232209133,69
STP,Sao Tome and Principe,1991.0,33.588034305631965,211
SAU,Saudi Arabia,1991.0,33.04036818753724,364
SEN,Senegal,1991.0,20.957612249044182,261
SYC,Seychelles,1991.0,15.683612408331417,1882
SLE,Sierra Leone,1991.0,18.125963674376056,245
SGP,Singapore,1991.0,11.478260869565217,2
VNM,Vietnam,1991.0,7.406164976016347,1096
SVN,Slovenia,1991.0,19.0,1
SOM,Federal Republic of Somalia,1991.0,17.475452730406285,1163
ZAF,South Africa,1991.0,55.80056286979301,1823
,Prince Edward Islands,1991.0,27.08188783168225,964
,Canary Islands,1991.0,24.964389612548548,744
ESP,Spain,1991.0,31.398703296612652,1070
SDN,Sudan,1991.0,7.4908755012841866,110
SUR,Suriname,1991.0,0.8525320850225097,199
SWE,Sweden,1991.0,45.802085740407726,502
SYR,Syria,1991.0,20.215341488277268,22
THA,Thailand,1991.0,48.44888193520204,440
TGO,Togo,1991.0,7.798681148176883,36
TON,Tonga,1991.0,15.369562001530014,1005
TTO,Trinidad and Tobago,1991.0,0.3105835419274093,132
ARE,United Arab Emirates,1991.0,3.8366510222797654,101
TUN,Tunisia,1991.0,31.271079009433965,207
TUR,Turkey,1991.0,43.36564985032413,550
TKM,Turkmenistan,1991.0,109.88014283496354,132
TUV,Tuvalu,1991.0,29.584254695617417,1137
EGY,Egypt,1991.0,19.324142554387787,451
SHN,Ascension,1991.0,0.7106493817949265,639
PCN,Pitcairn,1991.0,10.023157969857984,1289
SHN,Saint Helena,1991.0,9.234249514924894,662
SHN,Tristan da Cunha,1991.0,43.78504192203061,1343
AIA,Anguilla,1991.0,0.697177583560442,151
VGB,British Virgin Islands,1991.0,0.09717954914212726,140
CYM,Cayman Islands,1991.0,0.17690429453727205,197
MSR,Montserrat,1991.0,0.0,18
TCA,Turks and Caicos Islands,1991.0,0.24661164072731698,161
GGY,Guernsey,1991.0,0.361362426822778,15
JEY,Jersey,1991.0,12.694326841659613,9
GBR,United Kingdom,1991.0,24.285129198004313,1907
BMU,Bermuda,1991.0,16.36459810648165,773
IMN,Isle of Man,1991.0,3.112449799196787,15
TZA,Tanzania,1991.0,25.840626308916647,368
ASM,American Samoa,1991.0,17.639238461704128,614
UMI,Palmyra Atoll,1991.0,58.200242554911746,516
PRI,Puerto Rico,1991.0,0.1400898059153153,251
VIR,United States Virgin Islands,1991.0,0.0,80
UMI,Johnston Atoll,1991.0,1.950901269705121,658
GUM,Guam,1991.0,3.132927583492633,320
MNP,Northern Mariana Islands,1991.0,3.3291988507033867,1128
UMI,Jarvis Island,1991.0,111.02096091749246,470
UMI,Howland and Baker Islands,1991.0,114.34556328005252,629
,Hawaii,1991.0,12.98981518141708,3773
,Alaska,1991.0,22.67012500896925,9728
USA,United States,1991.0,35.873076867796904,4090
URY,Uruguay,1991.0,87.1203641787974,277
VEN,Venezuela,1991.0,1.1679433917437723,710
WSM,Samoa,1991.0,11.098579876355165,208
YEM,Yemen,1991.0,25.435471194567416,788
,Glorioso Islands,1991.0,25.327948631294362,78
BLZ,Belize,1991.0,14.228628230616302,6
KOR,South Korea,1991.0,34.03260835549993,156
PSE,Palestine,1991.0,20.185279187817258,4
BRB,Barbados,1991.0,0.0,2
IRQ,Iraq,1991.0,0.0,1
,"Abu musa, Greater and Lesser Tunb",1991.0,1.0428508963707912,17
FRO,Faeroe,1991.0,34.02363050483351,15
,Doumeira Islands,1991.0,0.18823529411764706,2
FRA,France,1991.0,23.0,1
PNG,Papua New Guinea,1991.0,2.9855233853006675,12
FLK,Falkland / Malvinas Islands,1991.0,5.9885654956893575,1230
SGS,South Georgia and the South Sandwich Islands,1991.0,4.751714629573978,3051
URY,Uruguay,1991.0,98.11566463128226,88
GBR,United Kingdom,1991.0,12.068389057750757,41
MYT,Mayotte,1991.0,26.476782898195204,119
CRI,Costa Rica,1991.0,2.771364187900849,46
PER,Peru,1991.0,69.027682286955,49
DOM,Dominican Republic,1991.0,0.5190097259062777,30
ECU,Ecuador,1991.0,9.513526340768852,40
JAM,Jamaica,1991.0,0.0,35
NOR,Norway,1991.0,29.640449438202246,3
FRA,France,1991.0,23.327700220426163,9
GIB,Gibraltar,1991.0,10.797385620915032,2
HRV,Croatia,1991.0,19.0,1
MYS,Malaysia,1991.0,3.0,3
EGY,Egypt,1991.0,7.819461827284105,25
,Matthew and Hunter Islands,1991.0,10.612645605365339,306
CAN,Canada,1991.0,0.16975565473939022,130
,Navassa Island,1991.0,0.5212831585441087,31
HND,Honduras,1991.0,0.9527777777777778,7
,Melilla,1991.0,65.0,1
,Alhucemas Islands,1991.0,53.0,1
,Ceuta,1991.0,7.0,1
,Peñón de Vélez de la Gomera,1991.0,56.0,1
,Chafarinas Islands,1991.0,84.57142857142857,2
ESH,Western Sahara,1991.0,22.07308469701092,455
UMI,Wake Island / Enenkio,1991.0,7.100243410529247,611
,Kuril Islands,1991.0,83.34656381200834,445
NOR,Norway,1991.0,4.79226926110965,35
UKR,Ukraine,1991.0,69.24363495195888,296
USA,United States,1991.0,41.09487354750513,52
ISL,Iceland,1991.0,41.93951812336607,204
STP,São Tomé and Principe,1991.0,14.471676802780191,68
,Halaib Triangle,1991.0,28.566365433493356,41
,Liancourt Rocks,1991.0,5.3546944858420265,7
TWN,Taiwan,1991.0,18.976173724693478,577
PRI,Puerto Rico,1991.0,0.07289748311847757,45
SEN,Senegal,1991.0,16.362650099680092,110
VEN,Venezuela,1991.0,0.12827225130890052,7
,Ile Tromelin,1991.0,10.249673560507146,413
,Senkaku Islands,1991.0,39.873317035793775,132
QAT,Qatar,1991.0,3.0,1
GUY,Guyana,1991.0,0.0,13
COL,Colombia,1991.0,0.2684563758389262,6
ALB,Albania,1992.0,60.03202235117127,29
DZA,Algeria,1992.0,35.271725198667,266
AGO,Angola,1992.0,5.976064624914794,725
ATG,Antigua and Barbuda,1992.0,0.2958041066190538,188
AZE,Azerbaijan,1992.0,13.556862393008915,154
ARG,Argentina,1992.0,38.45172078083856,2223
CXR,Christmas Island,1992.0,22.990993173112297,478
CCK,Cocos Islands,1992.0,4.8412173192355015,676
HMD,Heard and McDonald Islands,1992.0,12.416494214220426,979
NFK,Norfolk Island,1992.0,4.801396492898519,699
AUS,Australia,1992.0,20.18481517130991,10749
,Macquarie Island,1992.0,17.88147463147007,1147
BHS,Bahamas,1992.0,3.943819335435106,981
BHR,Bahrain,1992.0,1.3364243323442135,21
BGD,Bangladesh,1992.0,8.413997308209959,166
BRB,Barbados,1992.0,0.08064108637296698,288
BEL,Belgium,1992.0,78.28708708708706,11
,Trindade,1992.0,0.645883207679756,714
BRA,Brazil,1992.0,11.454856917862092,4589
BLZ,Belize,1992.0,6.695535134131627,58
SLB,Solomon Islands,1992.0,1.9128226206296568,2285
BRN,Brunei,1992.0,11.907733109994416,77
BGR,Bulgaria,1992.0,27.957045337454918,80
MMR,Myanmar,1992.0,12.053289641318587,725
KHM,Cambodia,1992.0,15.898544467743926,87
CMR,Cameroon,1992.0,15.489768976897684,28
CAN,Canada,1992.0,11.694007670910239,21648
CPV,Cape Verde,1992.0,10.599671345971293,1161
LKA,Sri Lanka,1992.0,14.08482390440925,770
CHL,Chile,1992.0,27.427572411896044,4486
CHL,Islas San Félix and San Ambrosio,1992.0,64.96270690170302,708
,Easter Island,1992.0,7.418109217125291,1139
CHN,China,1992.0,26.198029274697895,1579
CHN,China,1992.0,4.915457146797215,531
COL,Colombia,1992.0,17.911172134581644,1067
,Serrana Bank,1992.0,2.647901740020471,8
,Quitasueño Bank,1992.0,2.7436507936507937,10
,Serranilla Bank,1992.0,0.9352380952380953,8
,Bajo Nuevo Bank,1992.0,0.0,8
COM,Comores,1992.0,21.35102653980972,261
COG,Republic of the Congo,1992.0,1.6010699955416852,65
COD,Democratic Republic of the Congo,1992.0,2.431354359925789,33
CRI,Costa Rica,1992.0,40.22518870202808,841
HRV,Croatia,1992.0,67.91274421786159,122
CUB,Cuba,1992.0,4.974229845847919,589
CYP,Cyprus,1992.0,3.242102590147282,195
BEN,Benin,1992.0,1.7819779844696646,61
FRO,Faeroe,1992.0,15.547093261580178,823
DNK,Denmark,1992.0,89.9892766852741,323
GRL,Greenland,1992.0,6.9924542701901204,12225
DMA,Dominica,1992.0,0.07965139845966762,63
DOM,Dominican Republic,1992.0,0.3458656372660331,554
,Galapagos,1992.0,83.56121816341943,1181
ECU,Ecuador,1992.0,109.74055213079599,334
SLV,El Salvador,1992.0,34.715540056667805,149
GNQ,Equatorial Guinea,1992.0,5.480740147673693,464
ERI,Eritrea,1992.0,2.293829468960359,141
EST,Estonia,1992.0,103.85682411583197,118
FJI,Fiji,1992.0,7.738251204507174,1987
FIN,Finland,1992.0,82.48372246574843,277
PYF,French Polynesia,1992.0,12.373252489319592,6856
ATF,Amsterdam and Saint Paul Islands,1992.0,11.040897962954404,912
ATF,Crozet Islands,1992.0,23.158393806047503,1148
ATF,Kerguélen,1992.0,14.623186724338588,1159
NCL,New Caledonia,1992.0,2.829008882655446,1764
REU,Réunion,1992.0,7.594684561857034,491
ATF,Europa Island,1992.0,82.61472159972422,215
ATF,Juan de Nova Island,1992.0,58.52917256819114,108
ATF,Bassas da India,1992.0,57.670598911070776,198
,Clipperton Island,1992.0,4.12670501900677,628
GLP,Guadeloupe,1992.0,0.19244040647060687,157
BLM,Saint-Barthélemy,1992.0,0.6032831737346099,14
MAF,Collectivity of Saint Martin,1992.0,1.6631578947368417,7
SPM,Saint-Pierre and Miquelon,1992.0,43.10832769126608,43
MTQ,Martinique,1992.0,0.22653011460619357,96
GUF,French Guiana,1992.0,0.22207313745110527,204
WLF,Wallis and Futuna,1992.0,11.139715243467997,380
FRA,France,1992.0,23.407410155114963,758
DJI,Djibouti,1992.0,11.149747358750574,17
GAB,Gabon,1992.0,5.3583150820557455,299
GEO,Georgia,1992.0,28.18066157760814,48
GMB,Gambia,1992.0,40.91540504648073,45
DEU,Germany,1992.0,74.01254060851643,154
GHA,Ghana,1992.0,0.6895152736529486,330
KIR,Phoenix Group,1992.0,48.384014444778806,1049
KIR,Line Group,1992.0,89.27061582470559,2315
KIR,Gilbert Islands,1992.0,40.2670612528911,1489
GRC,Greece,1992.0,36.069452424209494,870
GRD,Grenada,1992.0,0.11081794195250658,53
GTM,Guatemala,1992.0,33.15671920919049,178
GIN,Guinea,1992.0,14.416770963704629,157
GUY,Guyana,1992.0,0.5031686797535718,205
HTI,Haiti,1992.0,4.225489096922474,178
HND,Honduras,1992.0,1.9925937269424059,332
ISL,Iceland,1992.0,20.461092532186484,2449
,Andaman and Nicobar,1992.0,10.034784312328574,960
IND,India,1992.0,6.406087568057274,2390
IDN,Indonesia,1992.0,28.07390761936182,8462
IRN,Iran,1992.0,6.5533599800149895,399
IRQ,Iraq,1992.0,17.457516339869283,4
IRL,Ireland,1992.0,16.678231321963466,992
ISR,Israel,1992.0,1.921465448768864,53
ITA,Italy,1992.0,41.32115947167802,1037
CIV,Ivory Coast,1992.0,0.4405945812980987,248
JAM,Jamaica,1992.0,0.6499725314766855,401
JPN,Japan,1992.0,29.289003669816047,6497
KAZ,Kazakhstan,1992.0,17.097525216983346,243
KEN,Kenya,1992.0,8.59068300376077,191
PRK,North Korea,1992.0,92.29909333559294,227
KOR,South Korea,1992.0,66.57879314087263,634
KWT,Kuwait,1992.0,4.063000533902829,24
LBN,Lebanon,1992.0,11.779325413082072,38
LVA,Latvia,1992.0,80.19507754128207,89
LBR,Liberia,1992.0,0.9924373250759243,367
LBY,Libya,1992.0,21.799998587161532,626
LTU,Lithuania,1992.0,89.0594566888775,23
MDG,Madagascar,1992.0,25.941577016650193,1821
MYS,Malaysia,1992.0,24.106275268061186,829
MDV,Maldives,1992.0,4.464321347586654,1290
MLT,Malta,1992.0,31.74047043510597,110
MRT,Mauritania,1992.0,30.95544726766446,267
MUS,Republic of Mauritius,1992.0,8.531447451410816,1862
,Chagos Archipelago,1992.0,7.215226441566805,920
MEX,Mexico,1992.0,79.39431157818343,4729
MCO,Monaco,1992.0,40.72093023255814,7
MNE,Montenegro,1992.0,77.88640666414236,18
MAR,Morocco,1992.0,9.865752631769343,503
MOZ,Mozambique,1992.0,52.37046073423304,900
OMN,Oman,1992.0,20.384190406232378,834
NAM,Namibia,1992.0,21.29805630388592,860
NRU,Nauru,1992.0,24.834463293275544,448
ABW,Aruba,1992.0,0.47344357976653706,61
BES,Bonaire,1992.0,0.41249157492698263,35
CUW,Curaçao,1992.0,0.8364243750719964,52
BES,Saba,1992.0,3.8789616661635975,21
BES,Sint-Eustatius,1992.0,3.668428005284017,10
SXM,Sint-Maarten,1992.0,1.8271604938271608,4
NLD,Netherlands,1992.0,61.241142509875395,153
VUT,Vanuatu,1992.0,2.790676505068614,943
COK,Cook Islands,1992.0,34.11927181418708,2825
NIU,Niue,1992.0,28.613071453362636,487
TKL,Tokelau,1992.0,20.81135253183299,469
NZL,New Zealand,1992.0,9.120048340771048,7834
NIC,Nicaragua,1992.0,13.896428027312647,349
NGA,Nigeria,1992.0,5.1452164881753,262
SJM,Svalbard,1992.0,33.17851450069979,5479
NOR,Norway,1992.0,47.59388088493423,3357
SJM,Jan Mayen,1992.0,46.23771829743982,1250
FSM,Micronesia,1992.0,3.012963999992085,4155
MHL,Marshall Islands,1992.0,4.225856431706383,2797
PLW,Palau,1992.0,5.530742913473341,878
PAK,Pakistan,1992.0,28.63434955027084,345
PAN,Panama,1992.0,16.471638817189696,485
PNG,Papua New Guinea,1992.0,4.058407551410384,3363
PER,Peru,1992.0,110.36986419086838,1237
PHL,Philippines,1992.0,10.846183330516444,2847
POL,Poland,1992.0,90.2124049519261,81
,Azores,1992.0,19.094249993859446,1692
,Madeira,1992.0,6.651016648205767,767
PRT,Portugal,1992.0,3.539223284898376,568
GNB,Guinea-Bissau,1992.0,30.58422433492256,168
,Oecusse,1992.0,4.3108348134991115,6
TLS,East Timor,1992.0,29.03528757988331,130
QAT,Qatar,1992.0,0.8443988949291504,63
ROU,Romania,1992.0,31.350322675271336,67
RUS,Russia,1992.0,15.68751787939833,32820
KNA,Saint Kitts and Nevis,1992.0,3.086086692937255,25
LCA,Saint Lucia,1992.0,0.0,35
VCT,Saint Vincent and the Grenadines,1992.0,0.08713893819590125,69
STP,Sao Tome and Principe,1992.0,4.959181801504312,211
SAU,Saudi Arabia,1992.0,14.839573538176273,364
SEN,Senegal,1992.0,40.077424597824255,261
SYC,Seychelles,1992.0,7.76267823215015,1882
SLE,Sierra Leone,1992.0,4.630117040936327,245
SGP,Singapore,1992.0,39.99999999999999,2
VNM,Vietnam,1992.0,14.28417472674372,1096
SVN,Slovenia,1992.0,40.0,1
SOM,Federal Republic of Somalia,1992.0,10.175412504105669,1163
ZAF,South Africa,1992.0,98.23751981400012,1823
,Prince Edward Islands,1992.0,50.12976667493285,964
,Canary Islands,1992.0,7.663506180462378,744
ESP,Spain,1992.0,23.06012513352663,1070
SDN,Sudan,1992.0,1.2037579416933264,110
SUR,Suriname,1992.0,0.04369834479360315,199
SWE,Sweden,1992.0,88.29628364462042,502
SYR,Syria,1992.0,16.15137614678899,22
THA,Thailand,1992.0,21.816263499578376,440
TGO,Togo,1992.0,1.5428626842513578,36
TON,Tonga,1992.0,23.741245736457046,1005
TTO,Trinidad and Tobago,1992.0,0.4725438047559449,132
ARE,United Arab Emirates,1992.0,6.931164697631763,101
TUN,Tunisia,1992.0,43.23643867924532,207
TUR,Turkey,1992.0,34.38613615911552,550
TKM,Turkmenistan,1992.0,13.131734202763546,132
TUV,Tuvalu,1992.0,10.797844234270235,1137
EGY,Egypt,1992.0,9.490474027939971,451
SHN,Ascension,1992.0,0.0243684715412492,639
PCN,Pitcairn,1992.0,2.8461401220991713,1289
SHN,Saint Helena,1992.0,0.0058722999627359536,662
SHN,Tristan da Cunha,1992.0,23.45075323323274,1343
AIA,Anguilla,1992.0,1.096200231807787,151
VGB,British Virgin Islands,1992.0,1.5176580246487386,140
CYM,Cayman Islands,1992.0,0.8883037295925698,197
MSR,Montserrat,1992.0,2.413890004014452,18
TCA,Turks and Caicos Islands,1992.0,0.3497700484268875,161
GGY,Guernsey,1992.0,1.0005321979776476,15
JEY,Jersey,1992.0,24.291278577476717,9
GBR,United Kingdom,1992.0,29.56207414922928,1907
BMU,Bermuda,1992.0,4.557985576844096,773
IMN,Isle of Man,1992.0,32.35742971887551,15
TZA,Tanzania,1992.0,7.892514844654693,368
ASM,American Samoa,1992.0,20.440468926107517,614
UMI,Palmyra Atoll,1992.0,23.094882765125988,516
PRI,Puerto Rico,1992.0,0.16248561992058494,251
VIR,United States Virgin Islands,1992.0,2.7156341298973694,80
UMI,Johnston Atoll,1992.0,3.931836198942131,658
GUM,Guam,1992.0,0.061354436073316074,320
MNP,Northern Mariana Islands,1992.0,4.49536549871264,1128
UMI,Jarvis Island,1992.0,152.62672122629255,470
UMI,Howland and Baker Islands,1992.0,67.51842703087367,629
,Hawaii,1992.0,7.808720750911625,3773
,Alaska,1992.0,8.871388048339233,9728
USA,United States,1992.0,59.0138266352655,4090
URY,Uruguay,1992.0,100.56528299298736,277
VEN,Venezuela,1992.0,3.205359034783,710
WSM,Samoa,1992.0,14.275602544574863,208
YEM,Yemen,1992.0,5.132823322533766,788
,Glorioso Islands,1992.0,11.14248056775938,78
BLZ,Belize,1992.0,23.381709741550697,6
KOR,South Korea,1992.0,30.90718197465187,156
PSE,Palestine,1992.0,0.0,4
BRB,Barbados,1992.0,1.9090909090909092,2
IRQ,Iraq,1992.0,19.0,1
,"Abu musa, Greater and Lesser Tunb",1992.0,1.238303454306952,17
FRO,Faeroe,1992.0,7.852846401718582,15
,Doumeira Islands,1992.0,0.0,2
FRA,France,1992.0,33.0,1
PNG,Papua New Guinea,1992.0,24.64142538975501,12
FLK,Falkland / Malvinas Islands,1992.0,12.501548815087927,1230
SGS,South Georgia and the South Sandwich Islands,1992.0,9.229329768179655,3051
URY,Uruguay,1992.0,43.113374823860966,88
GBR,United Kingdom,1992.0,14.339285714285708,41
MYT,Mayotte,1992.0,22.562905204135273,119
CRI,Costa Rica,1992.0,60.01508060322411,46
PER,Peru,1992.0,128.10077799891445,49
DOM,Dominican Republic,1992.0,0.05636604774535809,30
ECU,Ecuador,1992.0,65.74260401835147,40
JAM,Jamaica,1992.0,0.7830757632868453,35
NOR,Norway,1992.0,95.85393258426966,3
FRA,France,1992.0,12.766348273328436,9
GIB,Gibraltar,1992.0,0.0,2
HRV,Croatia,1992.0,40.0,1
MYS,Malaysia,1992.0,17.431578947368422,3
EGY,Egypt,1992.0,3.115769712140176,25
,Matthew and Hunter Islands,1992.0,7.039313448641015,306
CAN,Canada,1992.0,0.6463045616158557,130
,Navassa Island,1992.0,0.39790252930289954,31
HND,Honduras,1992.0,0.03333333333333333,7
,Melilla,1992.0,30.0,1
,Alhucemas Islands,1992.0,21.0,1
,Ceuta,1992.0,0.0,1
,Peñón de Vélez de la Gomera,1992.0,32.0,1
,Chafarinas Islands,1992.0,50.64285714285714,2
ESH,Western Sahara,1992.0,14.280240603257282,455
UMI,Wake Island / Enenkio,1992.0,0.10964601154461372,611
,Kuril Islands,1992.0,35.72790730852321,445
NOR,Norway,1992.0,6.7649224296607935,35
UKR,Ukraine,1992.0,37.07384102746597,296
USA,United States,1992.0,7.427477785372523,52
ISL,Iceland,1992.0,51.909489154242934,204
STP,São Tomé and Principe,1992.0,4.416333622936578,68
,Halaib Triangle,1992.0,12.207003671279297,41
,Liancourt Rocks,1992.0,17.312965722801792,7
TWN,Taiwan,1992.0,16.934576557917453,577
PRI,Puerto Rico,1992.0,0.24938612645794964,45
SEN,Senegal,1992.0,31.30372293569475,110
VEN,Venezuela,1992.0,0.0,7
,Ile Tromelin,1992.0,4.633029358493745,413
,Senkaku Islands,1992.0,21.66782208924727,132
QAT,Qatar,1992.0,6.0,1
GUY,Guyana,1992.0,1.1831561733442353,13
COL,Colombia,1992.0,0.0,6
ALB,Albania,1993.0,97.6516226090694,29
DZA,Algeria,1993.0,12.679770754751525,266
AGO,Angola,1993.0,48.91700649358415,725
ATG,Antigua and Barbuda,1993.0,0.19635250605790083,188
AZE,Azerbaijan,1993.0,10.325163105285208,154
ARG,Argentina,1993.0,42.300614414006965,2223
CXR,Christmas Island,1993.0,2.1643297359851443,478
CCK,Cocos Islands,1993.0,2.373872968832408,676
HMD,Heard and McDonald Islands,1993.0,8.904672599030818,979
NFK,Norfolk Island,1993.0,7.39877562729265,699
AUS,Australia,1993.0,14.505775606877128,10749
,Macquarie Island,1993.0,25.205777321290867,1147
BHS,Bahamas,1993.0,9.892981044467016,981
BHR,Bahrain,1993.0,25.411350148367955,21
BGD,Bangladesh,1993.0,4.403445491251682,166
BRB,Barbados,1993.0,0.45501342175903986,288
BEL,Belgium,1993.0,59.24144144144143,11
,Trindade,1993.0,10.634538654851655,714
BRA,Brazil,1993.0,13.247166566256553,4589
BLZ,Belize,1993.0,6.911538104520563,58
SLB,Solomon Islands,1993.0,0.22054597833559728,2285
BRN,Brunei,1993.0,6.973618090452261,77
BGR,Bulgaria,1993.0,28.99587841318907,80
MMR,Myanmar,1993.0,6.942058699787266,725
KHM,Cambodia,1993.0,7.471567780930061,87
CMR,Cameroon,1993.0,18.941914191419144,28
CAN,Canada,1993.0,26.8730937118241,21648
CPV,Cape Verde,1993.0,3.955469896153957,1161
LKA,Sri Lanka,1993.0,4.641831595812022,770
CHL,Chile,1993.0,27.896130616946852,4486
CHL,Islas San Félix and San Ambrosio,1993.0,69.36547953391097,708
,Easter Island,1993.0,9.816017825364373,1139
CHN,China,1993.0,23.628878532729917,1579
CHN,China,1993.0,5.445278563055919,531
COL,Colombia,1993.0,15.528064113359857,1067
,Serrana Bank,1993.0,3.271238485158649,8
,Quitasueño Bank,1993.0,0.8182539682539682,10
,Serranilla Bank,1993.0,0.057142857142857134,8
,Bajo Nuevo Bank,1993.0,0.0,8
COM,Comores,1993.0,9.039827598540665,261
COG,Republic of the Congo,1993.0,30.47873383860901,65
COD,Democratic Republic of the Congo,1993.0,31.024814471243044,33
CRI,Costa Rica,1993.0,20.39050144127758,841
HRV,Croatia,1993.0,65.69565217391307,122
CUB,Cuba,1993.0,8.85580677234478,589
CYP,Cyprus,1993.0,10.143296089385473,195
BEN,Benin,1993.0,8.777370082771569,61
FRO,Faeroe,1993.0,1.7032772411473498,823
DNK,Denmark,1993.0,27.45540153044777,323
GRL,Greenland,1993.0,11.87735963909266,12225
DMA,Dominica,1993.0,2.79783137413863,63
DOM,Dominican Republic,1993.0,1.8477552145846183,554
,Galapagos,1993.0,74.83214087196957,1181
ECU,Ecuador,1993.0,57.255823154777886,334
SLV,El Salvador,1993.0,26.494784693464517,149
GNQ,Equatorial Guinea,1993.0,37.252745406201505,464
ERI,Eritrea,1993.0,15.345512341062076,141
EST,Estonia,1993.0,54.00897222881561,118
FJI,Fiji,1993.0,1.2554100568221145,1987
FIN,Finland,1993.0,32.93443134090201,277
PYF,French Polynesia,1993.0,7.421387844663597,6856
ATF,Amsterdam and Saint Paul Islands,1993.0,10.621580673472213,912
ATF,Crozet Islands,1993.0,23.845386795803993,1148
ATF,Kerguélen,1993.0,6.9907473541856255,1159
NCL,New Caledonia,1993.0,1.6436562002079929,1764
REU,Réunion,1993.0,9.760663632983333,491
ATF,Europa Island,1993.0,52.43294259610414,215
ATF,Juan de Nova Island,1993.0,28.567323068488125,108
ATF,Bassas da India,1993.0,45.887291172227656,198
,Clipperton Island,1993.0,5.675367091523863,628
GLP,Guadeloupe,1993.0,0.9215233150780335,157
BLM,Saint-Barthélemy,1993.0,0.058139534883720916,14
MAF,Collectivity of Saint Martin,1993.0,2.0052631578947366,7
SPM,Saint-Pierre and Miquelon,1993.0,25.454129993229515,43
MTQ,Martinique,1993.0,2.2020848573518648,96
GUF,French Guiana,1993.0,11.334690257436547,204
WLF,Wallis and Futuna,1993.0,7.727589147015196,380
FRA,France,1993.0,13.62555409240129,758
DJI,Djibouti,1993.0,21.807992650436383,17
GAB,Gabon,1993.0,30.13679457562031,299
GEO,Georgia,1993.0,13.613549618320612,48
GMB,Gambia,1993.0,33.529614873837964,45
DEU,Germany,1993.0,20.928913263702103,154
GHA,Ghana,1993.0,7.551654645736107,330
KIR,Phoenix Group,1993.0,40.15024977430035,1049
KIR,Line Group,1993.0,29.44452350182235,2315
KIR,Gilbert Islands,1993.0,43.4075262486231,1489
GRC,Greece,1993.0,44.269807502186865,870
GRD,Grenada,1993.0,0.1611793048066995,53
GTM,Guatemala,1993.0,46.949345444830335,178
GIN,Guinea,1993.0,30.397182524667457,157
GUY,Guyana,1993.0,2.300903128933248,205
HTI,Haiti,1993.0,4.903834295644376,178
HND,Honduras,1993.0,4.001656666341829,332
ISL,Iceland,1993.0,13.512746894481799,2449
,Andaman and Nicobar,1993.0,7.899574324083642,960
IND,India,1993.0,5.8302432524371905,2390
IDN,Indonesia,1993.0,9.297797137261218,8462
IRN,Iran,1993.0,32.224094429178095,399
IRQ,Iraq,1993.0,40.63834422657953,4
IRL,Ireland,1993.0,2.636914552852567,992
ISR,Israel,1993.0,6.814535345512311,53
ITA,Italy,1993.0,45.791787075613875,1037
CIV,Ivory Coast,1993.0,4.2894542643286355,248
JAM,Jamaica,1993.0,0.45180675613557114,401
JPN,Japan,1993.0,26.82281489561474,6497
KAZ,Kazakhstan,1993.0,63.75746735475804,243
KEN,Kenya,1993.0,10.45005459177484,191
PRK,North Korea,1993.0,35.85527263483456,227
KOR,South Korea,1993.0,26.897431444902708,634
KWT,Kuwait,1993.0,22.980512546716493,24
LBN,Lebanon,1993.0,12.128499248941694,38
LVA,Latvia,1993.0,50.4190368556539,89
LBR,Liberia,1993.0,6.191043887334006,367
LBY,Libya,1993.0,42.04243460323962,626
LTU,Lithuania,1993.0,57.699641209636084,23
MDG,Madagascar,1993.0,20.797788527332163,1821
MYS,Malaysia,1993.0,13.687625241694498,829
MDV,Maldives,1993.0,4.311849692257856,1290
MLT,Malta,1993.0,75.93612867236885,110
MRT,Mauritania,1993.0,25.88293305487876,267
MUS,Republic of Mauritius,1993.0,7.7843872679402315,1862
,Chagos Archipelago,1993.0,11.954743887572732,920
MEX,Mexico,1993.0,54.95614385843151,4729
MCO,Monaco,1993.0,32.85271317829458,7
MNE,Montenegro,1993.0,116.2942067398712,18
MAR,Morocco,1993.0,14.382420504286797,503
MOZ,Mozambique,1993.0,32.2760777961082,900
OMN,Oman,1993.0,38.17308716951264,834
NAM,Namibia,1993.0,61.714363526623394,860
NRU,Nauru,1993.0,16.024471149649376,448
ABW,Aruba,1993.0,5.769941634241245,61
BES,Bonaire,1993.0,3.1213210514491125,35
CUW,Curaçao,1993.0,3.8073954613523777,52
BES,Saba,1993.0,2.5964382734681553,21
BES,Sint-Eustatius,1993.0,0.8322324966974903,10
SXM,Sint-Maarten,1993.0,1.462962962962963,4
NLD,Netherlands,1993.0,21.804679428745057,153
VUT,Vanuatu,1993.0,0.6745052065374798,943
COK,Cook Islands,1993.0,13.83545417744689,2825
NIU,Niue,1993.0,3.7999234650742655,487
TKL,Tokelau,1993.0,20.401095647023986,469
NZL,New Zealand,1993.0,3.3336470600545107,7834
NIC,Nicaragua,1993.0,14.86824282212159,349
NGA,Nigeria,1993.0,7.809306522738492,262
SJM,Svalbard,1993.0,33.67056004859569,5479
NOR,Norway,1993.0,30.227057973569142,3357
SJM,Jan Mayen,1993.0,36.42296443632226,1250
FSM,Micronesia,1993.0,1.7754189579330417,4155
MHL,Marshall Islands,1993.0,2.638040884856698,2797
PLW,Palau,1993.0,2.0803606807704575,878
PAK,Pakistan,1993.0,25.062686865906905,345
PAN,Panama,1993.0,15.979558936738675,485
PNG,Papua New Guinea,1993.0,1.2098199369547833,3363
PER,Peru,1993.0,80.6486767976406,1237
PHL,Philippines,1993.0,4.607529818673493,2847
POL,Poland,1993.0,39.64249355872557,81
,Azores,1993.0,4.457797263773241,1692
,Madeira,1993.0,7.237644649029552,767
PRT,Portugal,1993.0,7.870188798507067,568
GNB,Guinea-Bissau,1993.0,47.65032301746271,168
,Oecusse,1993.0,3.5026642984014202,6
TLS,East Timor,1993.0,8.371650855396341,130
QAT,Qatar,1993.0,36.52776044915782,63
ROU,Romania,1993.0,27.137063655030786,67
RUS,Russia,1993.0,21.082343881594884,32820
KNA,Saint Kitts and Nevis,1993.0,0.8629887844801457,25
LCA,Saint Lucia,1993.0,1.0752036370524722,35
VCT,Saint Vincent and the Grenadines,1993.0,0.7748103921252218,69
STP,Sao Tome and Principe,1993.0,17.827875619152444,211
SAU,Saudi Arabia,1993.0,21.13679888749088,364
SEN,Senegal,1993.0,34.694900541159484,261
SYC,Seychelles,1993.0,8.441183390450487,1882
SLE,Sierra Leone,1993.0,16.253084691344196,245
SGP,Singapore,1993.0,5.739130434782608,2
VNM,Vietnam,1993.0,11.471443736730363,1096
SVN,Slovenia,1993.0,47.0,1
SOM,Federal Republic of Somalia,1993.0,12.71340052478715,1163
ZAF,South Africa,1993.0,74.26537765425651,1823
,Prince Edward Islands,1993.0,28.33067073886995,964
,Canary Islands,1993.0,8.725399859885776,744
ESP,Spain,1993.0,9.817533541476774,1070
SDN,Sudan,1993.0,5.217726310097776,110
SUR,Suriname,1993.0,1.6736174882970856,199
SWE,Sweden,1993.0,36.119799463494545,502
SYR,Syria,1993.0,13.833078491335373,22
THA,Thailand,1993.0,11.914425626593788,440
TGO,Togo,1993.0,9.450155159038015,36
TON,Tonga,1993.0,5.269358703967476,1005
TTO,Trinidad and Tobago,1993.0,0.7190237797246558,132
ARE,United Arab Emirates,1993.0,54.253978529427606,101
TUN,Tunisia,1993.0,23.30004422169812,207
TUR,Turkey,1993.0,38.01324126278672,550
TKM,Turkmenistan,1993.0,22.232262071106966,132
TUV,Tuvalu,1993.0,9.320948596125094,1137
EGY,Egypt,1993.0,27.53560615890317,451
SHN,Ascension,1993.0,2.938366020038371,639
PCN,Pitcairn,1993.0,4.4487793326715845,1289
SHN,Saint Helena,1993.0,17.41832748673271,662
SHN,Tristan da Cunha,1993.0,26.464628093027873,1343
AIA,Anguilla,1993.0,1.3128778623562944,151
VGB,British Virgin Islands,1993.0,1.9901266958953292,140
CYM,Cayman Islands,1993.0,0.3557715325321971,197
MSR,Montserrat,1993.0,2.0104375752709758,18
TCA,Turks and Caicos Islands,1993.0,3.0662747845155782,161
GGY,Guernsey,1993.0,3.8924960085151676,15
JEY,Jersey,1993.0,3.34801016088061,9
GBR,United Kingdom,1993.0,3.886970362648001,1907
BMU,Bermuda,1993.0,6.012818757768733,773
IMN,Isle of Man,1993.0,1.276215975011156,15
TZA,Tanzania,1993.0,3.3439648163204954,368
ASM,American Samoa,1993.0,9.46626991248914,614
UMI,Palmyra Atoll,1993.0,19.16719444818758,516
PRI,Puerto Rico,1993.0,1.8914907039744697,251
VIR,United States Virgin Islands,1993.0,2.785527005768222,80
UMI,Johnston Atoll,1993.0,2.020345172651304,658
GUM,Guam,1993.0,0.1425278308782188,320
MNP,Northern Mariana Islands,1993.0,5.047632374342328,1128
UMI,Jarvis Island,1993.0,29.16460676242437,470
UMI,Howland and Baker Islands,1993.0,61.21461708999343,629
,Hawaii,1993.0,7.759206476634635,3773
,Alaska,1993.0,47.71885443331147,9728
USA,United States,1993.0,42.68163422862199,4090
URY,Uruguay,1993.0,61.01088764295386,277
VEN,Venezuela,1993.0,7.698401792766007,710
WSM,Samoa,1993.0,6.669160469491981,208
YEM,Yemen,1993.0,8.308358635975548,788
,Glorioso Islands,1993.0,7.44440689422102,78
BLZ,Belize,1993.0,16.89463220675944,6
KOR,South Korea,1993.0,22.929494601783762,156
PSE,Palestine,1993.0,2.9568527918781724,4
BRB,Barbados,1993.0,0.0,2
IRQ,Iraq,1993.0,45.0,1
,"Abu musa, Greater and Lesser Tunb",1993.0,24.60603410581547,17
FRO,Faeroe,1993.0,2.2502685284640176,15
,Doumeira Islands,1993.0,19.988235294117647,2
FRA,France,1993.0,18.0,1
PNG,Papua New Guinea,1993.0,7.927616926503341,12
FLK,Falkland / Malvinas Islands,1993.0,20.456568072479058,1230
SGS,South Georgia and the South Sandwich Islands,1993.0,18.07548278497083,3051
URY,Uruguay,1993.0,29.179720526068582,88
GBR,United Kingdom,1993.0,0.33947568389057736,41
MYT,Mayotte,1993.0,14.071841598037496,119
CRI,Costa Rica,1993.0,40.34668053388801,46
PER,Peru,1993.0,90.01356974850736,49
DOM,Dominican Republic,1993.0,2.997789566755084,30
ECU,Ecuador,1993.0,16.72662553393449,40
JAM,Jamaica,1993.0,0.3660007538635508,35
NOR,Norway,1993.0,46.20224719101124,3
FRA,France,1993.0,0.0,9
GIB,Gibraltar,1993.0,0.0,2
HRV,Croatia,1993.0,47.0,1
MYS,Malaysia,1993.0,1.9894736842105263,3
EGY,Egypt,1993.0,23.26939924906133,25
,Matthew and Hunter Islands,1993.0,0.5083098011530769,306
CAN,Canada,1993.0,99.70444057795595,130
,Navassa Island,1993.0,0.5994242237302079,31
HND,Honduras,1993.0,0.6805555555555556,7
,Melilla,1993.0,8.0,1
,Alhucemas Islands,1993.0,18.0,1
,Ceuta,1993.0,0.0,1
,Peñón de Vélez de la Gomera,1993.0,27.0,1
,Chafarinas Islands,1993.0,18.642857142857142,2
ESH,Western Sahara,1993.0,6.848622070198625,455
UMI,Wake Island / Enenkio,1993.0,2.832401418735657,611
,Kuril Islands,1993.0,44.11633310235192,445
NOR,Norway,1993.0,1.3063371022876675,35
UKR,Ukraine,1993.0,27.766005629064104,296
USA,United States,1993.0,37.87532467532468,52
ISL,Iceland,1993.0,26.443816387573893,204
STP,São Tomé and Principe,1993.0,5.423805386620331,68
,Halaib Triangle,1993.0,9.401299068059869,41
,Liancourt Rocks,1993.0,1.8330849478390459,7
TWN,Taiwan,1993.0,18.511063328563857,577
PRI,Puerto Rico,1993.0,1.2131675874769796,45
SEN,Senegal,1993.0,40.63373359914692,110
VEN,Venezuela,1993.0,4.861256544502618,7
,Ile Tromelin,1993.0,9.561676003538183,413
,Senkaku Islands,1993.0,19.10635968913051,132
QAT,Qatar,1993.0,37.0,1
GUY,Guyana,1993.0,0.021259198691741615,13
COL,Colombia,1993.0,5.8389261744966445,6
ALB,Albania,1994.0,112.65312701482912,29
DZA,Algeria,1994.0,84.92274874574284,266
AGO,Angola,1994.0,55.19565061408019,725
ATG,Antigua and Barbuda,1994.0,0.189873740594312,188
AZE,Azerbaijan,1994.0,38.01933321362303,154
ARG,Argentina,1994.0,42.72003342289544,2223
CXR,Christmas Island,1994.0,1.490396605395125,478
CCK,Cocos Islands,1994.0,0.21638370545244492,676
HMD,Heard and McDonald Islands,1994.0,0.787560142790625,979
NFK,Norfolk Island,1994.0,7.724308620047731,699
AUS,Australia,1994.0,18.250658171211025,10749
,Macquarie Island,1994.0,10.35412135810547,1147
BHS,Bahamas,1994.0,35.68478236972743,981
BHR,Bahrain,1994.0,9.970326409495549,21
BGD,Bangladesh,1994.0,20.22907133243607,166
BRB,Barbados,1994.0,0.00795831359545239,288
BEL,Belgium,1994.0,143.0954954954955,11
,Trindade,1994.0,5.2986624742439945,714
BRA,Brazil,1994.0,9.067476509957006,4589
BLZ,Belize,1994.0,4.978000556947926,58
SLB,Solomon Islands,1994.0,2.8320944283373466,2285
BRN,Brunei,1994.0,13.743299832495815,77
BGR,Bulgaria,1994.0,122.653400309119,80
MMR,Myanmar,1994.0,8.810787108090327,725
KHM,Cambodia,1994.0,9.151289009497965,87
CMR,Cameroon,1994.0,12.187238723872383,28
CAN,Canada,1994.0,26.924012308972028,21648
CPV,Cape Verde,1994.0,1.0373493369386995,1161
LKA,Sri Lanka,1994.0,3.632050685952126,770
CHL,Chile,1994.0,21.074520630894327,4486
CHL,Islas San Félix and San Ambrosio,1994.0,10.612823423961755,708
,Easter Island,1994.0,9.396235641904312,1139
CHN,China,1994.0,63.96216229865577,1579
CHN,China,1994.0,3.5139367717024053,531
COL,Colombia,1994.0,3.292438390031237,1067
,Serrana Bank,1994.0,0.0,8
,Quitasueño Bank,1994.0,0.0,10
,Serranilla Bank,1994.0,0.7847619047619047,8
,Bajo Nuevo Bank,1994.0,0.6561338289962826,8
COM,Comores,1994.0,3.684133342871451,261
COG,Republic of the Congo,1994.0,36.548551047703974,65
COD,Democratic Republic of the Congo,1994.0,37.30565862708719,33
CRI,Costa Rica,1994.0,5.315519039764875,841
HRV,Croatia,1994.0,110.22153819845241,122
CUB,Cuba,1994.0,26.779838168605355,589
CYP,Cyprus,1994.0,40.05975114271201,195
BEN,Benin,1994.0,7.509941121256079,61
FRO,Faeroe,1994.0,5.8123889805656885,823
DNK,Denmark,1994.0,67.0352919218827,323
GRL,Greenland,1994.0,16.792231039081816,12225
DMA,Dominica,1994.0,0.0,63
DOM,Dominican Republic,1994.0,1.2316070327959259,554
,Galapagos,1994.0,25.88466855750182,1181
ECU,Ecuador,1994.0,30.08791208791209,334
SLV,El Salvador,1994.0,22.982252389700157,149
GNQ,Equatorial Guinea,1994.0,34.5305775484585,464
ERI,Eritrea,1994.0,11.359835452505612,141
EST,Estonia,1994.0,45.608639924044624,118
FJI,Fiji,1994.0,2.833588183349378,1987
FIN,Finland,1994.0,60.838031656365224,277
PYF,French Polynesia,1994.0,14.379160244978006,6856
ATF,Amsterdam and Saint Paul Islands,1994.0,34.02709132061526,912
ATF,Crozet Islands,1994.0,3.6592637431945514,1148
ATF,Kerguélen,1994.0,3.4384021057745637,1159
NCL,New Caledonia,1994.0,1.0604421291658312,1764
REU,Réunion,1994.0,13.29589036244842,491
ATF,Europa Island,1994.0,14.668979486295468,215
ATF,Juan de Nova Island,1994.0,3.1111161876913225,108
ATF,Bassas da India,1994.0,10.72716273442226,198
,Clipperton Island,1994.0,2.1262306967793534,628
GLP,Guadeloupe,1994.0,0.04761151033587641,157
BLM,Saint-Barthélemy,1994.0,0.8119015047879614,14
MAF,Collectivity of Saint Martin,1994.0,0.15263157894736842,7
SPM,Saint-Pierre and Miquelon,1994.0,56.635240352065004,43
MTQ,Martinique,1994.0,0.0,96
GUF,French Guiana,1994.0,3.5241744746656956,204
WLF,Wallis and Futuna,1994.0,13.610766553371409,380
FRA,France,1994.0,32.009465165594044,758
DJI,Djibouti,1994.0,4.252181901699587,17
GAB,Gabon,1994.0,42.26532357265007,299
GEO,Georgia,1994.0,62.20780322307041,48
GMB,Gambia,1994.0,19.790703851261608,45
DEU,Germany,1994.0,67.73535473504035,154
GHA,Ghana,1994.0,8.580571170980061,330
KIR,Phoenix Group,1994.0,106.14405055672579,1049
KIR,Line Group,1994.0,60.59911133053569,2315
KIR,Gilbert Islands,1994.0,73.00868521653884,1489
GRC,Greece,1994.0,95.8023054188212,870
GRD,Grenada,1994.0,0.29069634048411147,53
GTM,Guatemala,1994.0,26.968901950307245,178
GIN,Guinea,1994.0,20.71621503623715,157
GUY,Guyana,1994.0,1.623247289509131,205
HTI,Haiti,1994.0,12.812405403890349,178
HND,Honduras,1994.0,3.643538305188566,332
ISL,Iceland,1994.0,35.33680838262794,2449
,Andaman and Nicobar,1994.0,2.370671998005201,960
IND,India,1994.0,7.312456266204635,2390
IDN,Indonesia,1994.0,7.129672157945032,8462
IRN,Iran,1994.0,42.057369472895346,399
IRQ,Iraq,1994.0,76.18082788671025,4
IRL,Ireland,1994.0,1.7055666176088646,992
ISR,Israel,1994.0,51.57615170770453,53
ITA,Italy,1994.0,97.41900097509082,1037
CIV,Ivory Coast,1994.0,11.8006993006993,248
JAM,Jamaica,1994.0,1.978978170932697,401
JPN,Japan,1994.0,54.44663063840837,6497
KAZ,Kazakhstan,1994.0,81.02549065603257,243
KEN,Kenya,1994.0,4.594880504670631,191
PRK,North Korea,1994.0,73.1395797144431,227
KOR,South Korea,1994.0,88.17223789884963,634
KWT,Kuwait,1994.0,45.68980245595302,24
LBN,Lebanon,1994.0,61.919022258637185,38
LVA,Latvia,1994.0,46.22816600740881,89
LBR,Liberia,1994.0,12.613195974513193,367
LBY,Libya,1994.0,95.9198002246413,626
LTU,Lithuania,1994.0,51.307790876473604,23
MDG,Madagascar,1994.0,10.478388960693374,1821
MYS,Malaysia,1994.0,11.808408038905492,829
MDV,Maldives,1994.0,10.730398445092318,1290
MLT,Malta,1994.0,146.3749070286351,110
MRT,Mauritania,1994.0,16.223625544892514,267
MUS,Republic of Mauritius,1994.0,13.587972284134757,1862
,Chagos Archipelago,1994.0,16.564979184396336,920
MEX,Mexico,1994.0,36.515852646746424,4729
MCO,Monaco,1994.0,66.32558139534885,7
MNE,Montenegro,1994.0,137.35971223021582,18
MAR,Morocco,1994.0,26.599799225843803,503
MOZ,Mozambique,1994.0,3.555286120331537,900
OMN,Oman,1994.0,15.120473015265395,834
NAM,Namibia,1994.0,53.85188947283195,860
NRU,Nauru,1994.0,38.87019524543896,448
ABW,Aruba,1994.0,0.4535019455252919,61
BES,Bonaire,1994.0,0.21905189844978654,35
CUW,Curaçao,1994.0,0.4403870521829282,52
BES,Saba,1994.0,0.47872019317838804,21
BES,Sint-Eustatius,1994.0,0.5244385733157201,10
SXM,Sint-Maarten,1994.0,0.0,4
NLD,Netherlands,1994.0,75.00802187784869,153
VUT,Vanuatu,1994.0,1.9105716847113983,943
COK,Cook Islands,1994.0,18.975017747035814,2825
NIU,Niue,1994.0,8.007083930335414,487
TKL,Tokelau,1994.0,32.75251702694699,469
NZL,New Zealand,1994.0,11.605097754037548,7834
NIC,Nicaragua,1994.0,2.6445340092242495,349
NGA,Nigeria,1994.0,9.181839851531509,262
SJM,Svalbard,1994.0,37.40522976304332,5479
NOR,Norway,1994.0,25.55278968784989,3357
SJM,Jan Mayen,1994.0,31.708217642841984,1250
FSM,Micronesia,1994.0,5.029741115756855,4155
MHL,Marshall Islands,1994.0,16.428341040973226,2797
PLW,Palau,1994.0,4.012993978989282,878
PAK,Pakistan,1994.0,26.926367014023544,345
PAN,Panama,1994.0,7.682506905764617,485
PNG,Papua New Guinea,1994.0,7.501820152194501,3363
PER,Peru,1994.0,50.85084713137152,1237
PHL,Philippines,1994.0,9.675299393968658,2847
POL,Poland,1994.0,48.46949035379878,81
,Azores,1994.0,16.612747770982246,1692
,Madeira,1994.0,25.4059301231778,767
PRT,Portugal,1994.0,28.965844702128777,568
GNB,Guinea-Bissau,1994.0,29.485118627810543,168
,Oecusse,1994.0,16.98223801065719,6
TLS,East Timor,1994.0,21.38554360338189,130
QAT,Qatar,1994.0,11.686302468585685,63
ROU,Romania,1994.0,127.71465239073038,67
RUS,Russia,1994.0,23.43455114958281,32820
KNA,Saint Kitts and Nevis,1994.0,0.5143983025159141,25
LCA,Saint Lucia,1994.0,0.0,35
VCT,Saint Vincent and the Grenadines,1994.0,0.20574471518476684,69
STP,Sao Tome and Principe,1994.0,24.614703724087324,211
SAU,Saudi Arabia,1994.0,58.74524865902918,364
SEN,Senegal,1994.0,20.548990635908595,261
SYC,Seychelles,1994.0,9.352773141325,1882
SLE,Sierra Leone,1994.0,11.279311567825875,245
SGP,Singapore,1994.0,0.782608695652174,2
VNM,Vietnam,1994.0,5.198985609813632,1096
SVN,Slovenia,1994.0,77.0,1
SOM,Federal Republic of Somalia,1994.0,12.067532208719141,1163
ZAF,South Africa,1994.0,45.17630187053525,1823
,Prince Edward Islands,1994.0,15.917707558374765,964
,Canary Islands,1994.0,5.859185200137741,744
ESP,Spain,1994.0,35.4104990080879,1070
SDN,Sudan,1994.0,38.63605641418464,110
SUR,Suriname,1994.0,1.4359979393912243,199
SWE,Sweden,1994.0,65.49786502968864,502
SYR,Syria,1994.0,78.3659531090724,22
THA,Thailand,1994.0,7.585670889676826,440
TGO,Togo,1994.0,7.235259891388674,36
TON,Tonga,1994.0,5.63945747868757,1005
TTO,Trinidad and Tobago,1994.0,1.2985372340425532,132
ARE,United Arab Emirates,1994.0,30.22937907967846,101
TUN,Tunisia,1994.0,88.87853773584911,207
TUR,Turkey,1994.0,105.00788782575154,550
TKM,Turkmenistan,1994.0,39.75438596491228,132
TUV,Tuvalu,1994.0,28.174533398457736,1137
EGY,Egypt,1994.0,62.52237143722159,451
SHN,Ascension,1994.0,0.7889775634193137,639
PCN,Pitcairn,1994.0,19.59526914368387,1289
SHN,Saint Helena,1994.0,0.256068257456022,662
SHN,Tristan da Cunha,1994.0,33.54519089551407,1343
AIA,Anguilla,1994.0,0.14112082197788423,151
VGB,British Virgin Islands,1994.0,0.6478061242103083,140
CYM,Cayman Islands,1994.0,8.997462536505962,197
MSR,Montserrat,1994.0,0.635086310718587,18
TCA,Turks and Caicos Islands,1994.0,9.58782322663174,161
GGY,Guernsey,1994.0,34.50771687067589,15
JEY,Jersey,1994.0,24.44369178662151,9
GBR,United Kingdom,1994.0,14.851613113411275,1907
BMU,Bermuda,1994.0,40.4014937877485,773
IMN,Isle of Man,1994.0,6.485943775100403,15
TZA,Tanzania,1994.0,5.03597210929608,368
ASM,American Samoa,1994.0,13.081911311801402,614
UMI,Palmyra Atoll,1994.0,37.14949973049455,516
PRI,Puerto Rico,1994.0,0.20961517051990952,251
VIR,United States Virgin Islands,1994.0,0.01857817064948685,80
UMI,Johnston Atoll,1994.0,1.2403927378585253,658
GUM,Guam,1994.0,10.506578207578988,320
MNP,Northern Mariana Islands,1994.0,20.319694764730034,1128
UMI,Jarvis Island,1994.0,118.65226589466651,470
UMI,Howland and Baker Islands,1994.0,139.35144104444936,629
,Hawaii,1994.0,12.261875179098377,3773
,Alaska,1994.0,19.074540042313608,9728
USA,United States,1994.0,55.91294188665606,4090
URY,Uruguay,1994.0,77.08670678805956,277
VEN,Venezuela,1994.0,1.148949832088713,710
WSM,Samoa,1994.0,15.12568318251053,208
YEM,Yemen,1994.0,7.736626352065775,788
,Glorioso Islands,1994.0,6.3791145657316655,78
BLZ,Belize,1994.0,9.397614314115307,6
KOR,South Korea,1994.0,71.26778281959005,156
PSE,Palestine,1994.0,49.01015228426395,4
BRB,Barbados,1994.0,0.0,2
IRQ,Iraq,1994.0,83.0,1
,"Abu musa, Greater and Lesser Tunb",1994.0,30.341495408832532,17
FRO,Faeroe,1994.0,6.553168635875404,15
,Doumeira Islands,1994.0,0.0,2
FRA,France,1994.0,79.0,1
PNG,Papua New Guinea,1994.0,20.105790645879733,12
FLK,Falkland / Malvinas Islands,1994.0,3.5910751243849277,1230
SGS,South Georgia and the South Sandwich Islands,1994.0,2.7011739939649355,3051
URY,Uruguay,1994.0,75.3713597933302,88
GBR,United Kingdom,1994.0,0.10562310030395133,41
MYT,Mayotte,1994.0,4.412256877518836,119
CRI,Costa Rica,1994.0,1.3811752470098804,46
PER,Peru,1994.0,57.464628188890934,49
DOM,Dominican Republic,1994.0,0.3737842617152962,30
ECU,Ecuador,1994.0,3.961398512893526,40
JAM,Jamaica,1994.0,0.7108933283075767,35
NOR,Norway,1994.0,88.13483146067418,3
FRA,France,1994.0,15.629684055841295,9
GIB,Gibraltar,1994.0,1.0849673202614378,2
HRV,Croatia,1994.0,77.0,1
MYS,Malaysia,1994.0,0.010526315789473684,3
EGY,Egypt,1994.0,55.561952440550705,25
,Matthew and Hunter Islands,1994.0,2.4390075302976815,306
CAN,Canada,1994.0,2.1507300098343287,130
,Navassa Island,1994.0,4.882171499074646,31
HND,Honduras,1994.0,13.676388888888885,7
,Melilla,1994.0,59.0,1
,Alhucemas Islands,1994.0,31.0,1
,Ceuta,1994.0,0.0,1
,Peñón de Vélez de la Gomera,1994.0,35.0,1
,Chafarinas Islands,1994.0,123.35714285714286,2
ESH,Western Sahara,1994.0,5.364801570334669,455
UMI,Wake Island / Enenkio,1994.0,8.217567285624876,611
,Kuril Islands,1994.0,90.4108343863368,445
NOR,Norway,1994.0,1.1987904286089928,35
UKR,Ukraine,1994.0,96.1351945909224,296
USA,United States,1994.0,17.113875598086125,52
ISL,Iceland,1994.0,35.190654513766226,204
STP,São Tomé and Principe,1994.0,13.383145091225026,68
,Halaib Triangle,1994.0,81.1690200508331,41
,Liancourt Rocks,1994.0,84.1177347242921,7
TWN,Taiwan,1994.0,37.61116688669476,577
PRI,Puerto Rico,1994.0,0.9358502148557395,45
SEN,Senegal,1994.0,23.488015207010054,110
VEN,Venezuela,1994.0,0.0,7
,Ile Tromelin,1994.0,4.130596857756624,413
,Senkaku Islands,1994.0,62.34575108548913,132
QAT,Qatar,1994.0,19.0,1
GUY,Guyana,1994.0,0.14554374488961566,13
COL,Colombia,1994.0,0.0,6
ALB,Albania,1995.0,70.72684289705565,29
DZA,Algeria,1995.0,48.60458856703408,266
AGO,Angola,1995.0,107.46683847358918,725
ATG,Antigua and Barbuda,1995.0,7.706772095395999,188
AZE,Azerbaijan,1995.0,95.39911414377205,154
ARG,Argentina,1995.0,17.49061322580769,2223
CXR,Christmas Island,1995.0,9.585587282791044,478
CCK,Cocos Islands,1995.0,9.454567144686942,676
HMD,Heard and McDonald Islands,1995.0,3.0076008415679363,979
NFK,Norfolk Island,1995.0,18.815782567032272,699
AUS,Australia,1995.0,22.248985319382985,10749
,Macquarie Island,1995.0,2.0238534725699693,1147
BHS,Bahamas,1995.0,22.85637149502917,981
BHR,Bahrain,1995.0,35.1576409495549,21
BGD,Bangladesh,1995.0,22.9535127860027,166
BRB,Barbados,1995.0,13.594078635717668,288
BEL,Belgium,1995.0,211.9267267267267,11
,Trindade,1995.0,34.29196293517228,714
BRA,Brazil,1995.0,12.333916350017818,4589
BLZ,Belize,1995.0,30.549986076301867,58
SLB,Solomon Islands,1995.0,14.048668415203046,2285
BRN,Brunei,1995.0,31.77840591848129,77
BGR,Bulgaria,1995.0,82.35761205564143,80
MMR,Myanmar,1995.0,17.964108155513546,725
KHM,Cambodia,1995.0,19.210312075983715,87
CMR,Cameroon,1995.0,43.08096809680968,28
CAN,Canada,1995.0,29.440241436233645,21648
CPV,Cape Verde,1995.0,59.05291545608835,1161
LKA,Sri Lanka,1995.0,13.133229884993083,770
CHL,Chile,1995.0,19.461257708720435,4486
CHL,Islas San Félix and San Ambrosio,1995.0,10.684457723334328,708
,Easter Island,1995.0,51.85371655905753,1139
CHN,China,1995.0,40.10706560012568,1579
CHN,China,1995.0,12.676963386885472,531
COL,Colombia,1995.0,22.191120531955054,1067
,Serrana Bank,1995.0,15.966223132036847,8
,Quitasueño Bank,1995.0,17.093650793650795,10
,Serranilla Bank,1995.0,19.21904761904762,8
,Bajo Nuevo Bank,1995.0,13.05018587360595,8
COM,Comores,1995.0,11.08659417697976,261
COG,Republic of the Congo,1995.0,93.49540793580027,65
COD,Democratic Republic of the Congo,1995.0,91.25324675324674,33
CRI,Costa Rica,1995.0,21.18136975321012,841
HRV,Croatia,1995.0,61.86866743619341,122
CUB,Cuba,1995.0,24.362035098497298,589
CYP,Cyprus,1995.0,20.509700355510404,195
BEN,Benin,1995.0,29.26691697243793,61
FRO,Faeroe,1995.0,2.8886704995743164,823
DNK,Denmark,1995.0,94.48628196209513,323
GRL,Greenland,1995.0,14.60710574695632,12225
DMA,Dominica,1995.0,3.842115930279692,63
DOM,Dominican Republic,1995.0,4.683126804424693,554
,Galapagos,1995.0,18.401208614226878,1181
ECU,Ecuador,1995.0,40.215453536011005,334
SLV,El Salvador,1995.0,30.23296073730424,149
GNQ,Equatorial Guinea,1995.0,61.16243117951151,464
ERI,Eritrea,1995.0,59.393343305908736,141
EST,Estonia,1995.0,58.54170424875387,118
FJI,Fiji,1995.0,21.5738865781089,1987
FIN,Finland,1995.0,35.748473121435,277
PYF,French Polynesia,1995.0,12.074979399143652,6856
ATF,Amsterdam and Saint Paul Islands,1995.0,5.093020462838929,912
ATF,Crozet Islands,1995.0,1.2198113686286163,1148
ATF,Kerguélen,1995.0,4.069655890041439,1159
NCL,New Caledonia,1995.0,19.08781998072721,1764
REU,Réunion,1995.0,6.034031552667453,491
ATF,Europa Island,1995.0,29.7100499913808,215
ATF,Juan de Nova Island,1995.0,8.183213779869325,108
ATF,Bassas da India,1995.0,14.122667411233657,198
,Clipperton Island,1995.0,6.400517688831068,628
GLP,Guadeloupe,1995.0,8.89106967615309,157
BLM,Saint-Barthélemy,1995.0,2.928180574555403,14
MAF,Collectivity of Saint Martin,1995.0,3.4289473684210527,7
SPM,Saint-Pierre and Miquelon,1995.0,28.88219363574814,43
MTQ,Martinique,1995.0,4.785905876615459,96
GUF,French Guiana,1995.0,13.498862912762666,204
WLF,Wallis and Futuna,1995.0,13.188981160283584,380
FRA,France,1995.0,55.47474822412228,758
DJI,Djibouti,1995.0,48.586587046394115,17
GAB,Gabon,1995.0,76.13625453781766,299
GEO,Georgia,1995.0,48.717557251908396,48
GMB,Gambia,1995.0,50.60172642762285,45
DEU,Germany,1995.0,121.45209068362041,154
GHA,Ghana,1995.0,17.481411752227405,330
KIR,Phoenix Group,1995.0,44.582598053967295,1049
KIR,Line Group,1995.0,31.603177138542417,2315
KIR,Gilbert Islands,1995.0,41.50826687250507,1489
GRC,Greece,1995.0,50.452227519060834,870
GRD,Grenada,1995.0,22.350235172651146,53
GTM,Guatemala,1995.0,36.21103393000267,178
GIN,Guinea,1995.0,56.21192187909303,157
GUY,Guyana,1995.0,16.846777220836003,205
HTI,Haiti,1995.0,28.207887213408828,178
HND,Honduras,1995.0,31.235608581253214,332
ISL,Iceland,1995.0,11.260258451791833,2449
,Andaman and Nicobar,1995.0,15.068963060592036,960
IND,India,1995.0,16.386940758222817,2390
IDN,Indonesia,1995.0,20.707964242340957,8462
IRN,Iran,1995.0,52.12534349238073,399
IRQ,Iraq,1995.0,101.1132897603486,4
IRL,Ireland,1995.0,80.54716907627045,992
ISR,Israel,1995.0,24.87638999205719,53
ITA,Italy,1995.0,41.17099104689299,1037
CIV,Ivory Coast,1995.0,26.835014231999146,248
JAM,Jamaica,1995.0,19.009563530770354,401
JPN,Japan,1995.0,44.72704555573574,6497
KAZ,Kazakhstan,1995.0,139.72079521463766,243
KEN,Kenya,1995.0,8.143030450078859,191
PRK,North Korea,1995.0,62.31873066983011,227
KOR,South Korea,1995.0,66.76173938209976,634
KWT,Kuwait,1995.0,60.36839295248265,24
LBN,Lebanon,1995.0,22.119896217397248,38
LVA,Latvia,1995.0,41.8645695987945,89
LBR,Liberia,1995.0,33.55869707616268,367
LBY,Libya,1995.0,36.32865448328963,626
LTU,Lithuania,1995.0,40.91004613018965,23
MDG,Madagascar,1995.0,16.22431669581084,1821
MYS,Malaysia,1995.0,30.62324954590732,829
MDV,Maldives,1995.0,7.587742144476841,1290
MLT,Malta,1995.0,43.1813871327631,110
MRT,Mauritania,1995.0,91.38428389107125,267
MUS,Republic of Mauritius,1995.0,4.993939679611063,1862
,Chagos Archipelago,1995.0,8.857487867148144,920
MEX,Mexico,1995.0,41.37006536937838,4729
MCO,Monaco,1995.0,43.27131782945736,7
MNE,Montenegro,1995.0,83.30443014009843,18
MAR,Morocco,1995.0,82.0119469666823,503
MOZ,Mozambique,1995.0,8.571574804714675,900
OMN,Oman,1995.0,18.828718192775437,834
NAM,Namibia,1995.0,88.87886371554615,860
NRU,Nauru,1995.0,40.796888487987516,448
ABW,Aruba,1995.0,21.21410505836576,61
BES,Bonaire,1995.0,30.736913053246465,35
CUW,Curaçao,1995.0,26.95311600046077,52
BES,Saba,1995.0,9.00120736492605,21
BES,Sint-Eustatius,1995.0,10.651254953764864,10
SXM,Sint-Maarten,1995.0,3.8086419753086425,4
NLD,Netherlands,1995.0,149.98261926466117,153
VUT,Vanuatu,1995.0,20.234949313840406,943
COK,Cook Islands,1995.0,19.85721556341707,2825
NIU,Niue,1995.0,32.703622949798415,487
TKL,Tokelau,1995.0,22.586458024874148,469
NZL,New Zealand,1995.0,14.801004483554198,7834
NIC,Nicaragua,1995.0,37.39162892480715,349
NGA,Nigeria,1995.0,26.42180716122111,262
SJM,Svalbard,1995.0,32.36614069081529,5479
NOR,Norway,1995.0,20.250272476519836,3357
SJM,Jan Mayen,1995.0,7.450784002907825,1250
FSM,Micronesia,1995.0,25.965015108011897,4155
MHL,Marshall Islands,1995.0,7.1954475831394165,2797
PLW,Palau,1995.0,18.955876525789833,878
PAK,Pakistan,1995.0,19.227153883683403,345
PAN,Panama,1995.0,24.83561110356383,485
PNG,Papua New Guinea,1995.0,34.13504290403436,3363
PER,Peru,1995.0,33.006860921962165,1237
PHL,Philippines,1995.0,16.270405268368055,2847
POL,Poland,1995.0,79.85797775403756,81
,Azores,1995.0,102.40995996364796,1692
,Madeira,1995.0,127.74037482118902,767
PRT,Portugal,1995.0,52.27635767120916,568
GNB,Guinea-Bissau,1995.0,54.69704065224138,168
,Oecusse,1995.0,16.566607460035524,6
TLS,East Timor,1995.0,17.41193982455444,130
QAT,Qatar,1995.0,20.410925942429373,63
ROU,Romania,1995.0,90.49867996479902,67
RUS,Russia,1995.0,44.88325915675256,32820
KNA,Saint Kitts and Nevis,1995.0,10.836314034555926,25
LCA,Saint Lucia,1995.0,3.8054555787080893,35
VCT,Saint Vincent and the Grenadines,1995.0,10.427626270776182,69
STP,Sao Tome and Principe,1995.0,31.80572372041828,211
SAU,Saudi Arabia,1995.0,44.0982054168598,364
SEN,Senegal,1995.0,52.16184917717893,261
SYC,Seychelles,1995.0,13.793521494397782,1882
SLE,Sierra Leone,1995.0,37.86933228799163,245
SGP,Singapore,1995.0,18.52173913043478,2
VNM,Vietnam,1995.0,12.852500589761725,1096
SVN,Slovenia,1995.0,41.0,1
SOM,Federal Republic of Somalia,1995.0,19.674583989932355,1163
ZAF,South Africa,1995.0,23.595464262216773,1823
,Prince Edward Islands,1995.0,5.930681180416877,964
,Canary Islands,1995.0,95.29224503366304,744
ESP,Spain,1995.0,41.302522879968336,1070
SDN,Sudan,1995.0,33.23525435948269,110
SUR,Suriname,1995.0,8.630232714404102,199
SWE,Sweden,1995.0,49.91494278279569,502
SYR,Syria,1995.0,25.370795107033643,22
THA,Thailand,1995.0,22.290351420821104,440
TGO,Togo,1995.0,22.6811481768813,36
TON,Tonga,1995.0,29.525192414169126,1005
TTO,Trinidad and Tobago,1995.0,18.999022215269086,132
ARE,United Arab Emirates,1995.0,23.61304418190645,101
TUN,Tunisia,1995.0,44.245233883647806,207
TUR,Turkey,1995.0,68.74062000697873,550
TKM,Turkmenistan,1995.0,114.87719298245614,132
TUV,Tuvalu,1995.0,24.122752098041826,1137
EGY,Egypt,1995.0,23.697958565805976,451
SHN,Ascension,1995.0,3.621402685994457,639
PCN,Pitcairn,1995.0,18.811949758980642,1289
SHN,Saint Helena,1995.0,1.1595029746989962,662
SHN,Tristan da Cunha,1995.0,14.813814130172089,1343
AIA,Anguilla,1995.0,3.067944742035522,151
VGB,British Virgin Islands,1995.0,5.0354196154244475,140
CYM,Cayman Islands,1995.0,21.643462440752632,197
MSR,Montserrat,1995.0,11.646326776395025,18
TCA,Turks and Caicos Islands,1995.0,3.951908141199403,161
GGY,Guernsey,1995.0,58.047365620010645,15
JEY,Jersey,1995.0,69.53344623200678,9
GBR,United Kingdom,1995.0,53.47591034328691,1907
BMU,Bermuda,1995.0,11.237494729579513,773
IMN,Isle of Man,1995.0,107.19901829540386,15
TZA,Tanzania,1995.0,6.423103456771871,368
ASM,American Samoa,1995.0,26.12034717187017,614
UMI,Palmyra Atoll,1995.0,27.76086443875488,516
PRI,Puerto Rico,1995.0,6.307882139013622,251
VIR,United States Virgin Islands,1995.0,4.1022548505506045,80
UMI,Johnston Atoll,1995.0,5.74416156575305,658
GUM,Guam,1995.0,2.9606150905206334,320
MNP,Northern Mariana Islands,1995.0,14.548904809880971,1128
UMI,Jarvis Island,1995.0,56.419431763352236,470
UMI,Howland and Baker Islands,1995.0,54.67065360192687,629
,Hawaii,1995.0,22.032592075703654,3773
,Alaska,1995.0,22.965049881733357,9728
USA,United States,1995.0,66.07079323492752,4090
URY,Uruguay,1995.0,59.9760128937126,277
VEN,Venezuela,1995.0,32.56825288788149,710
WSM,Samoa,1995.0,18.38432936116836,208
YEM,Yemen,1995.0,14.55310727754878,788
,Glorioso Islands,1995.0,16.499222710375125,78
BLZ,Belize,1995.0,64.57057654075547,6
KOR,South Korea,1995.0,43.61761852605227,156
PSE,Palestine,1995.0,42.34010152284263,4
BRB,Barbados,1995.0,13.0,2
IRQ,Iraq,1995.0,112.0,1
,"Abu musa, Greater and Lesser Tunb",1995.0,15.14210756449497,17
FRO,Faeroe,1995.0,23.18367346938776,15
,Doumeira Islands,1995.0,13.623529411764705,2
FRA,France,1995.0,23.0,1
PNG,Papua New Guinea,1995.0,25.69153674832962,12
FLK,Falkland / Malvinas Islands,1995.0,7.005122740169136,1230
SGS,South Georgia and the South Sandwich Islands,1995.0,2.8525155762085306,3051
URY,Uruguay,1995.0,26.27096054485673,88
GBR,United Kingdom,1995.0,10.458396656534951,41
MYT,Mayotte,1995.0,11.499956194147536,119
CRI,Costa Rica,1995.0,6.315652626105043,46
PER,Peru,1995.0,63.04903202460651,49
DOM,Dominican Republic,1995.0,18.811671087533163,30
ECU,Ecuador,1995.0,7.0843221009333925,40
JAM,Jamaica,1995.0,15.330380701093112,35
NOR,Norway,1995.0,66.24719101123597,3
FRA,France,1995.0,22.71565025716385,9
GIB,Gibraltar,1995.0,9.91503267973856,2
HRV,Croatia,1995.0,41.0,1
MYS,Malaysia,1995.0,11.76842105263158,3
EGY,Egypt,1995.0,36.78911138923655,25
,Matthew and Hunter Islands,1995.0,28.752059065772432,306
CAN,Canada,1995.0,74.42287616309855,130
,Navassa Island,1995.0,13.459387209541442,31
HND,Honduras,1995.0,22.865277777777777,7
,Melilla,1995.0,87.0,1
,Alhucemas Islands,1995.0,64.0,1
,Ceuta,1995.0,11.0,1
,Peñón de Vélez de la Gomera,1995.0,64.0,1
,Chafarinas Islands,1995.0,116.85714285714286,2
ESH,Western Sahara,1995.0,106.91250437283789,455
UMI,Wake Island / Enenkio,1995.0,9.636428124348008,611
,Kuril Islands,1995.0,66.85308563975053,445
NOR,Norway,1995.0,0.43623455166973435,35
UKR,Ukraine,1995.0,81.01074051308598,296
USA,United States,1995.0,14.167737525632262,52
ISL,Iceland,1995.0,12.216585411809035,204
STP,São Tomé and Principe,1995.0,17.09235447437011,68
,Halaib Triangle,1995.0,21.299915278170005,41
,Liancourt Rocks,1995.0,61.99850968703427,7
TWN,Taiwan,1995.0,14.722756701634006,577
PRI,Puerto Rico,1995.0,4.574739103744627,45
SEN,Senegal,1995.0,37.59469609161297,110
VEN,Venezuela,1995.0,3.8115183246073303,7
,Ile Tromelin,1995.0,9.329651236257952,413
,Senkaku Islands,1995.0,27.626153902287754,132
QAT,Qatar,1995.0,27.0,1
GUY,Guyana,1995.0,12.206868356500408,13
COL,Colombia,1995.0,11.348993288590604,6
ALB,Albania,1996.0,23.176445304104874,29
DZA,Algeria,1996.0,28.36763467242831,266
AGO,Angola,1996.0,55.30696236591285,725
ATG,Antigua and Barbuda,1996.0,1.4039535773498284,188
AZE,Azerbaijan,1996.0,57.498772969414006,154
ARG,Argentina,1996.0,34.01092760033576,2223
CXR,Christmas Island,1996.0,19.262570534040236,478
CCK,Cocos Islands,1996.0,21.860034658562924,676
HMD,Heard and McDonald Islands,1996.0,3.9748391880938825,979
NFK,Norfolk Island,1996.0,38.21936779399293,699
AUS,Australia,1996.0,33.49116799124911,10749
,Macquarie Island,1996.0,26.761220379623314,1147
BHS,Bahamas,1996.0,4.433334652437924,981
BHR,Bahrain,1996.0,99.35905044510386,21
BGD,Bangladesh,1996.0,18.033755047106325,166
BRB,Barbados,1996.0,3.7249960524238115,288
BEL,Belgium,1996.0,24.11171171171171,11
,Trindade,1996.0,14.967830302164094,714
BRA,Brazil,1996.0,17.43567843363864,4589
BLZ,Belize,1996.0,6.456790123456792,58
SLB,Solomon Islands,1996.0,16.831335049921755,2285
BRN,Brunei,1996.0,22.73080681183696,77
BGR,Bulgaria,1996.0,69.24130602782074,80
MMR,Myanmar,1996.0,9.7084683894594,725
KHM,Cambodia,1996.0,15.345935611200199,87
CMR,Cameroon,1996.0,30.99911991199119,28
CAN,Canada,1996.0,23.91708189197093,21648
CPV,Cape Verde,1996.0,50.72567816356469,1161
LKA,Sri Lanka,1996.0,3.803726381007333,770
CHL,Chile,1996.0,23.546755391373615,4486
CHL,Islas San Félix and San Ambrosio,1996.0,20.039115625933672,708
,Easter Island,1996.0,26.052303178268343,1139
CHN,China,1996.0,50.35384675815128,1579
CHN,China,1996.0,18.099832793215192,531
COL,Colombia,1996.0,6.62582288352491,1067
,Serrana Bank,1996.0,2.3357215967246674,8
,Quitasueño Bank,1996.0,1.5396825396825395,10
,Serranilla Bank,1996.0,0.11047619047619046,8
,Bajo Nuevo Bank,1996.0,0.0,8
COM,Comores,1996.0,13.732169683096071,261
COG,Republic of the Congo,1996.0,25.936513597860014,65
COD,Democratic Republic of the Congo,1996.0,26.933905380333943,33
CRI,Costa Rica,1996.0,2.8891012696602085,841
HRV,Croatia,1996.0,21.61416784233252,122
CUB,Cuba,1996.0,8.757115488768,589
CYP,Cyprus,1996.0,6.677526663280849,195
BEN,Benin,1996.0,6.9994026794095054,61
FRO,Faeroe,1996.0,19.537596829968155,823
DNK,Denmark,1996.0,16.143322530838017,323
GRL,Greenland,1996.0,17.453156762732895,12225
DMA,Dominica,1996.0,2.168423186055939,63
DOM,Dominican Republic,1996.0,2.1036266908878587,554
,Galapagos,1996.0,3.524525034562376,1181
ECU,Ecuador,1996.0,18.030950466490523,334
SLV,El Salvador,1996.0,9.016564436279854,149
GNQ,Equatorial Guinea,1996.0,23.72722869653748,464
ERI,Eritrea,1996.0,28.002804786836197,141
EST,Estonia,1996.0,42.5327320199383,118
FJI,Fiji,1996.0,24.638587019219678,1987
FIN,Finland,1996.0,55.26487904187227,277
PYF,French Polynesia,1996.0,11.427782421710793,6856
ATF,Amsterdam and Saint Paul Islands,1996.0,15.974322139590733,912
ATF,Crozet Islands,1996.0,68.67331685285735,1148
ATF,Kerguélen,1996.0,20.711543690834006,1159
NCL,New Caledonia,1996.0,34.453957599870236,1764
REU,Réunion,1996.0,8.743497352904717,491
ATF,Europa Island,1996.0,66.30158593345975,215
ATF,Juan de Nova Island,1996.0,9.30826518024398,108
ATF,Bassas da India,1996.0,32.55872772115966,198
,Clipperton Island,1996.0,1.9341708508663167,628
GLP,Guadeloupe,1996.0,1.6383234670296623,157
BLM,Saint-Barthélemy,1996.0,1.796169630642955,14
MAF,Collectivity of Saint Martin,1996.0,2.0,7
SPM,Saint-Pierre and Miquelon,1996.0,46.075829383886244,43
MTQ,Martinique,1996.0,2.681906851987319,96
GUF,French Guiana,1996.0,5.23305740016374,204
WLF,Wallis and Futuna,1996.0,7.567282198628776,380
FRA,France,1996.0,19.02635532392382,758
DJI,Djibouti,1996.0,34.696371152962804,17
GAB,Gabon,1996.0,18.414043983078827,299
GEO,Georgia,1996.0,34.2808524173028,48
GMB,Gambia,1996.0,58.088711819389054,45
DEU,Germany,1996.0,11.072344290355263,154
GHA,Ghana,1996.0,9.783344823928724,330
KIR,Phoenix Group,1996.0,2.8032179757247464,1049
KIR,Line Group,1996.0,2.567089462296891,2315
KIR,Gilbert Islands,1996.0,5.095176789089816,1489
GRC,Greece,1996.0,17.415322184091888,870
GRD,Grenada,1996.0,6.700585063668694,53
GTM,Guatemala,1996.0,7.418728292813252,178
GIN,Guinea,1996.0,23.2026079110516,157
GUY,Guyana,1996.0,7.095634508799434,205
HTI,Haiti,1996.0,16.22470429956836,178
HND,Honduras,1996.0,5.6488424217955995,332
ISL,Iceland,1996.0,43.75258871745998,2449
,Andaman and Nicobar,1996.0,5.491121362162935,960
IND,India,1996.0,9.101647475205024,2390
IDN,Indonesia,1996.0,27.896661709239336,8462
IRN,Iran,1996.0,74.73602298276292,399
IRQ,Iraq,1996.0,152.3834422657952,4
IRL,Ireland,1996.0,17.43470262314951,992
ISR,Israel,1996.0,1.3105639396346307,53
ITA,Italy,1996.0,20.618438081730346,1037
CIV,Ivory Coast,1996.0,13.107108971430575,248
JAM,Jamaica,1996.0,0.8675456594127342,401
JPN,Japan,1996.0,25.40585878154868,6497
KAZ,Kazakhstan,1996.0,86.39477285166943,243
KEN,Kenya,1996.0,15.013271867038702,191
PRK,North Korea,1996.0,34.88187942210737,227
KOR,South Korea,1996.0,71.64531510020984,634
KWT,Kuwait,1996.0,110.01815269620928,24
LBN,Lebanon,1996.0,3.74068004916018,38
LVA,Latvia,1996.0,23.749670371067996,89
LBR,Liberia,1996.0,14.88326088251057,367
LBY,Libya,1996.0,7.6052105482519625,626
LTU,Lithuania,1996.0,19.082778062532036,23
MDG,Madagascar,1996.0,22.388024595149393,1821
MYS,Malaysia,1996.0,18.844155387590092,829
MDV,Maldives,1996.0,3.7959799157758347,1290
MLT,Malta,1996.0,12.115516920788393,110
MRT,Mauritania,1996.0,70.58581539124525,267
MUS,Republic of Mauritius,1996.0,5.043127035538166,1862
,Chagos Archipelago,1996.0,14.178061963796944,920
MEX,Mexico,1996.0,35.690458114099584,4729
MCO,Monaco,1996.0,20.333333333333332,7
MNE,Montenegro,1996.0,30.31957591821279,18
MAR,Morocco,1996.0,51.37240892811919,503
MOZ,Mozambique,1996.0,23.621817296416285,900
OMN,Oman,1996.0,19.41744735222152,834
NAM,Namibia,1996.0,57.983237399834145,860
NRU,Nauru,1996.0,17.38121841689218,448
ABW,Aruba,1996.0,9.405252918287935,61
BES,Bonaire,1996.0,8.476971467086045,35
CUW,Curaçao,1996.0,10.896901278654532,52
BES,Saba,1996.0,2.5949290673105945,21
BES,Sint-Eustatius,1996.0,3.147952443857332,10
SXM,Sint-Maarten,1996.0,2.0,4
NLD,Netherlands,1996.0,6.080948040109387,153
VUT,Vanuatu,1996.0,26.786281405880032,943
COK,Cook Islands,1996.0,11.815820969076164,2825
NIU,Niue,1996.0,35.82693317433054,487
TKL,Tokelau,1996.0,2.5102716908498675,469
NZL,New Zealand,1996.0,18.846036213724798,7834
NIC,Nicaragua,1996.0,3.6772205371116753,349
NGA,Nigeria,1996.0,10.178996475575913,262
SJM,Svalbard,1996.0,23.822296432121682,5479
NOR,Norway,1996.0,15.045941155002517,3357
SJM,Jan Mayen,1996.0,12.87269165917834,1250
FSM,Micronesia,1996.0,23.04569604698423,4155
MHL,Marshall Islands,1996.0,16.274622227458835,2797
PLW,Palau,1996.0,26.705366721110266,878
PAK,Pakistan,1996.0,17.463940353028015,345
PAN,Panama,1996.0,5.050681519721053,485
PNG,Papua New Guinea,1996.0,47.60741275595691,3363
PER,Peru,1996.0,11.470581562819026,1237
PHL,Philippines,1996.0,23.34996649926355,2847
POL,Poland,1996.0,14.129139697103,81
,Azores,1996.0,40.03531058875542,1692
,Madeira,1996.0,13.32191540640881,767
PRT,Portugal,1996.0,24.684242209898184,568
GNB,Guinea-Bissau,1996.0,46.40076734279348,168
,Oecusse,1996.0,11.280639431616338,6
TLS,East Timor,1996.0,29.13872901202714,130
QAT,Qatar,1996.0,97.82176276624186,63
ROU,Romania,1996.0,92.77904077442061,67
RUS,Russia,1996.0,28.65796786009359,32820
KNA,Saint Kitts and Nevis,1996.0,3.0869960594119448,25
LCA,Saint Lucia,1996.0,1.1947338511081644,35
VCT,Saint Vincent and the Grenadines,1996.0,2.687429401323221,69
STP,Sao Tome and Principe,1996.0,10.782631627224363,211
SAU,Saudi Arabia,1996.0,51.39854314283822,364
SEN,Senegal,1996.0,63.057662116986464,261
SYC,Seychelles,1996.0,9.649488609123358,1882
SLE,Sierra Leone,1996.0,8.024976199809597,245
SGP,Singapore,1996.0,15.08695652173913,2
VNM,Vietnam,1996.0,12.367346858535806,1096
SVN,Slovenia,1996.0,32.0,1
SOM,Federal Republic of Somalia,1996.0,8.392180597637351,1163
ZAF,South Africa,1996.0,27.696722290252552,1823
,Prince Edward Islands,1996.0,88.77396226250917,964
,Canary Islands,1996.0,22.756236864291083,744
ESP,Spain,1996.0,25.454007036183132,1070
SDN,Sudan,1996.0,15.54733474518991,110
SUR,Suriname,1996.0,11.206284856765288,199
SWE,Sweden,1996.0,36.59575216259935,502
SYR,Syria,1996.0,11.593272171253822,22
THA,Thailand,1996.0,12.791707728413375,440
TGO,Togo,1996.0,7.439681923972071,36
TON,Tonga,1996.0,27.34202173297436,1005
TTO,Trinidad and Tobago,1996.0,4.752346683354191,132
ARE,United Arab Emirates,1996.0,113.31952311593022,101
TUN,Tunisia,1996.0,35.58895931603774,207
TUR,Turkey,1996.0,53.25183192227872,550
TKM,Turkmenistan,1996.0,83.44647570253065,132
TUV,Tuvalu,1996.0,6.281104302650858,1137
EGY,Egypt,1996.0,9.057253146490202,451
SHN,Ascension,1996.0,4.345975005329356,639
PCN,Pitcairn,1996.0,4.812134659426353,1289
SHN,Saint Helena,1996.0,9.446667437646969,662
SHN,Tristan da Cunha,1996.0,13.115293330276197,1343
AIA,Anguilla,1996.0,2.993421670895591,151
VGB,British Virgin Islands,1996.0,0.095384402941278,140
CYM,Cayman Islands,1996.0,2.385000239383349,197
MSR,Montserrat,1996.0,3.830991569650742,18
TCA,Turks and Caicos Islands,1996.0,1.8474705326957628,161
GGY,Guernsey,1996.0,20.401809473123997,15
JEY,Jersey,1996.0,11.292125317527521,9
GBR,United Kingdom,1996.0,12.78838474569961,1907
BMU,Bermuda,1996.0,5.2919018962562205,773
IMN,Isle of Man,1996.0,17.5698348951361,15
TZA,Tanzania,1996.0,22.41519452041295,368
ASM,American Samoa,1996.0,2.4806779758358033,614
UMI,Palmyra Atoll,1996.0,4.352049925885999,516
PRI,Puerto Rico,1996.0,2.572549820017071,251
VIR,United States Virgin Islands,1996.0,0.9355007865757735,80
UMI,Johnston Atoll,1996.0,24.253616125385008,658
GUM,Guam,1996.0,14.241200944563131,320
MNP,Northern Mariana Islands,1996.0,9.947225642747869,1128
UMI,Jarvis Island,1996.0,1.9584771554763754,470
UMI,Howland and Baker Islands,1996.0,4.151268611780162,629
,Hawaii,1996.0,43.015413944189106,3773
,Alaska,1996.0,44.529172651469814,9728
USA,United States,1996.0,31.547587319903645,4090
URY,Uruguay,1996.0,97.13576119198255,277
VEN,Venezuela,1996.0,9.858524307004757,710
WSM,Samoa,1996.0,2.236537944628618,208
YEM,Yemen,1996.0,6.585144097840651,788
,Glorioso Islands,1996.0,21.05170665765462,78
BLZ,Belize,1996.0,30.5765407554672,6
KOR,South Korea,1996.0,84.46255672038806,156
PSE,Palestine,1996.0,3.593908629441624,4
BRB,Barbados,1996.0,1.9090909090909092,2
IRQ,Iraq,1996.0,156.0,1
,"Abu musa, Greater and Lesser Tunb",1996.0,55.18801923917796,17
FRO,Faeroe,1996.0,13.201933404940926,15
,Doumeira Islands,1996.0,7.564705882352941,2
FRA,France,1996.0,4.0,1
PNG,Papua New Guinea,1996.0,37.59131403118041,12
FLK,Falkland / Malvinas Islands,1996.0,9.459874724160146,1230
SGS,South Georgia and the South Sandwich Islands,1996.0,6.476430497697432,3051
URY,Uruguay,1996.0,109.46852982620946,88
GBR,United Kingdom,1996.0,11.98822188449848,41
MYT,Mayotte,1996.0,9.840678114596109,119
CRI,Costa Rica,1996.0,0.31946611197781244,46
PER,Peru,1996.0,16.227067125022618,49
DOM,Dominican Republic,1996.0,1.3045977011494254,30
ECU,Ecuador,1996.0,8.309919316563825,40
JAM,Jamaica,1996.0,0.06370147003392387,35
NOR,Norway,1996.0,15.629213483146069,3
FRA,France,1996.0,15.573842762674506,9
GIB,Gibraltar,1996.0,21.424836601307188,2
HRV,Croatia,1996.0,32.0,1
MYS,Malaysia,1996.0,5.442105263157894,3
EGY,Egypt,1996.0,25.927409261576972,25
,Matthew and Hunter Islands,1996.0,36.02903282739145,306
CAN,Canada,1996.0,0.9456842423783944,130
,Navassa Island,1996.0,3.206251285214889,31
HND,Honduras,1996.0,3.8583333333333334,7
,Melilla,1996.0,74.0,1
,Alhucemas Islands,1996.0,85.0,1
,Ceuta,1996.0,16.0,1
,Peñón de Vélez de la Gomera,1996.0,84.0,1
,Chafarinas Islands,1996.0,113.0,2
ESH,Western Sahara,1996.0,78.07969254091032,455
UMI,Wake Island / Enenkio,1996.0,60.548390013213705,611
,Kuril Islands,1996.0,47.42260424734031,445
NOR,Norway,1996.0,5.259006047856954E-4,35
UKR,Ukraine,1996.0,89.86862282035527,296
USA,United States,1996.0,100.73889268626111,52
ISL,Iceland,1996.0,4.1132857580253885,204
STP,São Tomé and Principe,1996.0,7.655430060816683,68
,Halaib Triangle,1996.0,19.808387461169158,41
,Liancourt Rocks,1996.0,52.84053651266767,7
TWN,Taiwan,1996.0,30.371283567459024,577
PRI,Puerto Rico,1996.0,0.03545119705340699,45
SEN,Senegal,1996.0,40.47211275441606,110
VEN,Venezuela,1996.0,3.8298429319371734,7
,Ile Tromelin,1996.0,7.355387304662824,413
,Senkaku Islands,1996.0,37.37096362243223,132
QAT,Qatar,1996.0,141.0,1
GUY,Guyana,1996.0,0.34505314799672926,13
COL,Colombia,1996.0,3.4798657718120802,6
ALB,Albania,1997.0,53.27810015044057,29
DZA,Algeria,1997.0,75.19606694254219,266
AGO,Angola,1997.0,64.89039834491336,725
ATG,Antigua and Barbuda,1997.0,2.695676571865834,188
AZE,Azerbaijan,1997.0,82.46103429700125,154
ARG,Argentina,1997.0,32.963158156987966,2223
CXR,Christmas Island,1997.0,5.346403997452254,478
CCK,Cocos Islands,1997.0,13.566027073862923,676
HMD,Heard and McDonald Islands,1997.0,5.309017538413776,979
NFK,Norfolk Island,1997.0,22.346376625833916,699
AUS,Australia,1997.0,26.95574686982423,10749
,Macquarie Island,1997.0,17.977381966248405,1147
BHS,Bahamas,1997.0,23.09104020191094,981
BHR,Bahrain,1997.0,34.8560830860534,21
BGD,Bangladesh,1997.0,23.394724091520864,166
BRB,Barbados,1997.0,3.2036475603979166,288
BEL,Belgium,1997.0,168.2108108108108,11
,Trindade,1997.0,6.47772775455271,714
BRA,Brazil,1997.0,9.836420526683726,4589
BLZ,Belize,1997.0,13.10674835236239,58
SLB,Solomon Islands,1997.0,6.142940084674377,2285
BRN,Brunei,1997.0,46.41596873255165,77
BGR,Bulgaria,1997.0,21.243817619783623,80
MMR,Myanmar,1997.0,21.198451027216656,725
KHM,Cambodia,1997.0,37.96817565067225,87
CMR,Cameroon,1997.0,39.63036303630363,28
CAN,Canada,1997.0,32.117782235405585,21648
CPV,Cape Verde,1997.0,57.53546514972817,1161
LKA,Sri Lanka,1997.0,36.67479875189764,770
CHL,Chile,1997.0,62.62969526958484,4486
CHL,Islas San Félix and San Ambrosio,1997.0,110.94297579922319,708
,Easter Island,1997.0,17.636944244260437,1139
CHN,China,1997.0,70.11014064985672,1579
CHN,China,1997.0,25.21759291181136,531
COL,Colombia,1997.0,73.13806191485568,1067
,Serrana Bank,1997.0,1.6745138178096215,8
,Quitasueño Bank,1997.0,2.4912698412698413,10
,Serranilla Bank,1997.0,0.05333333333333333,8
,Bajo Nuevo Bank,1997.0,0.0,8
COM,Comores,1997.0,10.745332284140503,261
COG,Republic of the Congo,1997.0,50.91645118145342,65
COD,Democratic Republic of the Congo,1997.0,45.03014842300558,33
CRI,Costa Rica,1997.0,137.52386457642888,841
HRV,Croatia,1997.0,49.717412680090625,122
CUB,Cuba,1997.0,30.45688672610724,589
CYP,Cyprus,1997.0,11.645276790248856,195
BEN,Benin,1997.0,20.04949227749808,61
FRO,Faeroe,1997.0,12.664997214660348,823
DNK,Denmark,1997.0,80.03556339820489,323
GRL,Greenland,1997.0,26.890862631705833,12225
DMA,Dominica,1997.0,1.797324685853263,63
DOM,Dominican Republic,1997.0,4.24575047847666,554
,Galapagos,1997.0,236.0729800607158,1181
ECU,Ecuador,1997.0,244.5668210999222,334
SLV,El Salvador,1997.0,60.24578883457359,149
GNQ,Equatorial Guinea,1997.0,23.730114956162453,464
ERI,Eritrea,1997.0,34.7864622288706,141
EST,Estonia,1997.0,91.84353192499408,118
FJI,Fiji,1997.0,14.362598085793215,1987
FIN,Finland,1997.0,94.02050510793617,277
PYF,French Polynesia,1997.0,17.689071928453856,6856
ATF,Amsterdam and Saint Paul Islands,1997.0,34.465795186844645,912
ATF,Crozet Islands,1997.0,86.62858395980886,1148
ATF,Kerguélen,1997.0,54.910921530167165,1159
NCL,New Caledonia,1997.0,19.8642318077301,1764
REU,Réunion,1997.0,9.365042406643406,491
ATF,Europa Island,1997.0,27.372802103085675,215
ATF,Juan de Nova Island,1997.0,27.45337414903824,108
ATF,Bassas da India,1997.0,17.22592954534878,198
,Clipperton Island,1997.0,28.01406026602702,628
GLP,Guadeloupe,1997.0,5.013042514799457,157
BLM,Saint-Barthélemy,1997.0,0.8590971272229821,14
MAF,Collectivity of Saint Martin,1997.0,1.2421052631578948,7
SPM,Saint-Pierre and Miquelon,1997.0,27.547393364928908,43
MTQ,Martinique,1997.0,2.1447207998049254,96
GUF,French Guiana,1997.0,5.424179023014644,204
WLF,Wallis and Futuna,1997.0,4.365488162397654,380
FRA,France,1997.0,73.12720168654292,758
DJI,Djibouti,1997.0,64.78318787322003,17
GAB,Gabon,1997.0,43.9757733041313,299
GEO,Georgia,1997.0,40.729431721798136,48
GMB,Gambia,1997.0,95.07609561752989,45
DEU,Germany,1997.0,76.46760051699441,154
GHA,Ghana,1997.0,9.79962611370386,330
KIR,Phoenix Group,1997.0,92.08231918948742,1049
KIR,Line Group,1997.0,101.88251448444103,2315
KIR,Gilbert Islands,1997.0,45.83348780604611,1489
GRC,Greece,1997.0,33.83376035859769,870
GRD,Grenada,1997.0,5.130434782608696,53
GTM,Guatemala,1997.0,51.67464600587764,178
GIN,Guinea,1997.0,56.663329161451806,157
GUY,Guyana,1997.0,3.4958155762139254,205
HTI,Haiti,1997.0,19.609731487190995,178
HND,Honduras,1997.0,8.62275340730325,332
ISL,Iceland,1997.0,44.880055948179375,2449
,Andaman and Nicobar,1997.0,19.61689612795212,960
IND,India,1997.0,44.00724416721159,2390
IDN,Indonesia,1997.0,15.24991651264544,8462
IRN,Iran,1997.0,51.89606545091182,399
IRQ,Iraq,1997.0,70.19172113289761,4
IRL,Ireland,1997.0,74.31796814128644,992
ISR,Israel,1997.0,11.156374106433677,53
ITA,Italy,1997.0,43.805460508820126,1037
CIV,Ivory Coast,1997.0,1.2934603085356857,248
JAM,Jamaica,1997.0,1.9653784489814226,401
JPN,Japan,1997.0,42.02776304064193,6497
KAZ,Kazakhstan,1997.0,109.47335600907032,243
KEN,Kenya,1997.0,18.290646609244202,191
PRK,North Korea,1997.0,79.73130534254122,227
KOR,South Korea,1997.0,99.51697416974177,634
KWT,Kuwait,1997.0,40.37987186332088,24
LBN,Lebanon,1997.0,14.915198689061862,38
LVA,Latvia,1997.0,72.18295975387707,89
LBR,Liberia,1997.0,5.026213303162032,367
LBY,Libya,1997.0,27.38816323935602,626
LTU,Lithuania,1997.0,71.92055356227574,23
MDG,Madagascar,1997.0,29.01867682277806,1821
MYS,Malaysia,1997.0,39.59221304271403,829
MDV,Maldives,1997.0,31.72689666342726,1290
MLT,Malta,1997.0,51.89819635552247,110
MRT,Mauritania,1997.0,76.97648053304167,267
MUS,Republic of Mauritius,1997.0,18.17679301312396,1862
,Chagos Archipelago,1997.0,23.081951376589913,920
MEX,Mexico,1997.0,91.48934731027288,4729
MCO,Monaco,1997.0,53.6124031007752,7
MNE,Montenegro,1997.0,42.90382430897386,18
MAR,Morocco,1997.0,138.37440762580044,503
MOZ,Mozambique,1997.0,19.587654787223457,900
OMN,Oman,1997.0,34.18498497255745,834
NAM,Namibia,1997.0,21.782998915534364,860
NRU,Nauru,1997.0,34.79224255826812,448
ABW,Aruba,1997.0,0.5346303501945525,61
BES,Bonaire,1997.0,0.0352729723657605,35
CUW,Curaçao,1997.0,0.13247321737127057,52
BES,Saba,1997.0,1.4162390582553577,21
BES,Sint-Eustatius,1997.0,1.0171730515191548,10
SXM,Sint-Maarten,1997.0,1.0,4
NLD,Netherlands,1997.0,81.82749924035248,153
VUT,Vanuatu,1997.0,9.956237500862006,943
COK,Cook Islands,1997.0,12.515146581715573,2825
NIU,Niue,1997.0,12.58141625210248,487
TKL,Tokelau,1997.0,13.27736341427302,469
NZL,New Zealand,1997.0,16.557551152801825,7834
NIC,Nicaragua,1997.0,22.334372100109423,349
NGA,Nigeria,1997.0,14.15238451977594,262
SJM,Svalbard,1997.0,11.73219923323137,5479
NOR,Norway,1997.0,41.753426749125474,3357
SJM,Jan Mayen,1997.0,7.5290496720279725,1250
FSM,Micronesia,1997.0,11.162685684095129,4155
MHL,Marshall Islands,1997.0,18.626352764440778,2797
PLW,Palau,1997.0,7.4848653245837,878
PAK,Pakistan,1997.0,24.937675919786834,345
PAN,Panama,1997.0,63.422225241135706,485
PNG,Papua New Guinea,1997.0,7.230842100389311,3363
PER,Peru,1997.0,270.56065350625425,1237
PHL,Philippines,1997.0,15.012760460680388,2847
POL,Poland,1997.0,84.2056808898385,81
,Azores,1997.0,18.978485987276787,1692
,Madeira,1997.0,64.41716251342818,767
PRT,Portugal,1997.0,99.52344367272917,568
GNB,Guinea-Bissau,1997.0,81.35379580782585,168
,Oecusse,1997.0,10.444049733570159,6
TLS,East Timor,1997.0,27.26606597070616,130
QAT,Qatar,1997.0,23.728009981285087,63
ROU,Romania,1997.0,43.441258433558204,67
RUS,Russia,1997.0,34.94678478405689,32820
KNA,Saint Kitts and Nevis,1997.0,0.23522279478629893,25
LCA,Saint Lucia,1997.0,1.3428679674180717,35
VCT,Saint Vincent and the Grenadines,1997.0,2.411247377763434,69
STP,Sao Tome and Principe,1997.0,16.514492753623184,211
SAU,Saudi Arabia,1997.0,43.64496390967485,364
SEN,Senegal,1997.0,95.60286648320186,261
SYC,Seychelles,1997.0,16.15211659001723,1882
SLE,Sierra Leone,1997.0,18.196057568460542,245
SGP,Singapore,1997.0,24.04347826086957,2
VNM,Vietnam,1997.0,33.28767004796728,1096
SVN,Slovenia,1997.0,29.0,1
SOM,Federal Republic of Somalia,1997.0,52.240937088280134,1163
ZAF,South Africa,1997.0,44.05882504442784,1823
,Prince Edward Islands,1997.0,102.9308595568433,964
,Canary Islands,1997.0,122.49528598738972,744
ESP,Spain,1997.0,73.46023071751745,1070
SDN,Sudan,1997.0,21.38904158969043,110
SUR,Suriname,1997.0,2.7717427822698046,199
SWE,Sweden,1997.0,83.48655219876824,502
SYR,Syria,1997.0,24.74362895005097,22
THA,Thailand,1997.0,34.19100061973606,440
TGO,Togo,1997.0,19.252327385570208,36
TON,Tonga,1997.0,18.55328636215707,1005
TTO,Trinidad and Tobago,1997.0,3.1909809136420524,132
ARE,United Arab Emirates,1997.0,66.48368128607645,101
TUN,Tunisia,1997.0,56.10681996855346,207
TUR,Turkey,1997.0,33.58198196543681,550
TKM,Turkmenistan,1997.0,110.75605496040987,132
TUV,Tuvalu,1997.0,16.803198496218343,1137
EGY,Egypt,1997.0,15.494366593140434,451
SHN,Ascension,1997.0,8.232313206139416,639
PCN,Pitcairn,1997.0,9.839000369800893,1289
SHN,Saint Helena,1997.0,8.994526039859686,662
SHN,Tristan da Cunha,1997.0,50.651229155176594,1343
AIA,Anguilla,1997.0,4.9329010431350415,151
VGB,British Virgin Islands,1997.0,2.0933821244864843,140
CYM,Cayman Islands,1997.0,6.708383204864271,197
MSR,Montserrat,1997.0,2.1955038137294265,18
TCA,Turks and Caicos Islands,1997.0,11.075168275820056,161
GGY,Guernsey,1997.0,102.55029270888768,15
JEY,Jersey,1997.0,106.8069432684166,9
GBR,United Kingdom,1997.0,57.54797685978105,1907
BMU,Bermuda,1997.0,5.447523039266683,773
IMN,Isle of Man,1997.0,70.94823739402055,15
TZA,Tanzania,1997.0,8.239374676620592,368
ASM,American Samoa,1997.0,1.5276710912654259,614
UMI,Palmyra Atoll,1997.0,46.20300498585097,516
PRI,Puerto Rico,1997.0,0.9078561620959665,251
VIR,United States Virgin Islands,1997.0,1.1125927035733014,80
UMI,Johnston Atoll,1997.0,5.178700924012628,658
GUM,Guam,1997.0,7.814390531879005,320
MNP,Northern Mariana Islands,1997.0,4.416978245456922,1128
UMI,Jarvis Island,1997.0,211.37095906172289,470
UMI,Howland and Baker Islands,1997.0,92.71484289467921,629
,Hawaii,1997.0,17.847194909340676,3773
,Alaska,1997.0,78.20173007692111,9728
USA,United States,1997.0,79.47262289258792,4090
URY,Uruguay,1997.0,71.30298510021774,277
VEN,Venezuela,1997.0,3.817878859872733,710
WSM,Samoa,1997.0,5.547531583191472,208
YEM,Yemen,1997.0,36.45398311649393,788
,Glorioso Islands,1997.0,6.556742142615748,78
BLZ,Belize,1997.0,43.21272365805169,6
KOR,South Korea,1997.0,64.78954780159603,156
PSE,Palestine,1997.0,10.467005076142131,4
BRB,Barbados,1997.0,0.9090909090909091,2
IRQ,Iraq,1997.0,73.0,1
,"Abu musa, Greater and Lesser Tunb",1997.0,39.989943156974206,17
FRO,Faeroe,1997.0,14.551020408163266,15
,Doumeira Islands,1997.0,30.305882352941175,2
FRA,France,1997.0,18.0,1
PNG,Papua New Guinea,1997.0,13.55456570155902,12
FLK,Falkland / Malvinas Islands,1997.0,8.379151304157132,1230
SGS,South Georgia and the South Sandwich Islands,1997.0,9.422640522805349,3051
URY,Uruguay,1997.0,95.50270079849695,88
GBR,United Kingdom,1997.0,21.70991641337386,41
MYT,Mayotte,1997.0,13.965261958997718,119
CRI,Costa Rica,1997.0,164.13728549141965,46
PER,Peru,1997.0,288.65659489777465,49
DOM,Dominican Republic,1997.0,2.9051724137931028,30
ECU,Ecuador,1997.0,172.42619838633104,40
JAM,Jamaica,1997.0,1.5079155672823226,35
NOR,Norway,1997.0,116.10112359550563,3
FRA,France,1997.0,77.85011021307864,9
GIB,Gibraltar,1997.0,15.712418300653592,2
HRV,Croatia,1997.0,29.0,1
MYS,Malaysia,1997.0,8.021052631578947,3
EGY,Egypt,1997.0,57.13610763454319,25
,Matthew and Hunter Islands,1997.0,24.669358159783503,306
CAN,Canada,1997.0,31.037635222028893,130
,Navassa Island,1997.0,4.34813900884228,31
HND,Honduras,1997.0,2.5069444444444446,7
,Melilla,1997.0,128.0,1
,Alhucemas Islands,1997.0,76.0,1
,Ceuta,1997.0,13.0,1
,Peñón de Vélez de la Gomera,1997.0,81.0,1
,Chafarinas Islands,1997.0,163.5,2
ESH,Western Sahara,1997.0,96.36422824270223,455
UMI,Wake Island / Enenkio,1997.0,9.478385145003136,611
,Kuril Islands,1997.0,56.94054946398727,445
NOR,Norway,1997.0,0.0,35
UKR,Ukraine,1997.0,35.593478049885164,296
USA,United States,1997.0,124.87286397812713,52
ISL,Iceland,1997.0,3.748863609599847,204
STP,São Tomé and Principe,1997.0,7.143614248479581,68
,Halaib Triangle,1997.0,33.341146568765886,41
,Liancourt Rocks,1997.0,114.02980625931444,7
TWN,Taiwan,1997.0,33.920204902805565,577
PRI,Puerto Rico,1997.0,5.54696132596685,45
SEN,Senegal,1997.0,77.65612684871806,110
VEN,Venezuela,1997.0,0.0,7
,Ile Tromelin,1997.0,9.07367002232425,413
,Senkaku Islands,1997.0,60.83635567555736,132
QAT,Qatar,1997.0,59.0,1
GUY,Guyana,1997.0,0.6680294358135731,13
COL,Colombia,1997.0,1.1006711409395973,6
ALB,Albania,1998.0,101.41800988609499,29
DZA,Algeria,1998.0,38.59290658073021,266
AGO,Angola,1998.0,117.78125112112983,725
ATG,Antigua and Barbuda,1998.0,37.80408111210306,188
AZE,Azerbaijan,1998.0,121.69309271562817,154
ARG,Argentina,1998.0,79.56405735552836,2223
CXR,Christmas Island,1998.0,109.55490665733684,478
CCK,Cocos Islands,1998.0,77.381011879348,676
HMD,Heard and McDonald Islands,1998.0,6.352160829151362,979
NFK,Norfolk Island,1998.0,155.27517868151068,699
AUS,Australia,1998.0,82.05544242701409,10749
,Macquarie Island,1998.0,9.866031646240506,1147
BHS,Bahamas,1998.0,55.614474094984324,981
BHR,Bahrain,1998.0,150.42989614243322,21
BGD,Bangladesh,1998.0,96.59224764468372,166
BRB,Barbados,1998.0,49.585030791094255,288
BEL,Belgium,1998.0,129.4966966966967,11
,Trindade,1998.0,13.035391431736167,714
BRA,Brazil,1998.0,40.91424550683716,4589
BLZ,Belize,1998.0,35.42736470806646,58
SLB,Solomon Islands,1998.0,14.07468818484598,2285
BRN,Brunei,1998.0,71.13009491903964,77
BGR,Bulgaria,1998.0,66.328760947965,80
MMR,Myanmar,1998.0,61.96023868639521,725
KHM,Cambodia,1998.0,109.81392623658567,87
CMR,Cameroon,1998.0,78.6213421342134,28
CAN,Canada,1998.0,56.950100724994066,21648
CPV,Cape Verde,1998.0,80.83306245145698,1161
LKA,Sri Lanka,1998.0,75.53993871526124,770
CHL,Chile,1998.0,55.92845347445102,4486
CHL,Islas San Félix and San Ambrosio,1998.0,5.442575440693158,708
,Easter Island,1998.0,5.4251136146368015,1139
CHN,China,1998.0,110.48381530622837,1579
CHN,China,1998.0,135.6242932496725,531
COL,Colombia,1998.0,96.96482808112067,1067
,Serrana Bank,1998.0,44.438075742067554,8
,Quitasueño Bank,1998.0,33.234920634920634,10
,Serranilla Bank,1998.0,41.944761904761904,8
,Bajo Nuevo Bank,1998.0,53.37918215613384,8
COM,Comores,1998.0,61.92805279347594,261
COG,Republic of the Congo,1998.0,119.15452518947839,65
COD,Democratic Republic of the Congo,1998.0,114.3109925788497,33
CRI,Costa Rica,1998.0,133.55575252159352,841
HRV,Croatia,1998.0,96.0945235346928,122
CUB,Cuba,1998.0,42.95917031097172,589
CYP,Cyprus,1998.0,40.37811071609953,195
BEN,Benin,1998.0,46.99163751173308,61
FRO,Faeroe,1998.0,24.492132729317525,823
DNK,Denmark,1998.0,75.94986171674842,323
GRL,Greenland,1998.0,38.7617033495238,12225
DMA,Dominica,1998.0,34.304316984191324,63
DOM,Dominican Republic,1998.0,28.449743731144785,554
,Galapagos,1998.0,207.0678242093412,1181
ECU,Ecuador,1998.0,212.29074293882655,334
SLV,El Salvador,1998.0,99.44194663262444,149
GNQ,Equatorial Guinea,1998.0,103.53170437584625,464
ERI,Eritrea,1998.0,71.87677636499625,141
EST,Estonia,1998.0,67.9283645858059,118
FJI,Fiji,1998.0,47.42880245662827,1987
FIN,Finland,1998.0,44.71481759991197,277
PYF,French Polynesia,1998.0,39.84635501390406,6856
ATF,Amsterdam and Saint Paul Islands,1998.0,22.024892604739236,912
ATF,Crozet Islands,1998.0,31.076594341058843,1148
ATF,Kerguélen,1998.0,26.66856892169694,1159
NCL,New Caledonia,1998.0,120.88840865939638,1764
REU,Réunion,1998.0,16.383589779910395,491
ATF,Europa Island,1998.0,84.71237717634891,215
ATF,Juan de Nova Island,1998.0,81.87938045415086,108
ATF,Bassas da India,1998.0,88.54690772022894,198
,Clipperton Island,1998.0,11.61931575630679,628
GLP,Guadeloupe,1998.0,39.61201684130552,157
BLM,Saint-Barthélemy,1998.0,24.421340629274958,14
MAF,Collectivity of Saint Martin,1998.0,28.757894736842108,7
SPM,Saint-Pierre and Miquelon,1998.0,91.37237643872713,43
MTQ,Martinique,1998.0,34.54102657888319,96
GUF,French Guiana,1998.0,71.8989584280906,204
WLF,Wallis and Futuna,1998.0,3.5932116285317157,380
FRA,France,1998.0,34.74531842152445,758
DJI,Djibouti,1998.0,124.73954983922827,17
GAB,Gabon,1998.0,106.42157451021569,299
GEO,Georgia,1998.0,65.70833333333334,48
GMB,Gambia,1998.0,103.69083665338647,45
DEU,Germany,1998.0,89.53963041883539,154
GHA,Ghana,1998.0,39.31060405176069,330
KIR,Phoenix Group,1998.0,21.895006520212654,1049
KIR,Line Group,1998.0,50.01683135609218,2315
KIR,Gilbert Islands,1998.0,7.423386699195144,1489
GRC,Greece,1998.0,65.53155069695693,870
GRD,Grenada,1998.0,62.29585866697258,53
GTM,Guatemala,1998.0,44.68311514827678,178
GIN,Guinea,1998.0,80.35128212591319,157
GUY,Guyana,1998.0,62.4602645350763,205
HTI,Haiti,1998.0,54.91030887381582,178
HND,Honduras,1998.0,37.37759463184416,332
ISL,Iceland,1998.0,61.69837349180742,2449
,Andaman and Nicobar,1998.0,37.90236169985397,960
IND,India,1998.0,65.72405715665552,2390
IDN,Indonesia,1998.0,91.35613248465378,8462
IRN,Iran,1998.0,143.97906570072453,399
IRQ,Iraq,1998.0,165.6753812636166,4
IRL,Ireland,1998.0,30.95554497446108,992
ISR,Israel,1998.0,41.692613185067515,53
ITA,Italy,1998.0,50.08513872883608,1037
CIV,Ivory Coast,1998.0,27.57762589169624,248
JAM,Jamaica,1998.0,45.178455708407604,401
JPN,Japan,1998.0,136.25808002512449,6497
KAZ,Kazakhstan,1998.0,124.55346391430135,243
KEN,Kenya,1998.0,109.53730437947351,191
PRK,North Korea,1998.0,143.35406516120833,227
KOR,South Korea,1998.0,143.18362636567554,634
KWT,Kuwait,1998.0,161.61612386545647,24
LBN,Lebanon,1998.0,52.908234330192556,38
LVA,Latvia,1998.0,55.014315313618376,89
LBR,Liberia,1998.0,38.25389150241172,367
LBY,Libya,1998.0,47.443066142032635,626
LTU,Lithuania,1998.0,77.42362890825218,23
MDG,Madagascar,1998.0,50.13149566638789,1821
MYS,Malaysia,1998.0,91.64471201734342,829
MDV,Maldives,1998.0,75.75206025267248,1290
MLT,Malta,1998.0,32.53904797322423,110
MRT,Mauritania,1998.0,95.96663517478002,267
MUS,Republic of Mauritius,1998.0,38.444210261693605,1862
,Chagos Archipelago,1998.0,33.13410308898958,920
MEX,Mexico,1998.0,59.718857066357586,4729
MCO,Monaco,1998.0,58.27906976744187,7
MNE,Montenegro,1998.0,96.83831881862929,18
MAR,Morocco,1998.0,64.88772021850014,503
MOZ,Mozambique,1998.0,64.10201546381504,900
OMN,Oman,1998.0,64.8439991102512,834
NAM,Namibia,1998.0,13.541123820459598,860
NRU,Nauru,1998.0,0.6734076294119362,448
ABW,Aruba,1998.0,58.19854085603114,61
BES,Bonaire,1998.0,68.80476297461244,35
CUW,Curaçao,1998.0,63.468724801290165,52
BES,Saba,1998.0,44.03380621792937,21
BES,Sint-Eustatius,1998.0,39.73712021136064,10
SXM,Sint-Maarten,1998.0,29.3641975308642,4
NLD,Netherlands,1998.0,97.84466727438466,153
VUT,Vanuatu,1998.0,48.060221134174625,943
COK,Cook Islands,1998.0,25.747568216085558,2825
NIU,Niue,1998.0,40.712228679238564,487
TKL,Tokelau,1998.0,2.9530741042345277,469
NZL,New Zealand,1998.0,69.38554903920104,7834
NIC,Nicaragua,1998.0,64.87767482444845,349
NGA,Nigeria,1998.0,44.20218616450716,262
SJM,Svalbard,1998.0,29.041682399215592,5479
NOR,Norway,1998.0,72.74654594115498,3357
SJM,Jan Mayen,1998.0,39.536682720299936,1250
FSM,Micronesia,1998.0,18.558842095056796,4155
MHL,Marshall Islands,1998.0,0.13494801025067013,2797
PLW,Palau,1998.0,79.6422137603773,878
PAK,Pakistan,1998.0,73.48553235673093,345
PAN,Panama,1998.0,88.27804193270842,485
PNG,Papua New Guinea,1998.0,41.251317404759554,3363
PER,Peru,1998.0,203.5073129316005,1237
PHL,Philippines,1998.0,94.8861367312939,2847
POL,Poland,1998.0,69.57292779488469,81
,Azores,1998.0,136.4317834598285,1692
,Madeira,1998.0,73.89550760050986,767
PRT,Portugal,1998.0,37.59833851293897,568
GNB,Guinea-Bissau,1998.0,92.96318447259294,168
,Oecusse,1998.0,47.13143872113676,6
TLS,East Timor,1998.0,79.66014369070771,130
QAT,Qatar,1998.0,158.47473487211477,63
ROU,Romania,1998.0,57.482179524787306,67
RUS,Russia,1998.0,19.652945124500633,32820
KNA,Saint Kitts and Nevis,1998.0,41.85147014246742,25
LCA,Saint Lucia,1998.0,38.37885963250616,35
VCT,Saint Vincent and the Grenadines,1998.0,53.02065515572051,69
STP,Sao Tome and Principe,1998.0,70.9504219409283,211
SAU,Saudi Arabia,1998.0,95.10778094165948,364
SEN,Senegal,1998.0,109.97940638679044,261
SYC,Seychelles,1998.0,62.53390406094076,1882
SLE,Sierra Leone,1998.0,46.23372720315095,245
SGP,Singapore,1998.0,144.08695652173913,2
VNM,Vietnam,1998.0,119.58100180860262,1096
SVN,Slovenia,1998.0,64.0,1
SOM,Federal Republic of Somalia,1998.0,77.6232825399403,1163
ZAF,South Africa,1998.0,68.77778818394883,1823
,Prince Edward Islands,1998.0,53.840374851534264,964
,Canary Islands,1998.0,73.96415806784854,744
ESP,Spain,1998.0,38.78020382659478,1070
SDN,Sudan,1998.0,48.042355697742494,110
SUR,Suriname,1998.0,65.54693484444643,199
SWE,Sweden,1998.0,31.49384626204375,502
SYR,Syria,1998.0,95.19138634046892,22
THA,Thailand,1998.0,94.09898505521748,440
TGO,Togo,1998.0,45.114623739332814,36
TON,Tonga,1998.0,51.80845227579153,1005
TTO,Trinidad and Tobago,1998.0,57.30585106382979,132
ARE,United Arab Emirates,1998.0,178.02815989642335,101
TUN,Tunisia,1998.0,43.5175412735849,207
TUR,Turkey,1998.0,89.56908964022696,550
TKM,Turkmenistan,1998.0,130.3457537649433,132
TUV,Tuvalu,1998.0,1.7661848940988407,1137
EGY,Egypt,1998.0,38.06927684788721,451
SHN,Ascension,1998.0,19.76807983372415,639
PCN,Pitcairn,1998.0,8.599479683658046,1289
SHN,Saint Helena,1998.0,1.2595055446333352,662
SHN,Tristan da Cunha,1998.0,43.43628656945797,1343
AIA,Anguilla,1998.0,22.70062337499608,151
VGB,British Virgin Islands,1998.0,26.918389891946013,140
CYM,Cayman Islands,1998.0,38.59505912768708,197
MSR,Montserrat,1998.0,49.66920915295062,18
TCA,Turks and Caicos Islands,1998.0,26.621965705235585,161
GGY,Guernsey,1998.0,31.977115486961143,15
JEY,Jersey,1998.0,32.331075359864535,9
GBR,United Kingdom,1998.0,52.176488383349465,1907
BMU,Bermuda,1998.0,37.27695854300936,773
IMN,Isle of Man,1998.0,119.82016956715754,15
TZA,Tanzania,1998.0,62.00732993322986,368
ASM,American Samoa,1998.0,11.870399218935082,614
UMI,Palmyra Atoll,1998.0,6.28505255356421,516
PRI,Puerto Rico,1998.0,36.209225516755126,251
VIR,United States Virgin Islands,1998.0,39.893999550528136,80
UMI,Johnston Atoll,1998.0,0.07185465320285389,658
GUM,Guam,1998.0,8.136497807264142,320
MNP,Northern Mariana Islands,1998.0,38.254722191126554,1128
UMI,Jarvis Island,1998.0,86.94279590246079,470
UMI,Howland and Baker Islands,1998.0,22.20121250273703,629
,Hawaii,1998.0,24.563970110532406,3773
,Alaska,1998.0,45.396469875441085,9728
USA,United States,1998.0,65.40946674852319,4090
URY,Uruguay,1998.0,95.02854791420191,277
VEN,Venezuela,1998.0,52.76706241933515,710
WSM,Samoa,1998.0,12.740032255174274,208
YEM,Yemen,1998.0,51.83479494964915,788
,Glorioso Islands,1998.0,40.24440689422101,78
BLZ,Belize,1998.0,64.24453280318092,6
KOR,South Korea,1998.0,176.36908152088876,156
PSE,Palestine,1998.0,42.01776649746193,4
BRB,Barbados,1998.0,54.36363636363636,2
IRQ,Iraq,1998.0,172.0,1
,"Abu musa, Greater and Lesser Tunb",1998.0,136.71665937909927,17
FRO,Faeroe,1998.0,60.914070891514505,15
,Doumeira Islands,1998.0,63.56470588235294,2
FRA,France,1998.0,17.0,1
PNG,Papua New Guinea,1998.0,137.80734966592428,12
FLK,Falkland / Malvinas Islands,1998.0,47.37626612206857,1230
SGS,South Georgia and the South Sandwich Islands,1998.0,0.4550247507739251,3051
URY,Uruguay,1998.0,112.47921559417567,88
GBR,United Kingdom,1998.0,28.044262917933118,41
MYT,Mayotte,1998.0,61.79297354126514,119
CRI,Costa Rica,1998.0,160.9986132778644,46
PER,Peru,1998.0,219.92400940835887,49
DOM,Dominican Republic,1998.0,54.36361626878866,30
ECU,Ecuador,1998.0,154.03860148710615,40
JAM,Jamaica,1998.0,55.702223897474575,35
NOR,Norway,1998.0,82.62921348314607,3
FRA,France,1998.0,8.224099926524616,9
GIB,Gibraltar,1998.0,10.627450980392156,2
HRV,Croatia,1998.0,64.0,1
MYS,Malaysia,1998.0,122.30526315789473,3
EGY,Egypt,1998.0,90.09605757196495,25
,Matthew and Hunter Islands,1998.0,149.33778973996937,306
CAN,Canada,1998.0,121.97953703003247,130
,Navassa Island,1998.0,35.362533415587095,31
HND,Honduras,1998.0,29.811111111111114,7
,Melilla,1998.0,68.0,1
,Alhucemas Islands,1998.0,58.0,1
,Ceuta,1998.0,9.0,1
,Peñón de Vélez de la Gomera,1998.0,62.0,1
,Chafarinas Islands,1998.0,105.92857142857143,2
ESH,Western Sahara,1998.0,84.96253935554088,455
UMI,Wake Island / Enenkio,1998.0,6.742617706377357,611
,Kuril Islands,1998.0,78.11938001875028,445
NOR,Norway,1998.0,2.56323954772548,35
UKR,Ukraine,1998.0,67.54821908058624,296
USA,United States,1998.0,13.953930280246068,52
ISL,Iceland,1998.0,22.183612426105178,204
STP,São Tomé and Principe,1998.0,45.1,68
,Halaib Triangle,1998.0,60.80838746116915,41
,Liancourt Rocks,1998.0,129.63189269746644,7
TWN,Taiwan,1998.0,142.5495616566139,577
PRI,Puerto Rico,1998.0,17.09407612031921,45
SEN,Senegal,1998.0,97.32467893736381,110
VEN,Venezuela,1998.0,50.089005235602095,7
,Ile Tromelin,1998.0,37.20944779074175,413
,Senkaku Islands,1998.0,132.14211697741447,132
QAT,Qatar,1998.0,185.0,1
GUY,Guyana,1998.0,51.08503679476697,13
COL,Colombia,1998.0,64.2718120805369,6
ALB,Albania,1999.0,147.8618095852138,29
DZA,Algeria,1999.0,66.45204526311933,266
AGO,Angola,1999.0,108.02427619856253,725
ATG,Antigua and Barbuda,1999.0,23.715367937763048,188
AZE,Azerbaijan,1999.0,129.2071886035793,154
ARG,Argentina,1999.0,34.09777538434412,2223
CXR,Christmas Island,1999.0,11.705546734128157,478
CCK,Cocos Islands,1999.0,30.033515834944865,676
HMD,Heard and McDonald Islands,1999.0,0.43778778001965957,979
NFK,Norfolk Island,1999.0,38.41098273304894,699
AUS,Australia,1999.0,58.42343970162904,10749
,Macquarie Island,1999.0,30.6023422165527,1147
BHS,Bahamas,1999.0,21.481139002844866,981
BHR,Bahrain,1999.0,129.14725519287836,21
BGD,Bangladesh,1999.0,33.549905787348585,166
BRB,Barbados,1999.0,21.403110690036304,288
BEL,Belgium,1999.0,201.4258258258258,11
,Trindade,1999.0,0.36088779314205405,714
BRA,Brazil,1999.0,18.555530744180242,4589
BLZ,Belize,1999.0,11.103035366193264,58
SLB,Solomon Islands,1999.0,15.970937187240223,2285
BRN,Brunei,1999.0,39.90487158012284,77
BGR,Bulgaria,1999.0,121.0919629057187,80
MMR,Myanmar,1999.0,22.353940873563765,725
KHM,Cambodia,1999.0,8.999383249044035,87
CMR,Cameroon,1999.0,26.951155115511547,28
CAN,Canada,1999.0,42.84049837940437,21648
CPV,Cape Verde,1999.0,9.070513189310475,1161
LKA,Sri Lanka,1999.0,11.946978057374611,770
CHL,Chile,1999.0,5.792546460011576,4486
CHL,Islas San Félix and San Ambrosio,1999.0,2.8419181356438608,708
,Easter Island,1999.0,7.042533790243114,1139
CHN,China,1999.0,79.29243835170602,1579
CHN,China,1999.0,27.056255602289184,531
COL,Colombia,1999.0,12.504270490681247,1067
,Serrana Bank,1999.0,14.635619242579326,8
,Quitasueño Bank,1999.0,17.177777777777777,10
,Serranilla Bank,1999.0,10.620952380952382,8
,Bajo Nuevo Bank,1999.0,12.505576208178441,8
COM,Comores,1999.0,8.546945418127192,261
COG,Republic of the Congo,1999.0,66.15871600534997,65
COD,Democratic Republic of the Congo,1999.0,89.59415584415582,33
CRI,Costa Rica,1999.0,2.6616311870886196,841
HRV,Croatia,1999.0,96.20383908340811,122
CUB,Cuba,1999.0,27.510843996798954,589
CYP,Cyprus,1999.0,92.34791772473332,195
BEN,Benin,1999.0,23.972949910401915,61
FRO,Faeroe,1999.0,15.003568387971537,823
DNK,Denmark,1999.0,101.11804129833554,323
GRL,Greenland,1999.0,24.94793934088509,12225
DMA,Dominica,1999.0,19.898865018240777,63
DOM,Dominican Republic,1999.0,11.055608719628902,554
,Galapagos,1999.0,12.01299117768625,1181
ECU,Ecuador,1999.0,29.482508200278247,334
SLV,El Salvador,1999.0,11.32465672385341,149
GNQ,Equatorial Guinea,1999.0,34.11484743350237,464
ERI,Eritrea,1999.0,72.77019446522067,141
EST,Estonia,1999.0,169.1363399003086,118
FJI,Fiji,1999.0,38.78042206518707,1987
FIN,Finland,1999.0,141.58727509491416,277
PYF,French Polynesia,1999.0,37.43003782958397,6856
ATF,Amsterdam and Saint Paul Islands,1999.0,23.191071181116897,912
ATF,Crozet Islands,1999.0,62.62947564538458,1148
ATF,Kerguélen,1999.0,9.868421720513535,1159
NCL,New Caledonia,1999.0,46.93156491207981,1764
REU,Réunion,1999.0,8.251332400800317,491
ATF,Europa Island,1999.0,82.44746595414583,215
ATF,Juan de Nova Island,1999.0,44.94128934984236,108
ATF,Bassas da India,1999.0,62.27462887989203,198
,Clipperton Island,1999.0,1.9639108545253734,628
GLP,Guadeloupe,1999.0,21.15448415587705,157
BLM,Saint-Barthélemy,1999.0,23.5656634746922,14
MAF,Collectivity of Saint Martin,1999.0,28.460526315789476,7
SPM,Saint-Pierre and Miquelon,1999.0,210.0885240352066,43
MTQ,Martinique,1999.0,22.535540112167762,96
GUF,French Guiana,1999.0,37.95260620394796,204
WLF,Wallis and Futuna,1999.0,6.7735613254377,380
FRA,France,1999.0,57.31617733429779,758
DJI,Djibouti,1999.0,74.76251722553975,17
GAB,Gabon,1999.0,57.641309891692444,299
GEO,Georgia,1999.0,173.24671331636983,48
GMB,Gambia,1999.0,19.522709163346605,45
DEU,Germany,1999.0,120.38729171760923,154
GHA,Ghana,1999.0,19.744418222316497,330
KIR,Phoenix Group,1999.0,0.0,1049
KIR,Line Group,1999.0,0.04551345346827945,2315
KIR,Gilbert Islands,1999.0,0.1028591068002738,1489
GRC,Greece,1999.0,145.75142471156374,870
GRD,Grenada,1999.0,32.14305380291384,53
GTM,Guatemala,1999.0,13.81191557574139,178
GIN,Guinea,1999.0,21.03431615100271,157
GUY,Guyana,1999.0,23.378695872987844,205
HTI,Haiti,1999.0,30.687510510678855,178
HND,Honduras,1999.0,12.888711002213526,332
ISL,Iceland,1999.0,57.20548271588644,2449
,Andaman and Nicobar,1999.0,6.61449168239946,960
IND,India,1999.0,11.085838975029649,2390
IDN,Indonesia,1999.0,25.143550112971166,8462
IRN,Iran,1999.0,141.75750686984773,399
IRQ,Iraq,1999.0,154.00871459694991,4
IRL,Ireland,1999.0,26.363128733442995,992
ISR,Israel,1999.0,72.10365369340747,53
ITA,Italy,1999.0,67.43360517684603,1037
CIV,Ivory Coast,1999.0,28.73335207506062,248
JAM,Jamaica,1999.0,15.030843227607543,401
JPN,Japan,1999.0,107.86197381693817,6497
KAZ,Kazakhstan,1999.0,172.82064664946444,243
KEN,Kenya,1999.0,13.160572607060539,191
PRK,North Korea,1999.0,141.42170486802524,227
KOR,South Korea,1999.0,84.08513132190153,634
KWT,Kuwait,1999.0,124.23892151628402,24
LBN,Lebanon,1999.0,61.355318858391385,38
LVA,Latvia,1999.0,121.67338481823317,89
LBR,Liberia,1999.0,25.256916572381353,367
LBY,Libya,1999.0,141.98072181917075,626
LTU,Lithuania,1999.0,119.93669912865195,23
MDG,Madagascar,1999.0,38.978279670037246,1821
MYS,Malaysia,1999.0,34.435495400480484,829
MDV,Maldives,1999.0,15.74161969549725,1290
MLT,Malta,1999.0,99.37890479732236,110
MRT,Mauritania,1999.0,55.70316410587906,267
MUS,Republic of Mauritius,1999.0,1.4392767119843948,1862
,Chagos Archipelago,1999.0,20.711350829174044,920
MEX,Mexico,1999.0,11.726184038316216,4729
MCO,Monaco,1999.0,93.85271317829458,7
MNE,Montenegro,1999.0,145.81029912911774,18
MAR,Morocco,1999.0,49.60000723510471,503
MOZ,Mozambique,1999.0,44.34058158255645,900
OMN,Oman,1999.0,28.751377300026377,834
NAM,Namibia,1999.0,59.320722126534086,860
NRU,Nauru,1999.0,0.7046003433526349,448
ABW,Aruba,1999.0,17.891536964980542,61
BES,Bonaire,1999.0,19.760727926308693,35
CUW,Curaçao,1999.0,19.68022117267595,52
BES,Saba,1999.0,24.575007546030783,21
BES,Sint-Eustatius,1999.0,22.62879788639367,10
SXM,Sint-Maarten,1999.0,29.407407407407412,4
NLD,Netherlands,1999.0,127.32983895472493,153
VUT,Vanuatu,1999.0,43.70110567087323,943
COK,Cook Islands,1999.0,24.926106329678333,2825
NIU,Niue,1999.0,36.45562309218897,487
TKL,Tokelau,1999.0,1.4834357417826471,469
NZL,New Zealand,1999.0,54.78697310390647,7834
NIC,Nicaragua,1999.0,14.024431794573479,349
NGA,Nigeria,1999.0,20.017588068036698,262
SJM,Svalbard,1999.0,52.65410323717447,5479
NOR,Norway,1999.0,72.3954248771683,3357
SJM,Jan Mayen,1999.0,53.23547348121521,1250
FSM,Micronesia,1999.0,11.898184664032245,4155
MHL,Marshall Islands,1999.0,1.954328551651006,2797
PLW,Palau,1999.0,31.315426544635688,878
PAK,Pakistan,1999.0,45.69365875627056,345
PAN,Panama,1999.0,7.839894941810444,485
PNG,Papua New Guinea,1999.0,29.4525039763036,3363
PER,Peru,1999.0,15.591242356224846,1237
PHL,Philippines,1999.0,34.20880314846559,2847
POL,Poland,1999.0,114.98755734305286,81
,Azores,1999.0,85.01140913221819,1692
,Madeira,1999.0,62.33358751857686,767
PRT,Portugal,1999.0,43.96205217731558,568
GNB,Guinea-Bissau,1999.0,20.838575902050955,168
,Oecusse,1999.0,10.0,6
TLS,East Timor,1999.0,32.93700631127695,130
QAT,Qatar,1999.0,150.4133321450851,63
ROU,Romania,1999.0,145.24633323555292,67
RUS,Russia,1999.0,16.758059732694253,32820
KNA,Saint Kitts and Nevis,1999.0,16.43892088511671,25
LCA,Saint Lucia,1999.0,20.19681757908695,35
VCT,Saint Vincent and the Grenadines,1999.0,23.46578989833791,69
STP,Sao Tome and Principe,1999.0,23.363580077050074,211
SAU,Saudi Arabia,1999.0,135.7966624726839,364
SEN,Senegal,1999.0,23.956670299022946,261
SYC,Seychelles,1999.0,7.136166699220482,1882
SLE,Sierra Leone,1999.0,10.876500345336094,245
SGP,Singapore,1999.0,13.956521739130435,2
VNM,Vietnam,1999.0,22.330490681764545,1096
SVN,Slovenia,1999.0,31.0,1
SOM,Federal Republic of Somalia,1999.0,11.994936652802737,1163
ZAF,South Africa,1999.0,101.93529104629631,1823
,Prince Edward Islands,1999.0,75.1412393246059,964
,Canary Islands,1999.0,44.92792429082016,744
ESP,Spain,1999.0,43.89128973319421,1070
SDN,Sudan,1999.0,71.18258009282204,110
SUR,Suriname,1999.0,21.96837413488028,199
SWE,Sweden,1999.0,105.03134638763025,502
SYR,Syria,1999.0,112.30555555555557,22
THA,Thailand,1999.0,10.699488971746131,440
TGO,Togo,1999.0,22.487975174553917,36
TON,Tonga,1999.0,36.119425694952234,1005
TTO,Trinidad and Tobago,1999.0,22.936991551939926,132
ARE,United Arab Emirates,1999.0,180.35350919782053,101
TUN,Tunisia,1999.0,104.81058372641505,207
TUR,Turkey,1999.0,145.74327376907672,550
TKM,Turkmenistan,1999.0,130.1874320757646,132
TUV,Tuvalu,1999.0,0.9770436481506148,1137
EGY,Egypt,1999.0,94.55350114614419,451
SHN,Ascension,1999.0,2.0577635365593694,639
PCN,Pitcairn,1999.0,64.66582974885976,1289
SHN,Saint Helena,1999.0,3.304492245223136,662
SHN,Tristan da Cunha,1999.0,44.68989781311389,1343
AIA,Anguilla,1999.0,21.871597280957292,151
VGB,British Virgin Islands,1999.0,14.24717782304001,140
CYM,Cayman Islands,1999.0,14.459544214104472,197
MSR,Montserrat,1999.0,15.323564833400242,18
TCA,Turks and Caicos Islands,1999.0,6.053635062284894,161
GGY,Guernsey,1999.0,58.01170835550824,15
JEY,Jersey,1999.0,105.64606265876378,9
GBR,United Kingdom,1999.0,38.57617609278427,1907
BMU,Bermuda,1999.0,53.81765714066683,773
IMN,Isle of Man,1999.0,76.36189201249444,15
TZA,Tanzania,1999.0,5.876992633109123,368
ASM,American Samoa,1999.0,9.315749800785373,614
UMI,Palmyra Atoll,1999.0,0.01008118851906751,516
PRI,Puerto Rico,1999.0,14.877259064088772,251
VIR,United States Virgin Islands,1999.0,15.38354932953779,80
UMI,Johnston Atoll,1999.0,0.031235785670656414,658
GUM,Guam,1999.0,17.836346002473846,320
MNP,Northern Mariana Islands,1999.0,60.95609164521066,1128
UMI,Jarvis Island,1999.0,0.0,470
UMI,Howland and Baker Islands,1999.0,0.0,629
,Hawaii,1999.0,50.427516291116056,3773
,Alaska,1999.0,8.235632757334505,9728
USA,United States,1999.0,53.72389847874157,4090
URY,Uruguay,1999.0,68.60324400322344,277
VEN,Venezuela,1999.0,31.541810873459728,710
WSM,Samoa,1999.0,7.122054475405431,208
YEM,Yemen,1999.0,15.443692432955062,788
,Glorioso Islands,1999.0,12.352078404866505,78
BLZ,Belize,1999.0,42.858846918489064,6
KOR,South Korea,1999.0,86.52317321232984,156
PSE,Palestine,1999.0,92.39847715736039,4
BRB,Barbados,1999.0,15.181818181818182,2
IRQ,Iraq,1999.0,163.0,1
,"Abu musa, Greater and Lesser Tunb",1999.0,121.61827721906427,17
FRO,Faeroe,1999.0,28.48657357679914,15
,Doumeira Islands,1999.0,24.56470588235294,2
FRA,France,1999.0,9.0,1
PNG,Papua New Guinea,1999.0,13.828507795100224,12
FLK,Falkland / Malvinas Islands,1999.0,18.879747529434336,1230
SGS,South Georgia and the South Sandwich Islands,1999.0,8.539950970152173,3051
URY,Uruguay,1999.0,64.64226162517616,88
GBR,United Kingdom,1999.0,8.379559270516717,41
MYT,Mayotte,1999.0,16.36468372174523,119
CRI,Costa Rica,1999.0,2.4934997399895997,46
PER,Peru,1999.0,43.069477112357525,49
DOM,Dominican Republic,1999.0,21.758399646330677,30
ECU,Ecuador,1999.0,4.7171333649738925,40
JAM,Jamaica,1999.0,13.830003769317758,35
NOR,Norway,1999.0,125.88764044943821,3
FRA,France,1999.0,41.623806024981626,9
GIB,Gibraltar,1999.0,1.0849673202614378,2
HRV,Croatia,1999.0,31.0,1
MYS,Malaysia,1999.0,4.536842105263158,3
EGY,Egypt,1999.0,150.85481852315394,25
,Matthew and Hunter Islands,1999.0,83.96570184727614,306
CAN,Canada,1999.0,12.538921249716314,130
,Navassa Island,1999.0,9.346493933785732,31
HND,Honduras,1999.0,10.404166666666667,7
,Melilla,1999.0,66.0,1
,Alhucemas Islands,1999.0,34.0,1
,Ceuta,1999.0,0.0,1
,Peñón de Vélez de la Gomera,1999.0,53.0,1
,Chafarinas Islands,1999.0,130.64285714285714,2
ESH,Western Sahara,1999.0,18.525245850662728,455
UMI,Wake Island / Enenkio,1999.0,51.2519020794214,611
,Kuril Islands,1999.0,108.86989972689842,445
NOR,Norway,1999.0,2.8106757822771495,35
UKR,Ukraine,1999.0,129.58624761411798,296
USA,United States,1999.0,3.405741626794258,52
ISL,Iceland,1999.0,57.06389693586754,204
STP,São Tomé and Principe,1999.0,9.971676802780191,68
,Halaib Triangle,1999.0,78.10971476983904,41
,Liancourt Rocks,1999.0,32.685543964232494,7
TWN,Taiwan,1999.0,66.5299014221456,577
PRI,Puerto Rico,1999.0,7.6721915285451185,45
SEN,Senegal,1999.0,6.432797069868794,110
VEN,Venezuela,1999.0,8.028795811518325,7
,Ile Tromelin,1999.0,1.3043153194894912,413
,Senkaku Islands,1999.0,67.89863903382346,132
QAT,Qatar,1999.0,165.0,1
GUY,Guyana,1999.0,13.899427636958299,13
COL,Colombia,1999.0,16.352348993288594,6
ALB,Albania,2000.0,138.10143993122716,29
DZA,Algeria,2000.0,44.816237594755904,266
AGO,Angola,2000.0,90.1161909089822,725
ATG,Antigua and Barbuda,2000.0,0.9792883560770316,188
AZE,Azerbaijan,2000.0,101.67528580834379,154
ARG,Argentina,2000.0,34.522309399422774,2223
CXR,Christmas Island,2000.0,4.5576607368732684,478
CCK,Cocos Islands,2000.0,31.48251375040812,676
HMD,Heard and McDonald Islands,2000.0,9.357812958076803,979
NFK,Norfolk Island,2000.0,2.718040271241892,699
AUS,Australia,2000.0,49.094175648283176,10749
,Macquarie Island,2000.0,31.696224601315116,1147
BHS,Bahamas,2000.0,8.800802015591817,981
BHR,Bahrain,2000.0,75.65356083086054,21
BGD,Bangladesh,2000.0,18.327779273216684,166
BRB,Barbados,2000.0,3.5331438496762995,288
BEL,Belgium,2000.0,96.6192192192192,11
,Trindade,2000.0,0.26674884767927964,714
BRA,Brazil,2000.0,19.10583894703359,4589
BLZ,Belize,2000.0,3.09301030353662,58
SLB,Solomon Islands,2000.0,24.855345784436057,2285
BRN,Brunei,2000.0,35.96196259073144,77
BGR,Bulgaria,2000.0,65.79920144255539,80
MMR,Myanmar,2000.0,5.72120267603714,725
KHM,Cambodia,2000.0,13.656593067719255,87
CMR,Cameroon,2000.0,23.05214521452145,28
CAN,Canada,2000.0,39.28379836620284,21648
CPV,Cape Verde,2000.0,16.472118344216543,1161
LKA,Sri Lanka,2000.0,16.998986056881648,770
CHL,Chile,2000.0,9.842641027700163,4486
CHL,Islas San Félix and San Ambrosio,2000.0,29.7122198984165,708
,Easter Island,2000.0,63.06239245216417,1139
CHN,China,2000.0,76.8940174009657,1579
CHN,China,2000.0,13.795921533475832,531
COL,Colombia,2000.0,3.725701343576428,1067
,Serrana Bank,2000.0,0.0,8
,Quitasueño Bank,2000.0,0.0,10
,Serranilla Bank,2000.0,0.24761904761904757,8
,Bajo Nuevo Bank,2000.0,0.08364312267657995,8
COM,Comores,2000.0,12.683006652836404,261
COG,Republic of the Congo,2000.0,78.52866696388763,65
COD,Democratic Republic of the Congo,2000.0,90.02064007421147,33
CRI,Costa Rica,2000.0,5.793442572410712,841
HRV,Croatia,2000.0,144.99516908212567,122
CUB,Cuba,2000.0,11.232586149754669,589
CYP,Cyprus,2000.0,59.791670898933454,195
BEN,Benin,2000.0,16.136701083710214,61
FRO,Faeroe,2000.0,17.099152836316627,823
DNK,Denmark,2000.0,82.73281639716987,323
GRL,Greenland,2000.0,26.50440409127446,12225
DMA,Dominica,2000.0,4.176935549250102,63
DOM,Dominican Republic,2000.0,1.9001686832971107,554
,Galapagos,2000.0,21.28557430554565,1181
ECU,Ecuador,2000.0,12.832484588582142,334
SLV,El Salvador,2000.0,26.800417224522842,149
GNQ,Equatorial Guinea,2000.0,15.97285729818423,464
ERI,Eritrea,2000.0,42.00224382946896,141
EST,Estonia,2000.0,129.88957987182533,118
FJI,Fiji,2000.0,40.201415413916266,1987
FIN,Finland,2000.0,113.14399427764431,277
PYF,French Polynesia,2000.0,26.10797104718839,6856
ATF,Amsterdam and Saint Paul Islands,2000.0,43.15759157466856,912
ATF,Crozet Islands,2000.0,26.68204522223269,1148
ATF,Kerguélen,2000.0,18.667060653413724,1159
NCL,New Caledonia,2000.0,7.747371459102574,1764
REU,Réunion,2000.0,3.9797439665704597,491
ATF,Europa Island,2000.0,72.8753016721255,215
ATF,Juan de Nova Island,2000.0,30.630556951615098,108
ATF,Bassas da India,2000.0,63.132137372609215,198
,Clipperton Island,2000.0,4.1534567926331,628
GLP,Guadeloupe,2000.0,2.049352622748425,157
BLM,Saint-Barthélemy,2000.0,1.2222982216142269,14
MAF,Collectivity of Saint Martin,2000.0,3.0473684210526315,7
SPM,Saint-Pierre and Miquelon,2000.0,161.7835138794854,43
MTQ,Martinique,2000.0,3.4205681541087554,96
GUF,French Guiana,2000.0,20.624374602019458,204
WLF,Wallis and Futuna,2000.0,4.2647605031710984,380
FRA,France,2000.0,29.886708582945406,758
DJI,Djibouti,2000.0,51.26274689940285,17
GAB,Gabon,2000.0,42.47959857190005,299
GEO,Georgia,2000.0,104.34287531806616,48
GMB,Gambia,2000.0,56.08499335989376,45
DEU,Germany,2000.0,86.22223774758098,154
GHA,Ghana,2000.0,9.978468392023759,330
KIR,Phoenix Group,2000.0,0.09340154478884542,1049
KIR,Line Group,2000.0,0.3780203145192909,2315
KIR,Gilbert Islands,2000.0,2.612900772175755,1489
GRC,Greece,2000.0,88.5779075244439,870
GRD,Grenada,2000.0,6.88356085809338,53
GTM,Guatemala,2000.0,29.002270905690622,178
GIN,Guinea,2000.0,63.71505079023195,157
GUY,Guyana,2000.0,11.522887362819354,205
HTI,Haiti,2000.0,10.800156959470822,178
HND,Honduras,2000.0,1.657487714218095,332
ISL,Iceland,2000.0,60.74317831596665,2449
,Andaman and Nicobar,2000.0,2.632876785523457,960
IND,India,2000.0,16.413858744027067,2390
IDN,Indonesia,2000.0,30.937213999400264,8462
IRN,Iran,2000.0,87.43163877092182,399
IRQ,Iraq,2000.0,88.71459694989107,4
IRL,Ireland,2000.0,34.20285256687733,992
ISR,Israel,2000.0,50.47021445591739,53
ITA,Italy,2000.0,69.9442159383033,1037
CIV,Ivory Coast,2000.0,8.876058614752079,248
JAM,Jamaica,2000.0,2.0299911428026864,401
JPN,Japan,2000.0,85.30602996208692,6497
KAZ,Kazakhstan,2000.0,174.26106419579332,243
KEN,Kenya,2000.0,17.5356544947228,191
PRK,North Korea,2000.0,72.74948099817821,227
KOR,South Korea,2000.0,82.72674914984451,634
KWT,Kuwait,2000.0,62.00587293112653,24
LBN,Lebanon,2000.0,64.42605489553465,38
LVA,Latvia,2000.0,105.80730834432096,89
LBR,Liberia,2000.0,14.23933781932949,367
LBY,Libya,2000.0,75.4170487217344,626
LTU,Lithuania,2000.0,100.00333162480779,23
MDG,Madagascar,2000.0,31.493851212651098,1821
MYS,Malaysia,2000.0,28.56922716353196,829
MDV,Maldives,2000.0,21.07987366375121,1290
MLT,Malta,2000.0,56.33478988471548,110
MRT,Mauritania,2000.0,49.41216249813537,267
MUS,Republic of Mauritius,2000.0,2.764852835219889,1862
,Chagos Archipelago,2000.0,21.475442187823447,920
MEX,Mexico,2000.0,29.43042855607833,4729
MCO,Monaco,2000.0,60.83720930232559,7
MNE,Montenegro,2000.0,144.28209011737977,18
MAR,Morocco,2000.0,26.514886227978142,503
MOZ,Mozambique,2000.0,41.213591461111875,900
OMN,Oman,2000.0,30.841148810478344,834
NAM,Namibia,2000.0,46.08663457433498,860
NRU,Nauru,2000.0,7.5013530421625445,448
ABW,Aruba,2000.0,2.884338521400778,61
BES,Bonaire,2000.0,3.3965401033475615,35
CUW,Curaçao,2000.0,2.9047344775947463,52
BES,Saba,2000.0,2.8988831874434045,21
BES,Sint-Eustatius,2000.0,1.706737120211361,10
SXM,Sint-Maarten,2000.0,3.512345679012346,4
NLD,Netherlands,2000.0,66.48255849285924,153
VUT,Vanuatu,2000.0,30.916962048594364,943
COK,Cook Islands,2000.0,21.89004611295917,2825
NIU,Niue,2000.0,55.21147667909619,487
TKL,Tokelau,2000.0,1.42869965946106,469
NZL,New Zealand,2000.0,20.079204051417,7834
NIC,Nicaragua,2000.0,6.022963670863287,349
NGA,Nigeria,2000.0,24.44588221272538,262
SJM,Svalbard,2000.0,50.74855731584246,5479
NOR,Norway,2000.0,69.67433035326358,3357
SJM,Jan Mayen,2000.0,41.3271474679348,1250
FSM,Micronesia,2000.0,11.630887622907185,4155
MHL,Marshall Islands,2000.0,2.8841571180299868,2797
PLW,Palau,2000.0,24.81547969962598,878
PAK,Pakistan,2000.0,38.64522061123134,345
PAN,Panama,2000.0,5.6948965267400276,485
PNG,Papua New Guinea,2000.0,43.18721100625822,3363
PER,Peru,2000.0,16.267283782994127,1237
PHL,Philippines,2000.0,29.32146974672235,2847
POL,Poland,2000.0,114.15220260164644,81
,Azores,2000.0,73.48164959595213,1692
,Madeira,2000.0,7.725969753811388,767
PRT,Portugal,2000.0,20.549389358355963,568
GNB,Guinea-Bissau,2000.0,66.2871611137755,168
,Oecusse,2000.0,2.9538188277087034,6
TLS,East Timor,2000.0,28.70126622474497,130
QAT,Qatar,2000.0,80.25728544692986,63
ROU,Romania,2000.0,79.87973012613666,67
RUS,Russia,2000.0,32.34630469095397,32820
KNA,Saint Kitts and Nevis,2000.0,0.5613822370415279,25
LCA,Saint Lucia,2000.0,2.2741049441182044,35
VCT,Saint Vincent and the Grenadines,2000.0,2.7489914474745847,69
STP,Sao Tome and Principe,2000.0,14.43248945147679,211
SAU,Saudi Arabia,2000.0,55.62681941593271,364
SEN,Senegal,2000.0,52.908778604805725,261
SYC,Seychelles,2000.0,10.705486354031638,1882
SLE,Sierra Leone,2000.0,21.544959026338876,245
SGP,Singapore,2000.0,14.086956521739129,2
VNM,Vietnam,2000.0,13.643551938350228,1096
SVN,Slovenia,2000.0,105.0,1
SOM,Federal Republic of Somalia,2000.0,15.248842109924828,1163
ZAF,South Africa,2000.0,90.54395839820934,1823
,Prince Edward Islands,2000.0,43.9462129814532,964
,Canary Islands,2000.0,6.474078867687047,744
ESP,Spain,2000.0,35.8213733342682,1070
SDN,Sudan,2000.0,24.23930969224529,110
SUR,Suriname,2000.0,12.060608775505633,199
SWE,Sweden,2000.0,96.34921081450373,502
SYR,Syria,2000.0,76.32976554536188,22
THA,Thailand,2000.0,12.801399993904237,440
TGO,Togo,2000.0,17.237199379363847,36
TON,Tonga,2000.0,52.74804627238491,1005
TTO,Trinidad and Tobago,2000.0,3.89275657071339,132
ARE,United Arab Emirates,2000.0,94.57776339213463,101
TUN,Tunisia,2000.0,69.21069182389934,207
TUR,Turkey,2000.0,83.40663165047471,550
TKM,Turkmenistan,2000.0,136.44177922682812,132
TUV,Tuvalu,2000.0,1.5599625534686141,1137
EGY,Egypt,2000.0,45.588253103239474,451
SHN,Ascension,2000.0,0.24674243231720314,639
PCN,Pitcairn,2000.0,55.74150917690106,1289
SHN,Saint Helena,2000.0,1.117124757462447,662
SHN,Tristan da Cunha,2000.0,53.6956547335023,1343
AIA,Anguilla,2000.0,0.6859004479528864,151
VGB,British Virgin Islands,2000.0,1.3983843684192356,140
CYM,Cayman Islands,2000.0,4.291018336764496,197
MSR,Montserrat,2000.0,4.168606985146528,18
TCA,Turks and Caicos Islands,2000.0,2.5342490786708494,161
GGY,Guernsey,2000.0,14.09845662586482,15
JEY,Jersey,2000.0,38.596104995766304,9
GBR,United Kingdom,2000.0,34.69293366967011,1907
BMU,Bermuda,2000.0,32.434277172097694,773
IMN,Isle of Man,2000.0,81.79294957608211,15
TZA,Tanzania,2000.0,17.909281296967013,368
ASM,American Samoa,2000.0,7.444998815480591,614
UMI,Palmyra Atoll,2000.0,0.9165543727260479,516
PRI,Puerto Rico,2000.0,2.9988124837644285,251
VIR,United States Virgin Islands,2000.0,1.6168252303543333,80
UMI,Johnston Atoll,2000.0,0.3959023743615734,658
GUM,Guam,2000.0,12.693452715619026,320
MNP,Northern Mariana Islands,2000.0,19.48983544162096,1128
UMI,Jarvis Island,2000.0,0.07916713060906358,470
UMI,Howland and Baker Islands,2000.0,0.9903177687760021,629
,Hawaii,2000.0,69.83233439279361,3773
,Alaska,2000.0,26.04530603909274,9728
USA,United States,2000.0,51.30607805252641,4090
URY,Uruguay,2000.0,73.25326200641254,277
VEN,Venezuela,2000.0,6.61793921804067,710
WSM,Samoa,2000.0,3.0838410536690266,208
YEM,Yemen,2000.0,10.922045245082243,788
,Glorioso Islands,2000.0,5.08408246029064,78
BLZ,Belize,2000.0,7.296222664015905,6
KOR,South Korea,2000.0,86.38037865748713,156
PSE,Palestine,2000.0,27.730964467005073,4
BRB,Barbados,2000.0,2.090909090909091,2
IRQ,Iraq,2000.0,92.0,1
,"Abu musa, Greater and Lesser Tunb",2000.0,58.72321818976826,17
FRO,Faeroe,2000.0,35.223415682062296,15
,Doumeira Islands,2000.0,13.694117647058823,2
FRA,France,2000.0,19.0,1
PNG,Papua New Guinea,2000.0,70.94432071269489,12
FLK,Falkland / Malvinas Islands,2000.0,21.975047629490533,1230
SGS,South Georgia and the South Sandwich Islands,2000.0,17.858227189597816,3051
URY,Uruguay,2000.0,75.3268553311414,88
GBR,United Kingdom,2000.0,23.40691489361702,41
MYT,Mayotte,2000.0,6.100578237252495,119
CRI,Costa Rica,2000.0,2.2548101924076964,46
PER,Peru,2000.0,23.390627827030944,49
DOM,Dominican Republic,2000.0,0.8127763041556145,30
ECU,Ecuador,2000.0,0.9689922480620143,40
JAM,Jamaica,2000.0,1.310591782887298,35
NOR,Norway,2000.0,152.0224719101124,3
FRA,France,2000.0,29.086700955180014,9
GIB,Gibraltar,2000.0,2.1699346405228757,2
HRV,Croatia,2000.0,105.0,1
MYS,Malaysia,2000.0,4.010526315789473,3
EGY,Egypt,2000.0,62.78660826032542,25
,Matthew and Hunter Islands,2000.0,7.319846452523826,306
CAN,Canada,2000.0,4.807322792949541,130
,Navassa Island,2000.0,0.462266090890397,31
HND,Honduras,2000.0,0.0,7
,Melilla,2000.0,71.0,1
,Alhucemas Islands,2000.0,47.0,1
,Ceuta,2000.0,0.0,1
,Peñón de Vélez de la Gomera,2000.0,55.0,1
,Chafarinas Islands,2000.0,87.42857142857143,2
ESH,Western Sahara,2000.0,13.786887316826682,455
UMI,Wake Island / Enenkio,2000.0,36.06530356770292,611
,Kuril Islands,2000.0,110.17595687441404,445
NOR,Norway,2000.0,12.210360241914278,35
UKR,Ukraine,2000.0,86.83986283200159,296
USA,United States,2000.0,30.120300751879697,52
ISL,Iceland,2000.0,26.886525824913438,204
STP,São Tomé and Principe,2000.0,12.164813205907906,68
,Halaib Triangle,2000.0,15.293278734820671,41
,Liancourt Rocks,2000.0,65.49478390461996,7
TWN,Taiwan,2000.0,58.601119376437744,577
PRI,Puerto Rico,2000.0,4.913750767341927,45
SEN,Senegal,2000.0,69.75232973248646,110
VEN,Venezuela,2000.0,0.9921465968586386,7
,Ile Tromelin,2000.0,0.5610125942462408,413
,Senkaku Islands,2000.0,81.5823329806254,132
QAT,Qatar,2000.0,110.0,1
GUY,Guyana,2000.0,4.240392477514309,13
COL,Colombia,2000.0,2.651006711409396,6
ALB,Albania,2001.0,116.31742961530195,29
DZA,Algeria,2001.0,83.54753359944334,266
AGO,Angola,2001.0,78.38106456512122,725
ATG,Antigua and Barbuda,2001.0,7.101390128810106,188
AZE,Azerbaijan,2001.0,102.92266714550784,154
ARG,Argentina,2001.0,26.48312182108786,2223
CXR,Christmas Island,2001.0,5.268365763292692,478
CCK,Cocos Islands,2001.0,24.41518070171032,676
HMD,Heard and McDonald Islands,2001.0,0.5147791746425922,979
NFK,Norfolk Island,2001.0,19.404659452267182,699
AUS,Australia,2001.0,52.11652025189726,10749
,Macquarie Island,2001.0,34.04517027490343,1147
BHS,Bahamas,2001.0,14.224441249279986,981
BHR,Bahrain,2001.0,88.84681008902078,21
BGD,Bangladesh,2001.0,51.17903095558546,166
BRB,Barbados,2001.0,8.056229275225009,288
BEL,Belgium,2001.0,104.22102102102103,11
,Trindade,2001.0,5.580096711568467,714
BRA,Brazil,2001.0,44.48203236152746,4589
BLZ,Belize,2001.0,6.68328227977351,58
SLB,Solomon Islands,2001.0,26.901384022456938,2285
BRN,Brunei,2001.0,48.806602456728086,77
BGR,Bulgaria,2001.0,147.02943070582174,80
MMR,Myanmar,2001.0,13.316478723845528,725
KHM,Cambodia,2001.0,13.573455038855304,87
CMR,Cameroon,2001.0,8.408800880088009,28
CAN,Canada,2001.0,40.60443115983088,21648
CPV,Cape Verde,2001.0,63.54118962690214,1161
LKA,Sri Lanka,2001.0,28.618796600769702,770
CHL,Chile,2001.0,11.718407053669583,4486
CHL,Islas San Félix and San Ambrosio,2001.0,16.28091425156857,708
,Easter Island,2001.0,34.144911976232834,1139
CHN,China,2001.0,73.97466170244402,1579
CHN,China,2001.0,26.84255843618561,531
COL,Colombia,2001.0,5.169293118681895,1067
,Serrana Bank,2001.0,4.17195496417605,8
,Quitasueño Bank,2001.0,4.598412698412698,10
,Serranilla Bank,2001.0,5.584761904761904,8
,Bajo Nuevo Bank,2001.0,2.996282527881042,8
COM,Comores,2001.0,22.073413691966532,261
COG,Republic of the Congo,2001.0,35.65626393223362,65
COD,Democratic Republic of the Congo,2001.0,39.91883116883117,33
CRI,Costa Rica,2001.0,7.2952640800744,841
HRV,Croatia,2001.0,121.24086186994997,122
CUB,Cuba,2001.0,11.789384765861827,589
CYP,Cyprus,2001.0,65.21660741493142,195
BEN,Benin,2001.0,7.293113746906734,61
FRO,Faeroe,2001.0,24.797085378543418,823
DNK,Denmark,2001.0,76.02813173388536,323
GRL,Greenland,2001.0,39.231111718882936,12225
DMA,Dominica,2001.0,3.2722942845561405,63
DOM,Dominican Republic,2001.0,1.8914993349985407,554
,Galapagos,2001.0,24.802787794136513,1181
ECU,Ecuador,2001.0,23.856415361641847,334
SLV,El Salvador,2001.0,24.769810380795214,149
GNQ,Equatorial Guinea,2001.0,6.722355662307626,464
ERI,Eritrea,2001.0,78.41271503365748,141
EST,Estonia,2001.0,161.6338001424163,118
FJI,Fiji,2001.0,42.30545924392396,1987
FIN,Finland,2001.0,143.3347211268639,277
PYF,French Polynesia,2001.0,12.817999449060656,6856
ATF,Amsterdam and Saint Paul Islands,2001.0,46.09799528846595,912
ATF,Crozet Islands,2001.0,43.154714696863124,1148
ATF,Kerguélen,2001.0,17.208800890458402,1159
NCL,New Caledonia,2001.0,43.49996183606682,1764
REU,Réunion,2001.0,15.902756874479863,491
ATF,Europa Island,2001.0,43.491941044647476,215
ATF,Juan de Nova Island,2001.0,37.76712203591172,108
ATF,Bassas da India,2001.0,51.21301596165483,198
,Clipperton Island,2001.0,11.721762581397089,628
GLP,Guadeloupe,2001.0,3.9040488777739086,157
BLM,Saint-Barthélemy,2001.0,1.7455540355677153,14
MAF,Collectivity of Saint Martin,2001.0,0.20000000000000004,7
SPM,Saint-Pierre and Miquelon,2001.0,70.8227826675694,43
MTQ,Martinique,2001.0,5.070287734698852,96
GUF,French Guiana,2001.0,3.758323478577276,204
WLF,Wallis and Futuna,2001.0,13.396019482112187,380
FRA,France,2001.0,41.58372436646449,758
DJI,Djibouti,2001.0,44.318787322002756,17
GAB,Gabon,2001.0,16.03211724820738,299
GEO,Georgia,2001.0,159.68628074639528,48
GMB,Gambia,2001.0,104.88871181938907,45
DEU,Germany,2001.0,81.12250672442106,154
GHA,Ghana,2001.0,4.84465156979211,330
KIR,Phoenix Group,2001.0,10.103520914835991,1049
KIR,Line Group,2001.0,3.4280660548593676,2315
KIR,Gilbert Islands,2001.0,54.22006023027236,1489
GRC,Greece,2001.0,111.53807771342211,870
GRD,Grenada,2001.0,5.483996787885738,53
GTM,Guatemala,2001.0,47.203179267966874,178
GIN,Guinea,2001.0,44.99513927292837,157
GUY,Guyana,2001.0,5.467396824695829,205
HTI,Haiti,2001.0,25.60535904478952,178
HND,Honduras,2001.0,3.4511144213501126,332
ISL,Iceland,2001.0,62.21733056563538,2449
,Andaman and Nicobar,2001.0,7.458229437537846,960
IND,India,2001.0,29.37815081615852,2390
IDN,Indonesia,2001.0,32.40692087605058,8462
IRN,Iran,2001.0,99.51573819635273,399
IRQ,Iraq,2001.0,129.6644880174292,4
IRL,Ireland,2001.0,75.31137563847284,992
ISR,Israel,2001.0,104.45125099285146,53
ITA,Italy,2001.0,75.94931300416627,1037
CIV,Ivory Coast,2001.0,3.75345257757318,248
JAM,Jamaica,2001.0,2.888959895955961,401
JPN,Japan,2001.0,97.97762633530826,6497
KAZ,Kazakhstan,2001.0,151.53256704980842,243
KEN,Kenya,2001.0,19.83115370617494,191
PRK,North Korea,2001.0,150.46915646316148,227
KOR,South Korea,2001.0,130.97361985384566,634
KWT,Kuwait,2001.0,102.82221035771491,24
LBN,Lebanon,2001.0,188.58159224361606,38
LVA,Latvia,2001.0,111.6237835122748,89
LBR,Liberia,2001.0,6.5273030429345535,367
LBY,Libya,2001.0,120.14735905170281,626
LTU,Lithuania,2001.0,115.98103536647871,23
MDG,Madagascar,2001.0,42.70999724397474,1821
MYS,Malaysia,2001.0,50.53313997773482,829
MDV,Maldives,2001.0,23.72178490443796,1290
MLT,Malta,2001.0,87.05104127928594,110
MRT,Mauritania,2001.0,148.3996817661977,267
MUS,Republic of Mauritius,2001.0,5.991050926892336,1862
,Chagos Archipelago,2001.0,44.1497021413621,920
MEX,Mexico,2001.0,40.218731118889146,4729
MCO,Monaco,2001.0,48.147286821705436,7
MNE,Montenegro,2001.0,110.4782279439606,18
MAR,Morocco,2001.0,44.8763068407915,503
MOZ,Mozambique,2001.0,40.225432807934645,900
OMN,Oman,2001.0,35.04666525272486,834
NAM,Namibia,2001.0,77.13917963363707,860
NRU,Nauru,2001.0,65.4277844055829,448
ABW,Aruba,2001.0,8.750194552529182,61
BES,Bonaire,2001.0,9.833745225791954,35
CUW,Curaçao,2001.0,9.30157815919825,52
BES,Saba,2001.0,2.6592212496226972,21
BES,Sint-Eustatius,2001.0,1.250990752972259,10
SXM,Sint-Maarten,2001.0,0.0,4
NLD,Netherlands,2001.0,71.61157702825884,153
VUT,Vanuatu,2001.0,50.53918580327791,943
COK,Cook Islands,2001.0,12.138836087790635,2825
NIU,Niue,2001.0,32.547242517821076,487
TKL,Tokelau,2001.0,8.17318440923897,469
NZL,New Zealand,2001.0,51.87679538356099,7834
NIC,Nicaragua,2001.0,6.336865140372022,349
NGA,Nigeria,2001.0,6.935300427357699,262
SJM,Svalbard,2001.0,49.5637256786098,5479
NOR,Norway,2001.0,53.28643551058,3357
SJM,Jan Mayen,2001.0,34.75614295474356,1250
FSM,Micronesia,2001.0,21.359631036031665,4155
MHL,Marshall Islands,2001.0,18.715875283513505,2797
PLW,Palau,2001.0,26.879328507504514,878
PAK,Pakistan,2001.0,46.08292780564693,345
PAN,Panama,2001.0,7.085169587465474,485
PNG,Papua New Guinea,2001.0,34.71622894999305,3363
PER,Peru,2001.0,26.03462428202652,1237
PHL,Philippines,2001.0,54.81293460414806,2847
POL,Poland,2001.0,92.75259222019733,81
,Azores,2001.0,38.0868690590229,1692
,Madeira,2001.0,111.83818790041138,767
PRT,Portugal,2001.0,26.446735343471804,568
GNB,Guinea-Bissau,2001.0,79.74277089739614,168
,Oecusse,2001.0,25.440497335701593,6
TLS,East Timor,2001.0,37.60286587544159,130
QAT,Qatar,2001.0,97.43908742536314,63
ROU,Romania,2001.0,157.65378410090935,67
RUS,Russia,2001.0,21.447521340249704,32820
KNA,Saint Kitts and Nevis,2001.0,1.4067899363443475,25
LCA,Saint Lucia,2001.0,5.488539496116691,35
VCT,Saint Vincent and the Grenadines,2001.0,5.307729546554784,69
STP,Sao Tome and Principe,2001.0,3.121101632727941,211
SAU,Saudi Arabia,2001.0,100.74417588239186,364
SEN,Senegal,2001.0,111.47884306373851,261
SYC,Seychelles,2001.0,17.925153594829276,1882
SLE,Sierra Leone,2001.0,15.473241119262289,245
SGP,Singapore,2001.0,45.52173913043478,2
VNM,Vietnam,2001.0,25.828155225288977,1096
SVN,Slovenia,2001.0,99.0,1
SOM,Federal Republic of Somalia,2001.0,30.20946831163943,1163
ZAF,South Africa,2001.0,56.049813040129074,1823
,Prince Edward Islands,2001.0,35.954152907753276,964
,Canary Islands,2001.0,89.70460833323442,744
ESP,Spain,2001.0,40.72288739219916,1070
SDN,Sudan,2001.0,50.743567791645994,110
SUR,Suriname,2001.0,3.269827759983873,199
SWE,Sweden,2001.0,101.49271096018406,502
SYR,Syria,2001.0,159.82645259938838,22
THA,Thailand,2001.0,22.31695943268752,440
TGO,Togo,2001.0,4.984678044996121,36
TON,Tonga,2001.0,39.49417791283988,1005
TTO,Trinidad and Tobago,2001.0,7.067701814768461,132
ARE,United Arab Emirates,2001.0,119.05329880778974,101
TUN,Tunisia,2001.0,79.66438187893084,207
TUR,Turkey,2001.0,146.74943527207947,550
TKM,Turkmenistan,2001.0,83.94073125291104,132
TUV,Tuvalu,2001.0,14.161464114974171,1137
EGY,Egypt,2001.0,79.76125600103802,451
SHN,Ascension,2001.0,0.49441083990620344,639
PCN,Pitcairn,2001.0,41.77756151994655,1289
SHN,Saint Helena,2001.0,4.061768371818101,662
SHN,Tristan da Cunha,2001.0,42.10903755941278,1343
AIA,Anguilla,2001.0,8.254299407950377,151
VGB,British Virgin Islands,2001.0,8.859322677529605,140
CYM,Cayman Islands,2001.0,5.487671757552545,197
MSR,Montserrat,2001.0,3.578482537133682,18
TCA,Turks and Caicos Islands,2001.0,7.021289556239148,161
GGY,Guernsey,2001.0,55.34805747738158,15
JEY,Jersey,2001.0,67.51566469093989,9
GBR,United Kingdom,2001.0,40.77877401519099,1907
BMU,Bermuda,2001.0,15.513363596042112,773
IMN,Isle of Man,2001.0,34.548862115127186,15
TZA,Tanzania,2001.0,17.415453223938705,368
ASM,American Samoa,2001.0,12.336037387739864,614
UMI,Palmyra Atoll,2001.0,8.980696671607602,516
PRI,Puerto Rico,2001.0,2.848721564552641,251
VIR,United States Virgin Islands,2001.0,3.5619147501685515,80
UMI,Johnston Atoll,2001.0,0.03770127490350501,658
GUM,Guam,2001.0,28.302007196671532,320
MNP,Northern Mariana Islands,2001.0,61.45050934736371,1128
UMI,Jarvis Island,2001.0,10.645965556916453,470
UMI,Howland and Baker Islands,2001.0,28.76727747974601,629
,Hawaii,2001.0,69.64783189799432,3773
,Alaska,2001.0,32.35340604117319,9728
USA,United States,2001.0,40.44944880305359,4090
URY,Uruguay,2001.0,158.78478473329557,277
VEN,Venezuela,2001.0,7.782678490018428,710
WSM,Samoa,2001.0,15.359824388495657,208
YEM,Yemen,2001.0,18.09801027937509,788
,Glorioso Islands,2001.0,27.14119635011828,78
BLZ,Belize,2001.0,25.840954274353876,6
KOR,South Korea,2001.0,140.18216241589738,156
PSE,Palestine,2001.0,115.01269035532994,4
BRB,Barbados,2001.0,4.0,2
IRQ,Iraq,2001.0,133.0,1
,"Abu musa, Greater and Lesser Tunb",2001.0,57.32138172278093,17
FRO,Faeroe,2001.0,32.91514500537057,15
,Doumeira Islands,2001.0,13.058823529411764,2
FRA,France,2001.0,31.0,1
PNG,Papua New Guinea,2001.0,18.956570155902003,12
FLK,Falkland / Malvinas Islands,2001.0,1.1471991118299316,1230
SGS,South Georgia and the South Sandwich Islands,2001.0,3.8079170131415636,3051
URY,Uruguay,2001.0,123.72669093471114,88
GBR,United Kingdom,2001.0,14.102583586626139,41
MYT,Mayotte,2001.0,22.85070965480988,119
CRI,Costa Rica,2001.0,7.208875021667532,46
PER,Peru,2001.0,43.84548579699656,49
DOM,Dominican Republic,2001.0,4.7393899204244025,30
ECU,Ecuador,2001.0,1.5510204081632644,40
JAM,Jamaica,2001.0,4.046174142480211,35
NOR,Norway,2001.0,79.98876404494384,3
FRA,France,2001.0,18.830271858927258,9
GIB,Gibraltar,2001.0,2.627450980392157,2
HRV,Croatia,2001.0,99.0,1
MYS,Malaysia,2001.0,4.91578947368421,3
EGY,Egypt,2001.0,117.26846057571967,25
,Matthew and Hunter Islands,2001.0,60.74844099305801,306
CAN,Canada,2001.0,4.6657840986458865,130
,Navassa Island,2001.0,6.788402220851328,31
HND,Honduras,2001.0,3.0652777777777773,7
,Melilla,2001.0,55.0,1
,Alhucemas Islands,2001.0,33.0,1
,Ceuta,2001.0,1.0,1
,Peñón de Vélez de la Gomera,2001.0,43.0,1
,Chafarinas Islands,2001.0,71.0,2
ESH,Western Sahara,2001.0,65.5266257239476,455
UMI,Wake Island / Enenkio,2001.0,42.76894081646848,611
,Kuril Islands,2001.0,34.557514368401755,445
NOR,Norway,2001.0,6.252432290297132,35
UKR,Ukraine,2001.0,131.92266507068686,296
USA,United States,2001.0,41.19015721120984,52
ISL,Iceland,2001.0,33.973810028498065,204
STP,São Tomé and Principe,2001.0,0.6990443092962643,68
,Halaib Triangle,2001.0,66.19090652358089,41
,Liancourt Rocks,2001.0,90.06110283159462,7
TWN,Taiwan,2001.0,65.34838220064981,577
PRI,Puerto Rico,2001.0,3.089165131982811,45
SEN,Senegal,2001.0,87.34419769113079,110
VEN,Venezuela,2001.0,1.4162303664921465,7
,Ile Tromelin,2001.0,14.255349395560431,413
,Senkaku Islands,2001.0,96.95260334950926,132
QAT,Qatar,2001.0,131.0,1
GUY,Guyana,2001.0,3.49795584627964,13
COL,Colombia,2001.0,5.8355704697986575,6
ALB,Albania,2002.0,127.33806146572103,29
DZA,Algeria,2002.0,28.128904676456575,266
AGO,Angola,2002.0,45.05533299051673,725
ATG,Antigua and Barbuda,2002.0,11.065807932661654,188
AZE,Azerbaijan,2002.0,117.81226432034474,154
ARG,Argentina,2002.0,40.65405578403904,2223
CXR,Christmas Island,2002.0,9.756106969525703,478
CCK,Cocos Islands,2002.0,20.43011778888415,676
HMD,Heard and McDonald Islands,2002.0,5.7884741407556835,979
NFK,Norfolk Island,2002.0,14.103583395894757,699
AUS,Australia,2002.0,43.71149775665588,10749
,Macquarie Island,2002.0,65.74757572545481,1147
BHS,Bahamas,2002.0,35.660946149753556,981
BHR,Bahrain,2002.0,84.05489614243324,21
BGD,Bangladesh,2002.0,22.943014804845227,166
BRB,Barbados,2002.0,1.3084793936522974,288
BEL,Belgium,2002.0,202.06486486486486,11
,Trindade,2002.0,19.285037100558586,714
BRA,Brazil,2002.0,36.290379677843035,4589
BLZ,Belize,2002.0,18.48333797456605,58
SLB,Solomon Islands,2002.0,26.38183094983125,2285
BRN,Brunei,2002.0,43.780360134003345,77
BGR,Bulgaria,2002.0,97.68450540958268,80
MMR,Myanmar,2002.0,18.03957169184093,725
KHM,Cambodia,2002.0,18.3818305168373,87
CMR,Cameroon,2002.0,31.31837183718371,28
CAN,Canada,2002.0,29.568074752626977,21648
CPV,Cape Verde,2002.0,79.04376420331961,1161
LKA,Sri Lanka,2002.0,28.67023320691722,770
CHL,Chile,2002.0,19.05346651269994,4486
CHL,Islas San Félix and San Ambrosio,2002.0,28.1097639677323,708
,Easter Island,2002.0,53.86331681202475,1139
CHN,China,2002.0,86.82311169220323,1579
CHN,China,2002.0,22.014755567813552,531
COL,Colombia,2002.0,21.58123887785027,1067
,Serrana Bank,2002.0,0.0,8
,Quitasueño Bank,2002.0,1.788888888888889,10
,Serranilla Bank,2002.0,0.2038095238095238,8
,Bajo Nuevo Bank,2002.0,0.0037174721189591085,8
COM,Comores,2002.0,48.03349667358181,261
COG,Republic of the Congo,2002.0,90.74828354881855,65
COD,Democratic Republic of the Congo,2002.0,75.30751391465678,33
CRI,Costa Rica,2002.0,32.832796386786505,841
HRV,Croatia,2002.0,97.89718267709797,122
CUB,Cuba,2002.0,32.192977067149535,589
CYP,Cyprus,2002.0,84.67907567293042,195
BEN,Benin,2002.0,26.019540916460446,61
FRO,Faeroe,2002.0,68.04631546862026,823
DNK,Denmark,2002.0,159.79040331201116,323
GRL,Greenland,2002.0,42.65715916759964,12225
DMA,Dominica,2002.0,3.20156059991893,63
DOM,Dominican Republic,2002.0,7.641856165050123,554
,Galapagos,2002.0,90.8530457648618,1181
ECU,Ecuador,2002.0,125.22871437505579,334
SLV,El Salvador,2002.0,39.43154715571192,149
GNQ,Equatorial Guinea,2002.0,65.13612865601122,464
ERI,Eritrea,2002.0,51.28384442782348,141
EST,Estonia,2002.0,161.58727747448373,118
FJI,Fiji,2002.0,42.51855371042743,1987
FIN,Finland,2002.0,120.90046402435676,277
PYF,French Polynesia,2002.0,37.47570226953754,6856
ATF,Amsterdam and Saint Paul Islands,2002.0,47.393958150491905,912
ATF,Crozet Islands,2002.0,24.739094975388014,1148
ATF,Kerguélen,2002.0,20.192220816277704,1159
NCL,New Caledonia,2002.0,35.05794477678868,1764
REU,Réunion,2002.0,3.8017245958531753,491
ATF,Europa Island,2002.0,38.28533873470092,215
ATF,Juan de Nova Island,2002.0,59.194453328459794,108
ATF,Bassas da India,2002.0,38.66710875331566,198
,Clipperton Island,2002.0,16.143712858875592,628
GLP,Guadeloupe,2002.0,7.148880939567572,157
BLM,Saint-Barthélemy,2002.0,2.7079343365253075,14
MAF,Collectivity of Saint Martin,2002.0,4.339473684210527,7
SPM,Saint-Pierre and Miquelon,2002.0,42.82921462423832,43
MTQ,Martinique,2002.0,2.342050719336747,96
GUF,French Guiana,2002.0,7.041458200673155,204
WLF,Wallis and Futuna,2002.0,27.14664143803215,380
FRA,France,2002.0,27.746542525239427,758
DJI,Djibouti,2002.0,59.414331649058326,17
GAB,Gabon,2002.0,85.30207614533018,299
GEO,Georgia,2002.0,167.27905004240884,48
GMB,Gambia,2002.0,59.29335989375824,45
DEU,Germany,2002.0,164.77877528207637,154
GHA,Ghana,2002.0,17.674891281289774,330
KIR,Phoenix Group,2002.0,125.6097542381382,1049
KIR,Line Group,2002.0,71.56927120391482,2315
KIR,Gilbert Islands,2002.0,91.33664721906862,1489
GRC,Greece,2002.0,112.37919325869451,870
GRD,Grenada,2002.0,5.21876792474475,53
GTM,Guatemala,2002.0,59.67371092706384,178
GIN,Guinea,2002.0,37.832406787554206,157
GUY,Guyana,2002.0,5.761719698809813,205
HTI,Haiti,2002.0,27.100986602388033,178
HND,Honduras,2002.0,15.952666675947711,332
ISL,Iceland,2002.0,54.54843442801384,2449
,Andaman and Nicobar,2002.0,16.954440209453924,960
IND,India,2002.0,40.436469006068506,2390
IDN,Indonesia,2002.0,34.52479649643935,8462
IRN,Iran,2002.0,112.21099175618279,399
IRQ,Iraq,2002.0,100.4967320261438,4
IRL,Ireland,2002.0,48.63825642801488,992
ISR,Israel,2002.0,99.29815329626688,53
ITA,Italy,2002.0,42.46074816062404,1037
CIV,Ivory Coast,2002.0,10.410514109006566,248
JAM,Jamaica,2002.0,2.7747020506093536,401
JPN,Japan,2002.0,55.58879513844683,6497
KAZ,Kazakhstan,2002.0,151.7536359371335,243
KEN,Kenya,2002.0,39.01004488657043,191
PRK,North Korea,2002.0,126.09888573486423,227
KOR,South Korea,2002.0,72.99303234208818,634
KWT,Kuwait,2002.0,77.91804591564333,24
LBN,Lebanon,2002.0,112.1843506759525,38
LVA,Latvia,2002.0,136.55296038174168,89
LBR,Liberia,2002.0,10.383445483237063,367
LBY,Libya,2002.0,76.24280335407849,626
LTU,Lithuania,2002.0,141.13582778062528,23
MDG,Madagascar,2002.0,27.121110678172272,1821
MYS,Malaysia,2002.0,44.82674166520189,829
MDV,Maldives,2002.0,40.06427599611274,1290
MLT,Malta,2002.0,31.111705094830775,110
MRT,Mauritania,2002.0,85.21445974839644,267
MUS,Republic of Mauritius,2002.0,11.179506689920341,1862
,Chagos Archipelago,2002.0,48.81122892563884,920
MEX,Mexico,2002.0,51.7657773424908,4729
MCO,Monaco,2002.0,62.96124031007752,7
MNE,Montenegro,2002.0,124.91063990912531,18
MAR,Morocco,2002.0,59.67811019064501,503
MOZ,Mozambique,2002.0,34.66571922641172,900
OMN,Oman,2002.0,60.32342367042049,834
NAM,Namibia,2002.0,51.514444002806854,860
NRU,Nauru,2002.0,43.19236476852795,448
ABW,Aruba,2002.0,8.438132295719845,61
BES,Bonaire,2002.0,6.847000674005843,35
CUW,Curaçao,2002.0,7.7483008869945875,52
BES,Saba,2002.0,1.2686386960458798,21
BES,Sint-Eustatius,2002.0,1.5085865257595772,10
SXM,Sint-Maarten,2002.0,3.8765432098765435,4
NLD,Netherlands,2002.0,150.73129747797014,153
VUT,Vanuatu,2002.0,28.035280325494796,943
COK,Cook Islands,2002.0,28.598837789159365,2825
NIU,Niue,2002.0,31.96618224211735,487
TKL,Tokelau,2002.0,26.50412718389103,469
NZL,New Zealand,2002.0,32.08891301277055,7834
NIC,Nicaragua,2002.0,12.979377016938827,349
NGA,Nigeria,2002.0,17.55285784822842,262
SJM,Svalbard,2002.0,49.32052798057379,5479
NOR,Norway,2002.0,112.27369925047226,3357
SJM,Jan Mayen,2002.0,110.98867495262998,1250
FSM,Micronesia,2002.0,10.989912161801165,4155
MHL,Marshall Islands,2002.0,7.738734572446908,2797
PLW,Palau,2002.0,11.228199205574512,878
PAK,Pakistan,2002.0,48.326006730300115,345
PAN,Panama,2002.0,29.207806910292987,485
PNG,Papua New Guinea,2002.0,27.63454672641653,3363
PER,Peru,2002.0,105.26361270851734,1237
PHL,Philippines,2002.0,21.737957843397613,2847
POL,Poland,2002.0,126.88229749261609,81
,Azores,2002.0,29.967867757227413,1692
,Madeira,2002.0,31.10947962529012,767
PRT,Portugal,2002.0,22.646392210274417,568
GNB,Guinea-Bissau,2002.0,59.599937935509395,168
,Oecusse,2002.0,20.00532859680284,6
TLS,East Timor,2002.0,49.41499622911126,130
QAT,Qatar,2002.0,88.6848765707156,63
ROU,Romania,2002.0,125.29620123203283,67
RUS,Russia,2002.0,20.675495296843025,32820
KNA,Saint Kitts and Nevis,2002.0,1.505304637769021,25
LCA,Saint Lucia,2002.0,2.7637810191324115,35
VCT,Saint Vincent and the Grenadines,2002.0,0.9501371631434565,69
STP,Sao Tome and Principe,2002.0,37.942418822234444,211
SAU,Saudi Arabia,2002.0,100.45971789947684,364
SEN,Senegal,2002.0,66.03699462534394,261
SYC,Seychelles,2002.0,19.85068895715326,1882
SLE,Sierra Leone,2002.0,11.680928114091579,245
SGP,Singapore,2002.0,30.652173913043477,2
VNM,Vietnam,2002.0,30.00222929936302,1096
SVN,Slovenia,2002.0,53.0,1
SOM,Federal Republic of Somalia,2002.0,35.9736573088236,1163
ZAF,South Africa,2002.0,73.9955747757535,1823
,Prince Edward Islands,2002.0,22.957428943097916,964
,Canary Islands,2002.0,39.16526948240856,744
ESP,Spain,2002.0,17.658208949068097,1070
SDN,Sudan,2002.0,59.285134952462464,110
SUR,Suriname,2002.0,6.792124890810132,199
SWE,Sweden,2002.0,129.75957722564374,502
SYR,Syria,2002.0,114.59633027522938,22
THA,Thailand,2002.0,29.815684401954705,440
TGO,Togo,2002.0,27.619472459270746,36
TON,Tonga,2002.0,40.6813173343928,1005
TTO,Trinidad and Tobago,2002.0,4.288133604505632,132
ARE,United Arab Emirates,2002.0,142.07002211792621,101
TUN,Tunisia,2002.0,29.65091882861636,207
TUR,Turkey,2002.0,140.34061817046515,550
TKM,Turkmenistan,2002.0,131.83989287377736,132
TUV,Tuvalu,2002.0,40.72060521291238,1137
EGY,Egypt,2002.0,80.15924916742355,451
SHN,Ascension,2002.0,1.4911865806864204,639
PCN,Pitcairn,2002.0,102.67779637595126,1289
SHN,Saint Helena,2002.0,1.7562288783521585,662
SHN,Tristan da Cunha,2002.0,9.655303617130713,1343
AIA,Anguilla,2002.0,9.117783416345576,151
VGB,British Virgin Islands,2002.0,8.184244139883319,140
CYM,Cayman Islands,2002.0,9.05086896155504,197
MSR,Montserrat,2002.0,2.6081894821356886,18
TCA,Turks and Caicos Islands,2002.0,22.49307099564463,161
GGY,Guernsey,2002.0,59.50452368281,15
JEY,Jersey,2002.0,64.14055884843354,9
GBR,United Kingdom,2002.0,94.31656070816888,1907
BMU,Bermuda,2002.0,57.339453409482914,773
IMN,Isle of Man,2002.0,103.84872824631863,15
TZA,Tanzania,2002.0,34.01744400916551,368
ASM,American Samoa,2002.0,28.260637343230645,614
UMI,Palmyra Atoll,2002.0,43.14967659345101,516
PRI,Puerto Rico,2002.0,3.8339332764315146,251
VIR,United States Virgin Islands,2002.0,0.957000524383849,80
UMI,Johnston Atoll,2002.0,5.631018753167761,658
GUM,Guam,2002.0,5.933079388282919,320
MNP,Northern Mariana Islands,2002.0,17.945371095936423,1128
UMI,Jarvis Island,2002.0,176.7928961140185,470
UMI,Howland and Baker Islands,2002.0,174.7960162579374,629
,Hawaii,2002.0,41.87782811368671,3773
,Alaska,2002.0,46.45631224602181,9728
USA,United States,2002.0,61.88300231402106,4090
URY,Uruguay,2002.0,130.51561133686533,277
VEN,Venezuela,2002.0,6.706851936277185,710
WSM,Samoa,2002.0,25.320110205178754,208
YEM,Yemen,2002.0,50.902973555205,788
,Glorioso Islands,2002.0,31.20371747211897,78
BLZ,Belize,2002.0,61.834990059642145,6
KOR,South Korea,2002.0,54.050226881552184,156
PSE,Palestine,2002.0,99.62182741116752,4
BRB,Barbados,2002.0,0.0,2
IRQ,Iraq,2002.0,111.0,1
,"Abu musa, Greater and Lesser Tunb",2002.0,89.05553126366418,17
FRO,Faeroe,2002.0,88.32438238453275,15
,Doumeira Islands,2002.0,28.494117647058825,2
FRA,France,2002.0,21.0,1
PNG,Papua New Guinea,2002.0,51.76391982182628,12
FLK,Falkland / Malvinas Islands,2002.0,8.164595868912672,1230
SGS,South Georgia and the South Sandwich Islands,2002.0,4.601405396517777,3051
URY,Uruguay,2002.0,111.38509863785816,88
GBR,United Kingdom,2002.0,59.07085866261397,41
MYT,Mayotte,2002.0,43.641230068337144,119
CRI,Costa Rica,2002.0,20.832553302132084,46
PER,Peru,2002.0,172.86647367468797,49
DOM,Dominican Republic,2002.0,3.0979221927497784,30
ECU,Ecuador,2002.0,44.18921056794807,40
JAM,Jamaica,2002.0,0.16735770825480595,35
NOR,Norway,2002.0,184.20224719101122,3
FRA,France,2002.0,2.2608376193975017,9
GIB,Gibraltar,2002.0,1.0849673202614378,2
HRV,Croatia,2002.0,53.0,1
MYS,Malaysia,2002.0,8.957894736842105,3
EGY,Egypt,2002.0,94.71871088861077,25
,Matthew and Hunter Islands,2002.0,41.44872926226615,306
CAN,Canada,2002.0,6.766018609577121,130
,Navassa Island,2002.0,7.8599629858112285,31
HND,Honduras,2002.0,17.886111111111113,7
,Melilla,2002.0,66.0,1
,Alhucemas Islands,2002.0,24.0,1
,Ceuta,2002.0,0.0,1
,Peñón de Vélez de la Gomera,2002.0,39.0,1
,Chafarinas Islands,2002.0,140.21428571428572,2
ESH,Western Sahara,2002.0,48.24026314766587,455
UMI,Wake Island / Enenkio,2002.0,13.438236316850963,611
,Kuril Islands,2002.0,15.488963844617455,445
NOR,Norway,2002.0,1.7533526163555084,35
UKR,Ukraine,2002.0,139.841917116884,296
USA,United States,2002.0,34.36855775803144,52
ISL,Iceland,2002.0,113.40038625497537,204
STP,São Tomé and Principe,2002.0,24.785838401390098,68
,Halaib Triangle,2002.0,38.71109855972889,41
,Liancourt Rocks,2002.0,54.91952309985096,7
TWN,Taiwan,2002.0,69.50226484003826,577
PRI,Puerto Rico,2002.0,11.829343155310005,45
SEN,Senegal,2002.0,52.549121424266325,110
VEN,Venezuela,2002.0,2.0183246073298426,7
,Ile Tromelin,2002.0,6.6765195231877374,413
,Senkaku Islands,2002.0,97.04553581201883,132
QAT,Qatar,2002.0,149.0,1
GUY,Guyana,2002.0,1.2616516762060506,13
COL,Colombia,2002.0,2.379194630872483,6
ALB,Albania,2003.0,148.39866752632707,29
DZA,Algeria,2003.0,114.4031566997473,266
AGO,Angola,2003.0,97.14764831800622,725
ATG,Antigua and Barbuda,2003.0,5.8812651447519455,188
AZE,Azerbaijan,2003.0,63.57936792961033,154
ARG,Argentina,2003.0,23.809932195983883,2223
CXR,Christmas Island,2003.0,4.541486126436474,478
CCK,Cocos Islands,2003.0,24.516582113167747,676
HMD,Heard and McDonald Islands,2003.0,6.945198923896734,979
NFK,Norfolk Island,2003.0,20.099756468240177,699
AUS,Australia,2003.0,33.15752192359033,10749
,Macquarie Island,2003.0,22.818697525832743,1147
BHS,Bahamas,2003.0,58.152207081832834,981
BHR,Bahrain,2003.0,59.249629080118694,21
BGD,Bangladesh,2003.0,28.59816958277254,166
BRB,Barbados,2003.0,24.298420969524717,288
BEL,Belgium,2003.0,152.96516516516513,11
,Trindade,2003.0,45.08748109241197,714
BRA,Brazil,2003.0,43.48527161316373,4589
BLZ,Belize,2003.0,28.549243479068046,58
SLB,Solomon Islands,2003.0,18.888181528304347,2285
BRN,Brunei,2003.0,26.51647124511446,77
BGR,Bulgaria,2003.0,100.31594538897477,80
MMR,Myanmar,2003.0,21.20923576503493,725
KHM,Cambodia,2003.0,35.490872085851734,87
CMR,Cameroon,2003.0,31.922112211221123,28
CAN,Canada,2003.0,50.33053764521202,21648
CPV,Cape Verde,2003.0,46.14024969076318,1161
LKA,Sri Lanka,2003.0,29.309992101327087,770
CHL,Chile,2003.0,13.685527589857763,4486
CHL,Islas San Félix and San Ambrosio,2003.0,25.975990439199293,708
,Easter Island,2003.0,4.111007750797876,1139
CHN,China,2003.0,51.673438696807395,1579
CHN,China,2003.0,12.404424946562779,531
COL,Colombia,2003.0,38.317965927333226,1067
,Serrana Bank,2003.0,12.152507676560901,8
,Quitasueño Bank,2003.0,15.934920634920637,10
,Serranilla Bank,2003.0,8.50095238095238,8
,Bajo Nuevo Bank,2003.0,7.67100371747212,8
COM,Comores,2003.0,20.70938550683168,261
COG,Republic of the Congo,2003.0,95.71190370040127,65
COD,Democratic Republic of the Congo,2003.0,96.39865491651209,33
CRI,Costa Rica,2003.0,35.52993284314481,841
HRV,Croatia,2003.0,129.04818092428712,122
CUB,Cuba,2003.0,41.98241033392882,589
CYP,Cyprus,2003.0,93.09375317420006,195
BEN,Benin,2003.0,32.04787097875246,61
FRO,Faeroe,2003.0,147.8772138194889,823
DNK,Denmark,2003.0,117.80575869148421,323
GRL,Greenland,2003.0,70.10302221364371,12225
DMA,Dominica,2003.0,24.580259424402108,63
DOM,Dominican Republic,2003.0,18.704204106789494,554
,Galapagos,2003.0,70.71958510896056,1181
ECU,Ecuador,2003.0,77.02148026189838,334
SLV,El Salvador,2003.0,62.995173895444765,149
GNQ,Equatorial Guinea,2003.0,64.39147367276534,464
ERI,Eritrea,2003.0,26.740314136125647,141
EST,Estonia,2003.0,60.489200094944195,118
FJI,Fiji,2003.0,29.601309698354044,1987
FIN,Finland,2003.0,62.599435100783175,277
PYF,French Polynesia,2003.0,25.235305711958436,6856
ATF,Amsterdam and Saint Paul Islands,2003.0,11.730980645757302,912
ATF,Crozet Islands,2003.0,13.853770815058606,1148
ATF,Kerguélen,2003.0,4.66974000500339,1159
NCL,New Caledonia,2003.0,26.02388108118421,1764
REU,Réunion,2003.0,32.37278892292434,491
ATF,Europa Island,2003.0,40.11510946388553,215
ATF,Juan de Nova Island,2003.0,40.43267693151185,108
ATF,Bassas da India,2003.0,25.79705896039834,198
,Clipperton Island,2003.0,1.4914181556996595,628
GLP,Guadeloupe,2003.0,14.718256355060308,157
BLM,Saint-Barthélemy,2003.0,7.2811217510259905,14
MAF,Collectivity of Saint Martin,2003.0,13.93421052631579,7
SPM,Saint-Pierre and Miquelon,2003.0,108.81685849695332,43
MTQ,Martinique,2003.0,25.387405510851003,96
GUF,French Guiana,2003.0,50.64923132902756,204
WLF,Wallis and Futuna,2003.0,28.51663805085439,380
FRA,France,2003.0,106.97457202737542,758
DJI,Djibouti,2003.0,46.90169958658705,17
GAB,Gabon,2003.0,83.26392847499332,299
GEO,Georgia,2003.0,42.35093299406277,48
GMB,Gambia,2003.0,59.61845949535187,45
DEU,Germany,2003.0,125.7658504209313,154
GHA,Ghana,2003.0,14.283583474756044,330
KIR,Phoenix Group,2003.0,69.82643394523024,1049
KIR,Line Group,2003.0,26.73036614053176,2315
KIR,Gilbert Islands,2003.0,89.87805764414557,1489
GRC,Greece,2003.0,124.01512445845434,870
GRD,Grenada,2003.0,43.396237237581744,53
GTM,Guatemala,2003.0,32.08025647876035,178
GIN,Guinea,2003.0,29.375847716622523,157
GUY,Guyana,2003.0,29.48958862366684,205
HTI,Haiti,2003.0,38.06295195919053,178
HND,Honduras,2003.0,23.662624772034352,332
ISL,Iceland,2003.0,174.72542368232953,2449
,Andaman and Nicobar,2003.0,17.025086381932812,960
IND,India,2003.0,34.36370830858387,2390
IDN,Indonesia,2003.0,26.9070397139066,8462
IRN,Iran,2003.0,53.37920309767673,399
IRQ,Iraq,2003.0,108.28976034858388,4
IRL,Ireland,2003.0,84.21697688511814,992
ISR,Israel,2003.0,91.35841938046067,53
ITA,Italy,2003.0,132.6212835741512,1037
CIV,Ivory Coast,2003.0,15.44423164774923,248
JAM,Jamaica,2003.0,13.079636294328031,401
JPN,Japan,2003.0,61.03934826031072,6497
KAZ,Kazakhstan,2003.0,110.92540464461652,243
KEN,Kenya,2003.0,21.191119737959486,191
PRK,North Korea,2003.0,95.8971952717875,227
KOR,South Korea,2003.0,63.13289197597864,634
KWT,Kuwait,2003.0,71.86652429257875,24
LBN,Lebanon,2003.0,120.09408712276391,38
LVA,Latvia,2003.0,67.48226282413512,89
LBR,Liberia,2003.0,18.031953790269753,367
LBY,Libya,2003.0,174.15486828813422,626
LTU,Lithuania,2003.0,94.37570476678626,23
MDG,Madagascar,2003.0,36.667901334296346,1821
MYS,Malaysia,2003.0,25.31088650612292,829
MDV,Maldives,2003.0,38.18306122448977,1290
MLT,Malta,2003.0,139.15730754927478,110
MRT,Mauritania,2003.0,92.36855452240067,267
MUS,Republic of Mauritius,2003.0,26.614550155884903,1862
,Chagos Archipelago,2003.0,43.415589852105704,920
MEX,Mexico,2003.0,40.124021264864886,4729
MCO,Monaco,2003.0,127.6201550387597,7
MNE,Montenegro,2003.0,148.82923135176065,18
MAR,Morocco,2003.0,91.30637955359397,503
MOZ,Mozambique,2003.0,24.268236568543657,900
OMN,Oman,2003.0,54.44559858881708,834
NAM,Namibia,2003.0,57.85882318302936,860
NRU,Nauru,2003.0,125.40953046042233,448
ABW,Aruba,2003.0,29.450097276264593,61
BES,Bonaire,2003.0,27.718490226915293,35
CUW,Curaçao,2003.0,29.24225319663633,52
BES,Saba,2003.0,20.914880772713552,21
BES,Sint-Eustatius,2003.0,20.18361955085866,10
SXM,Sint-Maarten,2003.0,13.407407407407408,4
NLD,Netherlands,2003.0,133.47499240352474,153
VUT,Vanuatu,2003.0,31.577036066478144,943
COK,Cook Islands,2003.0,39.80311937154963,2825
NIU,Niue,2003.0,29.974885865067147,487
TKL,Tokelau,2003.0,48.21041234823809,469
NZL,New Zealand,2003.0,29.81867711608585,7834
NIC,Nicaragua,2003.0,38.20278112491519,349
NGA,Nigeria,2003.0,27.803143037134156,262
SJM,Svalbard,2003.0,27.79531482808753,5479
NOR,Norway,2003.0,110.53016110251815,3357
SJM,Jan Mayen,2003.0,98.92887264454157,1250
FSM,Micronesia,2003.0,15.249899576738208,4155
MHL,Marshall Islands,2003.0,14.691239800877788,2797
PLW,Palau,2003.0,13.736563868136969,878
PAK,Pakistan,2003.0,46.098152294932255,345
PAN,Panama,2003.0,37.09360141285153,485
PNG,Papua New Guinea,2003.0,35.951030460175005,3363
PER,Peru,2003.0,49.08419753680527,1237
PHL,Philippines,2003.0,9.615327039621398,2847
POL,Poland,2003.0,101.29428768931061,81
,Azores,2003.0,57.5778793014516,1692
,Madeira,2003.0,124.40648673320007,767
PRT,Portugal,2003.0,85.67756766722097,568
GNB,Guinea-Bissau,2003.0,45.129517307529554,168
,Oecusse,2003.0,30.571936056838364,6
TLS,East Timor,2003.0,65.28650815702777,130
QAT,Qatar,2003.0,59.470278941270806,63
ROU,Romania,2003.0,83.80984159577586,67
RUS,Russia,2003.0,33.46620231076845,32820
KNA,Saint Kitts and Nevis,2003.0,15.898150954834808,25
LCA,Saint Lucia,2003.0,26.70827808297026,35
VCT,Saint Vincent and the Grenadines,2003.0,37.83968049055996,69
STP,Sao Tome and Principe,2003.0,34.240162355531076,211
SAU,Saudi Arabia,2003.0,93.47289583471294,364
SEN,Senegal,2003.0,68.77480006649053,261
SYC,Seychelles,2003.0,22.807178560647774,1882
SLE,Sierra Leone,2003.0,5.566500532004256,245
SGP,Singapore,2003.0,36.91304347826087,2
VNM,Vietnam,2003.0,24.05881497208459,1096
SVN,Slovenia,2003.0,105.0,1
SOM,Federal Republic of Somalia,2003.0,23.73367974698027,1163
ZAF,South Africa,2003.0,104.29260097823212,1823
,Prince Edward Islands,2003.0,17.02375451923202,964
,Canary Islands,2003.0,127.8795848819122,744
ESP,Spain,2003.0,94.63613529598572,1070
SDN,Sudan,2003.0,49.28878475194877,110
SUR,Suriname,2003.0,25.33251954218648,199
SWE,Sweden,2003.0,84.26759969055492,502
SYR,Syria,2003.0,131.80504587155966,22
THA,Thailand,2003.0,29.56406140466732,440
TGO,Togo,2003.0,26.091737781225756,36
TON,Tonga,2003.0,23.505002134413083,1005
TTO,Trinidad and Tobago,2003.0,31.755123591989978,132
ARE,United Arab Emirates,2003.0,84.1679344014673,101
TUN,Tunisia,2003.0,141.2082841981133,207
TUR,Turkey,2003.0,100.72738792675982,550
TKM,Turkmenistan,2003.0,80.48688091911194,132
TUV,Tuvalu,2003.0,33.40152154285629,1137
EGY,Egypt,2003.0,79.97907746204746,451
SHN,Ascension,2003.0,11.320240886804516,639
PCN,Pitcairn,2003.0,18.79784217935992,1289
SHN,Saint Helena,2003.0,12.23176310345271,662
SHN,Tristan da Cunha,2003.0,11.027839574644762,1343
AIA,Anguilla,2003.0,11.361682799235659,151
VGB,British Virgin Islands,2003.0,20.330306900956273,140
CYM,Cayman Islands,2003.0,15.266505481878683,197
MSR,Montserrat,2003.0,14.451224407868326,18
TCA,Turks and Caicos Islands,2003.0,34.296591843572,161
GGY,Guernsey,2003.0,71.2187333688132,15
JEY,Jersey,2003.0,106.25317527519051,9
GBR,United Kingdom,2003.0,133.00528706530642,1907
BMU,Bermuda,2003.0,79.86009429261372,773
IMN,Isle of Man,2003.0,96.34315037929497,15
TZA,Tanzania,2003.0,18.0372902653559,368
ASM,American Samoa,2003.0,41.39207592410461,614
UMI,Palmyra Atoll,2003.0,10.590595943942864,516
PRI,Puerto Rico,2003.0,14.475822911641378,251
VIR,United States Virgin Islands,2003.0,15.464679002172455,80
UMI,Johnston Atoll,2003.0,4.397098002521211,658
GUM,Guam,2003.0,16.840056786236357,320
MNP,Northern Mariana Islands,2003.0,39.66710325012129,1128
UMI,Jarvis Island,2003.0,53.527511784136884,470
UMI,Howland and Baker Islands,2003.0,75.64552769870812,629
,Hawaii,2003.0,16.18984646210989,3773
,Alaska,2003.0,94.56800470094518,9728
USA,United States,2003.0,50.91556594960072,4090
URY,Uruguay,2003.0,93.55449822539995,277
VEN,Venezuela,2003.0,33.2559700007063,710
WSM,Samoa,2003.0,33.737187527999296,208
YEM,Yemen,2003.0,33.294189156333566,788
,Glorioso Islands,2003.0,15.521527543088885,78
BLZ,Belize,2003.0,55.029821073558644,6
KOR,South Korea,2003.0,65.90154905335629,156
PSE,Palestine,2003.0,57.63705583756345,4
BRB,Barbados,2003.0,27.727272727272734,2
IRQ,Iraq,2003.0,112.0,1
,"Abu musa, Greater and Lesser Tunb",2003.0,23.369479667686925,17
FRO,Faeroe,2003.0,213.8936627282492,15
,Doumeira Islands,2003.0,15.929411764705883,2
FRA,France,2003.0,122.0,1
PNG,Papua New Guinea,2003.0,88.1703786191537,12
FLK,Falkland / Malvinas Islands,2003.0,5.186251867487219,1230
SGS,South Georgia and the South Sandwich Islands,2003.0,6.165024925976792,3051
URY,Uruguay,2003.0,48.991838891498354,88
GBR,United Kingdom,2003.0,159.39171732522786,41
MYT,Mayotte,2003.0,16.188584194848428,119
CRI,Costa Rica,2003.0,20.368868088056853,46
PER,Peru,2003.0,103.59146010493939,49
DOM,Dominican Republic,2003.0,14.664014146772768,30
ECU,Ecuador,2003.0,38.03243157728202,40
JAM,Jamaica,2003.0,10.935544666415382,35
NOR,Norway,2003.0,129.3370786516854,3
FRA,France,2003.0,116.80014695077149,9
GIB,Gibraltar,2003.0,6.169934640522875,2
HRV,Croatia,2003.0,105.0,1
MYS,Malaysia,2003.0,28.905263157894737,3
EGY,Egypt,2003.0,147.99436795994998,25
,Matthew and Hunter Islands,2003.0,51.61335157077303,306
CAN,Canada,2003.0,10.068953778651938,130
,Navassa Island,2003.0,12.85872917951882,31
HND,Honduras,2003.0,13.070833333333333,7
,Melilla,2003.0,121.0,1
,Alhucemas Islands,2003.0,78.0,1
,Ceuta,2003.0,4.0,1
,Peñón de Vélez de la Gomera,2003.0,64.0,1
,Chafarinas Islands,2003.0,159.92857142857142,2
ESH,Western Sahara,2003.0,78.28522563843433,455
UMI,Wake Island / Enenkio,2003.0,5.322004311843662,611
,Kuril Islands,2003.0,25.862888762075578,445
NOR,Norway,2003.0,5.259006047856954E-4,35
UKR,Ukraine,2003.0,71.82470641519204,296
USA,United States,2003.0,197.93793574846205,52
ISL,Iceland,2003.0,125.37789396829872,204
STP,São Tomé and Principe,2003.0,17.676542137271937,68
,Halaib Triangle,2003.0,81.90525275345946,41
,Liancourt Rocks,2003.0,18.342771982116243,7
TWN,Taiwan,2003.0,33.525324310864114,577
PRI,Puerto Rico,2003.0,23.22790055248619,45
SEN,Senegal,2003.0,37.37442625991005,110
VEN,Venezuela,2003.0,17.86649214659686,7
,Ile Tromelin,2003.0,13.646666105050338,413
,Senkaku Islands,2003.0,50.75550041960085,132
QAT,Qatar,2003.0,99.0,1
GUY,Guyana,2003.0,24.34423548650858,13
COL,Colombia,2003.0,18.57046979865772,6
ALB,Albania,2004.0,121.9580915538362,29
DZA,Algeria,2004.0,59.2042699674076,266
AGO,Angola,2004.0,44.95756448738953,725
ATG,Antigua and Barbuda,2004.0,9.305063129702846,188
AZE,Azerbaijan,2004.0,110.2128748428802,154
ARG,Argentina,2004.0,65.38521228521381,2223
CXR,Christmas Island,2004.0,2.315517040306447,478
CCK,Cocos Islands,2004.0,14.349015495893712,676
HMD,Heard and McDonald Islands,2004.0,6.044768655043373,979
NFK,Norfolk Island,2004.0,56.79855834081022,699
AUS,Australia,2004.0,35.10000880651621,10749
,Macquarie Island,2004.0,11.16047180604342,1147
BHS,Bahamas,2004.0,7.47155790649307,981
BHR,Bahrain,2004.0,48.997032640949556,21
BGD,Bangladesh,2004.0,19.21668909825033,166
BRB,Barbados,2004.0,41.76646139270487,288
BEL,Belgium,2004.0,121.45405405405404,11
,Trindade,2004.0,1.831040602184348,714
BRA,Brazil,2004.0,14.376233517778054,4589
BLZ,Belize,2004.0,22.249791144527997,58
SLB,Solomon Islands,2004.0,13.122494005149765,2285
BRN,Brunei,2004.0,18.188442211055282,77
BGR,Bulgaria,2004.0,42.2010561566203,80
MMR,Myanmar,2004.0,25.846139715685872,725
KHM,Cambodia,2004.0,14.611200197360303,87
CMR,Cameroon,2004.0,31.915071507150717,28
CAN,Canada,2004.0,30.56940113704556,21648
CPV,Cape Verde,2004.0,70.45316140724331,1161
LKA,Sri Lanka,2004.0,17.455322080992207,770
CHL,Chile,2004.0,13.654652093365863,4486
CHL,Islas San Félix and San Ambrosio,2004.0,2.9372990737974307,708
,Easter Island,2004.0,16.307752268615882,1139
CHN,China,2004.0,73.34106678413208,1579
CHN,China,2004.0,4.830388540302007,531
COL,Colombia,2004.0,19.249633928312168,1067
,Serrana Bank,2004.0,12.905834186284546,8
,Quitasueño Bank,2004.0,13.569047619047618,10
,Serranilla Bank,2004.0,10.323809523809524,8
,Bajo Nuevo Bank,2004.0,12.157992565055764,8
COM,Comores,2004.0,23.816349524286448,261
COG,Republic of the Congo,2004.0,52.074275523852,65
COD,Democratic Republic of the Congo,2004.0,51.13729128014843,33
CRI,Costa Rica,2004.0,12.116365822453103,841
HRV,Croatia,2004.0,96.12872472318419,122
CUB,Cuba,2004.0,13.236506640583954,589
CYP,Cyprus,2004.0,60.919781615033,195
BEN,Benin,2004.0,21.624968000682653,61
FRO,Faeroe,2004.0,119.27607445790991,823
DNK,Denmark,2004.0,95.24008687242312,323
GRL,Greenland,2004.0,52.02211304306016,12225
DMA,Dominica,2004.0,36.58704904742603,63
DOM,Dominican Republic,2004.0,2.649455023193952,554
,Galapagos,2004.0,39.68032296224507,1181
ECU,Ecuador,2004.0,37.89465354622148,334
SLV,El Salvador,2004.0,40.8342622287262,149
GNQ,Equatorial Guinea,2004.0,32.09862704978797,464
ERI,Eritrea,2004.0,13.713612565445032,141
EST,Estonia,2004.0,107.21609304533587,118
FJI,Fiji,2004.0,23.561192320519517,1987
FIN,Finland,2004.0,94.6242503163803,277
PYF,French Polynesia,2004.0,26.292610526265765,6856
ATF,Amsterdam and Saint Paul Islands,2004.0,23.833692087394333,912
ATF,Crozet Islands,2004.0,14.59956068174074,1148
ATF,Kerguélen,2004.0,19.58136853592833,1159
NCL,New Caledonia,2004.0,43.150680749157985,1764
REU,Réunion,2004.0,18.378755953751075,491
ATF,Europa Island,2004.0,87.54682382347872,215
ATF,Juan de Nova Island,2004.0,34.075798419152925,108
ATF,Bassas da India,2004.0,72.26020289450416,198
,Clipperton Island,2004.0,1.8321915719716229,628
GLP,Guadeloupe,2004.0,27.587419671404607,157
BLM,Saint-Barthélemy,2004.0,12.017783857729134,14
MAF,Collectivity of Saint Martin,2004.0,13.11842105263158,7
SPM,Saint-Pierre and Miquelon,2004.0,54.862389979688565,43
MTQ,Martinique,2004.0,40.80968056571566,96
GUF,French Guiana,2004.0,47.10793232056763,204
WLF,Wallis and Futuna,2004.0,24.86954693577209,380
FRA,France,2004.0,52.65885218638528,758
DJI,Djibouti,2004.0,31.887459807073945,17
GAB,Gabon,2004.0,51.54608322582584,299
GEO,Georgia,2004.0,31.908927056827828,48
GMB,Gambia,2004.0,53.113811420982685,45
DEU,Germany,2004.0,89.39777133475394,154
GHA,Ghana,2004.0,16.956804200254567,330
KIR,Phoenix Group,2004.0,64.5480991072324,1049
KIR,Line Group,2004.0,38.968361116354735,2315
KIR,Gilbert Islands,2004.0,117.47443875696882,1489
GRC,Greece,2004.0,76.97832264476149,870
GRD,Grenada,2004.0,47.95675117586325,53
GTM,Guatemala,2004.0,31.74483034998664,178
GIN,Guinea,2004.0,54.203684838606385,157
GUY,Guyana,2004.0,59.12012277253959,205
HTI,Haiti,2004.0,15.025225629239316,178
HND,Honduras,2004.0,16.68656986537845,332
ISL,Iceland,2004.0,151.16350444037246,2449
,Andaman and Nicobar,2004.0,18.93512894952446,960
IND,India,2004.0,19.701630202008264,2390
IDN,Indonesia,2004.0,19.988889412599985,8462
IRN,Iran,2004.0,81.02148388708468,399
IRQ,Iraq,2004.0,94.19389978213509,4
IRL,Ireland,2004.0,35.432702796294706,992
ISR,Israel,2004.0,56.092633042096914,53
ITA,Italy,2004.0,66.93774044854179,1037
CIV,Ivory Coast,2004.0,10.609129563903434,248
JAM,Jamaica,2004.0,8.533988093236013,401
JPN,Japan,2004.0,70.80884452167345,6497
KAZ,Kazakhstan,2004.0,193.6798615998124,243
KEN,Kenya,2004.0,25.056581341744515,191
PRK,North Korea,2004.0,135.65771300258442,227
KOR,South Korea,2004.0,111.87670935532887,634
KWT,Kuwait,2004.0,60.82221035771487,24
LBN,Lebanon,2004.0,104.18202922299606,38
LVA,Latvia,2004.0,71.52859923400516,89
LBR,Liberia,2004.0,14.993199547430475,367
LBY,Libya,2004.0,48.01216453916742,626
LTU,Lithuania,2004.0,80.48641722193747,23
MDG,Madagascar,2004.0,41.028876492055026,1821
MYS,Malaysia,2004.0,18.032343118298474,829
MDV,Maldives,2004.0,17.878072562358277,1290
MLT,Malta,2004.0,49.501441056154675,110
MRT,Mauritania,2004.0,85.97318217227719,267
MUS,Republic of Mauritius,2004.0,14.207494147301693,1862
,Chagos Archipelago,2004.0,22.752807231409705,920
MEX,Mexico,2004.0,50.39160943249656,4729
MCO,Monaco,2004.0,61.19379844961241,7
MNE,Montenegro,2004.0,117.72624006058308,18
MAR,Morocco,2004.0,84.97247042650943,503
MOZ,Mozambique,2004.0,45.68452724056366,900
OMN,Oman,2004.0,25.055521356556458,834
NAM,Namibia,2004.0,47.574997423780715,860
NRU,Nauru,2004.0,88.28490509306414,448
ABW,Aruba,2004.0,26.389591439688708,61
BES,Bonaire,2004.0,38.86834419231633,35
CUW,Curaçao,2004.0,35.21587374726414,52
BES,Saba,2004.0,14.241774826441292,21
BES,Sint-Eustatius,2004.0,12.72523117569353,10
SXM,Sint-Maarten,2004.0,13.487654320987655,4
NLD,Netherlands,2004.0,89.68678213309023,153
VUT,Vanuatu,2004.0,7.3350067811415265,943
COK,Cook Islands,2004.0,43.238109486010664,2825
NIU,Niue,2004.0,81.3642439506261,487
TKL,Tokelau,2004.0,26.139343352087653,469
NZL,New Zealand,2004.0,18.154052201754702,7834
NIC,Nicaragua,2004.0,22.416545477209468,349
NGA,Nigeria,2004.0,24.42822603987537,262
SJM,Svalbard,2004.0,56.45960295945262,5479
NOR,Norway,2004.0,124.45089712428657,3357
SJM,Jan Mayen,2004.0,118.35850085316477,1250
FSM,Micronesia,2004.0,17.90987135928573,4155
MHL,Marshall Islands,2004.0,17.918355474388058,2797
PLW,Palau,2004.0,11.85805684684598,878
PAK,Pakistan,2004.0,43.31693708795676,345
PAN,Panama,2004.0,22.192845175021507,485
PNG,Papua New Guinea,2004.0,21.94185524127497,3363
PER,Peru,2004.0,43.159695177074354,1237
PHL,Philippines,2004.0,12.10257563319409,2847
POL,Poland,2004.0,85.57789228932319,81
,Azores,2004.0,101.86666666666666,1692
,Madeira,2004.0,119.21097746286019,767
PRT,Portugal,2004.0,83.51910935865695,568
GNB,Guinea-Bissau,2004.0,72.54791660789353,168
,Oecusse,2004.0,7.634103019538188,6
TLS,East Timor,2004.0,24.385226054856517,130
QAT,Qatar,2004.0,55.685411282416894,63
ROU,Romania,2004.0,43.99031974185977,67
RUS,Russia,2004.0,36.41963635554347,32820
KNA,Saint Kitts and Nevis,2004.0,12.854501364049716,25
LCA,Saint Lucia,2004.0,45.19530214055693,35
VCT,Saint Vincent and the Grenadines,2004.0,44.751169920929485,69
STP,Sao Tome and Principe,2004.0,25.56154833975418,211
SAU,Saudi Arabia,2004.0,55.648235216210836,364
SEN,Senegal,2004.0,67.31535009142453,261
SYC,Seychelles,2004.0,18.937188149226703,1882
SLE,Sierra Leone,2004.0,18.718299079725966,245
SGP,Singapore,2004.0,24.086956521739133,2
VNM,Vietnam,2004.0,9.784186521978446,1096
SVN,Slovenia,2004.0,27.0,1
SOM,Federal Republic of Somalia,2004.0,12.508397701565137,1163
ZAF,South Africa,2004.0,105.74011758452994,1823
,Prince Edward Islands,2004.0,29.335717486545626,964
,Canary Islands,2004.0,129.3741049906789,744
ESP,Spain,2004.0,69.21194748846207,1070
SDN,Sudan,2004.0,25.140359572838275,110
SUR,Suriname,2004.0,58.7115819651936,199
SWE,Sweden,2004.0,71.24128680939991,502
SYR,Syria,2004.0,89.0690621814475,22
THA,Thailand,2004.0,24.3971593737618,440
TGO,Togo,2004.0,19.69045771916214,36
TON,Tonga,2004.0,39.15700827137901,1005
TTO,Trinidad and Tobago,2004.0,57.54818523153941,132
ARE,United Arab Emirates,2004.0,84.21519123914332,101
TUN,Tunisia,2004.0,78.23992727987421,207
TUR,Turkey,2004.0,72.11339552992598,550
TKM,Turkmenistan,2004.0,134.6368576308027,132
TUV,Tuvalu,2004.0,35.20095318443528,1137
EGY,Egypt,2004.0,40.340913022793124,451
SHN,Ascension,2004.0,4.286912438712427,639
PCN,Pitcairn,2004.0,12.51523968936725,1289
SHN,Saint Helena,2004.0,4.372762550916824,662
SHN,Tristan da Cunha,2004.0,57.856052202688225,1343
AIA,Anguilla,2004.0,4.610218337875511,151
VGB,British Virgin Islands,2004.0,2.6954465426174616,140
CYM,Cayman Islands,2004.0,3.3562502992291865,197
MSR,Montserrat,2004.0,26.894018466479327,18
TCA,Turks and Caicos Islands,2004.0,0.30475436298845665,161
GGY,Guernsey,2004.0,16.910590739755186,15
JEY,Jersey,2004.0,45.350550381033024,9
GBR,United Kingdom,2004.0,82.87035054732294,1907
BMU,Bermuda,2004.0,47.59198458025547,773
IMN,Isle of Man,2004.0,73.63453815261045,15
TZA,Tanzania,2004.0,20.052775519254944,368
ASM,American Samoa,2004.0,33.23077309633372,614
UMI,Palmyra Atoll,2004.0,29.15030824686699,516
PRI,Puerto Rico,2004.0,4.40965599139051,251
VIR,United States Virgin Islands,2004.0,8.946138287512172,80
UMI,Johnston Atoll,2004.0,9.589743589743595,658
GUM,Guam,2004.0,10.590590914202181,320
MNP,Northern Mariana Islands,2004.0,11.626415164744955,1128
UMI,Jarvis Island,2004.0,94.30008722117066,470
UMI,Howland and Baker Islands,2004.0,106.63024140573685,629
,Hawaii,2004.0,35.10389564935875,3773
,Alaska,2004.0,80.85296681358534,9728
USA,United States,2004.0,56.055286008488146,4090
URY,Uruguay,2004.0,123.99814824340316,277
VEN,Venezuela,2004.0,42.000186211369126,710
WSM,Samoa,2004.0,31.221933518501938,208
YEM,Yemen,2004.0,7.685483916566303,788
,Glorioso Islands,2004.0,25.629334234538696,78
BLZ,Belize,2004.0,33.256461232604366,6
KOR,South Korea,2004.0,88.85373181035834,156
PSE,Palestine,2004.0,39.19543147208122,4
BRB,Barbados,2004.0,39.54545454545455,2
IRQ,Iraq,2004.0,107.0,1
,"Abu musa, Greater and Lesser Tunb",2004.0,34.44556187144731,17
FRO,Faeroe,2004.0,195.94092373791625,15
,Doumeira Islands,2004.0,5.0,2
FRA,France,2004.0,56.0,1
PNG,Papua New Guinea,2004.0,11.961024498886413,12
FLK,Falkland / Malvinas Islands,2004.0,31.80304006359734,1230
SGS,South Georgia and the South Sandwich Islands,2004.0,4.172248674859873,3051
URY,Uruguay,2004.0,102.59822686707372,88
GBR,United Kingdom,2004.0,109.1920592705167,41
MYT,Mayotte,2004.0,29.91195023655161,119
CRI,Costa Rica,2004.0,9.842087016814002,46
PER,Peru,2004.0,54.78632169350464,49
DOM,Dominican Republic,2004.0,10.822502210433244,30
ECU,Ecuador,2004.0,17.999683594367955,40
JAM,Jamaica,2004.0,10.172634753109689,35
NOR,Norway,2004.0,123.83146067415731,3
FRA,France,2004.0,47.98383541513593,9
GIB,Gibraltar,2004.0,4.169934640522875,2
HRV,Croatia,2004.0,27.0,1
MYS,Malaysia,2004.0,12.789473684210527,3
EGY,Egypt,2004.0,64.20619524405508,25
,Matthew and Hunter Islands,2004.0,28.24230791857865,306
CAN,Canada,2004.0,42.72293668204855,130
,Navassa Island,2004.0,3.0602508739461247,31
HND,Honduras,2004.0,4.170833333333333,7
,Melilla,2004.0,114.0,1
,Alhucemas Islands,2004.0,81.0,1
,Ceuta,2004.0,2.0,1
,Peñón de Vélez de la Gomera,2004.0,91.0,1
,Chafarinas Islands,2004.0,149.64285714285714,2
ESH,Western Sahara,2004.0,93.51968748785323,455
UMI,Wake Island / Enenkio,2004.0,13.612198344808405,611
,Kuril Islands,2004.0,80.11078954877102,445
NOR,Norway,2004.0,49.108072574283455,35
UKR,Ukraine,2004.0,59.057746433308566,296
USA,United States,2004.0,155.27026657552972,52
ISL,Iceland,2004.0,191.11717185991188,204
STP,São Tomé and Principe,2004.0,12.01781059947871,68
,Halaib Triangle,2004.0,53.55351595594465,41
,Liancourt Rocks,2004.0,55.76154992548436,7
TWN,Taiwan,2004.0,24.937169463790223,577
PRI,Puerto Rico,2004.0,0.17940454266421113,45
SEN,Senegal,2004.0,64.49432055264501,110
VEN,Venezuela,2004.0,11.329842931937172,7
,Ile Tromelin,2004.0,5.233140979739692,413
,Senkaku Islands,2004.0,57.57510854891085,132
QAT,Qatar,2004.0,83.0,1
GUY,Guyana,2004.0,43.70564186426819,13
COL,Colombia,2004.0,10.416107382550337,6
ALB,Albania,2005.0,85.96690307328603,29
DZA,Algeria,2005.0,80.78271139268317,266
AGO,Angola,2005.0,79.7477308331639,725
ATG,Antigua and Barbuda,2005.0,133.77377885473797,188
AZE,Azerbaijan,2005.0,137.24519662416947,154
ARG,Argentina,2005.0,58.93365823556242,2223
CXR,Christmas Island,2005.0,45.633833014864855,478
CCK,Cocos Islands,2005.0,28.462629027802194,676
HMD,Heard and McDonald Islands,2005.0,5.941318743856382,979
NFK,Norfolk Island,2005.0,40.56174659269163,699
AUS,Australia,2005.0,59.98656774528465,10749
,Macquarie Island,2005.0,38.44272205916219,1147
BHS,Bahamas,2005.0,22.272263187748155,981
BHR,Bahrain,2005.0,60.060089020771514,21
BGD,Bangladesh,2005.0,39.55437415881562,166
BRB,Barbados,2005.0,143.29609979472602,288
BEL,Belgium,2005.0,120.79699699699698,11
,Trindade,2005.0,7.194685627851026,714
BRA,Brazil,2005.0,49.525620074245765,4589
BLZ,Belize,2005.0,53.93195952845077,58
SLB,Solomon Islands,2005.0,31.50438209267732,2285
BRN,Brunei,2005.0,38.85531825795645,77
BGR,Bulgaria,2005.0,80.05525502318393,80
MMR,Myanmar,2005.0,35.61194498598576,725
KHM,Cambodia,2005.0,20.207043295917103,87
CMR,Cameroon,2005.0,39.88624862486249,28
CAN,Canada,2005.0,53.248126959055384,21648
CPV,Cape Verde,2005.0,105.63341052268215,1161
LKA,Sri Lanka,2005.0,27.839909025214126,770
CHL,Chile,2005.0,23.256461663855948,4486
CHL,Islas San Félix and San Ambrosio,2005.0,43.19613385121006,708
,Easter Island,2005.0,73.59134028502933,1139
CHN,China,2005.0,55.87379951012436,1579
CHN,China,2005.0,10.647909053299315,531
COL,Colombia,2005.0,68.39253670050155,1067
,Serrana Bank,2005.0,83.72773797338795,8
,Quitasueño Bank,2005.0,78.92460317460318,10
,Serranilla Bank,2005.0,62.940952380952375,8
,Bajo Nuevo Bank,2005.0,67.58921933085503,8
COM,Comores,2005.0,38.213266328063526,261
COG,Republic of the Congo,2005.0,57.64190815871602,65
COD,Democratic Republic of the Congo,2005.0,65.25927643784786,33
CRI,Costa Rica,2005.0,13.247195803081917,841
HRV,Croatia,2005.0,86.47954341413362,122
CUB,Cuba,2005.0,23.841701088845607,589
CYP,Cyprus,2005.0,24.796927374301664,195
BEN,Benin,2005.0,32.56267599624542,61
FRO,Faeroe,2005.0,37.14023922388876,823
DNK,Denmark,2005.0,128.44871642601427,323
GRL,Greenland,2005.0,48.51318533331381,12225
DMA,Dominica,2005.0,152.5451965950547,63
DOM,Dominican Republic,2005.0,49.035707334479525,554
,Galapagos,2005.0,23.19227014238274,1181
ECU,Ecuador,2005.0,52.61581856006942,334
SLV,El Salvador,2005.0,66.34193729177693,149
GNQ,Equatorial Guinea,2005.0,33.210034694422205,464
ERI,Eritrea,2005.0,37.672999252056826,141
EST,Estonia,2005.0,198.48336102539756,118
FJI,Fiji,2005.0,67.37176849130884,1987
FIN,Finland,2005.0,151.1488362709316,277
PYF,French Polynesia,2005.0,24.40814867762684,6856
ATF,Amsterdam and Saint Paul Islands,2005.0,11.019913159961197,912
ATF,Crozet Islands,2005.0,12.308987175676553,1148
ATF,Kerguélen,2005.0,4.750490368474291,1159
NCL,New Caledonia,2005.0,34.553479596607204,1764
REU,Réunion,2005.0,39.18040972431252,491
ATF,Europa Island,2005.0,71.07173332184107,215
ATF,Juan de Nova Island,2005.0,35.64115685109883,108
ATF,Bassas da India,2005.0,55.524128623947135,198
,Clipperton Island,2005.0,3.2700113159731408,628
GLP,Guadeloupe,2005.0,149.68580835100826,157
BLM,Saint-Barthélemy,2005.0,131.41860465116278,14
MAF,Collectivity of Saint Martin,2005.0,136.23947368421054,7
SPM,Saint-Pierre and Miquelon,2005.0,106.05484089370347,43
MTQ,Martinique,2005.0,145.50396244818336,96
GUF,French Guiana,2005.0,59.46450013645047,204
WLF,Wallis and Futuna,2005.0,58.72053447329384,380
FRA,France,2005.0,81.82258533177543,758
DJI,Djibouti,2005.0,66.77078548461188,17
GAB,Gabon,2005.0,46.104857340013815,299
GEO,Georgia,2005.0,115.68246395250213,48
GMB,Gambia,2005.0,180.4357237715803,45
DEU,Germany,2005.0,114.540957837007,154
GHA,Ghana,2005.0,17.646014531183706,330
KIR,Phoenix Group,2005.0,39.84973818838398,1049
KIR,Line Group,2005.0,17.86276627412259,2315
KIR,Gilbert Islands,2005.0,85.19895428077221,1489
GRC,Greece,2005.0,59.06752175240816,870
GRD,Grenada,2005.0,189.82941378914768,53
GTM,Guatemala,2005.0,48.279134384183806,178
GIN,Guinea,2005.0,105.41301627033792,157
GUY,Guyana,2005.0,121.77545432464065,205
HTI,Haiti,2005.0,71.64709344694211,178
HND,Honduras,2005.0,55.70313652879674,332
ISL,Iceland,2005.0,71.67956297341256,2449
,Andaman and Nicobar,2005.0,15.735631211484343,960
IND,India,2005.0,26.131785678404796,2390
IDN,Indonesia,2005.0,52.64013891493513,8462
IRN,Iran,2005.0,79.35028728453658,399
IRQ,Iraq,2005.0,84.8496732026144,4
IRL,Ireland,2005.0,85.24613886243613,992
ISR,Israel,2005.0,61.2237887212073,53
ITA,Italy,2005.0,67.50294300150692,1037
CIV,Ivory Coast,2005.0,9.353568542010752,248
JAM,Jamaica,2005.0,63.68236296570357,401
JPN,Japan,2005.0,70.87656131966037,6497
KAZ,Kazakhstan,2005.0,198.32547501759328,243
KEN,Kenya,2005.0,25.990513162683488,191
PRK,North Korea,2005.0,90.93994407490574,227
KOR,South Korea,2005.0,95.97758483467187,634
KWT,Kuwait,2005.0,52.72317138280834,24
LBN,Lebanon,2005.0,61.73330602212209,38
LVA,Latvia,2005.0,145.72970427575817,89
LBR,Liberia,2005.0,16.201595903054848,367
LBY,Libya,2005.0,65.05985490148987,626
LTU,Lithuania,2005.0,175.73141978472574,23
MDG,Madagascar,2005.0,54.88677012848778,1821
MYS,Malaysia,2005.0,35.061405050682595,829
MDV,Maldives,2005.0,35.403297700032404,1290
MLT,Malta,2005.0,61.35793975455559,110
MRT,Mauritania,2005.0,163.59451709677958,267
MUS,Republic of Mauritius,2005.0,48.0253860087403,1862
,Chagos Archipelago,2005.0,60.47274650964875,920
MEX,Mexico,2005.0,38.98116160557479,4729
MCO,Monaco,2005.0,88.68217054263566,7
MNE,Montenegro,2005.0,91.0265051117001,18
MAR,Morocco,2005.0,70.56219476901929,503
MOZ,Mozambique,2005.0,50.90858857903841,900
OMN,Oman,2005.0,41.920931339330494,834
NAM,Namibia,2005.0,67.92417082542065,860
NRU,Nauru,2005.0,124.62580382343526,448
ABW,Aruba,2005.0,141.3750972762646,61
BES,Bonaire,2005.0,158.6086272747697,35
CUW,Curaçao,2005.0,146.40755673309525,52
BES,Saba,2005.0,149.60881376396011,21
BES,Sint-Eustatius,2005.0,152.42536327608988,10
SXM,Sint-Maarten,2005.0,136.71604938271608,4
NLD,Netherlands,2005.0,82.96356730477059,153
VUT,Vanuatu,2005.0,34.503625037353736,943
COK,Cook Islands,2005.0,50.94521592715797,2825
NIU,Niue,2005.0,104.76079275944001,487
TKL,Tokelau,2005.0,35.120835801006805,469
NZL,New Zealand,2005.0,52.88349455643156,7834
NIC,Nicaragua,2005.0,73.48540878935198,349
NGA,Nigeria,2005.0,32.32755009960329,262
SJM,Svalbard,2005.0,54.506307715844905,5479
NOR,Norway,2005.0,123.2353688177622,3357
SJM,Jan Mayen,2005.0,79.48616594139246,1250
FSM,Micronesia,2005.0,20.06973925570038,4155
MHL,Marshall Islands,2005.0,14.18883766826711,2797
PLW,Palau,2005.0,11.091499067371531,878
PAK,Pakistan,2005.0,24.524437994920998,345
PAN,Panama,2005.0,39.465398722999595,485
PNG,Papua New Guinea,2005.0,36.16875920556517,3363
PER,Peru,2005.0,30.57941448424497,1237
PHL,Philippines,2005.0,17.751819904869965,2847
POL,Poland,2005.0,141.52925281216616,81
,Azores,2005.0,78.7035492348881,1692
,Madeira,2005.0,46.69518921957707,767
PRT,Portugal,2005.0,63.448759528342336,568
GNB,Guinea-Bissau,2005.0,128.89350297627448,168
,Oecusse,2005.0,58.23090586145648,6
TLS,East Timor,2005.0,101.53506926527207,130
QAT,Qatar,2005.0,53.45771321629086,63
ROU,Romania,2005.0,136.9839395717219,67
RUS,Russia,2005.0,50.366641943918204,32820
KNA,Saint Kitts and Nevis,2005.0,152.75174295240987,25
LCA,Saint Lucia,2005.0,147.9532108353855,35
VCT,Saint Vincent and the Grenadines,2005.0,165.73358076488626,69
STP,Sao Tome and Principe,2005.0,39.468400293524134,211
SAU,Saudi Arabia,2005.0,79.78265015561885,364
SEN,Senegal,2005.0,182.9577230666937,261
SYC,Seychelles,2005.0,28.35835760072448,1882
SLE,Sierra Leone,2005.0,42.84256407384592,245
SGP,Singapore,2005.0,28.608695652173914,2
VNM,Vietnam,2005.0,19.726036014783347,1096
SVN,Slovenia,2005.0,46.0,1
SOM,Federal Republic of Somalia,2005.0,30.985799008735384,1163
ZAF,South Africa,2005.0,104.35542979697819,1823
,Prince Edward Islands,2005.0,12.524583317018413,964
,Canary Islands,2005.0,68.53756367479255,744
ESP,Spain,2005.0,77.16787854541556,1070
SDN,Sudan,2005.0,34.523092867120255,110
SUR,Suriname,2005.0,86.80764665039082,199
SWE,Sweden,2005.0,116.93916590477531,502
SYR,Syria,2005.0,43.24260958205913,22
THA,Thailand,2005.0,23.560657936177346,440
TGO,Togo,2005.0,29.55508145849496,36
TON,Tonga,2005.0,83.00125528848389,1005
TTO,Trinidad and Tobago,2005.0,153.39698060075094,132
ARE,United Arab Emirates,2005.0,103.04515293736846,101
TUN,Tunisia,2005.0,87.88178066037739,207
TUR,Turkey,2005.0,87.49868689280267,550
TKM,Turkmenistan,2005.0,151.4514050613259,132
TUV,Tuvalu,2005.0,36.502194248331186,1137
EGY,Egypt,2005.0,39.8228666580165,451
SHN,Ascension,2005.0,14.244071093583457,639
PCN,Pitcairn,2005.0,22.370186911643536,1289
SHN,Saint Helena,2005.0,15.964098017295667,662
SHN,Tristan da Cunha,2005.0,49.08838948757831,1343
AIA,Anguilla,2005.0,119.00178554647111,151
VGB,British Virgin Islands,2005.0,77.46394172679251,140
CYM,Cayman Islands,2005.0,36.5091444439125,197
MSR,Montserrat,2005.0,162.5058209554396,18
TCA,Turks and Caicos Islands,2005.0,28.047909115828585,161
GGY,Guernsey,2005.0,101.24693986162849,15
JEY,Jersey,2005.0,115.80524978831498,9
GBR,United Kingdom,2005.0,64.56964870801995,1907
BMU,Bermuda,2005.0,28.73915662320736,773
IMN,Isle of Man,2005.0,84.18429272646142,15
TZA,Tanzania,2005.0,25.7526424717274,368
ASM,American Samoa,2005.0,57.644177548690884,614
UMI,Palmyra Atoll,2005.0,25.856909446166284,516
PRI,Puerto Rico,2005.0,81.99270790811599,251
VIR,United States Virgin Islands,2005.0,121.03003970334856,80
UMI,Johnston Atoll,2005.0,8.25581894030956,658
GUM,Guam,2005.0,12.668151917238273,320
MNP,Northern Mariana Islands,2005.0,12.607462965036014,1128
UMI,Jarvis Island,2005.0,26.30639683776863,470
UMI,Howland and Baker Islands,2005.0,62.28515710532083,629
,Hawaii,2005.0,35.79211135926641,3773
,Alaska,2005.0,80.28827892841207,9728
USA,United States,2005.0,65.35655943872152,4090
URY,Uruguay,2005.0,169.160159799736,277
VEN,Venezuela,2005.0,156.23048472745714,710
WSM,Samoa,2005.0,59.451706836305014,208
YEM,Yemen,2005.0,43.374948405226775,788
,Glorioso Islands,2005.0,39.022372423115904,78
BLZ,Belize,2005.0,77.09940357852882,6
KOR,South Korea,2005.0,108.49469566577999,156
PSE,Palestine,2005.0,85.12690355329948,4
BRB,Barbados,2005.0,118.36363636363636,2
IRQ,Iraq,2005.0,88.0,1
,"Abu musa, Greater and Lesser Tunb",2005.0,58.37122868386534,17
FRO,Faeroe,2005.0,102.25241675617617,15
,Doumeira Islands,2005.0,21.31764705882353,2
FRA,France,2005.0,52.0,1
PNG,Papua New Guinea,2005.0,87.72939866369708,12
FLK,Falkland / Malvinas Islands,2005.0,17.61698351128716,1230
SGS,South Georgia and the South Sandwich Islands,2005.0,10.405978730372224,3051
URY,Uruguay,2005.0,128.62993189290748,88
GBR,United Kingdom,2005.0,26.367211246200604,41
MYT,Mayotte,2005.0,43.66549851060101,119
CRI,Costa Rica,2005.0,6.488646212515167,46
PER,Peru,2005.0,54.139497014655355,49
DOM,Dominican Republic,2005.0,118.80857648099025,30
ECU,Ecuador,2005.0,41.243790539471526,40
JAM,Jamaica,2005.0,72.69525065963063,35
NOR,Norway,2005.0,128.92134831460675,3
FRA,France,2005.0,96.90080822924322,9
GIB,Gibraltar,2005.0,5.169934640522875,2
HRV,Croatia,2005.0,46.0,1
MYS,Malaysia,2005.0,18.789473684210527,3
EGY,Egypt,2005.0,66.14048811013768,25
,Matthew and Hunter Islands,2005.0,53.63120661254264,306
CAN,Canada,2005.0,9.11241394961797,130
,Navassa Island,2005.0,41.27082048118446,31
HND,Honduras,2005.0,28.411111111111108,7
,Melilla,2005.0,89.0,1
,Alhucemas Islands,2005.0,60.0,1
,Ceuta,2005.0,3.0,1
,Peñón de Vélez de la Gomera,2005.0,91.0,1
,Chafarinas Islands,2005.0,138.35714285714286,2
ESH,Western Sahara,2005.0,82.8357950790998,455
UMI,Wake Island / Enenkio,2005.0,34.13420265665208,611
,Kuril Islands,2005.0,96.55441650022419,445
NOR,Norway,2005.0,55.668945569287395,35
UKR,Ukraine,2005.0,141.21650868622822,296
USA,United States,2005.0,99.43923444976078,52
ISL,Iceland,2005.0,66.65472573541534,204
STP,São Tomé and Principe,2005.0,33.668375325803645,68
,Halaib Triangle,2005.0,60.782829709121714,41
,Liancourt Rocks,2005.0,81.89865871833086,7
TWN,Taiwan,2005.0,36.10679135803445,577
PRI,Puerto Rico,2005.0,43.69076120319214,45
SEN,Senegal,2005.0,146.7995270990774,110
VEN,Venezuela,2005.0,84.06282722513089,7
,Ile Tromelin,2005.0,58.017564550777166,413
,Senkaku Islands,2005.0,68.65767869522388,132
QAT,Qatar,2005.0,91.0,1
GUY,Guyana,2005.0,129.0915780866721,13
COL,Colombia,2005.0,113.67785234899328,6
ALB,Albania,2006.0,87.00795185901566,29
DZA,Algeria,2006.0,114.26425458673594,266
AGO,Angola,2006.0,121.07410219920833,725
ATG,Antigua and Barbuda,2006.0,29.333758449177417,188
AZE,Azerbaijan,2006.0,140.43227389716884,154
ARG,Argentina,2006.0,39.15659699730548,2223
CXR,Christmas Island,2006.0,3.1650204986050188,478
CCK,Cocos Islands,2006.0,11.655241479769948,676
HMD,Heard and McDonald Islands,2006.0,3.082884956973115,979
NFK,Norfolk Island,2006.0,20.2203992944293,699
AUS,Australia,2006.0,32.80692794724741,10749
,Macquarie Island,2006.0,25.368716349826585,1147
BHS,Bahamas,2006.0,16.489990194655867,981
BHR,Bahrain,2006.0,111.21847181008899,21
BGD,Bangladesh,2006.0,68.57854643337818,166
BRB,Barbados,2006.0,25.30906363492814,288
BEL,Belgium,2006.0,183.5093093093093,11
,Trindade,2006.0,1.2507652362406356,714
BRA,Brazil,2006.0,33.63485048310786,4589
BLZ,Belize,2006.0,18.04706209969368,58
SLB,Solomon Islands,2006.0,15.086117567261203,2285
BRN,Brunei,2006.0,15.769402568397542,77
BGR,Bulgaria,2006.0,83.87699639361149,80
MMR,Myanmar,2006.0,32.89381773793086,725
KHM,Cambodia,2006.0,47.39521401258173,87
CMR,Cameroon,2006.0,38.07920792079208,28
CAN,Canada,2006.0,64.95601474054698,21648
CPV,Cape Verde,2006.0,80.71024149239135,1161
LKA,Sri Lanka,2006.0,33.6942821450779,770
CHL,Chile,2006.0,28.345623902133283,4486
CHL,Islas San Félix and San Ambrosio,2006.0,33.82160143412011,708
,Easter Island,2006.0,75.05885532334209,1139
CHN,China,2006.0,84.33048367502107,1579
CHN,China,2006.0,13.59130869475281,531
COL,Colombia,2006.0,35.93447627896945,1067
,Serrana Bank,2006.0,37.70112589559877,8
,Quitasueño Bank,2006.0,27.242063492063487,10
,Serranilla Bank,2006.0,43.30095238095238,8
,Bajo Nuevo Bank,2006.0,28.317843866171007,8
COM,Comores,2006.0,11.16446097718006,261
COG,Republic of the Congo,2006.0,79.71074453856447,65
COD,Democratic Republic of the Congo,2006.0,80.70732838589981,33
CRI,Costa Rica,2006.0,22.88411717252685,841
HRV,Croatia,2006.0,97.14227694412378,122
CUB,Cuba,2006.0,37.15478259463741,589
CYP,Cyprus,2006.0,37.670467242254944,195
BEN,Benin,2006.0,55.99923201638365,61
FRO,Faeroe,2006.0,78.78209709799138,823
DNK,Denmark,2006.0,185.65259514396737,323
GRL,Greenland,2006.0,54.594585230394244,12225
DMA,Dominica,2006.0,31.19375760032428,63
DOM,Dominican Republic,2006.0,28.39015311253123,554
,Galapagos,2006.0,110.03988213160783,1181
ECU,Ecuador,2006.0,96.61294686730227,334
SLV,El Salvador,2006.0,39.62412429554441,149
GNQ,Equatorial Guinea,2006.0,42.52828435587974,464
ERI,Eritrea,2006.0,21.93874345549738,141
EST,Estonia,2006.0,183.4726798006171,118
FJI,Fiji,2006.0,51.03385205274868,1987
FIN,Finland,2006.0,160.3175907415219,277
PYF,French Polynesia,2006.0,46.83482447120504,6856
ATF,Amsterdam and Saint Paul Islands,2006.0,51.901769134832996,912
ATF,Crozet Islands,2006.0,12.344415365989803,1148
ATF,Kerguélen,2006.0,6.311703944339101,1159
NCL,New Caledonia,2006.0,21.165123412618893,1764
REU,Réunion,2006.0,55.43766489013221,491
ATF,Europa Island,2006.0,104.94593604550941,215
ATF,Juan de Nova Island,2006.0,63.17160871750349,108
ATF,Bassas da India,2006.0,81.98945972357951,198
,Clipperton Island,2006.0,7.080234992783529,628
GLP,Guadeloupe,2006.0,42.11912374560766,157
BLM,Saint-Barthélemy,2006.0,27.473324213406286,14
MAF,Collectivity of Saint Martin,2006.0,35.2921052631579,7
SPM,Saint-Pierre and Miquelon,2006.0,148.36729857819907,43
MTQ,Martinique,2006.0,28.27133625944891,96
GUF,French Guiana,2006.0,17.532406986263982,204
WLF,Wallis and Futuna,2006.0,28.666246189424974,380
FRA,France,2006.0,130.32605053446358,758
DJI,Djibouti,2006.0,45.58291226458429,17
GAB,Gabon,2006.0,57.94437610632749,299
GEO,Georgia,2006.0,96.94688295165396,48
GMB,Gambia,2006.0,90.08698539176626,45
DEU,Germany,2006.0,170.08408146155725,154
GHA,Ghana,2006.0,24.626246287653792,330
KIR,Phoenix Group,2006.0,73.66630153475775,1049
KIR,Line Group,2006.0,32.21081033005649,2315
KIR,Gilbert Islands,2006.0,105.04807716686713,1489
GRC,Greece,2006.0,56.90992096150558,870
GRD,Grenada,2006.0,38.67121716186762,53
GTM,Guatemala,2006.0,35.70245792145338,178
GIN,Guinea,2006.0,75.15152661757426,157
GUY,Guyana,2006.0,29.360544968754837,205
HTI,Haiti,2006.0,61.84631986097875,178
HND,Honduras,2006.0,35.50021578427141,332
ISL,Iceland,2006.0,111.6559615493395,2449
,Andaman and Nicobar,2006.0,12.048044384283836,960
IND,India,2006.0,24.291176745341932,2390
IDN,Indonesia,2006.0,26.683470606935497,8462
IRN,Iran,2006.0,109.84233075193603,399
IRQ,Iraq,2006.0,146.2069716775599,4
IRL,Ireland,2006.0,108.16715435892993,992
ISR,Israel,2006.0,65.34144162033358,53
ITA,Italy,2006.0,110.63965074018259,1037
CIV,Ivory Coast,2006.0,12.340777313139117,248
JAM,Jamaica,2006.0,33.6341192694494,401
JPN,Japan,2006.0,64.8456919564533,6497
KAZ,Kazakhstan,2006.0,183.06403940886702,243
KEN,Kenya,2006.0,34.995001819725836,191
PRK,North Korea,2006.0,63.020399949159014,227
KOR,South Korea,2006.0,85.83347080529634,634
KWT,Kuwait,2006.0,103.427122263748,24
LBN,Lebanon,2006.0,74.2608220674587,38
LVA,Latvia,2006.0,176.21403905318013,89
LBR,Liberia,2006.0,20.38238551777526,367
LBY,Libya,2006.0,93.17061437280567,626
LTU,Lithuania,2006.0,191.52178370066628,23
MDG,Madagascar,2006.0,58.822702045160796,1821
MYS,Malaysia,2006.0,22.15029589265836,829
MDV,Maldives,2006.0,38.945983155166836,1290
MLT,Malta,2006.0,115.57419114912604,110
MRT,Mauritania,2006.0,117.92445262128525,267
MUS,Republic of Mauritius,2006.0,12.529025567818357,1862
,Chagos Archipelago,2006.0,66.28353382248083,920
MEX,Mexico,2006.0,61.81930853959065,4729
MCO,Monaco,2006.0,103.2325581395349,7
MNE,Montenegro,2006.0,105.35176069670575,18
MAR,Morocco,2006.0,140.830544803386,503
MOZ,Mozambique,2006.0,69.44701456937847,900
OMN,Oman,2006.0,42.818103283276336,834
NAM,Namibia,2006.0,51.733834837354706,860
NRU,Nauru,2006.0,52.515358725909564,448
ABW,Aruba,2006.0,49.12714007782101,61
BES,Bonaire,2006.0,50.22399460795326,35
CUW,Curaçao,2006.0,48.60718811196865,52
BES,Saba,2006.0,32.041654089948686,21
BES,Sint-Eustatius,2006.0,30.659180977542945,10
SXM,Sint-Maarten,2006.0,36.52469135802469,4
NLD,Netherlands,2006.0,145.71601336979634,153
VUT,Vanuatu,2006.0,34.185950394225685,943
COK,Cook Islands,2006.0,40.74207690186625,2825
NIU,Niue,2006.0,57.33929890448263,487
TKL,Tokelau,2006.0,40.94379256736749,469
NZL,New Zealand,2006.0,29.89687720711718,7834
NIC,Nicaragua,2006.0,30.75498954308113,349
NGA,Nigeria,2006.0,44.72851718795224,262
SJM,Svalbard,2006.0,76.21301607470836,5479
NOR,Norway,2006.0,148.1514808074739,3357
SJM,Jan Mayen,2006.0,65.54133389874433,1250
FSM,Micronesia,2006.0,9.430427951503969,4155
MHL,Marshall Islands,2006.0,13.774170078647387,2797
PLW,Palau,2006.0,10.340858791352167,878
PAK,Pakistan,2006.0,33.51907126862404,345
PAN,Panama,2006.0,21.646216546664864,485
PNG,Papua New Guinea,2006.0,27.172873788181583,3363
PER,Peru,2006.0,98.18125070895047,1237
PHL,Philippines,2006.0,16.800322029601375,2847
POL,Poland,2006.0,189.98906554389492,81
,Azores,2006.0,45.83792891705351,1692
,Madeira,2006.0,102.25880139597791,767
PRT,Portugal,2006.0,145.82798191025861,568
GNB,Guinea-Bissau,2006.0,90.12443930374924,168
,Oecusse,2006.0,18.04973357015986,6
TLS,East Timor,2006.0,17.297066645496763,130
QAT,Qatar,2006.0,94.25024507619639,63
ROU,Romania,2006.0,99.44272513933703,67
RUS,Russia,2006.0,37.66035107136357,32820
KNA,Saint Kitts and Nevis,2006.0,25.85722946347379,25
LCA,Saint Lucia,2006.0,26.9782155711309,35
VCT,Saint Vincent and the Grenadines,2006.0,32.403905115378414,69
STP,Sao Tome and Principe,2006.0,31.646716198862592,211
SAU,Saudi Arabia,2006.0,83.91992583272629,364
SEN,Senegal,2006.0,92.5785050699074,261
SYC,Seychelles,2006.0,13.334137560594495,1882
SLE,Sierra Leone,2006.0,36.80138507774729,245
SGP,Singapore,2006.0,12.652173913043478,2
VNM,Vietnam,2006.0,27.867606353699742,1096
SVN,Slovenia,2006.0,92.0,1
SOM,Federal Republic of Somalia,2006.0,41.81258972494806,1163
ZAF,South Africa,2006.0,83.81636958349038,1823
,Prince Edward Islands,2006.0,16.65692992416827,964
,Canary Islands,2006.0,148.1957918235036,744
ESP,Spain,2006.0,129.36209122291834,1070
SDN,Sudan,2006.0,31.858649123597534,110
SUR,Suriname,2006.0,25.063834076197722,199
SWE,Sweden,2006.0,166.28995408557972,502
SYR,Syria,2006.0,64.3501529051988,22
THA,Thailand,2006.0,39.09503296792613,440
TGO,Togo,2006.0,51.213343677269194,36
TON,Tonga,2006.0,65.97197367698088,1005
TTO,Trinidad and Tobago,2006.0,28.23193053817271,132
ARE,United Arab Emirates,2006.0,126.44144144144137,101
TUN,Tunisia,2006.0,143.93074390723268,207
TUR,Turkey,2006.0,92.04440689794491,550
TKM,Turkmenistan,2006.0,147.75120322931224,132
TUV,Tuvalu,2006.0,42.932803457513714,1137
EGY,Egypt,2006.0,44.692444098438685,451
SHN,Ascension,2006.0,5.153638616499681,639
PCN,Pitcairn,2006.0,87.71808520991064,1289
SHN,Saint Helena,2006.0,6.906769207046759,662
SHN,Tristan da Cunha,2006.0,108.2547328826121,1343
AIA,Anguilla,2006.0,25.551984462613152,151
VGB,British Virgin Islands,2006.0,25.823074533089375,140
CYM,Cayman Islands,2006.0,39.389357016325974,197
MSR,Montserrat,2006.0,39.95142513046969,18
TCA,Turks and Caicos Islands,2006.0,15.846709103645718,161
GGY,Guernsey,2006.0,96.48057477381586,15
JEY,Jersey,2006.0,107.55884843353093,9
GBR,United Kingdom,2006.0,132.10703747486775,1907
BMU,Bermuda,2006.0,6.975682142994031,773
IMN,Isle of Man,2006.0,138.4814814814815,15
TZA,Tanzania,2006.0,14.811405129721344,368
ASM,American Samoa,2006.0,24.621197872172417,614
UMI,Palmyra Atoll,2006.0,33.43587454520954,516
PRI,Puerto Rico,2006.0,30.40035996585892,251
VIR,United States Virgin Islands,2006.0,24.48617873998052,80
UMI,Johnston Atoll,2006.0,14.361463084980569,658
GUM,Guam,2006.0,12.163878893511747,320
MNP,Northern Mariana Islands,2006.0,12.95107653270645,1128
UMI,Jarvis Island,2006.0,81.99165831570348,470
UMI,Howland and Baker Islands,2006.0,137.03278273483681,629
,Hawaii,2006.0,40.6337293366962,3773
,Alaska,2006.0,32.142840038365016,9728
USA,United States,2006.0,57.00190234297199,4090
URY,Uruguay,2006.0,123.34031171236049,277
VEN,Venezuela,2006.0,44.20568650994947,710
WSM,Samoa,2006.0,23.69651016933967,208
YEM,Yemen,2006.0,25.1287918624441,788
,Glorioso Islands,2006.0,5.337073335586346,78
BLZ,Belize,2006.0,18.45328031809145,6
KOR,South Korea,2006.0,93.04606477859491,156
PSE,Palestine,2006.0,57.8502538071066,4
BRB,Barbados,2006.0,14.90909090909091,2
IRQ,Iraq,2006.0,163.0,1
,"Abu musa, Greater and Lesser Tunb",2006.0,51.98775688675119,17
FRO,Faeroe,2006.0,165.56498388829218,15
,Doumeira Islands,2006.0,17.870588235294118,2
FRA,France,2006.0,113.0,1
PNG,Papua New Guinea,2006.0,13.16815144766147,12
FLK,Falkland / Malvinas Islands,2006.0,40.92777793007031,1230
SGS,South Georgia and the South Sandwich Islands,2006.0,26.13190619369081,3051
URY,Uruguay,2006.0,81.34963597933299,88
GBR,United Kingdom,2006.0,103.16432370820668,41
MYT,Mayotte,2006.0,15.624101980024525,119
CRI,Costa Rica,2006.0,19.905182873981627,46
PER,Peru,2006.0,119.65496652795372,49
DOM,Dominican Republic,2006.0,66.26989389920425,30
ECU,Ecuador,2006.0,35.914095870906465,40
JAM,Jamaica,2006.0,35.61213720316625,35
NOR,Norway,2006.0,221.06741573033707,3
FRA,France,2006.0,140.88243938280678,9
GIB,Gibraltar,2006.0,4.169934640522875,2
HRV,Croatia,2006.0,92.0,1
MYS,Malaysia,2006.0,6.947368421052632,3
EGY,Egypt,2006.0,42.525657071339175,25
,Matthew and Hunter Islands,2006.0,33.37797093775737,306
CAN,Canada,2006.0,16.203230198956046,130
,Navassa Island,2006.0,40.743368291178314,31
HND,Honduras,2006.0,27.143055555555556,7
,Melilla,2006.0,146.0,1
,Alhucemas Islands,2006.0,113.0,1
,Ceuta,2006.0,2.0,1
,Peñón de Vélez de la Gomera,2006.0,91.0,1
,Chafarinas Islands,2006.0,184.57142857142856,2
ESH,Western Sahara,2006.0,124.73564737435377,455
UMI,Wake Island / Enenkio,2006.0,20.962243549620982,611
,Kuril Islands,2006.0,44.04676354298293,445
NOR,Norway,2006.0,72.40336576387062,35
UKR,Ukraine,2006.0,107.50533790559999,296
USA,United States,2006.0,62.52276144907723,52
ISL,Iceland,2006.0,82.85621423019852,204
STP,São Tomé and Principe,2006.0,25.0015638575152,68
,Halaib Triangle,2006.0,57.360773792713914,41
,Liancourt Rocks,2006.0,30.329359165424748,7
TWN,Taiwan,2006.0,76.85232294326433,577
PRI,Puerto Rico,2006.0,30.214241866175563,45
SEN,Senegal,2006.0,86.88488107932677,110
VEN,Venezuela,2006.0,38.96073298429319,7
,Ile Tromelin,2006.0,0.7413862095109728,413
,Senkaku Islands,2006.0,89.92100558251545,132
QAT,Qatar,2006.0,137.0,1
GUY,Guyana,2006.0,19.932951757972198,13
COL,Colombia,2006.0,51.27852348993289,6
ALB,Albania,2007.0,113.44057597249085,29
DZA,Algeria,2007.0,60.0245358333028,266
AGO,Angola,2007.0,132.38255940493417,725
ATG,Antigua and Barbuda,2007.0,33.07323045529909,188
AZE,Azerbaijan,2007.0,111.10959478063086,154
ARG,Argentina,2007.0,35.26817849052699,2223
CXR,Christmas Island,2007.0,23.198329610391937,478
CCK,Cocos Islands,2007.0,32.60447170806439,676
HMD,Heard and McDonald Islands,2007.0,0.7864262679566112,979
NFK,Norfolk Island,2007.0,14.488552786577072,699
AUS,Australia,2007.0,44.93394958346724,10749
,Macquarie Island,2007.0,26.10935461114747,1147
BHS,Bahamas,2007.0,31.3352856081292,981
BHR,Bahrain,2007.0,54.96661721068249,21
BGD,Bangladesh,2007.0,18.553270524899055,166
BRB,Barbados,2007.0,5.700568450971104,288
BEL,Belgium,2007.0,207.04564564564564,11
,Trindade,2007.0,0.6655470992484606,714
BRA,Brazil,2007.0,31.373765342924106,4589
BLZ,Belize,2007.0,22.3358395989975,58
SLB,Solomon Islands,2007.0,31.675784122724394,2285
BRN,Brunei,2007.0,6.097710776102736,77
BGR,Bulgaria,2007.0,133.8154301906234,80
MMR,Myanmar,2007.0,9.326700522052425,725
KHM,Cambodia,2007.0,11.640557542864192,87
CMR,Cameroon,2007.0,53.87766776677666,28
CAN,Canada,2007.0,48.71689598007384,21648
CPV,Cape Verde,2007.0,10.178598653741052,1161
LKA,Sri Lanka,2007.0,12.631770591168053,770
CHL,Chile,2007.0,8.45836298669591,4486
CHL,Islas San Félix and San Ambrosio,2007.0,23.822175082163135,708
,Easter Island,2007.0,10.043287544306027,1139
CHN,China,2007.0,78.67121938628067,1579
CHN,China,2007.0,16.33602530510929,531
COL,Colombia,2007.0,39.802566027717745,1067
,Serrana Bank,2007.0,39.95189355168885,8
,Quitasueño Bank,2007.0,25.682539682539684,10
,Serranilla Bank,2007.0,11.017142857142856,8
,Bajo Nuevo Bank,2007.0,14.014869888475838,8
COM,Comores,2007.0,42.178625080477865,261
COG,Republic of the Congo,2007.0,138.12189032545695,65
COD,Democratic Republic of the Congo,2007.0,124.84299628942486,33
CRI,Costa Rica,2007.0,28.06843627806124,841
HRV,Croatia,2007.0,118.09593433371812,122
CUB,Cuba,2007.0,23.321593416808813,589
CYP,Cyprus,2007.0,45.02265109192482,195
BEN,Benin,2007.0,42.84375799982933,61
FRO,Faeroe,2007.0,34.352613489452494,823
DNK,Denmark,2007.0,175.79060691925284,323
GRL,Greenland,2007.0,52.35182157061809,12225
DMA,Dominica,2007.0,10.253850830968789,63
DOM,Dominican Republic,2007.0,16.936695104940483,554
,Galapagos,2007.0,40.354242977067685,1181
ECU,Ecuador,2007.0,49.65747724981175,334
SLV,El Salvador,2007.0,51.77762555655883,149
GNQ,Equatorial Guinea,2007.0,81.14365072304753,464
ERI,Eritrea,2007.0,17.761144353029174,141
EST,Estonia,2007.0,185.28231663897458,118
FJI,Fiji,2007.0,80.20090990894614,1987
FIN,Finland,2007.0,142.7730865873119,277
PYF,French Polynesia,2007.0,25.165995407255746,6856
ATF,Amsterdam and Saint Paul Islands,2007.0,37.63838976396137,912
ATF,Crozet Islands,2007.0,21.35080940402055,1148
ATF,Kerguélen,2007.0,5.213351074822434,1159
NCL,New Caledonia,2007.0,20.6660703552108,1764
REU,Réunion,2007.0,26.54330966588166,491
ATF,Europa Island,2007.0,83.17544388898466,215
ATF,Juan de Nova Island,2007.0,92.74528258783752,108
ATF,Bassas da India,2007.0,81.99930196844898,198
,Clipperton Island,2007.0,2.975369124333408,628
GLP,Guadeloupe,2007.0,14.742790211782584,157
BLM,Saint-Barthélemy,2007.0,16.868673050615595,14
MAF,Collectivity of Saint Martin,2007.0,21.613157894736844,7
SPM,Saint-Pierre and Miquelon,2007.0,46.01844955991877,43
MTQ,Martinique,2007.0,9.37618873445501,96
GUF,French Guiana,2007.0,10.839261348130627,204
WLF,Wallis and Futuna,2007.0,31.813261385005294,380
FRA,France,2007.0,86.89271781936432,758
DJI,Djibouti,2007.0,23.0767110702802,17
GAB,Gabon,2007.0,117.71037472623082,299
GEO,Georgia,2007.0,157.9970313825276,48
GMB,Gambia,2007.0,27.81208499335988,45
DEU,Germany,2007.0,191.65756104376993,154
GHA,Ghana,2007.0,29.312964043275354,330
KIR,Phoenix Group,2007.0,17.867729962884944,1049
KIR,Line Group,2007.0,4.73686417297109,2315
KIR,Gilbert Islands,2007.0,36.66118640677689,1489
GRC,Greece,2007.0,70.15520944942212,870
GRD,Grenada,2007.0,18.870597682689002,53
GTM,Guatemala,2007.0,34.86986374565857,178
GIN,Guinea,2007.0,56.83848997293127,157
GUY,Guyana,2007.0,11.562081833638793,205
HTI,Haiti,2007.0,55.87897303660521,178
HND,Honduras,2007.0,25.034024307054047,332
ISL,Iceland,2007.0,100.76159287757729,2449
,Andaman and Nicobar,2007.0,3.7179808000569947,960
IND,India,2007.0,17.995100052348338,2390
IDN,Indonesia,2007.0,20.99676580518411,8462
IRN,Iran,2007.0,77.45678241319011,399
IRQ,Iraq,2007.0,124.51633986928105,4
IRL,Ireland,2007.0,123.21975586529304,992
ISR,Israel,2007.0,55.594122319301036,53
ITA,Italy,2007.0,93.95941849126847,1037
CIV,Ivory Coast,2007.0,24.02709350950556,248
JAM,Jamaica,2007.0,13.922931171728722,401
JPN,Japan,2007.0,76.49250689342537,6497
KAZ,Kazakhstan,2007.0,189.645808898272,243
KEN,Kenya,2007.0,21.662792672570667,191
PRK,North Korea,2007.0,126.32724653645722,227
KOR,South Korea,2007.0,110.79308298965353,634
KWT,Kuwait,2007.0,79.77282434596901,24
LBN,Lebanon,2007.0,64.22559060494335,38
LVA,Latvia,2007.0,175.6074590318327,89
LBR,Liberia,2007.0,21.426427678199257,367
LBY,Libya,2007.0,89.69420524304351,626
LTU,Lithuania,2007.0,218.27447462839567,23
MDG,Madagascar,2007.0,62.211513057857495,1821
MYS,Malaysia,2007.0,8.818843381965191,829
MDV,Maldives,2007.0,21.188833819241978,1290
MLT,Malta,2007.0,126.91944031238377,110
MRT,Mauritania,2007.0,30.864253393665155,267
MUS,Republic of Mauritius,2007.0,24.848316914354207,1862
,Chagos Archipelago,2007.0,62.96807967431055,920
MEX,Mexico,2007.0,23.11365305788123,4729
MCO,Monaco,2007.0,73.51937984496124,7
MNE,Montenegro,2007.0,128.49488829988638,18
MAR,Morocco,2007.0,51.35281083818686,503
MOZ,Mozambique,2007.0,75.55998191250418,900
OMN,Oman,2007.0,50.75819525846682,834
NAM,Namibia,2007.0,39.21947425498193,860
NRU,Nauru,2007.0,39.051677481304765,448
ABW,Aruba,2007.0,33.95389105058366,61
BES,Bonaire,2007.0,45.755560548191426,35
CUW,Curaçao,2007.0,36.70925008639558,52
BES,Saba,2007.0,26.150015092061572,21
BES,Sint-Eustatius,2007.0,28.479524438573318,10
SXM,Sint-Maarten,2007.0,21.580246913580247,4
NLD,Netherlands,2007.0,194.57389851109085,153
VUT,Vanuatu,2007.0,66.65967404546805,943
COK,Cook Islands,2007.0,30.39974684806781,2825
NIU,Niue,2007.0,53.7396477613534,487
TKL,Tokelau,2007.0,23.18661163754812,469
NZL,New Zealand,2007.0,17.711632651993526,7834
NIC,Nicaragua,2007.0,35.880915776789784,349
NGA,Nigeria,2007.0,30.75649124001838,262
SJM,Svalbard,2007.0,71.4692904413178,5479
NOR,Norway,2007.0,123.45537840099111,3357
SJM,Jan Mayen,2007.0,74.21452635050768,1250
FSM,Micronesia,2007.0,12.54136646872236,4155
MHL,Marshall Islands,2007.0,4.928670947597867,2797
PLW,Palau,2007.0,6.9646326023716805,878
PAK,Pakistan,2007.0,91.64565845603413,345
PAN,Panama,2007.0,38.76110129964227,485
PNG,Papua New Guinea,2007.0,22.758985319900038,3363
PER,Peru,2007.0,33.20802067901129,1237
PHL,Philippines,2007.0,20.322470241688187,2847
POL,Poland,2007.0,201.64425312637465,81
,Azores,2007.0,72.3609756097561,1692
,Madeira,2007.0,29.018874645856872,767
PRT,Portugal,2007.0,32.61332801577208,568
GNB,Guinea-Bissau,2007.0,62.33469687138548,168
,Oecusse,2007.0,7.55595026642984,6
TLS,East Timor,2007.0,26.503830429087433,130
QAT,Qatar,2007.0,49.63987166919166,63
ROU,Romania,2007.0,139.71274567321794,67
RUS,Russia,2007.0,67.91699545588216,32820
KNA,Saint Kitts and Nevis,2007.0,21.688390421339808,25
LCA,Saint Lucia,2007.0,5.290774767948476,35
VCT,Saint Vincent and the Grenadines,2007.0,9.424802323705018,69
STP,Sao Tome and Principe,2007.0,55.499633094844995,211
SAU,Saudi Arabia,2007.0,52.797271703860666,364
SEN,Senegal,2007.0,35.15874628299131,261
SYC,Seychelles,2007.0,45.110965605412225,1882
SLE,Sierra Leone,2007.0,21.942356872188306,245
SGP,Singapore,2007.0,9.130434782608695,2
VNM,Vietnam,2007.0,16.1908233073838,1096
SVN,Slovenia,2007.0,98.0,1
SOM,Federal Republic of Somalia,2007.0,61.09310358825984,1163
ZAF,South Africa,2007.0,123.88632324741215,1823
,Prince Edward Islands,2007.0,24.490861471126944,964
,Canary Islands,2007.0,24.49881852832564,744
ESP,Spain,2007.0,52.43035787198765,1070
SDN,Sudan,2007.0,16.38052539088902,110
SUR,Suriname,2007.0,16.107734002284584,199
SWE,Sweden,2007.0,123.31684968804326,502
SYR,Syria,2007.0,80.14933741080532,22
THA,Thailand,2007.0,12.9022442572819,440
TGO,Togo,2007.0,35.963343677269194,36
TON,Tonga,2007.0,71.35862788938249,1005
TTO,Trinidad and Tobago,2007.0,9.70506101376721,132
ARE,United Arab Emirates,2007.0,70.42973512434588,101
TUN,Tunisia,2007.0,110.48408018867927,207
TUR,Turkey,2007.0,146.25997685992905,550
TKM,Turkmenistan,2007.0,90.67411892563265,132
TUV,Tuvalu,2007.0,22.057816408389208,1137
EGY,Egypt,2007.0,61.81131871458847,451
SHN,Ascension,2007.0,5.726211095715197,639
PCN,Pitcairn,2007.0,29.351002679434526,1289
SHN,Saint Helena,2007.0,0.1564576025082559,662
SHN,Tristan da Cunha,2007.0,47.19670200965478,1343
AIA,Anguilla,2007.0,31.840710459543253,151
VGB,British Virgin Islands,2007.0,30.151689853971767,140
CYM,Cayman Islands,2007.0,8.523100493129702,197
MSR,Montserrat,2007.0,20.495784825371338,18
TCA,Turks and Caicos Islands,2007.0,12.14543294855785,161
GGY,Guernsey,2007.0,202.6966471527408,15
JEY,Jersey,2007.0,159.41490262489415,9
GBR,United Kingdom,2007.0,101.42060326532129,1907
BMU,Bermuda,2007.0,23.239723364526903,773
IMN,Isle of Man,2007.0,182.9067380633646,15
TZA,Tanzania,2007.0,15.059674279941854,368
ASM,American Samoa,2007.0,22.224139787647978,614
UMI,Palmyra Atoll,2007.0,0.5374359924538472,516
PRI,Puerto Rico,2007.0,21.663320592273735,251
VIR,United States Virgin Islands,2007.0,12.467151097460487,80
UMI,Johnston Atoll,2007.0,0.1971941726123175,658
GUM,Guam,2007.0,8.465211402226466,320
MNP,Northern Mariana Islands,2007.0,24.769580954513227,1128
UMI,Jarvis Island,2007.0,10.572078090784247,470
UMI,Howland and Baker Islands,2007.0,15.080304357346172,629
,Hawaii,2007.0,50.61428608927902,3773
,Alaska,2007.0,46.72677411643924,9728
USA,United States,2007.0,61.64875028488945,4090
URY,Uruguay,2007.0,141.03958987020556,277
VEN,Venezuela,2007.0,32.88519748036754,710
WSM,Samoa,2007.0,22.204618761759704,208
YEM,Yemen,2007.0,33.55539158312554,788
,Glorioso Islands,2007.0,43.71693139574179,78
BLZ,Belize,2007.0,30.562624254473157,6
KOR,South Korea,2007.0,121.42885307463625,156
PSE,Palestine,2007.0,43.70304568527919,4
BRB,Barbados,2007.0,1.0,2
IRQ,Iraq,2007.0,139.0,1
,"Abu musa, Greater and Lesser Tunb",2007.0,20.337997376475734,17
FRO,Faeroe,2007.0,72.37916219119226,15
,Doumeira Islands,2007.0,13.741176470588234,2
FRA,France,2007.0,71.0,1
PNG,Papua New Guinea,2007.0,48.369710467706014,12
FLK,Falkland / Malvinas Islands,2007.0,0.7255821762907934,1230
SGS,South Georgia and the South Sandwich Islands,2007.0,2.80514611245059,3051
URY,Uruguay,2007.0,111.28951385627055,88
GBR,United Kingdom,2007.0,41.88601823708206,41
MYT,Mayotte,2007.0,35.40323287191169,119
CRI,Costa Rica,2007.0,26.189634252036747,46
PER,Peru,2007.0,59.12791749592911,49
DOM,Dominican Republic,2007.0,35.76746242263485,30
ECU,Ecuador,2007.0,34.57791488688494,40
JAM,Jamaica,2007.0,17.99566528458349,35
NOR,Norway,2007.0,137.42696629213484,3
FRA,France,2007.0,34.2035268185158,9
GIB,Gibraltar,2007.0,6.712418300653594,2
HRV,Croatia,2007.0,98.0,1
MYS,Malaysia,2007.0,2.4631578947368418,3
EGY,Egypt,2007.0,60.59386733416771,25
,Matthew and Hunter Islands,2007.0,46.823523355688906,306
CAN,Canada,2007.0,46.11264089568046,130
,Navassa Island,2007.0,14.313181163890604,31
HND,Honduras,2007.0,14.001388888888886,7
,Melilla,2007.0,72.0,1
,Alhucemas Islands,2007.0,87.0,1
,Ceuta,2007.0,4.0,1
,Peñón de Vélez de la Gomera,2007.0,68.0,1
,Chafarinas Islands,2007.0,83.0,2
ESH,Western Sahara,2007.0,31.206757492128887,455
UMI,Wake Island / Enenkio,2007.0,39.60234369566731,611
,Kuril Islands,2007.0,91.7752313210777,445
NOR,Norway,2007.0,118.79989481987904,35
UKR,Ukraine,2007.0,156.13930316068718,296
USA,United States,2007.0,58.71551606288448,52
ISL,Iceland,2007.0,103.74344661909132,204
STP,São Tomé and Principe,2007.0,33.98079930495222,68
,Halaib Triangle,2007.0,42.230302174526955,41
,Liancourt Rocks,2007.0,33.54992548435172,7
TWN,Taiwan,2007.0,62.31560723800186,577
PRI,Puerto Rico,2007.0,14.28406998158379,45
SEN,Senegal,2007.0,40.38893782743753,110
VEN,Venezuela,2007.0,18.044502617801044,7
,Ile Tromelin,2007.0,27.96240680678995,413
,Senkaku Islands,2007.0,80.90925675922212,132
QAT,Qatar,2007.0,97.0,1
GUY,Guyana,2007.0,1.0695012264922323,13
COL,Colombia,2007.0,30.45302013422819,6
ALB,Albania,2008.0,65.95723189340208,29
DZA,Algeria,2008.0,63.577434357490745,266
AGO,Angola,2008.0,97.52509537078004,725
ATG,Antigua and Barbuda,2008.0,2.024818262976662,188
AZE,Azerbaijan,2008.0,82.18100197521994,154
ARG,Argentina,2008.0,60.454087597116136,2223
CXR,Christmas Island,2008.0,6.98385230239255,478
CCK,Cocos Islands,2008.0,21.58095788231158,676
HMD,Heard and McDonald Islands,2008.0,4.5565471571214236,979
NFK,Norfolk Island,2008.0,10.723948510427924,699
AUS,Australia,2008.0,47.91332611302005,10749
,Macquarie Island,2008.0,20.59488572190931,1147
BHS,Bahamas,2008.0,19.41196955506602,981
BHR,Bahrain,2008.0,51.95994065281899,21
BGD,Bangladesh,2008.0,41.731440107671595,166
BRB,Barbados,2008.0,25.960318964156,288
BEL,Belgium,2008.0,158.3273273273273,11
,Trindade,2008.0,10.464763402055713,714
BRA,Brazil,2008.0,29.3631434412446,4589
BLZ,Belize,2008.0,6.286178408985428,58
SLB,Solomon Islands,2008.0,22.308707600603814,2285
BRN,Brunei,2008.0,7.96642936906756,77
BGR,Bulgaria,2008.0,132.77756311179803,80
MMR,Myanmar,2008.0,24.014962342302844,725
KHM,Cambodia,2008.0,9.766683113358827,87
CMR,Cameroon,2008.0,56.38107810781078,28
CAN,Canada,2008.0,55.859377354809396,21648
CPV,Cape Verde,2008.0,43.364399649052174,1161
LKA,Sri Lanka,2008.0,25.54462750194666,770
CHL,Chile,2008.0,38.69532312242292,4486
CHL,Islas San Félix and San Ambrosio,2008.0,68.1919091723932,708
,Easter Island,2008.0,33.67879781742238,1139
CHN,China,2008.0,69.40180462772538,1579
CHN,China,2008.0,4.583310349582844,531
COL,Colombia,2008.0,24.151850269420475,1067
,Serrana Bank,2008.0,5.849539406345958,8
,Quitasueño Bank,2008.0,9.773809523809522,10
,Serranilla Bank,2008.0,0.05333333333333333,8
,Bajo Nuevo Bank,2008.0,1.5204460966542752,8
COM,Comores,2008.0,27.8307818871164,261
COG,Republic of the Congo,2008.0,62.73901025412394,65
COD,Democratic Republic of the Congo,2008.0,68.16975881261597,33
CRI,Costa Rica,2008.0,14.83883896228015,841
HRV,Croatia,2008.0,66.90047454149034,122
CUB,Cuba,2008.0,11.837319839300298,589
CYP,Cyprus,2008.0,72.45436769933976,195
BEN,Benin,2008.0,50.08328355661746,61
FRO,Faeroe,2008.0,91.74440567158217,823
DNK,Denmark,2008.0,194.26248366900245,323
GRL,Greenland,2008.0,51.764376257294856,12225
DMA,Dominica,2008.0,4.684941224158897,63
DOM,Dominican Republic,2008.0,1.2970529081649202,554
,Galapagos,2008.0,130.38591565354966,1181
ECU,Ecuador,2008.0,111.6119641102219,334
SLV,El Salvador,2008.0,10.72656225674876,149
GNQ,Equatorial Guinea,2008.0,65.85509395170453,464
ERI,Eritrea,2008.0,8.260359012715035,141
EST,Estonia,2008.0,228.53372893425114,118
FJI,Fiji,2008.0,89.67471279556833,1987
FIN,Finland,2008.0,192.38046329072154,277
PYF,French Polynesia,2008.0,24.241415914072444,6856
ATF,Amsterdam and Saint Paul Islands,2008.0,27.528033627419276,912
ATF,Crozet Islands,2008.0,21.59072719496016,1148
ATF,Kerguélen,2008.0,17.993321562072857,1159
NCL,New Caledonia,2008.0,74.80752735876958,1764
REU,Réunion,2008.0,21.936868105600496,491
ATF,Europa Island,2008.0,13.186584209619028,215
ATF,Juan de Nova Island,2008.0,23.63855256544981,108
ATF,Bassas da India,2008.0,12.75273395690819,198
,Clipperton Island,2008.0,6.397983452930298,628
GLP,Guadeloupe,2008.0,4.7799867042324875,157
BLM,Saint-Barthélemy,2008.0,4.80095759233926,14
MAF,Collectivity of Saint Martin,2008.0,3.771052631578947,7
SPM,Saint-Pierre and Miquelon,2008.0,82.11120514556534,43
MTQ,Martinique,2008.0,6.287064130699829,96
GUF,French Guiana,2008.0,76.30294278177021,204
WLF,Wallis and Futuna,2008.0,3.237079084761204,380
FRA,France,2008.0,56.136945057526695,758
DJI,Djibouti,2008.0,18.89756545705099,17
GAB,Gabon,2008.0,56.967207704539334,299
GEO,Georgia,2008.0,70.81117472434266,48
GMB,Gambia,2008.0,112.46029216467464,45
DEU,Germany,2008.0,151.2413455828414,154
GHA,Ghana,2008.0,29.376670555791254,330
KIR,Phoenix Group,2008.0,0.0,1049
KIR,Line Group,2008.0,0.1668578564479359,2315
KIR,Gilbert Islands,2008.0,0.07149034709877707,1489
GRC,Greece,2008.0,61.597421285009574,870
GRD,Grenada,2008.0,28.987036824595613,53
GTM,Guatemala,2008.0,17.598103125834896,178
GIN,Guinea,2008.0,97.67433128620073,157
GUY,Guyana,2008.0,56.30673261642414,205
HTI,Haiti,2008.0,13.187258254386462,178
HND,Honduras,2008.0,8.180799376313855,332
ISL,Iceland,2008.0,144.0130460046932,2449
,Andaman and Nicobar,2008.0,16.703398283047772,960
IND,India,2008.0,23.407538164070676,2390
IDN,Indonesia,2008.0,15.68816044013129,8462
IRN,Iran,2008.0,62.13175118661005,399
IRQ,Iraq,2008.0,106.7690631808279,4
IRL,Ireland,2008.0,62.43408795775256,992
ISR,Israel,2008.0,99.59422160444798,53
ITA,Italy,2008.0,62.71648790000886,1037
CIV,Ivory Coast,2008.0,47.85537829005163,248
JAM,Jamaica,2008.0,2.048310966107206,401
JPN,Japan,2008.0,96.89819959948014,6497
KAZ,Kazakhstan,2008.0,137.08176948940502,243
KEN,Kenya,2008.0,12.48266407861216,191
PRK,North Korea,2008.0,199.30957929076814,227
KOR,South Korea,2008.0,111.72690832790683,634
KWT,Kuwait,2008.0,67.45702082221035,24
LBN,Lebanon,2008.0,139.25262870408307,38
LVA,Latvia,2008.0,190.0194010171407,89
LBR,Liberia,2008.0,60.9351039123444,367
LBY,Libya,2008.0,90.9398484024329,626
LTU,Lithuania,2008.0,219.38928754484874,23
MDG,Madagascar,2008.0,28.444850984566255,1821
MYS,Malaysia,2008.0,9.267024081560912,829
MDV,Maldives,2008.0,21.818636216391315,1290
MLT,Malta,2008.0,104.36988657493487,110
MRT,Mauritania,2008.0,103.77736893573999,267
MUS,Republic of Mauritius,2008.0,10.956177149898659,1862
,Chagos Archipelago,2008.0,79.41340938887227,920
MEX,Mexico,2008.0,28.46322245845935,4729
MCO,Monaco,2008.0,73.21705426356588,7
MNE,Montenegro,2008.0,78.92805755395682,18
MAR,Morocco,2008.0,62.26188365951597,503
MOZ,Mozambique,2008.0,22.50404484108843,900
OMN,Oman,2008.0,15.966603384149021,834
NAM,Namibia,2008.0,43.489957651862,860
NRU,Nauru,2008.0,0.23414903832164582,448
ABW,Aruba,2008.0,8.280155642023349,61
BES,Bonaire,2008.0,17.48168950797574,35
CUW,Curaçao,2008.0,11.439235111162306,52
BES,Saba,2008.0,7.1086628433444,21
BES,Sint-Eustatius,2008.0,3.4848084544253637,10
SXM,Sint-Maarten,2008.0,2.858024691358025,4
NLD,Netherlands,2008.0,133.36675782436942,153
VUT,Vanuatu,2008.0,89.29470151483805,943
COK,Cook Islands,2008.0,19.795696417152154,2825
NIU,Niue,2008.0,41.29778315697671,487
TKL,Tokelau,2008.0,0.00847645839502517,469
NZL,New Zealand,2008.0,25.89567810487435,7834
NIC,Nicaragua,2008.0,11.736845750058873,349
NGA,Nigeria,2008.0,53.22871298929051,262
SJM,Svalbard,2008.0,46.666234822329606,5479
NOR,Norway,2008.0,114.30825597648389,3357
SJM,Jan Mayen,2008.0,93.26730477334759,1250
FSM,Micronesia,2008.0,5.160585205427407,4155
MHL,Marshall Islands,2008.0,1.9951235677044985,2797
PLW,Palau,2008.0,19.646258371910964,878
PAK,Pakistan,2008.0,28.648273014999315,345
PAN,Panama,2008.0,19.15746048996966,485
PNG,Papua New Guinea,2008.0,36.21613947534067,3363
PER,Peru,2008.0,71.65760699566552,1237
PHL,Philippines,2008.0,17.593498744476914,2847
POL,Poland,2008.0,189.55910262049898,81
,Azores,2008.0,170.7846903937317,1692
,Madeira,2008.0,69.44726398343529,767
PRT,Portugal,2008.0,71.4253722919943,568
GNB,Guinea-Bissau,2008.0,136.04138573080945,168
,Oecusse,2008.0,0.9094138543516873,6
TLS,East Timor,2008.0,7.562497519152144,130
QAT,Qatar,2008.0,41.59067819267444,63
ROU,Romania,2008.0,134.88699031974178,67
RUS,Russia,2008.0,52.27987309878231,32820
KNA,Saint Kitts and Nevis,2008.0,2.924825704759019,25
LCA,Saint Lucia,2008.0,4.4896760750142075,35
VCT,Saint Vincent and the Grenadines,2008.0,14.577618202355982,69
STP,Sao Tome and Principe,2008.0,21.319024032287643,211
SAU,Saudi Arabia,2008.0,46.14911595258594,364
SEN,Senegal,2008.0,121.10531370629629,261
SYC,Seychelles,2008.0,12.011177797112772,1882
SLE,Sierra Leone,2008.0,61.78783296933042,245
SGP,Singapore,2008.0,9.217391304347826,2
VNM,Vietnam,2008.0,12.66406778328221,1096
SVN,Slovenia,2008.0,64.0,1
SOM,Federal Republic of Somalia,2008.0,7.654537268375855,1163
ZAF,South Africa,2008.0,67.01776879725215,1823
,Prince Edward Islands,2008.0,8.921940735519964,964
,Canary Islands,2008.0,34.24081242504485,744
ESP,Spain,2008.0,61.36015276683674,1070
SDN,Sudan,2008.0,8.913621412156981,110
SUR,Suriname,2008.0,70.04867068336056,199
SWE,Sweden,2008.0,174.5638431474989,502
SYR,Syria,2008.0,132.76936799184506,22
THA,Thailand,2008.0,10.780003860650824,440
TGO,Togo,2008.0,43.20306439100077,36
TON,Tonga,2008.0,69.77486802564677,1005
TTO,Trinidad and Tobago,2008.0,42.10399718397997,132
ARE,United Arab Emirates,2008.0,53.30247612882339,101
TUN,Tunisia,2008.0,108.35325766509436,207
TUR,Turkey,2008.0,119.23084057225762,550
TKM,Turkmenistan,2008.0,93.76292501164414,132
TUV,Tuvalu,2008.0,0.35352189808031015,1137
EGY,Egypt,2008.0,85.07289909605986,451
SHN,Ascension,2008.0,10.928206938819017,639
PCN,Pitcairn,2008.0,15.537826738550772,1289
SHN,Saint Helena,2008.0,28.47111393803888,662
SHN,Tristan da Cunha,2008.0,50.20093139411667,1343
AIA,Anguilla,2008.0,1.9355323747768056,151
VGB,British Virgin Islands,2008.0,0.5787275175199366,140
CYM,Cayman Islands,2008.0,0.563388710681285,197
MSR,Montserrat,2008.0,2.794058610999598,18
TCA,Turks and Caicos Islands,2008.0,3.7899369536746557,161
GGY,Guernsey,2008.0,53.034060670569446,15
JEY,Jersey,2008.0,39.22438611346317,9
GBR,United Kingdom,2008.0,76.62474635118025,1907
BMU,Bermuda,2008.0,40.51535129748167,773
IMN,Isle of Man,2008.0,70.25479696564035,15
TZA,Tanzania,2008.0,13.188089782442654,368
ASM,American Samoa,2008.0,1.1795085321291916,614
UMI,Palmyra Atoll,2008.0,0.3404527691685757,516
PRI,Puerto Rico,2008.0,2.281608342301556,251
VIR,United States Virgin Islands,2008.0,3.2751516967563106,80
UMI,Johnston Atoll,2008.0,0.8265754350397023,658
GUM,Guam,2008.0,8.764744743056333,320
MNP,Northern Mariana Islands,2008.0,51.85053546774137,1128
UMI,Jarvis Island,2008.0,0.0,470
UMI,Howland and Baker Islands,2008.0,0.006979417560761988,629
,Hawaii,2008.0,59.13768754744055,3773
,Alaska,2008.0,33.628899604334265,9728
USA,United States,2008.0,49.59898753878089,4090
URY,Uruguay,2008.0,151.62093856626032,277
VEN,Venezuela,2008.0,22.363940489414837,710
WSM,Samoa,2008.0,0.8013170862825915,208
YEM,Yemen,2008.0,11.697363436409798,788
,Glorioso Islands,2008.0,21.844474484623195,78
BLZ,Belize,2008.0,26.184890656063622,6
KOR,South Korea,2008.0,114.22988577687376,156
PSE,Palestine,2008.0,103.68020304568527,4
BRB,Barbados,2008.0,38.54545454545454,2
IRQ,Iraq,2008.0,117.0,1
,"Abu musa, Greater and Lesser Tunb",2008.0,12.054656755574989,17
FRO,Faeroe,2008.0,152.43179377013968,15
,Doumeira Islands,2008.0,9.058823529411764,2
FRA,France,2008.0,47.0,1
PNG,Papua New Guinea,2008.0,38.79510022271715,12
FLK,Falkland / Malvinas Islands,2008.0,12.35221151605696,1230
SGS,South Georgia and the South Sandwich Islands,2008.0,5.315657610475517,3051
URY,Uruguay,2008.0,117.8936120244246,88
GBR,United Kingdom,2008.0,73.58947568389053,41
MYT,Mayotte,2008.0,14.258629752934995,119
CRI,Costa Rica,2008.0,36.07228289131566,46
PER,Peru,2008.0,156.04378505518366,49
DOM,Dominican Republic,2008.0,2.807029177718832,30
ECU,Ecuador,2008.0,51.58978009808573,40
JAM,Jamaica,2008.0,0.49095363739163234,35
NOR,Norway,2008.0,197.2808988764045,3
FRA,France,2008.0,50.53930933137399,9
GIB,Gibraltar,2008.0,12.88235294117647,2
HRV,Croatia,2008.0,64.0,1
MYS,Malaysia,2008.0,2.5368421052631582,3
EGY,Egypt,2008.0,80.2506257822278,25
,Matthew and Hunter Islands,2008.0,108.56183080362393,306
CAN,Canada,2008.0,80.60484908086843,130
,Navassa Island,2008.0,1.6664610322845983,31
HND,Honduras,2008.0,0.013888888888888888,7
,Melilla,2008.0,97.0,1
,Alhucemas Islands,2008.0,72.0,1
,Ceuta,2008.0,8.0,1
,Peñón de Vélez de la Gomera,2008.0,79.0,1
,Chafarinas Islands,2008.0,128.35714285714286,2
ESH,Western Sahara,2008.0,51.27252497376297,455
UMI,Wake Island / Enenkio,2008.0,96.08259266986585,611
,Kuril Islands,2008.0,98.05119634777643,445
NOR,Norway,2008.0,68.54877728109386,35
UKR,Ukraine,2008.0,110.30676781728191,296
USA,United States,2008.0,57.480246069719755,52
ISL,Iceland,2008.0,107.66066087284203,204
STP,São Tomé and Principe,2008.0,23.84222415291052,68
,Halaib Triangle,2008.0,27.177633436882235,41
,Liancourt Rocks,2008.0,66.43517138599104,7
TWN,Taiwan,2008.0,58.45480201424514,577
PRI,Puerto Rico,2008.0,0.3746163290362185,45
SEN,Senegal,2008.0,146.55009504381283,110
VEN,Venezuela,2008.0,3.0418848167539267,7
,Ile Tromelin,2008.0,4.549029105766397,413
,Senkaku Islands,2008.0,101.47936658517898,132
QAT,Qatar,2008.0,80.0,1
GUY,Guyana,2008.0,39.70727718724447,13
COL,Colombia,2008.0,1.6711409395973156,6
ALB,Albania,2009.0,101.22179239200514,29
DZA,Algeria,2009.0,117.42844325630786,266
AGO,Angola,2009.0,107.02098755097401,725
ATG,Antigua and Barbuda,2009.0,5.315265909960466,188
AZE,Azerbaijan,2009.0,47.51044472376847,154
ARG,Argentina,2009.0,66.9932943399553,2223
CXR,Christmas Island,2009.0,17.70453301755613,478
CCK,Cocos Islands,2009.0,33.55923977195671,676
HMD,Heard and McDonald Islands,2009.0,11.650619966544225,979
NFK,Norfolk Island,2009.0,27.323476095435165,699
AUS,Australia,2009.0,56.3687523947544,10749
,Macquarie Island,2009.0,38.40388980470564,1147
BHS,Bahamas,2009.0,16.76005927176632,981
BHR,Bahrain,2009.0,28.28523738872403,21
BGD,Bangladesh,2009.0,28.62048452220727,166
BRB,Barbados,2009.0,5.826985630822672,288
BEL,Belgium,2009.0,182.59999999999997,11
,Trindade,2009.0,59.976012672550326,714
BRA,Brazil,2009.0,41.491502205224926,4589
BLZ,Belize,2009.0,12.58080386150562,58
SLB,Solomon Islands,2009.0,10.739057670367096,2285
BRN,Brunei,2009.0,16.716987716359576,77
BGR,Bulgaria,2009.0,152.59878928387428,80
MMR,Myanmar,2009.0,27.760199576906437,725
KHM,Cambodia,2009.0,6.486554829159985,87
CMR,Cameroon,2009.0,57.66556655665566,28
CAN,Canada,2009.0,43.00056310976786,21648
CPV,Cape Verde,2009.0,50.81967537324168,1161
LKA,Sri Lanka,2009.0,19.686674770742414,770
CHL,Chile,2009.0,33.44492597505333,4486
CHL,Islas San Félix and San Ambrosio,2009.0,24.573928891544675,708
,Easter Island,2009.0,22.6071176444634,1139
CHN,China,2009.0,59.54913766739522,1579
CHN,China,2009.0,9.055324760394402,531
COL,Colombia,2009.0,10.19628494273519,1067
,Serrana Bank,2009.0,2.7246673490276354,8
,Quitasueño Bank,2009.0,1.2515873015873014,10
,Serranilla Bank,2009.0,0.2514285714285714,8
,Bajo Nuevo Bank,2009.0,0.02602230483271376,8
COM,Comores,2009.0,74.49005651334146,261
COG,Republic of the Congo,2009.0,79.97200178332591,65
COD,Democratic Republic of the Congo,2009.0,81.55032467532469,33
CRI,Costa Rica,2009.0,30.549047112563535,841
HRV,Croatia,2009.0,94.89654140481387,122
CUB,Cuba,2009.0,31.080406437688463,589
CYP,Cyprus,2009.0,82.97765363128491,195
BEN,Benin,2009.0,29.978837784793928,61
FRO,Faeroe,2009.0,96.83503431748669,823
DNK,Denmark,2009.0,118.94667186996283,323
GRL,Greenland,2009.0,53.32708404450024,12225
DMA,Dominica,2009.0,13.132752330766111,63
DOM,Dominican Republic,2009.0,1.671424400687709,554
,Galapagos,2009.0,135.0911021478557,1181
ECU,Ecuador,2009.0,70.73608505315823,334
SLV,El Salvador,2009.0,42.56580627082231,149
GNQ,Equatorial Guinea,2009.0,64.788018068776,464
ERI,Eritrea,2009.0,14.994577412116685,141
EST,Estonia,2009.0,134.82639449323528,118
FJI,Fiji,2009.0,28.56439105528881,1987
FIN,Finland,2009.0,111.61806943858562,277
PYF,French Polynesia,2009.0,37.86194517203788,6856
ATF,Amsterdam and Saint Paul Islands,2009.0,7.83735045498637,912
ATF,Crozet Islands,2009.0,14.123208473187807,1148
ATF,Kerguélen,2009.0,10.404248530707399,1159
NCL,New Caledonia,2009.0,26.900838175382347,1764
REU,Réunion,2009.0,77.43380491173392,491
ATF,Europa Island,2009.0,57.869052749525935,215
ATF,Juan de Nova Island,2009.0,73.41499520263169,108
ATF,Bassas da India,2009.0,66.17208804504628,198
,Clipperton Island,2009.0,30.984530319354395,628
GLP,Guadeloupe,2009.0,17.880369748963247,157
BLM,Saint-Barthélemy,2009.0,4.4958960328317366,14
MAF,Collectivity of Saint Martin,2009.0,8.66842105263158,7
SPM,Saint-Pierre and Miquelon,2009.0,110.29265402843606,43
MTQ,Martinique,2009.0,8.620153621068027,96
GUF,French Guiana,2009.0,8.716956244883107,204
WLF,Wallis and Futuna,2009.0,5.125337257787589,380
FRA,France,2009.0,81.0196227534915,758
DJI,Djibouti,2009.0,31.355994487827285,17
GAB,Gabon,2009.0,84.48078365485583,299
GEO,Georgia,2009.0,122.87224342663274,48
GMB,Gambia,2009.0,22.033200531208497,45
DEU,Germany,2009.0,119.98543333216895,154
GHA,Ghana,2009.0,16.461272274077213,330
KIR,Phoenix Group,2009.0,72.11154579195504,1049
KIR,Line Group,2009.0,72.70550481362629,2315
KIR,Gilbert Islands,2009.0,79.77500978953212,1489
GRC,Greece,2009.0,80.72225241592781,870
GRD,Grenada,2009.0,3.9785476654812433,53
GTM,Guatemala,2009.0,42.06484103660166,178
GIN,Guinea,2009.0,13.143697063189451,157
GUY,Guyana,2009.0,11.807450261664497,205
HTI,Haiti,2009.0,16.958181512416616,178
HND,Honduras,2009.0,8.601996352549737,332
ISL,Iceland,2009.0,140.17268515264897,2449
,Andaman and Nicobar,2009.0,8.53984700602002,960
IND,India,2009.0,25.30454937226028,2390
IDN,Indonesia,2009.0,35.62065903363256,8462
IRN,Iran,2009.0,46.66426430177367,399
IRQ,Iraq,2009.0,69.74074074074075,4
IRL,Ireland,2009.0,46.857012379880516,992
ISR,Israel,2009.0,128.17027402700558,53
ITA,Italy,2009.0,90.46974115769878,1037
CIV,Ivory Coast,2009.0,18.423094493446253,248
JAM,Jamaica,2009.0,2.6614532530579758,401
JPN,Japan,2009.0,64.36486204425358,6497
KAZ,Kazakhstan,2009.0,139.06730393306754,243
KEN,Kenya,2009.0,55.829722188523576,191
PRK,North Korea,2009.0,118.72842435283651,227
KOR,South Korea,2009.0,110.57840966644966,634
KWT,Kuwait,2009.0,40.6011745862253,24
LBN,Lebanon,2009.0,124.47466885156354,38
LVA,Latvia,2009.0,105.86199535380172,89
LBR,Liberia,2009.0,15.299958315964975,367
LBY,Libya,2009.0,82.6155383974173,626
LTU,Lithuania,2009.0,139.0030753459764,23
MDG,Madagascar,2009.0,67.9060029080818,1821
MYS,Malaysia,2009.0,15.55832893888791,829
MDV,Maldives,2009.0,30.976219630709426,1290
MLT,Malta,2009.0,86.23452026775749,110
MRT,Mauritania,2009.0,107.03669633533889,267
MUS,Republic of Mauritius,2009.0,85.88667200872682,1862
,Chagos Archipelago,2009.0,23.77556869149204,920
MEX,Mexico,2009.0,69.83270300882339,4729
MCO,Monaco,2009.0,147.96899224806202,7
MNE,Montenegro,2009.0,111.92162059825822,18
MAR,Morocco,2009.0,117.72535542451979,503
MOZ,Mozambique,2009.0,57.830126612470416,900
OMN,Oman,2009.0,51.43134708995255,834
NAM,Namibia,2009.0,67.6663869628583,860
NRU,Nauru,2009.0,41.26923114227796,448
ABW,Aruba,2009.0,8.952529182879378,61
BES,Bonaire,2009.0,12.564142889238372,35
CUW,Curaçao,2009.0,8.574472986983064,52
BES,Saba,2009.0,11.94536673709629,21
BES,Sint-Eustatius,2009.0,11.672391017173057,10
SXM,Sint-Maarten,2009.0,7.290123456790124,4
NLD,Netherlands,2009.0,132.44372531145544,153
VUT,Vanuatu,2009.0,24.14310737190537,943
COK,Cook Islands,2009.0,38.46865668139234,2825
NIU,Niue,2009.0,42.79129993681421,487
TKL,Tokelau,2009.0,45.872501480604086,469
NZL,New Zealand,2009.0,17.88861742255798,7834
NIC,Nicaragua,2009.0,11.492486253652997,349
NGA,Nigeria,2009.0,35.756542318628355,262
SJM,Svalbard,2009.0,54.99441164788939,5479
NOR,Norway,2009.0,114.0749130433703,3357
SJM,Jan Mayen,2009.0,117.07991478448751,1250
FSM,Micronesia,2009.0,8.489660856298762,4155
MHL,Marshall Islands,2009.0,21.17668267106543,2797
PLW,Palau,2009.0,23.867059369291876,878
PAK,Pakistan,2009.0,65.6409797715701,345
PAN,Panama,2009.0,12.061160168455377,485
PNG,Papua New Guinea,2009.0,29.33518080762449,3363
PER,Peru,2009.0,72.91038178487089,1237
PHL,Philippines,2009.0,16.57214428857714,2847
POL,Poland,2009.0,115.98033054735122,81
,Azores,2009.0,46.128828629676015,1692
,Madeira,2009.0,111.92200780367251,767
PRT,Portugal,2009.0,85.44140774909135,568
GNB,Guinea-Bissau,2009.0,26.240894857110625,168
,Oecusse,2009.0,38.67140319715808,6
TLS,East Timor,2009.0,48.27043226293017,130
QAT,Qatar,2009.0,24.302557704304427,63
ROU,Romania,2009.0,170.83396890583745,67
RUS,Russia,2009.0,51.55370283589766,32820
KNA,Saint Kitts and Nevis,2009.0,12.484086086692942,25
LCA,Saint Lucia,2009.0,3.1346845993559387,35
VCT,Saint Vincent and the Grenadines,2009.0,5.9432790059706315,69
STP,Sao Tome and Principe,2009.0,54.49862410566867,211
SAU,Saudi Arabia,2009.0,89.87816700880735,364
SEN,Senegal,2009.0,42.01087859926487,261
SYC,Seychelles,2009.0,59.09609664932437,1882
SLE,Sierra Leone,2009.0,2.7834649343861413,245
SGP,Singapore,2009.0,18.08695652173913,2
VNM,Vietnam,2009.0,11.742022489580869,1096
SVN,Slovenia,2009.0,66.0,1
SOM,Federal Republic of Somalia,2009.0,57.63976056124917,1163
ZAF,South Africa,2009.0,66.17736720229827,1823
,Prince Edward Islands,2009.0,16.110080008353233,964
,Canary Islands,2009.0,107.31710343517348,744
ESP,Spain,2009.0,84.33989383859674,1070
SDN,Sudan,2009.0,29.37583922858558,110
SUR,Suriname,2009.0,13.111004098819627,199
SWE,Sweden,2009.0,82.92006671154293,502
SYR,Syria,2009.0,143.78975535168198,22
THA,Thailand,2009.0,11.872791555334304,440
TGO,Togo,2009.0,23.28161365399535,36
TON,Tonga,2009.0,32.27735112997096,1005
TTO,Trinidad and Tobago,2009.0,6.079904568210263,132
ARE,United Arab Emirates,2009.0,43.885418352484216,101
TUN,Tunisia,2009.0,111.67745184748425,207
TUR,Turkey,2009.0,148.01546344419748,550
TKM,Turkmenistan,2009.0,76.87630026393418,132
TUV,Tuvalu,2009.0,15.416181933898729,1137
EGY,Egypt,2009.0,97.29123956576274,451
SHN,Ascension,2009.0,12.422244723939459,639
PCN,Pitcairn,2009.0,2.3259210961676944,1289
SHN,Saint Helena,2009.0,27.328399059404024,662
SHN,Tristan da Cunha,2009.0,56.58110812971352,1343
AIA,Anguilla,2009.0,4.015349434576948,151
VGB,British Virgin Islands,2009.0,7.470466392791799,140
CYM,Cayman Islands,2009.0,16.98015512040982,197
MSR,Montserrat,2009.0,23.77238057005219,18
TCA,Turks and Caicos Islands,2009.0,1.2601955349800502,161
GGY,Guernsey,2009.0,63.27514635444385,15
JEY,Jersey,2009.0,87.36240474174431,9
GBR,United Kingdom,2009.0,82.93218035594604,1907
BMU,Bermuda,2009.0,57.24257623629001,773
IMN,Isle of Man,2009.0,57.91521642124053,15
TZA,Tanzania,2009.0,63.93127109665659,368
ASM,American Samoa,2009.0,14.248418846062723,614
UMI,Palmyra Atoll,2009.0,50.59796523379598,516
PRI,Puerto Rico,2009.0,6.309496418896355,251
VIR,United States Virgin Islands,2009.0,7.122256348790172,80
UMI,Johnston Atoll,2009.0,2.3527557929483924,658
GUM,Guam,2009.0,11.033382997863486,320
MNP,Northern Mariana Islands,2009.0,32.403332213888596,1128
UMI,Jarvis Island,2009.0,98.52225995620384,470
UMI,Howland and Baker Islands,2009.0,95.05183243923797,629
,Hawaii,2009.0,39.917134601039926,3773
,Alaska,2009.0,20.414138755158103,9728
USA,United States,2009.0,65.07735339228915,4090
URY,Uruguay,2009.0,166.99435900073723,277
VEN,Venezuela,2009.0,15.508845040035451,710
WSM,Samoa,2009.0,10.317579069975814,208
YEM,Yemen,2009.0,28.027796153998377,788
,Glorioso Islands,2009.0,63.68158161541062,78
BLZ,Belize,2009.0,23.318091451292247,6
KOR,South Korea,2009.0,87.59480519480515,156
PSE,Palestine,2009.0,102.54568527918781,4
BRB,Barbados,2009.0,4.909090909090909,2
IRQ,Iraq,2009.0,74.0,1
,"Abu musa, Greater and Lesser Tunb",2009.0,12.494971578487101,17
FRO,Faeroe,2009.0,174.8625134264232,15
,Doumeira Islands,2009.0,21.435294117647057,2
FRA,France,2009.0,96.0,1
PNG,Papua New Guinea,2009.0,58.00890868596882,12
FLK,Falkland / Malvinas Islands,2009.0,8.999393494976628,1230
SGS,South Georgia and the South Sandwich Islands,2009.0,25.242107447873792,3051
URY,Uruguay,2009.0,156.83384217942702,88
GBR,United Kingdom,2009.0,84.07351823708204,41
MYT,Mayotte,2009.0,62.803443140003516,119
CRI,Costa Rica,2009.0,57.773964291905,46
PER,Peru,2009.0,117.59019359507873,49
DOM,Dominican Republic,2009.0,4.971264367816092,30
ECU,Ecuador,2009.0,8.525391551969618,40
JAM,Jamaica,2009.0,0.5228043724085942,35
NOR,Norway,2009.0,92.83146067415733,3
FRA,France,2009.0,92.23585598824394,9
GIB,Gibraltar,2009.0,23.424836601307184,2
HRV,Croatia,2009.0,66.0,1
MYS,Malaysia,2009.0,2.9263157894736844,3
EGY,Egypt,2009.0,83.96464330413019,25
,Matthew and Hunter Islands,2009.0,60.18872808565714,306
CAN,Canada,2009.0,11.513919358499129,130
,Navassa Island,2009.0,3.0590170676537127,31
HND,Honduras,2009.0,12.20138888888889,7
,Melilla,2009.0,128.0,1
,Alhucemas Islands,2009.0,142.0,1
,Ceuta,2009.0,18.0,1
,Peñón de Vélez de la Gomera,2009.0,151.0,1
,Chafarinas Islands,2009.0,149.35714285714283,2
ESH,Western Sahara,2009.0,95.86678392350449,455
UMI,Wake Island / Enenkio,2009.0,65.05481605118577,611
,Kuril Islands,2009.0,94.23864794358623,445
NOR,Norway,2009.0,30.6836707862214,35
UKR,Ukraine,2009.0,154.02120604315624,296
USA,United States,2009.0,12.91729323308271,52
ISL,Iceland,2009.0,152.4876469064274,204
STP,São Tomé and Principe,2009.0,22.62684622067767,68
,Halaib Triangle,2009.0,79.63174244563682,41
,Liancourt Rocks,2009.0,29.508196721311478,7
TWN,Taiwan,2009.0,33.21691871081984,577
PRI,Puerto Rico,2009.0,1.60036832412523,45
SEN,Senegal,2009.0,15.091381148871067,110
VEN,Venezuela,2009.0,2.924083769633507,7
,Ile Tromelin,2009.0,71.06838380860114,413
,Senkaku Islands,2009.0,67.66782208924728,132
QAT,Qatar,2009.0,68.0,1
GUY,Guyana,2009.0,3.091578086672117,13
COL,Colombia,2009.0,5.100671140939596,6
ALB,Albania,2010.0,67.92456479690522,29
DZA,Algeria,2010.0,68.47687406159591,266
AGO,Angola,2010.0,96.10853134978053,725
ATG,Antigua and Barbuda,2010.0,116.17734982782815,188
AZE,Azerbaijan,2010.0,181.91252169749202,154
ARG,Argentina,2010.0,27.923171418824918,2223
CXR,Christmas Island,2010.0,75.0699643853558,478
CCK,Cocos Islands,2010.0,88.90701835899236,676
HMD,Heard and McDonald Islands,2010.0,8.483720489075138,979
NFK,Norfolk Island,2010.0,39.681638681876755,699
AUS,Australia,2010.0,98.41718977887915,10749
,Macquarie Island,2010.0,25.743068932368875,1147
BHS,Bahamas,2010.0,37.398334410602075,981
BHR,Bahrain,2010.0,168.21958456973292,21
BGD,Bangladesh,2010.0,85.22683714670256,166
BRB,Barbados,2010.0,175.27134059687353,288
BEL,Belgium,2010.0,49.88108108108107,11
,Trindade,2010.0,115.42540584318911,714
BRA,Brazil,2010.0,102.14707332612086,4589
BLZ,Belize,2010.0,53.68931588229834,58
SLB,Solomon Islands,2010.0,28.511470853323836,2285
BRN,Brunei,2010.0,30.920993858179784,77
BGR,Bulgaria,2010.0,170.0627897990727,80
MMR,Myanmar,2010.0,85.78651552231908,725
KHM,Cambodia,2010.0,55.88337239422723,87
CMR,Cameroon,2010.0,63.71771177117711,28
CAN,Canada,2010.0,70.12586730002884,21648
CPV,Cape Verde,2010.0,226.74513131778048,1161
LKA,Sri Lanka,2010.0,41.164253183277225,770
CHL,Chile,2010.0,3.306849765219213,4486
CHL,Islas San Félix and San Ambrosio,2010.0,0.28406931580519873,708
,Easter Island,2010.0,6.086964834615328,1139
CHN,China,2010.0,46.99192518875359,1579
CHN,China,2010.0,41.8609598014204,531
COL,Colombia,2010.0,116.86408266375747,1067
,Serrana Bank,2010.0,106.971340839304,8
,Quitasueño Bank,2010.0,97.59682539682538,10
,Serranilla Bank,2010.0,93.76571428571428,8
,Bajo Nuevo Bank,2010.0,91.7100371747212,8
COM,Comores,2010.0,86.93808569997857,261
COG,Republic of the Congo,2010.0,69.24957646009808,65
COD,Democratic Republic of the Congo,2010.0,81.80125231910945,33
CRI,Costa Rica,2010.0,51.2454385234741,841
HRV,Croatia,2010.0,60.91449702877172,122
CUB,Cuba,2010.0,22.680168783192823,589
CYP,Cyprus,2010.0,152.36124936516,195
BEN,Benin,2010.0,63.867650823449104,61
FRO,Faeroe,2010.0,88.17389453547896,823
DNK,Denmark,2010.0,52.033425522167754,323
GRL,Greenland,2010.0,87.74655118850279,12225
DMA,Dominica,2010.0,173.3594446696392,63
DOM,Dominican Republic,2010.0,53.382027119083915,554
,Galapagos,2010.0,55.336370309137315,1181
ECU,Ecuador,2010.0,96.51539865477146,334
SLV,El Salvador,2010.0,71.76915652146836,149
GNQ,Equatorial Guinea,2010.0,31.166543111032034,464
ERI,Eritrea,2010.0,48.3466716529544,141
EST,Estonia,2010.0,86.32732019938291,118
FJI,Fiji,2010.0,83.24799947981228,1987
FIN,Finland,2010.0,81.09230966747984,277
PYF,French Polynesia,2010.0,32.208608308260025,6856
ATF,Amsterdam and Saint Paul Islands,2010.0,60.101302600582,912
ATF,Crozet Islands,2010.0,14.5945730420977,1148
ATF,Kerguélen,2010.0,14.968065319618724,1159
NCL,New Caledonia,2010.0,88.6893527396933,1764
REU,Réunion,2010.0,91.0265771907147,491
ATF,Europa Island,2010.0,131.65417600413727,215
ATF,Juan de Nova Island,2010.0,135.88449764700505,108
ATF,Bassas da India,2010.0,118.23253757736516,198
,Clipperton Island,2010.0,8.52253369381823,628
GLP,Guadeloupe,2010.0,189.99585298679918,157
BLM,Saint-Barthélemy,2010.0,96.64295485636111,14
MAF,Collectivity of Saint Martin,2010.0,119.55526315789473,7
SPM,Saint-Pierre and Miquelon,2010.0,110.31635071090047,43
MTQ,Martinique,2010.0,169.5017069007559,96
GUF,French Guiana,2010.0,124.98055580824163,204
WLF,Wallis and Futuna,2010.0,45.73647756870711,380
FRA,France,2010.0,52.50428127183142,758
DJI,Djibouti,2010.0,81.66100137804317,17
GAB,Gabon,2010.0,42.43441540907866,299
GEO,Georgia,2010.0,239.23250636132317,48
GMB,Gambia,2010.0,151.08592297476744,45
DEU,Germany,2010.0,52.6268906975932,154
GHA,Ghana,2010.0,58.93909100551547,330
KIR,Phoenix Group,2010.0,79.31384893168823,1049
KIR,Line Group,2010.0,71.28993748820191,2315
KIR,Gilbert Islands,2010.0,37.493944575754064,1489
GRC,Greece,2010.0,129.98622131813633,870
GRD,Grenada,2010.0,171.75278192038544,53
GTM,Guatemala,2010.0,36.97860005343307,178
GIN,Guinea,2010.0,126.55522891987077,157
GUY,Guyana,2010.0,162.51498222447944,205
HTI,Haiti,2010.0,72.37558159089635,178
HND,Honduras,2010.0,72.59162478595593,332
ISL,Iceland,2010.0,175.80726846384204,2449
,Andaman and Nicobar,2010.0,73.18671855519538,960
IND,India,2010.0,73.5173340054604,2390
IDN,Indonesia,2010.0,75.24040998558901,8462
IRN,Iran,2010.0,179.63875843117665,399
IRQ,Iraq,2010.0,201.53812636165577,4
IRL,Ireland,2010.0,56.82066487749977,992
ISR,Israel,2010.0,229.5834988085782,53
ITA,Italy,2010.0,43.31297757291021,1037
CIV,Ivory Coast,2010.0,49.40605123519694,248
JAM,Jamaica,2010.0,71.27580639736298,401
JPN,Japan,2010.0,89.30589038112706,6497
KAZ,Kazakhstan,2010.0,218.3310657596373,243
KEN,Kenya,2010.0,37.08933640664805,191
PRK,North Korea,2010.0,110.85165021395586,227
KOR,South Korea,2010.0,118.63485999565886,634
KWT,Kuwait,2010.0,201.3232781633742,24
LBN,Lebanon,2010.0,238.8881605899222,38
LVA,Latvia,2010.0,80.43755886230932,89
LBR,Liberia,2010.0,51.15917346513427,367
LBY,Libya,2010.0,76.3721840363382,626
LTU,Lithuania,2010.0,84.36776012301384,23
MDG,Madagascar,2010.0,99.6372405534859,1821
MYS,Malaysia,2010.0,62.05569813089588,829
MDV,Maldives,2010.0,23.338675089083246,1290
MLT,Malta,2010.0,41.178830420230554,110
MRT,Mauritania,2010.0,244.90830888568456,267
MUS,Republic of Mauritius,2010.0,76.16024384933593,1862
,Chagos Archipelago,2010.0,39.4982496492398,920
MEX,Mexico,2010.0,23.081982113697975,4729
MCO,Monaco,2010.0,84.96124031007751,7
MNE,Montenegro,2010.0,76.64596743657704,18
MAR,Morocco,2010.0,94.71502731252029,503
MOZ,Mozambique,2010.0,100.68295203832162,900
OMN,Oman,2010.0,90.85772814037335,834
NAM,Namibia,2010.0,58.06518080152316,860
NRU,Nauru,2010.0,14.986634465233122,448
ABW,Aruba,2010.0,151.18151750972763,61
BES,Bonaire,2010.0,142.91395192091662,35
CUW,Curaçao,2010.0,145.3312982375302,52
BES,Saba,2010.0,159.85753093872623,21
BES,Sint-Eustatius,2010.0,147.26816380449142,10
SXM,Sint-Maarten,2010.0,119.21604938271608,4
NLD,Netherlands,2010.0,29.63956244302643,153
VUT,Vanuatu,2010.0,78.91924694848626,943
COK,Cook Islands,2010.0,80.58569764917782,2825
NIU,Niue,2010.0,132.42813281479442,487
TKL,Tokelau,2010.0,34.12475014806041,469
NZL,New Zealand,2010.0,32.48940060582914,7834
NIC,Nicaragua,2010.0,100.43693300646811,349
NGA,Nigeria,2010.0,60.75002128275414,262
SJM,Svalbard,2010.0,49.15109426943318,5479
NOR,Norway,2010.0,65.47665143115341,3357
SJM,Jan Mayen,2010.0,92.69360446136189,1250
FSM,Micronesia,2010.0,10.211766440227878,4155
MHL,Marshall Islands,2010.0,0.9897728946360723,2797
PLW,Palau,2010.0,46.671473166394435,878
PAK,Pakistan,2010.0,145.73665511590377,345
PAN,Panama,2010.0,89.41123941493457,485
PNG,Papua New Guinea,2010.0,55.75459918484211,3363
PER,Peru,2010.0,35.00878239259185,1237
PHL,Philippines,2010.0,47.90457269961607,2847
POL,Poland,2010.0,65.13818890215548,81
,Azores,2010.0,25.86782354530494,1692
,Madeira,2010.0,24.059690858793598,767
PRT,Portugal,2010.0,44.206248636120776,568
GNB,Guinea-Bissau,2010.0,147.72240246001084,168
,Oecusse,2010.0,60.03730017761989,6
TLS,East Timor,2010.0,99.26300956614931,130
QAT,Qatar,2010.0,165.31592549683623,63
ROU,Romania,2010.0,180.66537107656205,67
RUS,Russia,2010.0,44.076293393174716,32820
KNA,Saint Kitts and Nevis,2010.0,153.12640193998183,25
LCA,Saint Lucia,2010.0,157.93881416935028,35
VCT,Saint Vincent and the Grenadines,2010.0,157.5691463611425,69
STP,Sao Tome and Principe,2010.0,25.112685745734726,211
SAU,Saudi Arabia,2010.0,164.1261240977418,364
SEN,Senegal,2010.0,179.9321241896458,261
SYC,Seychelles,2010.0,65.88118818473995,1882
SLE,Sierra Leone,2010.0,85.57295925034067,245
SGP,Singapore,2010.0,107.17391304347825,2
VNM,Vietnam,2010.0,83.09082330738377,1096
SVN,Slovenia,2010.0,56.0,1
SOM,Federal Republic of Somalia,2010.0,60.826532382172005,1163
ZAF,South Africa,2010.0,84.54113234230162,1823
,Prince Edward Islands,2010.0,22.651757007800715,964
,Canary Islands,2010.0,121.036863103649,744
ESP,Spain,2010.0,68.77131579924195,1070
SDN,Sudan,2010.0,60.36507006713829,110
SUR,Suriname,2010.0,159.9705467332631,199
SWE,Sweden,2010.0,61.395306079390785,502
SYR,Syria,2010.0,199.5731396534149,22
THA,Thailand,2010.0,86.06506212599948,440
TGO,Togo,2010.0,59.60570209464701,36
TON,Tonga,2010.0,106.62857831182716,1005
TTO,Trinidad and Tobago,2010.0,171.1328222778473,132
ARE,United Arab Emirates,2010.0,170.41047634460804,101
TUN,Tunisia,2010.0,59.7637578616352,207
TUR,Turkey,2010.0,187.37075535802828,550
TKM,Turkmenistan,2010.0,184.84866480360196,132
TUV,Tuvalu,2010.0,25.406254162781394,1137
EGY,Egypt,2010.0,177.85689416547723,451
SHN,Ascension,2010.0,70.89036186314218,639
PCN,Pitcairn,2010.0,4.623234525130242,1289
SHN,Saint Helena,2010.0,48.70508718502243,662
SHN,Tristan da Cunha,2010.0,28.79268889701372,1343
AIA,Anguilla,2010.0,63.526109701469125,151
VGB,British Virgin Islands,2010.0,57.65008457900368,140
CYM,Cayman Islands,2010.0,29.959831474122662,197
MSR,Montserrat,2010.0,174.2420714572461,18
TCA,Turks and Caicos Islands,2010.0,24.97338044041056,161
GGY,Guernsey,2010.0,16.641830761043106,15
JEY,Jersey,2010.0,39.084674005080444,9
GBR,United Kingdom,2010.0,56.8389399806389,1907
BMU,Bermuda,2010.0,41.65982378999358,773
IMN,Isle of Man,2010.0,22.253904506916555,15
TZA,Tanzania,2010.0,54.05436469805604,368
ASM,American Samoa,2010.0,65.13170420037754,614
UMI,Palmyra Atoll,2010.0,16.794923190944612,516
PRI,Puerto Rico,2010.0,105.0037666530597,251
VIR,United States Virgin Islands,2010.0,146.2826428945988,80
UMI,Johnston Atoll,2010.0,0.7135235941622151,658
GUM,Guam,2010.0,7.618463960418303,320
MNP,Northern Mariana Islands,2010.0,17.963476249113786,1128
UMI,Jarvis Island,2010.0,109.49266971012878,470
UMI,Howland and Baker Islands,2010.0,82.90707110794833,629
,Hawaii,2010.0,32.28153279769704,3773
,Alaska,2010.0,26.691961561960387,9728
USA,United States,2010.0,59.87868123384341,4090
URY,Uruguay,2010.0,130.14803765238415,277
VEN,Venezuela,2010.0,167.28115348311567,710
WSM,Samoa,2010.0,54.34143445927785,208
YEM,Yemen,2010.0,53.75595248192064,788
,Glorioso Islands,2010.0,91.40094626563021,78
BLZ,Belize,2010.0,67.4910536779324,6
KOR,South Korea,2010.0,63.42018463464251,156
PSE,Palestine,2010.0,239.63451776649748,4
BRB,Barbados,2010.0,143.63636363636363,2
IRQ,Iraq,2010.0,206.0,1
,"Abu musa, Greater and Lesser Tunb",2010.0,105.33318758198511,17
FRO,Faeroe,2010.0,233.88936627282496,15
,Doumeira Islands,2010.0,35.129411764705885,2
FRA,France,2010.0,41.0,1
PNG,Papua New Guinea,2010.0,217.18596881959908,12
FLK,Falkland / Malvinas Islands,2010.0,2.446411683274166,1230
SGS,South Georgia and the South Sandwich Islands,2010.0,24.249560308195324,3051
URY,Uruguay,2010.0,114.34934241427904,88
GBR,United Kingdom,2010.0,63.53134498480241,41
MYT,Mayotte,2010.0,88.11174872963028,119
CRI,Costa Rica,2010.0,49.12064482579303,46
PER,Peru,2010.0,78.75809661660941,49
DOM,Dominican Republic,2010.0,128.48032714412028,30
ECU,Ecuador,2010.0,110.75889890840054,40
JAM,Jamaica,2010.0,99.7770448548813,35
NOR,Norway,2010.0,57.932584269662925,3
FRA,France,2010.0,50.01249081557678,9
GIB,Gibraltar,2010.0,39.22222222222222,2
HRV,Croatia,2010.0,56.0,1
MYS,Malaysia,2010.0,77.17894736842105,3
EGY,Egypt,2010.0,135.01408010012517,25
,Matthew and Hunter Islands,2010.0,58.64860571831978,306
CAN,Canada,2010.0,31.509909978061874,130
,Navassa Island,2010.0,29.974706971005563,31
HND,Honduras,2010.0,38.18333333333333,7
,Melilla,2010.0,148.0,1
,Alhucemas Islands,2010.0,151.0,1
,Ceuta,2010.0,30.0,1
,Peñón de Vélez de la Gomera,2010.0,157.0,1
,Chafarinas Islands,2010.0,203.0,2
ESH,Western Sahara,2010.0,240.63008706806085,455
UMI,Wake Island / Enenkio,2010.0,5.046818276653456,611
,Kuril Islands,2010.0,116.66015163249502,445
NOR,Norway,2010.0,16.575861162240333,35
UKR,Ukraine,2010.0,199.199475914723,296
USA,United States,2010.0,50.24442925495556,52
ISL,Iceland,2010.0,118.1511340351869,204
STP,São Tomé and Principe,2010.0,35.391398783666375,68
,Halaib Triangle,2010.0,168.8137531770686,41
,Liancourt Rocks,2010.0,206.79135618479881,7
TWN,Taiwan,2010.0,56.50458896908274,577
PRI,Puerto Rico,2010.0,29.575352977286684,45
SEN,Senegal,2010.0,138.05410542908805,110
VEN,Venezuela,2010.0,102.4895287958115,7
,Ile Tromelin,2010.0,80.39093761846597,413
,Senkaku Islands,2010.0,67.90885540190462,132
QAT,Qatar,2010.0,173.0,1
GUY,Guyana,2010.0,141.39084219133278,13
COL,Colombia,2010.0,114.98993288590603,6
ALB,Albania,2011.0,211.89254244573394,29
DZA,Algeria,2011.0,148.88420551506937,266
AGO,Angola,2011.0,109.33294866122144,725
ATG,Antigua and Barbuda,2011.0,14.991965310547133,188
AZE,Azerbaijan,2011.0,137.15610223259708,154
ARG,Argentina,2011.0,62.095682620477675,2223
CXR,Christmas Island,2011.0,12.020166680123083,478
CCK,Cocos Islands,2011.0,39.80917070597986,676
HMD,Heard and McDonald Islands,2011.0,13.386759101177852,979
NFK,Norfolk Island,2011.0,35.261543344380776,699
AUS,Australia,2011.0,59.09581953130793,10749
,Macquarie Island,2011.0,48.583298914056584,1147
BHS,Bahamas,2011.0,14.932259582195602,981
BHR,Bahrain,2011.0,60.06824925816024,21
BGD,Bangladesh,2011.0,16.170632570659492,166
BRB,Barbados,2011.0,54.18728880467393,288
BEL,Belgium,2011.0,131.6258258258258,11
,Trindade,2011.0,0.14577005990876712,714
BRA,Brazil,2011.0,17.99005620839854,4589
BLZ,Belize,2011.0,18.19029054116774,58
SLB,Solomon Islands,2011.0,18.382072402676993,2285
BRN,Brunei,2011.0,9.496719709659411,77
BGR,Bulgaria,2011.0,107.36978361669246,80
MMR,Myanmar,2011.0,25.109476940215814,725
KHM,Cambodia,2011.0,8.255396570864685,87
CMR,Cameroon,2011.0,15.876787678767878,28
CAN,Canada,2011.0,65.76546536582856,21648
CPV,Cape Verde,2011.0,76.19922762707478,1161
LKA,Sri Lanka,2011.0,15.238315846082312,770
CHL,Chile,2011.0,7.3869798430979445,4486
CHL,Islas San Félix and San Ambrosio,2011.0,3.0566059157454446,708
,Easter Island,2011.0,13.251911961525444,1139
CHN,China,2011.0,33.440789861314116,1579
CHN,China,2011.0,5.283743018685788,531
COL,Colombia,2011.0,38.49183027547672,1067
,Serrana Bank,2011.0,20.976458546571138,8
,Quitasueño Bank,2011.0,18.88174603174603,10
,Serranilla Bank,2011.0,3.1771428571428566,8
,Bajo Nuevo Bank,2011.0,8.327137546468402,8
COM,Comores,2011.0,51.12320266113458,261
COG,Republic of the Congo,2011.0,35.16816763263487,65
COD,Democratic Republic of the Congo,2011.0,41.36410018552875,33
CRI,Costa Rica,2011.0,6.541925505731713,841
HRV,Croatia,2011.0,166.45675687230133,122
CUB,Cuba,2011.0,15.814661827352914,589
CYP,Cyprus,2011.0,109.82976130015233,195
BEN,Benin,2011.0,7.52905538015189,61
FRO,Faeroe,2011.0,63.811626953679294,823
DNK,Denmark,2011.0,84.18358586287053,323
GRL,Greenland,2011.0,49.3971965501143,12225
DMA,Dominica,2011.0,29.44700040535063,63
DOM,Dominican Republic,2011.0,2.414149933499854,554
,Galapagos,2011.0,54.81419694140787,1181
ECU,Ecuador,2011.0,58.04196500363747,334
SLV,El Salvador,2011.0,22.096708908054914,149
GNQ,Equatorial Guinea,2011.0,18.635550415641138,464
ERI,Eritrea,2011.0,9.235003739715781,141
EST,Estonia,2011.0,198.1393781153572,118
FJI,Fiji,2011.0,92.1371575518457,1987
FIN,Finland,2011.0,171.45331328063403,277
PYF,French Polynesia,2011.0,39.2725006471162,6856
ATF,Amsterdam and Saint Paul Islands,2011.0,82.52912836620625,912
ATF,Crozet Islands,2011.0,76.73210648030677,1148
ATF,Kerguélen,2011.0,46.99680943247781,1159
NCL,New Caledonia,2011.0,47.41087051931572,1764
REU,Réunion,2011.0,139.11893337110664,491
ATF,Europa Island,2011.0,97.29328995000863,215
ATF,Juan de Nova Island,2011.0,50.89317859916844,108
ATF,Bassas da India,2011.0,71.39252640886035,198
,Clipperton Island,2011.0,0.5522940255727443,628
GLP,Guadeloupe,2011.0,32.132704422425526,157
BLM,Saint-Barthélemy,2011.0,6.836525307797537,14
MAF,Collectivity of Saint Martin,2011.0,11.618421052631579,7
SPM,Saint-Pierre and Miquelon,2011.0,117.34190927555854,43
MTQ,Martinique,2011.0,28.821445988783225,96
GUF,French Guiana,2011.0,33.11914400072773,204
WLF,Wallis and Futuna,2011.0,15.629676349323145,380
FRA,France,2011.0,114.07554203683438,758
DJI,Djibouti,2011.0,11.772163527790541,17
GAB,Gabon,2011.0,24.821397497824872,299
GEO,Georgia,2011.0,122.20748515691264,48
GMB,Gambia,2011.0,60.739309428950804,45
DEU,Germany,2011.0,70.69794250183392,154
GHA,Ghana,2011.0,3.199551866779804,330
KIR,Phoenix Group,2011.0,0.006548299729160397,1049
KIR,Line Group,2011.0,0.8253644706463185,2315
KIR,Gilbert Islands,2011.0,0.16016237946198417,1489
GRC,Greece,2011.0,119.06516146731056,870
GRD,Grenada,2011.0,69.19754502695884,53
GTM,Guatemala,2011.0,11.489981298423725,178
GIN,Guinea,2011.0,70.54434321972231,157
GUY,Guyana,2011.0,68.46141276746089,205
HTI,Haiti,2011.0,18.010762935142107,178
HND,Honduras,2011.0,23.581531650680052,332
ISL,Iceland,2011.0,94.3596761724863,2449
,Andaman and Nicobar,2011.0,9.247083496598162,960
IND,India,2011.0,23.618265876799786,2390
IDN,Indonesia,2011.0,17.44201063623882,8462
IRN,Iran,2011.0,77.1562078441169,399
IRQ,Iraq,2011.0,102.24618736383442,4
IRL,Ireland,2011.0,11.831179118691018,992
ISR,Israel,2011.0,121.14287132644957,53
ITA,Italy,2011.0,121.26031380196785,1037
CIV,Ivory Coast,2011.0,5.370752363214676,248
JAM,Jamaica,2011.0,11.033791889498055,401
JPN,Japan,2011.0,52.80710363692403,6497
KAZ,Kazakhstan,2011.0,165.72527171788266,243
KEN,Kenya,2011.0,70.99878684944801,191
PRK,North Korea,2011.0,72.97714273609287,227
KOR,South Korea,2011.0,73.59028290282907,634
KWT,Kuwait,2011.0,78.43753336892685,24
LBN,Lebanon,2011.0,145.7029905776321,38
LVA,Latvia,2011.0,156.6650970050857,89
LBR,Liberia,2011.0,13.461323170368612,367
LBY,Libya,2011.0,76.26837573026089,626
LTU,Lithuania,2011.0,155.67196309584824,23
MDG,Madagascar,2011.0,93.87114869231353,1821
MYS,Malaysia,2011.0,11.166947911173606,829
MDV,Maldives,2011.0,28.86066407515386,1290
MLT,Malta,2011.0,65.60013015991072,110
MRT,Mauritania,2011.0,108.54113006149207,267
MUS,Republic of Mauritius,2011.0,25.05575045845201,1862
,Chagos Archipelago,2011.0,36.27532718448833,920
MEX,Mexico,2011.0,21.425201295761642,4729
MCO,Monaco,2011.0,151.8759689922481,7
MNE,Montenegro,2011.0,205.53502461188938,18
MAR,Morocco,2011.0,113.84416488803667,503
MOZ,Mozambique,2011.0,56.56196954940272,900
OMN,Oman,2011.0,22.882972174659738,834
NAM,Namibia,2011.0,71.46840573736306,860
NRU,Nauru,2011.0,2.4802863211802024,448
ABW,Aruba,2011.0,31.48025291828794,61
BES,Bonaire,2011.0,38.53134127162434,35
CUW,Curaçao,2011.0,32.61248704066351,52
BES,Saba,2011.0,19.715967401146997,21
BES,Sint-Eustatius,2011.0,22.334214002642014,10
SXM,Sint-Maarten,2011.0,12.296296296296298,4
NLD,Netherlands,2011.0,83.0850805226375,153
VUT,Vanuatu,2011.0,59.89400271245659,943
COK,Cook Islands,2011.0,38.06307091187497,2825
NIU,Niue,2011.0,154.8669805191916,487
TKL,Tokelau,2011.0,0.004811963281018655,469
NZL,New Zealand,2011.0,36.141807965763846,7834
NIC,Nicaragua,2011.0,29.951662719352925,349
NGA,Nigeria,2011.0,8.40321454718812,262
SJM,Svalbard,2011.0,61.603040847349426,5479
NOR,Norway,2011.0,115.11868555837206,3357
SJM,Jan Mayen,2011.0,75.78834109090664,1250
FSM,Micronesia,2011.0,21.233355957424497,4155
MHL,Marshall Islands,2011.0,27.105369819435047,2797
PLW,Palau,2011.0,39.06300799257764,878
PAK,Pakistan,2011.0,87.91677195791686,345
PAN,Panama,2011.0,26.972041842141014,485
PNG,Papua New Guinea,2011.0,27.36911860584724,3363
PER,Peru,2011.0,21.670775428549817,1237
PHL,Philippines,2011.0,19.515312251008027,2847
POL,Poland,2011.0,115.60189781939296,81
,Azores,2011.0,51.183774224449174,1692
,Madeira,2011.0,27.822675179089256,767
PRT,Portugal,2011.0,88.7876411850135,568
GNB,Guinea-Bissau,2011.0,64.73952661720317,168
,Oecusse,2011.0,0.15452930728241562,6
TLS,East Timor,2011.0,7.417417536617316,130
QAT,Qatar,2011.0,54.56260582835754,63
ROU,Romania,2011.0,125.28468759166907,67
RUS,Russia,2011.0,66.59996621668934,32820
KNA,Saint Kitts and Nevis,2011.0,24.797211276144296,25
LCA,Saint Lucia,2011.0,35.71812843341542,35
VCT,Saint Vincent and the Grenadines,2011.0,46.416491850895596,69
STP,Sao Tome and Principe,2011.0,7.644629425793433,211
SAU,Saudi Arabia,2011.0,41.28105423481887,364
SEN,Senegal,2011.0,73.45148957390607,261
SYC,Seychelles,2011.0,34.99782703268996,1882
SLE,Sierra Leone,2011.0,28.33792537006963,245
SGP,Singapore,2011.0,5.869565217391305,2
VNM,Vietnam,2011.0,6.679102775811898,1096
SVN,Slovenia,2011.0,105.0,1
SOM,Federal Republic of Somalia,2011.0,41.83584716958154,1163
ZAF,South Africa,2011.0,73.40733135564054,1823
,Prince Edward Islands,2011.0,73.8394829694019,964
,Canary Islands,2011.0,63.69687236543695,744
ESP,Spain,2011.0,132.3141164970861,1070
SDN,Sudan,2011.0,3.792141666291171,110
SUR,Suriname,2011.0,42.6262682823034,199
SWE,Sweden,2011.0,120.10168486833518,502
SYR,Syria,2011.0,162.91182466870544,22
THA,Thailand,2011.0,10.83260014833027,440
TGO,Togo,2011.0,7.198021722265323,36
TON,Tonga,2011.0,150.04083280149118,1005
TTO,Trinidad and Tobago,2011.0,67.64154411764707,132
ARE,United Arab Emirates,2011.0,66.91713869558177,101
TUN,Tunisia,2011.0,90.62273977987421,207
TUR,Turkey,2011.0,120.79041707223003,550
TKM,Turkmenistan,2011.0,93.04723645396679,132
TUV,Tuvalu,2011.0,0.5104902091381376,1137
EGY,Egypt,2011.0,77.09665455646385,451
SHN,Ascension,2011.0,18.63683116606267,639
PCN,Pitcairn,2011.0,14.69948162997852,1289
SHN,Saint Helena,2011.0,25.62449404417716,662
SHN,Tristan da Cunha,2011.0,66.3311034820383,1343
AIA,Anguilla,2011.0,2.7506186761895797,151
VGB,British Virgin Islands,2011.0,1.9042703766354818,140
CYM,Cayman Islands,2011.0,8.761334801551204,197
MSR,Montserrat,2011.0,32.03613006824569,18
TCA,Turks and Caicos Islands,2011.0,4.482410988944049,161
GGY,Guernsey,2011.0,75.69185737094197,15
JEY,Jersey,2011.0,100.19983065198986,9
GBR,United Kingdom,2011.0,61.93267601831857,1907
BMU,Bermuda,2011.0,51.63237927314739,773
IMN,Isle of Man,2011.0,81.94243641231591,15
TZA,Tanzania,2011.0,40.20903244881366,368
ASM,American Samoa,2011.0,9.143506321026297,614
UMI,Palmyra Atoll,2011.0,0.1015698692898531,516
PRI,Puerto Rico,2011.0,4.610754443908416,251
VIR,United States Virgin Islands,2011.0,10.778110719904111,80
UMI,Johnston Atoll,2011.0,3.037915708214744,658
GUM,Guam,2011.0,24.97163499381535,320
MNP,Northern Mariana Islands,2011.0,9.646109929474985,1128
UMI,Jarvis Island,2011.0,0.6124039639238392,470
UMI,Howland and Baker Islands,2011.0,0.08230238668710313,629
,Hawaii,2011.0,54.91315014076315,3773
,Alaska,2011.0,31.382009543700065,9728
USA,United States,2011.0,69.39519866291877,4090
URY,Uruguay,2011.0,101.21632974984136,277
VEN,Venezuela,2011.0,52.19147665615746,710
WSM,Samoa,2011.0,6.33585700206075,208
YEM,Yemen,2011.0,9.089794695209179,788
,Glorioso Islands,2011.0,57.46339979722881,78
BLZ,Belize,2011.0,30.14314115308151,6
KOR,South Korea,2011.0,56.20988890627445,156
PSE,Palestine,2011.0,95.25380710659898,4
BRB,Barbados,2011.0,59.45454545454545,2
IRQ,Iraq,2011.0,106.0,1
,"Abu musa, Greater and Lesser Tunb",2011.0,28.557061652820284,17
FRO,Faeroe,2011.0,174.1170784103115,15
,Doumeira Islands,2011.0,2.623529411764706,2
FRA,France,2011.0,131.0,1
PNG,Papua New Guinea,2011.0,36.570155902004466,12
FLK,Falkland / Malvinas Islands,2011.0,22.371749886922775,1230
SGS,South Georgia and the South Sandwich Islands,2011.0,39.5502178580237,3051
URY,Uruguay,2011.0,88.78599107562235,88
GBR,United Kingdom,2011.0,33.48879179331306,41
MYT,Mayotte,2011.0,45.50797266514805,119
CRI,Costa Rica,2011.0,10.5427283758017,46
PER,Peru,2011.0,70.85055183643935,49
DOM,Dominican Republic,2011.0,16.40141467727674,30
ECU,Ecuador,2011.0,38.07024205030844,40
JAM,Jamaica,2011.0,12.384470410855638,35
NOR,Norway,2011.0,117.06741573033709,3
FRA,France,2011.0,149.73842762674505,9
GIB,Gibraltar,2011.0,28.679738562091504,2
HRV,Croatia,2011.0,105.0,1
MYS,Malaysia,2011.0,0.0,3
EGY,Egypt,2011.0,97.48216520650818,25
,Matthew and Hunter Islands,2011.0,93.12991234262854,306
CAN,Canada,2011.0,39.666048869052105,130
,Navassa Island,2011.0,5.125231338679828,31
HND,Honduras,2011.0,12.60138888888889,7
,Melilla,2011.0,170.0,1
,Alhucemas Islands,2011.0,170.0,1
,Ceuta,2011.0,20.0,1
,Peñón de Vélez de la Gomera,2011.0,190.0,1
,Chafarinas Islands,2011.0,195.35714285714283,2
ESH,Western Sahara,2011.0,136.16249465542032,455
UMI,Wake Island / Enenkio,2011.0,47.791355448918594,611
,Kuril Islands,2011.0,99.42195206456609,445
NOR,Norway,2011.0,78.50749408361817,35
UKR,Ukraine,2011.0,118.66154443402029,296
USA,United States,2011.0,56.35187969924811,52
ISL,Iceland,2011.0,66.4713017263713,204
STP,São Tomé and Principe,2011.0,3.5554300608166813,68
,Halaib Triangle,2011.0,33.36557469641343,41
,Liancourt Rocks,2011.0,43.83755588673622,7
TWN,Taiwan,2011.0,34.88969082759547,577
PRI,Puerto Rico,2011.0,0.04573357888275015,45
SEN,Senegal,2011.0,51.124808753303356,110
VEN,Venezuela,2011.0,9.214659685863875,7
,Ile Tromelin,2011.0,15.551093045785777,413
,Senkaku Islands,2011.0,38.6958441274127,132
QAT,Qatar,2011.0,83.0,1
GUY,Guyana,2011.0,54.215044971381836,13
COL,Colombia,2011.0,18.644295302013422,6
ALB,Albania,2012.0,213.26004728132384,29
DZA,Algeria,2012.0,118.60250119017095,266
AGO,Angola,2012.0,54.91686896832139,725
ATG,Antigua and Barbuda,2012.0,9.347532202525192,188
AZE,Azerbaijan,2012.0,198.13937271802237,154
ARG,Argentina,2012.0,71.56653149302988,2223
CXR,Christmas Island,2012.0,14.525634469951822,478
CCK,Cocos Islands,2012.0,76.52721827360172,676
HMD,Heard and McDonald Islands,2012.0,27.82809077896771,979
NFK,Norfolk Island,2012.0,16.801854259364383,699
AUS,Australia,2012.0,49.588524027884205,10749
,Macquarie Island,2012.0,62.70072042896776,1147
BHS,Bahamas,2012.0,12.719268160772465,981
BHR,Bahrain,2012.0,54.87091988130565,21
BGD,Bangladesh,2012.0,17.134885598923287,166
BRB,Barbados,2012.0,12.572145902415917,288
BEL,Belgium,2012.0,67.02162162162162,11
,Trindade,2012.0,0.8987148795273996,714
BRA,Brazil,2012.0,24.40099273857125,4589
BLZ,Belize,2012.0,4.070268263250719,58
SLB,Solomon Islands,2012.0,12.630980796204577,2285
BRN,Brunei,2012.0,32.95205192629816,77
BGR,Bulgaria,2012.0,189.81407779495106,80
MMR,Myanmar,2012.0,30.681145078426404,725
KHM,Cambodia,2012.0,28.207043295917106,87
CMR,Cameroon,2012.0,20.42178217821782,28
CAN,Canada,2012.0,82.67538026459927,21648
CPV,Cape Verde,2012.0,55.0778917239594,1161
LKA,Sri Lanka,2012.0,16.381601133823683,770
CHL,Chile,2012.0,23.074551091936037,4486
CHL,Islas San Félix and San Ambrosio,2012.0,67.29675530325666,708
,Easter Island,2012.0,17.5865640580648,1139
CHN,China,2012.0,51.68929091485532,1579
CHN,China,2012.0,26.759851410053095,531
COL,Colombia,2012.0,25.626611026535535,1067
,Serrana Bank,2012.0,4.996929375639715,8
,Quitasueño Bank,2012.0,1.7865079365079362,10
,Serranilla Bank,2012.0,5.6380952380952385,8
,Bajo Nuevo Bank,2012.0,1.2453531598513012,8
COM,Comores,2012.0,24.49150511481509,261
COG,Republic of the Congo,2012.0,58.47507802050827,65
COD,Democratic Republic of the Congo,2012.0,42.847402597402606,33
CRI,Costa Rica,2012.0,27.764293311547174,841
HRV,Croatia,2012.0,200.3613355564106,122
CUB,Cuba,2012.0,12.56640179776735,589
CYP,Cyprus,2012.0,145.20000000000002,195
BEN,Benin,2012.0,14.512159740592203,61
FRO,Faeroe,2012.0,31.89622244878654,823
DNK,Denmark,2012.0,80.33221914926112,323
GRL,Greenland,2012.0,61.92603329642369,12225
DMA,Dominica,2012.0,9.188589379813541,63
DOM,Dominican Republic,2012.0,3.4098355337853183,554
,Galapagos,2012.0,81.81472428487946,1181
ECU,Ecuador,2012.0,72.00293550816197,334
SLV,El Salvador,2012.0,42.66659401563034,149
GNQ,Equatorial Guinea,2012.0,50.49182061698741,464
ERI,Eritrea,2012.0,14.289640987284969,141
EST,Estonia,2012.0,153.4296225967244,118
FJI,Fiji,2012.0,36.285129973508184,1987
FIN,Finland,2012.0,112.36294774682258,277
PYF,French Polynesia,2012.0,32.822098841365055,6856
ATF,Amsterdam and Saint Paul Islands,2012.0,15.800979260012005,912
ATF,Crozet Islands,2012.0,56.200393646559,1148
ATF,Kerguélen,2012.0,76.83888721706374,1159
NCL,New Caledonia,2012.0,31.402047495014823,1764
REU,Réunion,2012.0,23.564566106556637,491
ATF,Europa Island,2012.0,37.70078434752629,215
ATF,Juan de Nova Island,2012.0,28.38538858683236,108
ATF,Bassas da India,2012.0,30.62334217506631,198
,Clipperton Island,2012.0,14.245393992370198,628
GLP,Guadeloupe,2012.0,10.951913640824339,157
BLM,Saint-Barthélemy,2012.0,8.358413132694936,14
MAF,Collectivity of Saint Martin,2012.0,11.860526315789475,7
SPM,Saint-Pierre and Miquelon,2012.0,323.7070074475288,43
MTQ,Martinique,2012.0,9.836747134845156,96
GUF,French Guiana,2012.0,42.428249795324284,204
WLF,Wallis and Futuna,2012.0,9.75291122090238,380
FRA,France,2012.0,50.8500287478903,758
DJI,Djibouti,2012.0,10.357831878732199,17
GAB,Gabon,2012.0,61.1248537397618,299
GEO,Georgia,2012.0,201.84393553859204,48
GMB,Gambia,2012.0,31.235989375829988,45
DEU,Germany,2012.0,71.01606874628847,154
GHA,Ghana,2012.0,3.7939515273652953,330
KIR,Phoenix Group,2012.0,3.3720573778714007,1049
KIR,Line Group,2012.0,33.12183629314477,2315
KIR,Gilbert Islands,2012.0,16.335523183584,1489
GRC,Greece,2012.0,163.29422299518117,870
GRD,Grenada,2012.0,50.69760238614201,53
GTM,Guatemala,2012.0,46.5339567192092,178
GIN,Guinea,2012.0,20.485053991908483,157
GUY,Guyana,2012.0,29.507849934859895,205
HTI,Haiti,2012.0,15.228908571108247,178
HND,Honduras,2012.0,4.237571522044799,332
ISL,Iceland,2012.0,108.52933765514732,2449
,Andaman and Nicobar,2012.0,10.104170377230794,960
IND,India,2012.0,17.95022675477171,2390
IDN,Indonesia,2012.0,23.496947822659816,8462
IRN,Iran,2012.0,101.86147889083186,399
IRQ,Iraq,2012.0,124.33333333333336,4
IRL,Ireland,2012.0,8.719028655527659,992
ISR,Israel,2012.0,172.2890190627482,53
ITA,Italy,2012.0,154.169244747806,1037
CIV,Ivory Coast,2012.0,6.928734582000914,248
JAM,Jamaica,2012.0,1.4061081026537956,401
JPN,Japan,2012.0,53.08052787451152,6497
KAZ,Kazakhstan,2012.0,185.81939557432176,243
KEN,Kenya,2012.0,40.28771078490839,191
PRK,North Korea,2012.0,84.95744185061221,227
KOR,South Korea,2012.0,84.0864481585993,634
KWT,Kuwait,2012.0,81.39855846235983,24
LBN,Lebanon,2012.0,182.3215895124949,38
LVA,Latvia,2012.0,107.1830225403403,89
LBR,Liberia,2012.0,8.947335199190139,367
LBY,Libya,2012.0,186.50369104048488,626
LTU,Lithuania,2012.0,140.74961558175295,23
MDG,Madagascar,2012.0,40.50514616437313,1821
MYS,Malaysia,2012.0,32.30629284584285,829
MDV,Maldives,2012.0,19.236404275996108,1290
MLT,Malta,2012.0,183.25148754183707,110
MRT,Mauritania,2012.0,89.9900220443207,267
MUS,Republic of Mauritius,2012.0,9.731680437061327,1862
,Chagos Archipelago,2012.0,109.62615175840102,920
MEX,Mexico,2012.0,57.20677491690108,4729
MCO,Monaco,2012.0,115.84496124031008,7
MNE,Montenegro,2012.0,206.09920484664892,18
MAR,Morocco,2012.0,79.81656296349891,503
MOZ,Mozambique,2012.0,32.45199359980917,900
OMN,Oman,2012.0,34.08779544055496,834
NAM,Namibia,2012.0,53.09440739595754,860
NRU,Nauru,2012.0,33.19896994209562,448
ABW,Aruba,2012.0,37.75749027237353,61
BES,Bonaire,2012.0,42.6048079083352,35
CUW,Curaçao,2012.0,39.12199055408364,52
BES,Saba,2012.0,9.84424992453969,21
BES,Sint-Eustatius,2012.0,9.32100396301189,10
SXM,Sint-Maarten,2012.0,9.796296296296298,4
NLD,Netherlands,2012.0,56.396900638103894,153
VUT,Vanuatu,2012.0,28.93960416522995,943
COK,Cook Islands,2012.0,26.524998386633126,2825
NIU,Niue,2012.0,72.24864951453719,487
TKL,Tokelau,2012.0,5.943551969203435,469
NZL,New Zealand,2012.0,15.017031751097337,7834
NIC,Nicaragua,2012.0,16.475339676735786,349
NGA,Nigeria,2012.0,18.869153627432627,262
SJM,Svalbard,2012.0,103.61265899295108,5479
NOR,Norway,2012.0,99.71718426860845,3357
SJM,Jan Mayen,2012.0,60.83713807807383,1250
FSM,Micronesia,2012.0,11.302936910446196,4155
MHL,Marshall Islands,2012.0,10.042166190462163,2797
PLW,Palau,2012.0,12.55037643397667,878
PAK,Pakistan,2012.0,74.65641692833107,345
PAN,Panama,2012.0,24.142734229950648,485
PNG,Papua New Guinea,2012.0,13.421111512947544,3363
PER,Peru,2012.0,72.61407313962803,1237
PHL,Philippines,2012.0,51.674603725523255,2847
POL,Poland,2012.0,113.8295733048451,81
,Azores,2012.0,68.99809643111537,1692
,Madeira,2012.0,146.72864148191852,767
PRT,Portugal,2012.0,95.08734094346578,568
GNB,Guinea-Bissau,2012.0,33.880159110785115,168
,Oecusse,2012.0,13.1101243339254,6
TLS,East Timor,2012.0,32.76596673679197,130
QAT,Qatar,2012.0,57.4754478210498,63
ROU,Romania,2012.0,201.7697271927251,67
RUS,Russia,2012.0,84.66302372883732,32820
KNA,Saint Kitts and Nevis,2012.0,9.327068808729921,25
LCA,Saint Lucia,2012.0,10.344193976131843,35
VCT,Saint Vincent and the Grenadines,2012.0,20.93198321768598,69
STP,Sao Tome and Principe,2012.0,28.708654375343972,211
SAU,Saudi Arabia,2012.0,62.44330839017283,364
SEN,Senegal,2012.0,39.22933712575956,261
SYC,Seychelles,2012.0,41.56583491663264,1882
SLE,Sierra Leone,2012.0,5.28250359336208,245
SGP,Singapore,2012.0,33.95652173913043,2
VNM,Vietnam,2012.0,35.064602500589736,1096
SVN,Slovenia,2012.0,111.0,1
SOM,Federal Republic of Somalia,2012.0,55.87363036827364,1163
ZAF,South Africa,2012.0,86.41625204578823,1823
,Prince Edward Islands,2012.0,44.540406611239426,964
,Canary Islands,2012.0,114.23944690501926,744
ESP,Spain,2012.0,67.46652451322069,1070
SDN,Sudan,2012.0,7.24075158833866,110
SUR,Suriname,2012.0,37.61728671579277,199
SWE,Sweden,2012.0,72.41134096229393,502
SYR,Syria,2012.0,171.10575942915395,22
THA,Thailand,2012.0,26.88635463125705,440
TGO,Togo,2012.0,9.295771916214118,36
TON,Tonga,2012.0,61.35847150664204,1005
TTO,Trinidad and Tobago,2012.0,36.74483729662079,132
ARE,United Arab Emirates,2012.0,66.05265145384907,101
TUN,Tunisia,2012.0,168.44877653301893,207
TUR,Turkey,2012.0,206.91509797799844,550
TKM,Turkmenistan,2012.0,190.10180872535324,132
TUV,Tuvalu,2012.0,3.137601201841244,1137
EGY,Egypt,2012.0,152.13169845594922,451
SHN,Ascension,2012.0,0.0013989554465998718,639
PCN,Pitcairn,2012.0,41.07636064020968,1289
SHN,Saint Helena,2012.0,1.0213111804993387,662
SHN,Tristan da Cunha,2012.0,61.495308946464995,1343
AIA,Anguilla,2012.0,11.51671208846286,151
VGB,British Virgin Islands,2012.0,7.265612593641042,140
CYM,Cayman Islands,2012.0,0.6686934456839182,197
MSR,Montserrat,2012.0,14.566840626254516,18
TCA,Turks and Caicos Islands,2012.0,4.303109676240367,161
GGY,Guernsey,2012.0,33.275678552421496,15
JEY,Jersey,2012.0,36.702794242167656,9
GBR,United Kingdom,2012.0,36.19499078486855,1907
BMU,Bermuda,2012.0,48.83646090580044,773
IMN,Isle of Man,2012.0,54.11468094600625,15
TZA,Tanzania,2012.0,25.9932121122527,368
ASM,American Samoa,2012.0,25.6801725808883,614
UMI,Palmyra Atoll,2012.0,6.740339913758253,516
PRI,Puerto Rico,2012.0,9.836660852785105,251
VIR,United States Virgin Islands,2012.0,8.952355981721478,80
UMI,Johnston Atoll,2012.0,0.3075948380053803,658
GUM,Guam,2012.0,26.14432699876308,320
MNP,Northern Mariana Islands,2012.0,15.60624650173515,1128
UMI,Jarvis Island,2012.0,42.416054262702744,470
UMI,Howland and Baker Islands,2012.0,2.507718414714255,629
,Hawaii,2012.0,54.88297192831252,3773
,Alaska,2012.0,18.481218084882798,9728
USA,United States,2012.0,91.58778393983128,4090
URY,Uruguay,2012.0,154.25669118529564,277
VEN,Venezuela,2012.0,37.751311505936265,710
WSM,Samoa,2012.0,14.077950004479888,208
YEM,Yemen,2012.0,20.58282021271183,788
,Glorioso Islands,2012.0,13.049678945589724,78
BLZ,Belize,2012.0,7.015904572564612,6
KOR,South Korea,2012.0,51.73378188076984,156
PSE,Palestine,2012.0,161.6522842639594,4
BRB,Barbados,2012.0,21.363636363636363,2
IRQ,Iraq,2012.0,140.0,1
,"Abu musa, Greater and Lesser Tunb",2012.0,7.938347179711413,17
FRO,Faeroe,2012.0,107.73791621911921,15
,Doumeira Islands,2012.0,15.494117647058822,2
FRA,France,2012.0,99.0,1
PNG,Papua New Guinea,2012.0,26.6815144766147,12
FLK,Falkland / Malvinas Islands,2012.0,19.074819419125806,1230
SGS,South Georgia and the South Sandwich Islands,2012.0,10.326632048377558,3051
URY,Uruguay,2012.0,131.3510450915923,88
GBR,United Kingdom,2012.0,25.21105623100303,41
MYT,Mayotte,2012.0,17.240625547573156,119
CRI,Costa Rica,2012.0,30.10365747963252,46
PER,Peru,2012.0,105.95241541523431,49
DOM,Dominican Republic,2012.0,13.272988505747124,30
ECU,Ecuador,2012.0,43.825027685492756,40
JAM,Jamaica,2012.0,3.523558235959292,35
NOR,Norway,2012.0,72.1123595505618,3
FRA,France,2012.0,14.842027920646583,9
GIB,Gibraltar,2012.0,3.627450980392157,2
HRV,Croatia,2012.0,111.0,1
MYS,Malaysia,2012.0,30.936842105263157,3
EGY,Egypt,2012.0,167.16145181476844,25
,Matthew and Hunter Islands,2012.0,51.04802035533591,306
CAN,Canada,2012.0,129.02772524396696,130
,Navassa Island,2012.0,1.6565905819453017,31
HND,Honduras,2012.0,3.629166666666667,7
,Melilla,2012.0,119.0,1
,Alhucemas Islands,2012.0,46.0,1
,Ceuta,2012.0,2.0,1
,Peñón de Vélez de la Gomera,2012.0,47.0,1
,Chafarinas Islands,2012.0,170.28571428571428,2
ESH,Western Sahara,2012.0,86.33668908150968,455
UMI,Wake Island / Enenkio,2012.0,47.0210863064191,611
,Kuril Islands,2012.0,91.57367627277543,445
NOR,Norway,2012.0,139.88640546936628,35
UKR,Ukraine,2012.0,208.53670214486758,296
USA,United States,2012.0,1.3864661654135337,52
ISL,Iceland,2012.0,41.22127228620551,204
STP,São Tomé and Principe,2012.0,5.276715899218071,68
,Halaib Triangle,2012.0,62.81431798926857,41
,Liancourt Rocks,2012.0,94.60208643815201,7
TWN,Taiwan,2012.0,70.95334350469172,577
PRI,Puerto Rico,2012.0,2.1609883364027005,45
SEN,Senegal,2012.0,16.562288469562795,110
VEN,Venezuela,2012.0,9.882198952879582,7
,Ile Tromelin,2012.0,13.827524114401253,413
,Senkaku Islands,2012.0,45.74572189586604,132
QAT,Qatar,2012.0,83.0,1
GUY,Guyana,2012.0,20.869991823385114,13
COL,Colombia,2012.0,7.248322147651005,6
ALB,Albania,2013.0,169.40060176230384,29
DZA,Algeria,2013.0,85.41185410334344,266
AGO,Angola,2013.0,51.16388825773429,725
ATG,Antigua and Barbuda,2013.0,9.768702971559753,188
AZE,Azerbaijan,2013.0,125.70521338361162,154
ARG,Argentina,2013.0,38.958528012755906,2223
CXR,Christmas Island,2013.0,37.57203218774388,478
CCK,Cocos Islands,2013.0,30.63760454077404,676
HMD,Heard and McDonald Islands,2013.0,18.152883404901104,979
NFK,Norfolk Island,2013.0,7.958447012005689,699
AUS,Australia,2013.0,79.49723405866068,10749
,Macquarie Island,2013.0,36.61796064871504,1147
BHS,Bahamas,2013.0,18.94689724614931,981
BHR,Bahrain,2013.0,40.68137982195845,21
BGD,Bangladesh,2013.0,19.756123822341866,166
BRB,Barbados,2013.0,26.82155376598768,288
BEL,Belgium,2013.0,62.25885885885886,11
,Trindade,2013.0,1.8306058765379165,714
BRA,Brazil,2013.0,22.415089042962467,4589
BLZ,Belize,2013.0,4.206627680311891,58
SLB,Solomon Islands,2013.0,26.694486580935536,2285
BRN,Brunei,2013.0,56.02428810720267,77
BGR,Bulgaria,2013.0,158.87570839773312,80
MMR,Myanmar,2013.0,31.672386923209096,725
KHM,Cambodia,2013.0,32.444060688294066,87
CMR,Cameroon,2013.0,27.409460946094605,28
CAN,Canada,2013.0,50.04065956276043,21648
CPV,Cape Verde,2013.0,60.57527040243939,1161
LKA,Sri Lanka,2013.0,14.343368195797458,770
CHL,Chile,2013.0,14.498734943707069,4486
CHL,Islas San Félix and San Ambrosio,2013.0,24.40714072303556,708
,Easter Island,2013.0,27.86418822525848,1139
CHN,China,2013.0,61.536798188638585,1579
CHN,China,2013.0,26.932686340757076,531
COL,Colombia,2013.0,21.81802192696818,1067
,Serrana Bank,2013.0,6.012282497441146,8
,Quitasueño Bank,2013.0,14.980952380952381,10
,Serranilla Bank,2013.0,2.2495238095238093,8
,Bajo Nuevo Bank,2013.0,0.09851301115241638,8
COM,Comores,2013.0,36.336021889977815,261
COG,Republic of the Congo,2013.0,36.685777975925106,65
COD,Democratic Republic of the Congo,2013.0,31.14935064935065,33
CRI,Costa Rica,2013.0,15.688987200633033,841
HRV,Croatia,2013.0,159.50557906887263,122
CUB,Cuba,2013.0,27.044346005545282,589
CYP,Cyprus,2013.0,73.80347892331129,195
BEN,Benin,2013.0,23.92755354552436,61
FRO,Faeroe,2013.0,76.17215501203476,823
DNK,Denmark,2013.0,97.30722636035088,323
GRL,Greenland,2013.0,48.938793549418975,12225
DMA,Dominica,2013.0,15.942440210782326,63
DOM,Dominican Republic,2013.0,3.392456288318683,554
,Galapagos,2013.0,22.632683893220076,1181
ECU,Ecuador,2013.0,48.17277379995151,334
SLV,El Salvador,2013.0,35.12370395740572,149
GNQ,Equatorial Guinea,2013.0,25.844141980250857,464
ERI,Eritrea,2013.0,30.974008975317872,141
EST,Estonia,2013.0,158.05658675528127,118
FJI,Fiji,2013.0,60.46354386251942,1987
FIN,Finland,2013.0,146.15837353043676,277
PYF,French Polynesia,2013.0,12.915133970871443,6856
ATF,Amsterdam and Saint Paul Islands,2013.0,14.137114878285363,912
ATF,Crozet Islands,2013.0,10.693916239551687,1148
ATF,Kerguélen,2013.0,23.1186347271521,1159
NCL,New Caledonia,2013.0,15.060353875070357,1764
REU,Réunion,2013.0,42.545930201675006,491
ATF,Europa Island,2013.0,23.505085330115502,215
ATF,Juan de Nova Island,2013.0,17.83725499154749,108
ATF,Bassas da India,2013.0,27.245660570524457,198
,Clipperton Island,2013.0,6.480617160978191,628
GLP,Guadeloupe,2013.0,11.573585741872174,157
BLM,Saint-Barthélemy,2013.0,13.228454172366616,14
MAF,Collectivity of Saint Martin,2013.0,15.428947368421055,7
SPM,Saint-Pierre and Miquelon,2013.0,215.1547054840894,43
MTQ,Martinique,2013.0,19.676664228237012,96
GUF,French Guiana,2013.0,29.35429364140817,204
WLF,Wallis and Futuna,2013.0,26.242416809745723,380
FRA,France,2013.0,67.88581832569814,758
DJI,Djibouti,2013.0,45.50114836931557,17
GAB,Gabon,2013.0,23.164936545558202,299
GEO,Georgia,2013.0,162.71893553859204,48
GMB,Gambia,2013.0,87.35524568393095,45
DEU,Germany,2013.0,70.13448842002309,154
GHA,Ghana,2013.0,14.663356491302501,330
KIR,Phoenix Group,2013.0,2.270185575283378,1049
KIR,Line Group,2013.0,3.8495614735649895,2315
KIR,Gilbert Islands,2013.0,13.444146141515786,1489
GRC,Greece,2013.0,140.87161291324395,870
GRD,Grenada,2013.0,43.77905242629345,53
GTM,Guatemala,2013.0,25.64004808976757,178
GIN,Guinea,2013.0,59.87702651570275,157
GUY,Guyana,2013.0,26.05312782917835,205
HTI,Haiti,2013.0,34.69928247099054,178
HND,Honduras,2013.0,10.929473347162087,332
ISL,Iceland,2013.0,98.02522124728097,2449
,Andaman and Nicobar,2013.0,19.381336159298964,960
IND,India,2013.0,15.15341242577371,2390
IDN,Indonesia,2013.0,45.075509674003165,8462
IRN,Iran,2013.0,66.36445166125407,399
IRQ,Iraq,2013.0,108.13725490196079,4
IRL,Ireland,2013.0,66.79887888494501,992
ISR,Israel,2013.0,106.02501985702939,53
ITA,Italy,2013.0,111.73363620246435,1037
CIV,Ivory Coast,2013.0,15.985047615700877,248
JAM,Jamaica,2013.0,4.28048165214759,401
JPN,Japan,2013.0,81.55579199593659,6497
KAZ,Kazakhstan,2013.0,151.59345922276964,243
KEN,Kenya,2013.0,27.2185369404343,191
PRK,North Korea,2013.0,77.79917807058426,227
KOR,South Korea,2013.0,110.09887851819698,634
KWT,Kuwait,2013.0,59.93539775760813,24
LBN,Lebanon,2013.0,106.69684555510041,38
LVA,Latvia,2013.0,127.88252652728073,89
LBR,Liberia,2013.0,16.67406657535878,367
LBY,Libya,2013.0,102.72241256295959,626
LTU,Lithuania,2013.0,143.61173757047666,23
MDG,Madagascar,2013.0,34.35955675511289,1821
MYS,Malaysia,2013.0,45.76649088884986,829
MDV,Maldives,2013.0,16.50732426303854,1290
MLT,Malta,2013.0,104.33297694310149,110
MRT,Mauritania,2013.0,142.31162050619065,267
MUS,Republic of Mauritius,2013.0,27.110751232826274,1862
,Chagos Archipelago,2013.0,30.544954803689297,920
MEX,Mexico,2013.0,31.28256622811112,4729
MCO,Monaco,2013.0,97.84496124031007,7
MNE,Montenegro,2013.0,175.8102991291177,18
MAR,Morocco,2013.0,57.46794848605431,503
MOZ,Mozambique,2013.0,17.052980461529284,900
OMN,Oman,2013.0,25.94403376906881,834
NAM,Namibia,2013.0,39.90257965424683,860
NRU,Nauru,2013.0,52.56513515872785,448
ABW,Aruba,2013.0,18.551459143968874,61
BES,Bonaire,2013.0,27.795776230060657,35
CUW,Curaçao,2013.0,20.63022693238106,52
BES,Saba,2013.0,17.79927558104437,21
BES,Sint-Eustatius,2013.0,17.306472919418763,10
SXM,Sint-Maarten,2013.0,15.185185185185189,4
NLD,Netherlands,2013.0,36.854360376785166,153
VUT,Vanuatu,2013.0,38.26129232466726,943
COK,Cook Islands,2013.0,27.21287496113254,2825
NIU,Niue,2013.0,89.76987905701847,487
TKL,Tokelau,2013.0,4.412348238081137,469
NZL,New Zealand,2013.0,59.013117927415585,7834
NIC,Nicaragua,2013.0,18.762828769684635,349
NGA,Nigeria,2013.0,24.71538998518719,262
SJM,Svalbard,2013.0,127.56868925069364,5479
NOR,Norway,2013.0,150.9579839965043,3357
SJM,Jan Mayen,2013.0,84.85597501421942,1250
FSM,Micronesia,2013.0,27.603142110293433,4155
MHL,Marshall Islands,2013.0,15.440638899525759,2797
PLW,Palau,2013.0,42.880275632785995,878
PAK,Pakistan,2013.0,68.32251648172937,345
PAN,Panama,2013.0,29.67392111579044,485
PNG,Papua New Guinea,2013.0,37.99798275329148,3363
PER,Peru,2013.0,6.12239321057462,1237
PHL,Philippines,2013.0,65.70656071178499,2847
POL,Poland,2013.0,154.68893357632126,81
,Azores,2013.0,36.4009554687692,1692
,Madeira,2013.0,51.63654478762543,767
PRT,Portugal,2013.0,34.093985386739696,568
GNB,Guinea-Bissau,2013.0,74.39083702428984,168
,Oecusse,2013.0,31.909413854351687,6
TLS,East Timor,2013.0,47.077680308022074,130
QAT,Qatar,2013.0,35.892701185277595,63
ROU,Romania,2013.0,165.3081548841302,67
RUS,Russia,2013.0,68.96646550051314,32820
KNA,Saint Kitts and Nevis,2013.0,20.01818732949379,25
LCA,Saint Lucia,2013.0,20.099071793900364,35
VCT,Saint Vincent and the Grenadines,2013.0,22.920606745199294,69
STP,Sao Tome and Principe,2013.0,16.66155292606861,211
SAU,Saudi Arabia,2013.0,61.394424210317204,364
SEN,Senegal,2013.0,95.68886097925858,261
SYC,Seychelles,2013.0,26.360612692437456,1882
SLE,Sierra Leone,2013.0,25.667245337962697,245
SGP,Singapore,2013.0,49.434782608695656,2
VNM,Vietnam,2013.0,31.65855154517572,1096
SVN,Slovenia,2013.0,82.0,1
SOM,Federal Republic of Somalia,2013.0,31.72736532492887,1163
ZAF,South Africa,2013.0,79.5186479886302,1823
,Prince Edward Islands,2013.0,16.941244545379398,964
,Canary Islands,2013.0,67.06151370863367,744
ESP,Spain,2013.0,72.00454918522979,1070
SDN,Sudan,2013.0,21.535754517190092,110
SUR,Suriname,2013.0,25.835308083409856,199
SWE,Sweden,2013.0,137.17938774074932,502
SYR,Syria,2013.0,105.4791029561672,22
THA,Thailand,2013.0,28.211868453402957,440
TGO,Togo,2013.0,19.37490302560125,36
TON,Tonga,2013.0,86.47111779846914,1005
TTO,Trinidad and Tobago,2013.0,31.140096996245322,132
ARE,United Arab Emirates,2013.0,45.88531046016073,101
TUN,Tunisia,2013.0,96.78459119496856,207
TUR,Turkey,2013.0,167.34340967108037,550
TKM,Turkmenistan,2013.0,114.55693991616208,132
TUV,Tuvalu,2013.0,8.359753119310865,1137
EGY,Egypt,2013.0,64.90691362830326,451
SHN,Ascension,2013.0,0.5167474952035814,639
PCN,Pitcairn,2013.0,21.99224715675016,1289
SHN,Saint Helena,2013.0,4.111894941084256E-4,662
SHN,Tristan da Cunha,2013.0,43.182504911043495,1343
AIA,Anguilla,2013.0,3.0337687560692905,151
VGB,British Virgin Islands,2013.0,2.254600062139676,140
CYM,Cayman Islands,2013.0,9.55484272514004,197
MSR,Montserrat,2013.0,21.18908069048575,18
TCA,Turks and Caicos Islands,2013.0,2.9358267596625347,161
GGY,Guernsey,2013.0,41.02767429483767,15
JEY,Jersey,2013.0,68.27180355630821,9
GBR,United Kingdom,2013.0,42.38058260108719,1907
BMU,Bermuda,2013.0,79.27210154252197,773
IMN,Isle of Man,2013.0,30.691655510932627,15
TZA,Tanzania,2013.0,20.701135831670243,368
ASM,American Samoa,2013.0,24.52993244649921,614
UMI,Palmyra Atoll,2013.0,2.865230427166151,516
PRI,Puerto Rico,2013.0,6.987549634467664,251
VIR,United States Virgin Islands,2013.0,13.038429844932207,80
UMI,Johnston Atoll,2013.0,0.9132909665094153,658
GUM,Guam,2013.0,37.26842741482066,320
MNP,Northern Mariana Islands,2013.0,73.05257285719617,1128
UMI,Jarvis Island,2013.0,7.7084493189325585,470
UMI,Howland and Baker Islands,2013.0,5.53154423034815,629
,Hawaii,2013.0,30.10741527416543,3773
,Alaska,2013.0,40.69862024370019,9728
USA,United States,2013.0,67.22042642049476,4090
URY,Uruguay,2013.0,130.31683898290547,277
VEN,Venezuela,2013.0,34.2653897275535,710
WSM,Samoa,2013.0,20.587828151599325,208
YEM,Yemen,2013.0,22.21367869319628,788
,Glorioso Islands,2013.0,44.06130449476175,78
BLZ,Belize,2013.0,4.966202783300199,6
KOR,South Korea,2013.0,118.39061179784076,156
PSE,Palestine,2013.0,69.61928934010153,4
BRB,Barbados,2013.0,24.727272727272727,2
IRQ,Iraq,2013.0,119.0,1
,"Abu musa, Greater and Lesser Tunb",2013.0,16.25273283777875,17
FRO,Faeroe,2013.0,148.61224489795916,15
,Doumeira Islands,2013.0,24.741176470588233,2
FRA,France,2013.0,77.0,1
PNG,Papua New Guinea,2013.0,49.184855233853014,12
FLK,Falkland / Malvinas Islands,2013.0,3.4739134308310136,1230
SGS,South Georgia and the South Sandwich Islands,2013.0,4.5561100651350355,3051
URY,Uruguay,2013.0,85.30031705025836,88
GBR,United Kingdom,2013.0,16.479863221884496,41
MYT,Mayotte,2013.0,27.65993516733836,119
CRI,Costa Rica,2013.0,2.04108164326573,46
PER,Peru,2013.0,56.9256377781799,49
DOM,Dominican Republic,2013.0,7.522767462422634,30
ECU,Ecuador,2013.0,22.77013130833727,40
JAM,Jamaica,2013.0,1.0065963060686018,35
NOR,Norway,2013.0,109.84269662921349,3
FRA,France,2013.0,92.00955180014697,9
GIB,Gibraltar,2013.0,11.0,2
HRV,Croatia,2013.0,82.0,1
MYS,Malaysia,2013.0,21.915789473684207,3
EGY,Egypt,2013.0,82.39142678347937,25
,Matthew and Hunter Islands,2013.0,39.64454641722555,306
CAN,Canada,2013.0,17.54100158862243,130
,Navassa Island,2013.0,7.1122763726095,31
HND,Honduras,2013.0,4.018055555555556,7
,Melilla,2013.0,130.0,1
,Alhucemas Islands,2013.0,115.0,1
,Ceuta,2013.0,11.0,1
,Peñón de Vélez de la Gomera,2013.0,130.0,1
,Chafarinas Islands,2013.0,137.0,2
ESH,Western Sahara,2013.0,99.54126015470129,455
UMI,Wake Island / Enenkio,2013.0,14.008839279504842,611
,Kuril Islands,2013.0,98.27323401133171,445
NOR,Norway,2013.0,157.0560084144097,35
UKR,Ukraine,2013.0,178.05578920125532,296
USA,United States,2013.0,31.64620642515379,52
ISL,Iceland,2013.0,90.21079158717819,204
STP,São Tomé and Principe,2013.0,13.716681146828844,68
,Halaib Triangle,2013.0,41.13611974018637,41
,Liancourt Rocks,2013.0,115.23099850968703,7
TWN,Taiwan,2013.0,61.104530470596615,577
PRI,Puerto Rico,2013.0,3.899324739103744,45
SEN,Senegal,2013.0,63.88311929157586,110
VEN,Venezuela,2013.0,5.965968586387435,7
,Ile Tromelin,2013.0,30.245882650267472,413
,Senkaku Islands,2013.0,68.59977378042106,132
QAT,Qatar,2013.0,77.0,1
GUY,Guyana,2013.0,23.423548650858542,13
COL,Colombia,2013.0,6.466442953020134,6
ALB,Albania,2014.0,206.612293144208,29
DZA,Algeria,2014.0,146.18152854579407,266
AGO,Angola,2014.0,52.95448511737482,725
ATG,Antigua and Barbuda,2014.0,5.974212472898867,188
AZE,Azerbaijan,2014.0,103.99847369366132,154
ARG,Argentina,2014.0,61.75419606821031,2223
CXR,Christmas Island,2014.0,25.087430811601216,478
CCK,Cocos Islands,2014.0,46.040491498606116,676
HMD,Heard and McDonald Islands,2014.0,1.9004475140979875,979
NFK,Norfolk Island,2014.0,30.405538363881636,699
AUS,Australia,2014.0,62.05112453031913,10749
,Macquarie Island,2014.0,43.968616929898,1147
BHS,Bahamas,2014.0,74.4137767283568,981
BHR,Bahrain,2014.0,91.29747774480713,21
BGD,Bangladesh,2014.0,49.30363391655451,166
BRB,Barbados,2014.0,6.27726196115585,288
BEL,Belgium,2014.0,297.6318318318318,11
,Trindade,2014.0,5.6739736306142134,714
BRA,Brazil,2014.0,48.75249984733408,4589
BLZ,Belize,2014.0,6.205142485844242,58
SLB,Solomon Islands,2014.0,29.19025562668072,2285
BRN,Brunei,2014.0,45.49839475153546,77
BGR,Bulgaria,2014.0,171.89341834106128,80
MMR,Myanmar,2014.0,37.66778859543602,725
KHM,Cambodia,2014.0,37.76094732946836,87
CMR,Cameroon,2014.0,43.87568756875687,28
CAN,Canada,2014.0,61.804017550643856,21648
CPV,Cape Verde,2014.0,28.372051462762137,1161
LKA,Sri Lanka,2014.0,22.372604489359187,770
CHL,Chile,2014.0,7.279776360570118,4486
CHL,Islas San Félix and San Ambrosio,2014.0,3.8460890349566776,708
,Easter Island,2014.0,4.173337696527584,1139
CHN,China,2014.0,77.45250927986041,1579
CHN,China,2014.0,39.27371061159759,531
COL,Colombia,2014.0,44.661546502511705,1067
,Serrana Bank,2014.0,0.11975435005117709,8
,Quitasueño Bank,2014.0,1.0515873015873016,10
,Serranilla Bank,2014.0,0.0,8
,Bajo Nuevo Bank,2014.0,0.0,8
COM,Comores,2014.0,45.12635023964519,261
COG,Republic of the Congo,2014.0,43.473651359786,65
COD,Democratic Republic of the Congo,2014.0,38.66952690166975,33
CRI,Costa Rica,2014.0,65.82917906268146,841
HRV,Croatia,2014.0,199.11611303492802,122
CUB,Cuba,2014.0,38.50238058669944,589
CYP,Cyprus,2014.0,101.47209243270697,195
BEN,Benin,2014.0,16.779759365133543,61
FRO,Faeroe,2014.0,168.25004467054166,823
DNK,Denmark,2014.0,243.27566723789815,323
GRL,Greenland,2014.0,67.04555367350903,12225
DMA,Dominica,2014.0,5.6591001216051895,63
DOM,Dominican Republic,2014.0,20.386649690206642,554
,Galapagos,2014.0,122.31864372960105,1181
ECU,Ecuador,2014.0,128.94621638524077,334
SLV,El Salvador,2014.0,70.08341376840927,149
GNQ,Equatorial Guinea,2014.0,48.84531822989251,464
ERI,Eritrea,2014.0,21.97752430815258,141
EST,Estonia,2014.0,181.88345596961784,118
FJI,Fiji,2014.0,40.476135341089986,1987
FIN,Finland,2014.0,182.73218641674157,277
PYF,French Polynesia,2014.0,16.531312707938014,6856
ATF,Amsterdam and Saint Paul Islands,2014.0,24.459143609404585,912
ATF,Crozet Islands,2014.0,43.613954516786166,1148
ATF,Kerguélen,2014.0,12.634723526447264,1159
NCL,New Caledonia,2014.0,17.67232924025149,1764
REU,Réunion,2014.0,108.12680383164812,491
ATF,Europa Island,2014.0,101.2226340286158,215
ATF,Juan de Nova Island,2014.0,40.866176269018126,108
ATF,Bassas da India,2014.0,60.782283959234945,198
,Clipperton Island,2014.0,39.69453648554334,628
GLP,Guadeloupe,2014.0,6.916268321251069,157
BLM,Saint-Barthélemy,2014.0,1.4876880984952114,14
MAF,Collectivity of Saint Martin,2014.0,5.328947368421052,7
SPM,Saint-Pierre and Miquelon,2014.0,160.14895057549086,43
MTQ,Martinique,2014.0,2.572604242867593,96
GUF,French Guiana,2014.0,21.819089420540344,204
WLF,Wallis and Futuna,2014.0,21.856710699977796,380
FRA,France,2014.0,148.08433950949308,758
DJI,Djibouti,2014.0,54.49333945796968,17
GAB,Gabon,2014.0,58.03223725660799,299
GEO,Georgia,2014.0,228.46554283290928,48
GMB,Gambia,2014.0,53.40252324037182,45
DEU,Germany,2014.0,250.47364376288127,154
GHA,Ghana,2014.0,5.6796245226983455,330
KIR,Phoenix Group,2014.0,22.320449393118675,1049
KIR,Line Group,2014.0,20.090101209577885,2315
KIR,Gilbert Islands,2014.0,112.25722101242071,1489
GRC,Greece,2014.0,161.4202653250309,870
GRD,Grenada,2014.0,19.4430423310772,53
GTM,Guatemala,2014.0,54.5630510285867,178
GIN,Guinea,2014.0,22.596967139156494,157
GUY,Guyana,2014.0,8.860357276922738,205
HTI,Haiti,2014.0,46.12088682101017,178
HND,Honduras,2014.0,5.096866255516421,332
ISL,Iceland,2014.0,202.15617495461927,2449
,Andaman and Nicobar,2014.0,28.43051152352795,960
IND,India,2014.0,35.186289664459316,2390
IDN,Indonesia,2014.0,35.02825883988178,8462
IRN,Iran,2014.0,82.06766175368473,399
IRQ,Iraq,2014.0,152.9346405228758,4
IRL,Ireland,2014.0,81.5396372608432,992
ISR,Israel,2014.0,146.07764098490867,53
ITA,Italy,2014.0,145.42824660934306,1037
CIV,Ivory Coast,2014.0,3.529834487120917,248
JAM,Jamaica,2014.0,3.835031897121972,401
JPN,Japan,2014.0,62.260790222095224,6497
KAZ,Kazakhstan,2014.0,135.95636875439834,243
KEN,Kenya,2014.0,29.403396821545556,191
PRK,North Korea,2014.0,103.0472185739101,227
KOR,South Korea,2014.0,100.83412198827878,634
KWT,Kuwait,2014.0,118.4935931660438,24
LBN,Lebanon,2014.0,172.45268332650556,38
LVA,Latvia,2014.0,136.9588748665788,89
LBR,Liberia,2014.0,5.657690704460191,367
LBY,Libya,2014.0,152.42916381155558,626
LTU,Lithuania,2014.0,156.25166581240387,23
MDG,Madagascar,2014.0,90.28285372158444,1821
MYS,Malaysia,2014.0,49.17667428370543,829
MDV,Maldives,2014.0,13.029381276320056,1290
MLT,Malta,2014.0,116.6175622908144,110
MRT,Mauritania,2014.0,69.46092519848176,267
MUS,Republic of Mauritius,2014.0,67.26622314099674,1862
,Chagos Archipelago,2014.0,38.882632196333674,920
MEX,Mexico,2014.0,120.37936874776507,4729
MCO,Monaco,2014.0,190.27906976744188,7
MNE,Montenegro,2014.0,222.3687996970844,18
MAR,Morocco,2014.0,98.82447635929528,503
MOZ,Mozambique,2014.0,50.376120530301506,900
OMN,Oman,2014.0,36.18119836741449,834
NAM,Namibia,2014.0,91.40314642249017,860
NRU,Nauru,2014.0,160.04009660430066,448
ABW,Aruba,2014.0,12.826653696498056,61
BES,Bonaire,2014.0,11.584587733093683,35
CUW,Curaçao,2014.0,11.932150673885497,52
BES,Saba,2014.0,5.891638997887111,21
BES,Sint-Eustatius,2014.0,6.482166446499341,10
SXM,Sint-Maarten,2014.0,4.432098765432099,4
NLD,Netherlands,2014.0,248.88587055606192,153
VUT,Vanuatu,2014.0,29.66343470565247,943
COK,Cook Islands,2014.0,39.425196977430474,2825
NIU,Niue,2014.0,66.99566598734506,487
TKL,Tokelau,2014.0,21.17279575066627,469
NZL,New Zealand,2014.0,46.42759086129234,7834
NIC,Nicaragua,2014.0,17.189997368457508,349
NGA,Nigeria,2014.0,21.417771951032638,262
SJM,Svalbard,2014.0,93.44068244971045,5479
NOR,Norway,2014.0,150.04383209984428,3357
SJM,Jan Mayen,2014.0,179.2062033662147,1250
FSM,Micronesia,2014.0,56.61751500412577,4155
MHL,Marshall Islands,2014.0,68.73433679931664,2797
PLW,Palau,2014.0,44.17954306037441,878
PAK,Pakistan,2014.0,70.84856824749491,345
PAN,Panama,2014.0,46.98463976814747,485
PNG,Papua New Guinea,2014.0,40.71508142193369,3363
PER,Peru,2014.0,66.86977997614488,1237
PHL,Philippines,2014.0,42.27520100441841,2847
POL,Poland,2014.0,190.13617796769935,81
,Azores,2014.0,39.003834156166334,1692
,Madeira,2014.0,86.58052198887891,767
PRT,Portugal,2014.0,112.4992889015975,568
GNB,Guinea-Bissau,2014.0,45.64109797726184,168
,Oecusse,2014.0,15.071047957371224,6
TLS,East Timor,2014.0,38.31346008811972,130
QAT,Qatar,2014.0,73.45673291150518,63
ROU,Romania,2014.0,193.98298621296564,67
RUS,Russia,2014.0,59.59351212898375,32820
KNA,Saint Kitts and Nevis,2014.0,8.491664140648682,25
LCA,Saint Lucia,2014.0,1.2411441560901688,35
VCT,Saint Vincent and the Grenadines,2014.0,7.440132322091335,69
STP,Sao Tome and Principe,2014.0,37.70037607778388,211
SAU,Saudi Arabia,2014.0,81.27961062181315,364
SEN,Senegal,2014.0,65.78144912546401,261
SYC,Seychelles,2014.0,45.19556927748281,1882
SLE,Sierra Leone,2014.0,3.97905583244666,245
SGP,Singapore,2014.0,61.0,2
VNM,Vietnam,2014.0,65.07797829676804,1096
SVN,Slovenia,2014.0,197.0,1
SOM,Federal Republic of Somalia,2014.0,40.49354718471253,1163
ZAF,South Africa,2014.0,113.94561656953807,1823
,Prince Edward Islands,2014.0,46.587075975305716,964
,Canary Islands,2014.0,77.99511381312563,744
ESP,Spain,2014.0,130.50657631536617,1070
SDN,Sudan,2014.0,10.139007795250746,110
SUR,Suriname,2014.0,8.658566085067305,199
SWE,Sweden,2014.0,172.97438035626382,502
SYR,Syria,2014.0,141.1060142711519,22
THA,Thailand,2014.0,43.49797315831717,440
TGO,Togo,2014.0,10.010861132660981,36
TON,Tonga,2014.0,55.44957501933651,1005
TTO,Trinidad and Tobago,2014.0,12.230444305381729,132
ARE,United Arab Emirates,2014.0,83.00652748556936,101
TUN,Tunisia,2014.0,134.2875393081762,207
TUR,Turkey,2014.0,194.1595103854842,550
TKM,Turkmenistan,2014.0,135.67916472597423,132
TUV,Tuvalu,2014.0,25.774517857407155,1137
EGY,Egypt,2014.0,140.12508109510836,451
SHN,Ascension,2014.0,2.0779884353016413,639
PCN,Pitcairn,2014.0,13.559729331698422,1289
SHN,Saint Helena,2014.0,16.44927592100022,662
SHN,Tristan da Cunha,2014.0,34.25704122797777,1343
AIA,Anguilla,2014.0,10.600977351752647,151
VGB,British Virgin Islands,2014.0,12.842752097214072,140
CYM,Cayman Islands,2014.0,8.205917556374784,197
MSR,Montserrat,2014.0,13.521477318346045,18
TCA,Turks and Caicos Islands,2014.0,46.13291505497516,161
GGY,Guernsey,2014.0,147.7333688131985,15
JEY,Jersey,2014.0,182.9788314987299,9
GBR,United Kingdom,2014.0,127.26782755603537,1907
BMU,Bermuda,2014.0,149.67256041133902,773
IMN,Isle of Man,2014.0,195.00446229361896,15
TZA,Tanzania,2014.0,28.560635178751816,368
ASM,American Samoa,2014.0,49.44957895719221,614
UMI,Palmyra Atoll,2014.0,22.373408233391725,516
PRI,Puerto Rico,2014.0,11.913422644450218,251
VIR,United States Virgin Islands,2014.0,8.574200314630307,80
UMI,Johnston Atoll,2014.0,37.99949315762795,658
GUM,Guam,2014.0,68.0610452040931,320
MNP,Northern Mariana Islands,2014.0,79.42652337773801,1128
UMI,Jarvis Island,2014.0,28.72442749508221,470
UMI,Howland and Baker Islands,2014.0,72.07064949638713,629
,Hawaii,2014.0,84.6587396724496,3773
,Alaska,2014.0,119.03608671783412,9728
USA,United States,2014.0,129.64989702914184,4090
URY,Uruguay,2014.0,223.9553520909418,277
VEN,Venezuela,2014.0,17.805075222972057,710
WSM,Samoa,2014.0,30.251791954125984,208
YEM,Yemen,2014.0,30.865039381654316,788
,Glorioso Islands,2014.0,60.49645150388646,78
BLZ,Belize,2014.0,14.318091451292245,6
KOR,South Korea,2014.0,82.5511500547645,156
PSE,Palestine,2014.0,128.0710659898477,4
BRB,Barbados,2014.0,4.181818181818182,2
IRQ,Iraq,2014.0,163.0,1
,"Abu musa, Greater and Lesser Tunb",2014.0,26.60166156536948,17
FRO,Faeroe,2014.0,257.0762620837809,15
,Doumeira Islands,2014.0,51.54117647058823,2
FRA,France,2014.0,144.0,1
PNG,Papua New Guinea,2014.0,66.0400890868597,12
FLK,Falkland / Malvinas Islands,2014.0,0.9508867994352993,1230
SGS,South Georgia and the South Sandwich Islands,2014.0,2.350644274842082,3051
URY,Uruguay,2014.0,211.9033583842179,88
GBR,United Kingdom,2014.0,72.21960486322186,41
MYT,Mayotte,2014.0,33.96797792185037,119
CRI,Costa Rica,2014.0,63.616051308718994,46
PER,Peru,2014.0,127.03980459562155,49
DOM,Dominican Republic,2014.0,2.5817860300618922,30
ECU,Ecuador,2014.0,83.95253915519683,40
JAM,Jamaica,2014.0,0.02280437240859405,35
NOR,Norway,2014.0,250.00000000000003,3
FRA,France,2014.0,133.2858192505511,9
GIB,Gibraltar,2014.0,8.169934640522875,2
HRV,Croatia,2014.0,197.0,1
MYS,Malaysia,2014.0,38.32631578947368,3
EGY,Egypt,2014.0,171.58886107634544,25
,Matthew and Hunter Islands,2014.0,37.949670549476394,306
CAN,Canada,2014.0,33.70856343142445,130
,Navassa Island,2014.0,7.5498663376516575,31
HND,Honduras,2014.0,8.749999999999998,7
,Melilla,2014.0,131.0,1
,Alhucemas Islands,2014.0,125.0,1
,Ceuta,2014.0,6.0,1
,Peñón de Vélez de la Gomera,2014.0,97.0,1
,Chafarinas Islands,2014.0,166.14285714285714,2
ESH,Western Sahara,2014.0,65.21311268317332,455
UMI,Wake Island / Enenkio,2014.0,69.67828778079141,611
,Kuril Islands,2014.0,73.71801247299557,445
NOR,Norway,2014.0,38.158559032342886,35
UKR,Ukraine,2014.0,192.24742001229345,296
USA,United States,2014.0,154.69186602870812,52
ISL,Iceland,2014.0,255.93254669210282,204
STP,São Tomé and Principe,2014.0,14.159339704604694,68
,Halaib Triangle,2014.0,35.37136402146285,41
,Liancourt Rocks,2014.0,54.18032786885246,7
TWN,Taiwan,2014.0,58.68074055921391,577
PRI,Puerto Rico,2014.0,19.330570902394104,45
SEN,Senegal,2014.0,31.9231304186564,110
VEN,Venezuela,2014.0,5.473821989528795,7
,Ile Tromelin,2014.0,61.14751905985426,413
,Senkaku Islands,2014.0,90.4575838289488,132
QAT,Qatar,2014.0,107.0,1
GUY,Guyana,2014.0,4.335241210139001,13
COL,Colombia,2014.0,2.9328859060402683,6
ALB,Albania,2015.0,273.3361272297442,29
DZA,Algeria,2015.0,188.62654264474304,266
AGO,Angola,2015.0,107.0864495760634,725
ATG,Antigua and Barbuda,2015.0,55.1269736003061,188
AZE,Azerbaijan,2015.0,134.91623271682528,154
ARG,Argentina,2015.0,62.60566541075283,2223
CXR,Christmas Island,2015.0,43.37633106368472,478
CCK,Cocos Islands,2015.0,59.36248336137832,676
HMD,Heard and McDonald Islands,2015.0,2.8956016003587,979
NFK,Norfolk Island,2015.0,99.7280134766448,699
AUS,Australia,2015.0,74.48462142795344,10749
,Macquarie Island,2015.0,35.89055035509729,1147
BHS,Bahamas,2015.0,110.56100199184796,981
BHR,Bahrain,2015.0,66.81491097922849,21
BGD,Bangladesh,2015.0,26.639219380888296,166
BRB,Barbados,2015.0,30.641749565766602,288
BEL,Belgium,2015.0,155.39159159159158,11
,Trindade,2015.0,35.30007384380843,714
BRA,Brazil,2015.0,56.11395986208117,4589
BLZ,Belize,2015.0,14.025433955258517,58
SLB,Solomon Islands,2015.0,15.889053338961086,2285
BRN,Brunei,2015.0,53.03294249022892,77
BGR,Bulgaria,2015.0,216.98248325605357,80
MMR,Myanmar,2015.0,41.31367587714878,725
KHM,Cambodia,2015.0,58.70112248673987,87
CMR,Cameroon,2015.0,61.11045104510448,28
CAN,Canada,2015.0,63.178395004756815,21648
CPV,Cape Verde,2015.0,67.36713603544,1161
LKA,Sri Lanka,2015.0,80.48453596697121,770
CHL,Chile,2015.0,26.284580897603817,4486
CHL,Islas San Félix and San Ambrosio,2015.0,10.75164625037347,708
,Easter Island,2015.0,29.574250290471074,1139
CHN,China,2015.0,92.1003711944155,1579
CHN,China,2015.0,89.96885989105701,531
COL,Colombia,2015.0,96.79078951189058,1067
,Serrana Bank,2015.0,3.635619242579325,8
,Quitasueño Bank,2015.0,7.488095238095238,10
,Serranilla Bank,2015.0,0.10095238095238095,8
,Bajo Nuevo Bank,2015.0,2.855018587360595,8
COM,Comores,2015.0,61.3197474783604,261
COG,Republic of the Congo,2015.0,55.304057066428896,65
COD,Democratic Republic of the Congo,2015.0,69.98191094619665,33
CRI,Costa Rica,2015.0,195.23037319069567,841
HRV,Croatia,2015.0,229.01628831601897,122
CUB,Cuba,2015.0,69.59331172348014,589
CYP,Cyprus,2015.0,124.47211782630772,195
BEN,Benin,2015.0,73.18448673094974,61
FRO,Faeroe,2015.0,48.16071935338077,823
DNK,Denmark,2015.0,117.99309432105471,323
GRL,Greenland,2015.0,38.099981346254786,12225
DMA,Dominica,2015.0,40.9665585731658,63
DOM,Dominican Republic,2015.0,33.0052064748435,554
,Galapagos,2015.0,243.08666604905716,1181
ECU,Ecuador,2015.0,220.39727635894883,334
SLV,El Salvador,2015.0,107.13924090045766,149
GNQ,Equatorial Guinea,2015.0,30.579653846533997,464
ERI,Eritrea,2015.0,56.80119670905012,141
EST,Estonia,2015.0,252.10833135532883,118
FJI,Fiji,2015.0,32.226913000706865,1987
FIN,Finland,2015.0,247.29857124516272,277
PYF,French Polynesia,2015.0,33.735937986079236,6856
ATF,Amsterdam and Saint Paul Islands,2015.0,88.64192341447638,912
ATF,Crozet Islands,2015.0,48.28612957713799,1148
ATF,Kerguélen,2015.0,18.535116183791196,1159
NCL,New Caledonia,2015.0,45.57256633368633,1764
REU,Réunion,2015.0,73.07044460576866,491
ATF,Europa Island,2015.0,71.25674452680575,215
ATF,Juan de Nova Island,2015.0,55.09183533604419,108
ATF,Bassas da India,2015.0,62.56998929684957,198
,Clipperton Island,2015.0,145.84190840160193,628
GLP,Guadeloupe,2015.0,41.583525910918354,157
BLM,Saint-Barthélemy,2015.0,41.1969904240766,14
MAF,Collectivity of Saint Martin,2015.0,41.78947368421053,7
SPM,Saint-Pierre and Miquelon,2015.0,195.1083276912661,43
MTQ,Martinique,2015.0,37.06565471836138,96
GUF,French Guiana,2015.0,16.681524606567816,204
WLF,Wallis and Futuna,2015.0,39.68367263510752,380
FRA,France,2015.0,90.38433147244842,758
DJI,Djibouti,2015.0,75.95911805236565,17
GAB,Gabon,2015.0,37.62381866730673,299
GEO,Georgia,2015.0,221.00657336726044,48
GMB,Gambia,2015.0,115.39734395750332,45
DEU,Germany,2015.0,121.72819366332486,154
GHA,Ghana,2015.0,46.97308549002971,330
KIR,Phoenix Group,2015.0,241.35330725248267,1049
KIR,Line Group,2015.0,149.90236978523822,2315
KIR,Gilbert Islands,2015.0,204.14344552090165,1489
GRC,Greece,2015.0,187.68326112724333,870
GRD,Grenada,2015.0,34.3519559481473,53
GTM,Guatemala,2015.0,109.84790275180335,178
GIN,Guinea,2015.0,92.85452746165264,157
GUY,Guyana,2015.0,13.680769315697663,205
HTI,Haiti,2015.0,57.97157912439041,178
HND,Honduras,2015.0,16.62118027035681,332
ISL,Iceland,2015.0,84.25476476567414,2449
,Andaman and Nicobar,2015.0,57.82588252057138,960
IND,India,2015.0,76.61556561787809,2390
IDN,Indonesia,2015.0,38.87732673992156,8462
IRN,Iran,2015.0,108.56377716712466,399
IRQ,Iraq,2015.0,172.39869281045753,4
IRL,Ireland,2015.0,8.394853259458051,992
ISR,Israel,2015.0,133.7309372517871,53
ITA,Italy,2015.0,174.95331974115766,1037
CIV,Ivory Coast,2015.0,37.58414449871736,248
JAM,Jamaica,2015.0,13.395322502886998,401
JPN,Japan,2015.0,81.95557060502523,6497
KAZ,Kazakhstan,2015.0,161.66557197591686,243
KEN,Kenya,2015.0,119.03030450078863,191
PRK,North Korea,2015.0,66.16533915180274,227
KOR,South Korea,2015.0,59.47724477244775,634
KWT,Kuwait,2015.0,140.1617725573945,24
LBN,Lebanon,2015.0,141.89990441076066,38
LVA,Latvia,2015.0,191.698876122308,89
LBR,Liberia,2015.0,39.30492467099385,367
LBY,Libya,2015.0,150.38934295947266,626
LTU,Lithuania,2015.0,191.3377754997437,23
MDG,Madagascar,2015.0,64.09698357789097,1821
MYS,Malaysia,2015.0,46.49010370891194,829
MDV,Maldives,2015.0,109.73327826368643,1290
MLT,Malta,2015.0,155.84297136481956,110
MRT,Mauritania,2015.0,139.089420383538,267
MUS,Republic of Mauritius,2015.0,66.38964942168829,1862
,Chagos Archipelago,2015.0,146.05254732387237,920
MEX,Mexico,2015.0,200.54460742262154,4729
MCO,Monaco,2015.0,182.73643410852716,7
MNE,Montenegro,2015.0,259.2226429382809,18
MAR,Morocco,2015.0,134.78461093224317,503
MOZ,Mozambique,2015.0,78.96043111844322,900
OMN,Oman,2015.0,101.19079937717592,834
NAM,Namibia,2015.0,63.775942528228,860
NRU,Nauru,2015.0,122.44957856858814,448
ABW,Aruba,2015.0,30.86760700389105,61
BES,Bonaire,2015.0,45.04336104246236,35
CUW,Curaçao,2015.0,40.15032830319087,52
BES,Saba,2015.0,49.688499849079385,21
BES,Sint-Eustatius,2015.0,48.352708058124186,10
SXM,Sint-Maarten,2015.0,41.586419753086425,4
NLD,Netherlands,2015.0,82.10768763293831,153
VUT,Vanuatu,2015.0,26.802078017607954,943
COK,Cook Islands,2015.0,39.80267349560872,2825
NIU,Niue,2015.0,36.14523837069603,487
TKL,Tokelau,2015.0,80.37919196031979,469
NZL,New Zealand,2015.0,33.390073923711554,7834
NIC,Nicaragua,2015.0,53.52795667650037,349
NGA,Nigeria,2015.0,45.40244836803843,262
SJM,Svalbard,2015.0,105.16542577364575,5479
NOR,Norway,2015.0,156.4010730237072,3357
SJM,Jan Mayen,2015.0,137.87548169313663,1250
FSM,Micronesia,2015.0,12.712205730161209,4155
MHL,Marshall Islands,2015.0,29.554763026893294,2797
PLW,Palau,2015.0,4.768244242348097,878
PAK,Pakistan,2015.0,93.87707819908177,345
PAN,Panama,2015.0,121.85395100303401,485
PNG,Papua New Guinea,2015.0,10.81407918068749,3363
PER,Peru,2015.0,181.81900709122343,1237
PHL,Philippines,2015.0,31.745190682569962,2847
POL,Poland,2015.0,173.16590209262864,81
,Azores,2015.0,75.72612433375087,1692
,Madeira,2015.0,108.3314890987927,767
PRT,Portugal,2015.0,106.74818086731429,568
GNB,Guinea-Bissau,2015.0,115.70998956188114,168
,Oecusse,2015.0,6.282415630550622,6
TLS,East Timor,2015.0,56.030127416345834,130
QAT,Qatar,2015.0,64.75804295517331,63
ROU,Romania,2015.0,245.82186858316214,67
RUS,Russia,2015.0,70.99123534389462,32820
KNA,Saint Kitts and Nevis,2015.0,47.09245225826009,25
LCA,Saint Lucia,2015.0,22.25326766433036,35
VCT,Saint Vincent and the Grenadines,2015.0,23.961110214619975,69
STP,Sao Tome and Principe,2015.0,24.515501742799493,211
SAU,Saudi Arabia,2015.0,109.5577511423084,364
SEN,Senegal,2015.0,119.82671813530831,261
SYC,Seychelles,2015.0,110.17448772129204,1882
SLE,Sierra Leone,2015.0,47.41774467529072,245
SGP,Singapore,2015.0,49.52173913043478,2
VNM,Vietnam,2015.0,90.91975701816463,1096
SVN,Slovenia,2015.0,113.0,1
SOM,Federal Republic of Somalia,2015.0,138.86314200622218,1163
ZAF,South Africa,2015.0,111.51355078588699,1823
,Prince Edward Islands,2015.0,38.83435791012436,964
,Canary Islands,2015.0,126.54258047662587,744
ESP,Spain,2015.0,117.15470529281002,1070
SDN,Sudan,2015.0,33.242689136214096,110
SUR,Suriname,2015.0,14.372208659036438,199
SWE,Sweden,2015.0,195.02428340349442,502
SYR,Syria,2015.0,143.57721712538225,22
THA,Thailand,2015.0,62.45114752765953,440
TGO,Togo,2015.0,69.72148952676494,36
TON,Tonga,2015.0,36.919014873266576,1005
TTO,Trinidad and Tobago,2015.0,18.201580100125163,132
ARE,United Arab Emirates,2015.0,89.77499055942168,101
TUN,Tunisia,2015.0,155.04223172169816,207
TUR,Turkey,2015.0,197.94029494407806,550
TKM,Turkmenistan,2015.0,117.50807328054648,132
TUV,Tuvalu,2015.0,78.32433432500038,1137
EGY,Egypt,2015.0,128.86036503611433,451
SHN,Ascension,2015.0,4.25970608612236,639
PCN,Pitcairn,2015.0,8.203435904422687,1289
SHN,Saint Helena,2015.0,35.29621063181835,662
SHN,Tristan da Cunha,2015.0,32.928949439490374,1343
AIA,Anguilla,2015.0,75.1559690505278,151
VGB,British Virgin Islands,2015.0,79.03424586598543,140
CYM,Cayman Islands,2015.0,35.67386412601139,197
MSR,Montserrat,2015.0,48.82296266559615,18
TCA,Turks and Caicos Islands,2015.0,80.49459385374469,161
GGY,Guernsey,2015.0,79.2602448110697,15
JEY,Jersey,2015.0,60.841659610499576,9
GBR,United Kingdom,2015.0,32.92299780326159,1907
BMU,Bermuda,2015.0,161.43584323989853,773
IMN,Isle of Man,2015.0,47.22043730477466,15
TZA,Tanzania,2015.0,55.04519920171483,368
ASM,American Samoa,2015.0,44.60110411566653,614
UMI,Palmyra Atoll,2015.0,132.5662225441315,516
PRI,Puerto Rico,2015.0,45.40520280550712,251
VIR,United States Virgin Islands,2015.0,41.664394336654446,80
UMI,Johnston Atoll,2015.0,89.27186894875692,658
GUM,Guam,2015.0,3.0424491172832555,320
MNP,Northern Mariana Islands,2015.0,7.655595358035752,1128
UMI,Jarvis Island,2015.0,266.8443009315963,470
UMI,Howland and Baker Islands,2015.0,296.60391121086064,629
,Hawaii,2015.0,82.40403061570463,3773
,Alaska,2015.0,122.57402651329716,9728
USA,United States,2015.0,194.6943182261498,4090
URY,Uruguay,2015.0,233.14623733347045,277
VEN,Venezuela,2015.0,33.63391486929889,710
WSM,Samoa,2015.0,57.79453006003047,208
YEM,Yemen,2015.0,100.3117398605669,788
,Glorioso Islands,2015.0,67.49922271037514,78
BLZ,Belize,2015.0,25.337972166998014,6
KOR,South Korea,2015.0,41.7934282584885,156
PSE,Palestine,2015.0,128.51015228426397,4
BRB,Barbados,2015.0,18.18181818181818,2
IRQ,Iraq,2015.0,182.0,1
,"Abu musa, Greater and Lesser Tunb",2015.0,38.70048097944905,17
FRO,Faeroe,2015.0,67.56176154672397,15
,Doumeira Islands,2015.0,33.62352941176471,2
FRA,France,2015.0,161.0,1
PNG,Papua New Guinea,2015.0,22.80846325167038,12
FLK,Falkland / Malvinas Islands,2015.0,0.620982332542935,1230
SGS,South Georgia and the South Sandwich Islands,2015.0,3.7577483466914288,3051
URY,Uruguay,2015.0,197.83988961953963,88
GBR,United Kingdom,2015.0,3.954217325227963,41
MYT,Mayotte,2015.0,46.890748203960044,119
CRI,Costa Rica,2015.0,175.67672040214939,46
PER,Peru,2015.0,266.4912248959654,49
DOM,Dominican Republic,2015.0,15.297303271441203,30
ECU,Ecuador,2015.0,148.9990507831037,40
JAM,Jamaica,2015.0,1.7815680361854507,35
NOR,Norway,2015.0,125.21348314606743,3
FRA,France,2015.0,88.14401175606173,9
GIB,Gibraltar,2015.0,32.93464052287581,2
HRV,Croatia,2015.0,113.0,1
MYS,Malaysia,2015.0,41.43157894736842,3
EGY,Egypt,2015.0,156.6608260325407,25
,Matthew and Hunter Islands,2015.0,20.836907283209783,306
CAN,Canada,2015.0,17.758605038202578,130
,Navassa Island,2015.0,24.2679415998355,31
HND,Honduras,2015.0,18.652777777777775,7
,Melilla,2015.0,183.0,1
,Alhucemas Islands,2015.0,172.0,1
,Ceuta,2015.0,21.0,1
,Peñón de Vélez de la Gomera,2015.0,192.0,1
,Chafarinas Islands,2015.0,225.92857142857144,2
ESH,Western Sahara,2015.0,87.47303416643994,455
UMI,Wake Island / Enenkio,2015.0,22.5312608665415,611
,Kuril Islands,2015.0,76.68354868952024,445
NOR,Norway,2015.0,109.01945832237705,35
UKR,Ukraine,2015.0,200.66728672640824,296
USA,United States,2015.0,159.0287081339713,52
ISL,Iceland,2015.0,211.71817518076244,204
STP,São Tomé and Principe,2015.0,24.569765421372722,68
,Halaib Triangle,2015.0,43.419796667608026,41
,Liancourt Rocks,2015.0,7.073025335320416,7
TWN,Taiwan,2015.0,71.78965051107124,577
PRI,Puerto Rico,2015.0,66.30923879680783,45
SEN,Senegal,2015.0,101.47174185173165,110
VEN,Venezuela,2015.0,10.714659685863873,7
,Ile Tromelin,2015.0,27.901541636830792,413
,Senkaku Islands,2015.0,65.76502353413363,132
QAT,Qatar,2015.0,124.0,1
GUY,Guyana,2015.0,14.802943581357317,13
COL,Colombia,2015.0,11.194630872483224,6
ALB,Albania,2016.0,205.09069417580054,29
DZA,Algeria,2016.0,177.33196616252235,266
AGO,Angola,2016.0,192.88853278482677,725
ATG,Antigua and Barbuda,2016.0,40.5957658461931,188
AZE,Azerbaijan,2016.0,135.1146525408511,154
ARG,Argentina,2016.0,56.5269644575104,2223
CXR,Christmas Island,2016.0,201.9493769680006,478
CCK,Cocos Islands,2016.0,112.3676193585654,676
HMD,Heard and McDonald Islands,2016.0,19.805719385379483,979
NFK,Norfolk Island,2016.0,120.05820348024591,699
AUS,Australia,2016.0,112.3811073962376,10749
,Macquarie Island,2016.0,59.07339895535974,1147
BHS,Bahamas,2016.0,127.28591592027334,981
BHR,Bahrain,2016.0,116.4072700296736,21
BGD,Bangladesh,2016.0,91.22802153432029,166
BRB,Barbados,2016.0,73.88646770882676,288
BEL,Belgium,2016.0,211.90270270270267,11
,Trindade,2016.0,48.15812103238408,714
BRA,Brazil,2016.0,52.69689208661947,4589
BLZ,Belize,2016.0,40.53958971502833,58
SLB,Solomon Islands,2016.0,30.512386899616427,2285
BRN,Brunei,2016.0,56.95093523171413,77
BGR,Bulgaria,2016.0,185.53065430190634,80
MMR,Myanmar,2016.0,66.63834981660023,725
KHM,Cambodia,2016.0,69.82299247563832,87
CMR,Cameroon,2016.0,148.04664466446647,28
CAN,Canada,2016.0,65.40933290184951,21648
CPV,Cape Verde,2016.0,63.628354860052355,1161
LKA,Sri Lanka,2016.0,81.33397381673956,770
CHL,Chile,2016.0,62.18440376203095,4486
CHL,Islas San Félix and San Ambrosio,2016.0,52.55018225276368,708
,Easter Island,2016.0,38.84936684658715,1139
CHN,China,2016.0,119.32253231467628,1579
CHN,China,2016.0,58.72526373853686,531
COL,Colombia,2016.0,92.655635429932,1067
,Serrana Bank,2016.0,65.03787103377688,8
,Quitasueño Bank,2016.0,51.48333333333333,10
,Serranilla Bank,2016.0,67.75619047619047,8
,Bajo Nuevo Bank,2016.0,53.42193308550187,8
COM,Comores,2016.0,78.60689248157952,261
COG,Republic of the Congo,2016.0,164.51921533660283,65
COD,Democratic Republic of the Congo,2016.0,194.38868274582563,33
CRI,Costa Rica,2016.0,101.52196342597593,841
HRV,Croatia,2016.0,167.16510623744176,122
CUB,Cuba,2016.0,98.4895035931097,589
CYP,Cyprus,2016.0,197.60200609446414,195
BEN,Benin,2016.0,123.7777967403362,61
FRO,Faeroe,2016.0,107.39688462387412,823
DNK,Denmark,2016.0,206.9266335239324,323
GRL,Greenland,2016.0,64.103136455045,12225
DMA,Dominica,2016.0,66.84383867044994,63
DOM,Dominican Republic,2016.0,70.71502254517144,554
,Galapagos,2016.0,112.04254735401855,1181
ECU,Ecuador,2016.0,123.47818151650908,334
SLV,El Salvador,2016.0,164.71308030015254,149
GNQ,Equatorial Guinea,2016.0,130.19102689559045,464
ERI,Eritrea,2016.0,82.55471204188483,141
EST,Estonia,2016.0,198.24562069783997,118
FJI,Fiji,2016.0,75.42501431564904,1987
FIN,Finland,2016.0,149.45951249931232,277
PYF,French Polynesia,2016.0,97.17004018057507,6856
ATF,Amsterdam and Saint Paul Islands,2016.0,50.26480206937963,912
ATF,Crozet Islands,2016.0,13.339438600561106,1148
ATF,Kerguélen,2016.0,23.162570292190715,1159
NCL,New Caledonia,2016.0,89.43730858402265,1764
REU,Réunion,2016.0,37.32397259061207,491
ATF,Europa Island,2016.0,76.60795552490949,215
ATF,Juan de Nova Island,2016.0,94.7234431397633,108
ATF,Bassas da India,2016.0,71.4570710596119,198
,Clipperton Island,2016.0,110.26898813516831,628
GLP,Guadeloupe,2016.0,54.73079236443067,157
BLM,Saint-Barthélemy,2016.0,57.426812585499306,14
MAF,Collectivity of Saint Martin,2016.0,79.30526315789474,7
SPM,Saint-Pierre and Miquelon,2016.0,188.20937711577528,43
MTQ,Martinique,2016.0,72.30126798341867,96
GUF,French Guiana,2016.0,90.46113435822797,204
WLF,Wallis and Futuna,2016.0,97.48788207949356,380
FRA,France,2016.0,110.21203578339554,758
DJI,Djibouti,2016.0,103.57740009186954,17
GAB,Gabon,2016.0,146.8639104737332,299
GEO,Georgia,2016.0,198.80417726887197,48
GMB,Gambia,2016.0,90.72350597609564,45
DEU,Germany,2016.0,219.26932616061754,154
GHA,Ghana,2016.0,84.75747772592277,330
KIR,Phoenix Group,2016.0,123.9108436152071,1049
KIR,Line Group,2016.0,144.46851902943357,2315
KIR,Gilbert Islands,2016.0,63.32272213786478,1489
GRC,Greece,2016.0,211.89888559346144,870
GRD,Grenada,2016.0,129.95262131467248,53
GTM,Guatemala,2016.0,184.9967138658829,178
GIN,Guinea,2016.0,73.44267543731992,157
GUY,Guyana,2016.0,96.72438006491929,205
HTI,Haiti,2016.0,80.80595885419588,178
HND,Honduras,2016.0,71.56759616321644,332
ISL,Iceland,2016.0,156.06816627442376,2449
,Andaman and Nicobar,2016.0,73.39965001959176,960
IND,India,2016.0,78.77557182212827,2390
IDN,Indonesia,2016.0,128.2590384463027,8462
IRN,Iran,2016.0,123.41378965775667,399
IRQ,Iraq,2016.0,186.92156862745097,4
IRL,Ireland,2016.0,45.236460046749194,992
ISR,Israel,2016.0,246.36775218427326,53
ITA,Italy,2016.0,145.25477794521763,1037
CIV,Ivory Coast,2016.0,65.50402361457634,248
JAM,Jamaica,2016.0,61.41427017815301,401
JPN,Japan,2016.0,148.03793500309197,6497
KAZ,Kazakhstan,2016.0,142.21440300258035,243
KEN,Kenya,2016.0,60.69292733228199,191
PRK,North Korea,2016.0,72.07914248188791,227
KOR,South Korea,2016.0,110.32018667245501,634
KWT,Kuwait,2016.0,167.25920982381209,24
LBN,Lebanon,2016.0,234.23665164550053,38
LVA,Latvia,2016.0,200.00106736987496,89
LBR,Liberia,2016.0,49.97756207943786,367
LBY,Libya,2016.0,188.74614118494756,626
LTU,Lithuania,2016.0,242.1248077908764,23
MDG,Madagascar,2016.0,59.72009712613093,1821
MYS,Malaysia,2016.0,90.8053905197164,829
MDV,Maldives,2016.0,80.81116618075802,1290
MLT,Malta,2016.0,118.97889550018589,110
MRT,Mauritania,2016.0,111.30339946629546,267
MUS,Republic of Mauritius,2016.0,86.75254140657795,1862
,Chagos Archipelago,2016.0,150.3317110196196,920
MEX,Mexico,2016.0,148.6025520656266,4729
MCO,Monaco,2016.0,163.62790697674419,7
MNE,Montenegro,2016.0,202.56683074592954,18
MAR,Morocco,2016.0,124.83127735773971,503
MOZ,Mozambique,2016.0,68.60493729005584,900
OMN,Oman,2016.0,88.18967684532335,834
NAM,Namibia,2016.0,103.37294331826864,860
NRU,Nauru,2016.0,46.439307087225174,448
ABW,Aruba,2016.0,125.95564202334631,61
BES,Bonaire,2016.0,135.2127611772635,35
CUW,Curaçao,2016.0,126.32853357908076,52
BES,Saba,2016.0,105.1503169332931,21
BES,Sint-Eustatius,2016.0,98.34346103038311,10
SXM,Sint-Maarten,2016.0,78.30246913580248,4
NLD,Netherlands,2016.0,199.59200850805226,153
VUT,Vanuatu,2016.0,49.037703146909394,943
COK,Cook Islands,2016.0,104.14466180896567,2825
NIU,Niue,2016.0,89.80354552493169,487
TKL,Tokelau,2016.0,76.4014657980456,469
NZL,New Zealand,2016.0,73.77175674756596,7834
NIC,Nicaragua,2016.0,105.68809296270133,349
NGA,Nigeria,2016.0,126.28106856452081,262
SJM,Svalbard,2016.0,117.35529710212097,5479
NOR,Norway,2016.0,190.82360155615743,3357
SJM,Jan Mayen,2016.0,185.7194753793807,1250
FSM,Micronesia,2016.0,55.09670809579685,4155
MHL,Marshall Islands,2016.0,29.367221420365844,2797
PLW,Palau,2016.0,28.378318562689063,878
PAK,Pakistan,2016.0,146.01633786606953,345
PAN,Panama,2016.0,88.77275732463885,485
PNG,Papua New Guinea,2016.0,71.03222088601176,3363
PER,Peru,2016.0,175.6114607645322,1237
PHL,Philippines,2016.0,53.439075440036675,2847
POL,Poland,2016.0,259.33017030101166,81
,Azores,2016.0,36.01349937366443,1692
,Madeira,2016.0,76.19475228070955,767
PRT,Portugal,2016.0,75.23433890423122,568
GNB,Guinea-Bissau,2016.0,105.94275961294332,168
,Oecusse,2016.0,78.34458259325042,6
TLS,East Timor,2016.0,199.18528956456154,130
QAT,Qatar,2016.0,101.44185010248634,63
ROU,Romania,2016.0,190.810868289821,67
RUS,Russia,2016.0,81.8188769437282,32820
KNA,Saint Kitts and Nevis,2016.0,82.30190966959687,25
LCA,Saint Lucia,2016.0,77.55199848456147,35
VCT,Saint Vincent and the Grenadines,2016.0,96.69993545263837,69
STP,Sao Tome and Principe,2016.0,134.3980920931939,211
SAU,Saudi Arabia,2016.0,167.01691278723257,364
SEN,Senegal,2016.0,92.63686903200774,261
SYC,Seychelles,2016.0,93.29041408455709,1882
SLE,Sierra Leone,2016.0,48.56373784323608,245
SGP,Singapore,2016.0,150.91304347826087,2
VNM,Vietnam,2016.0,94.363214594637,1096
SVN,Slovenia,2016.0,76.0,1
SOM,Federal Republic of Somalia,2016.0,78.46896485549904,1163
ZAF,South Africa,2016.0,125.4089679861952,1823
,Prince Edward Islands,2016.0,25.74929410792207,964
,Canary Islands,2016.0,83.49985157391026,744
ESP,Spain,2016.0,146.32869203706994,1070
SDN,Sudan,2016.0,110.53318613977372,110
SUR,Suriname,2016.0,90.59143951441303,199
SWE,Sweden,2016.0,171.90887444365185,502
SYR,Syria,2016.0,191.0402650356779,22
THA,Thailand,2016.0,72.41988641558889,440
TGO,Togo,2016.0,111.17339022498061,36
TON,Tonga,2016.0,92.12523298915043,1005
TTO,Trinidad and Tobago,2016.0,94.8897841051314,132
ARE,United Arab Emirates,2016.0,100.18169067270863,101
TUN,Tunisia,2016.0,165.01275058962264,207
TUR,Turkey,2016.0,212.26961855613294,550
TKM,Turkmenistan,2016.0,93.04459711224966,132
TUV,Tuvalu,2016.0,39.89295916403948,1137
EGY,Egypt,2016.0,204.0196790796246,451
SHN,Ascension,2016.0,20.09113861649968,639
PCN,Pitcairn,2016.0,31.77367861058669,1289
SHN,Saint Helena,2016.0,27.54663788340207,662
SHN,Tristan da Cunha,2016.0,11.929686870627314,1343
AIA,Anguilla,2016.0,72.63289791059734,151
VGB,British Virgin Islands,2016.0,113.50343494321123,140
CYM,Cayman Islands,2016.0,85.83305405276012,197
MSR,Montserrat,2016.0,79.94219189080691,18
TCA,Turks and Caicos Islands,2016.0,98.11631590168426,161
GGY,Guernsey,2016.0,152.33262373602977,15
JEY,Jersey,2016.0,106.89331075359866,9
GBR,United Kingdom,2016.0,97.11610832898945,1907
BMU,Bermuda,2016.0,190.39836165214666,773
IMN,Isle of Man,2016.0,158.46184738955824,15
TZA,Tanzania,2016.0,74.1620962377116,368
ASM,American Samoa,2016.0,94.32009303861533,614
UMI,Palmyra Atoll,2016.0,26.62944684004851,516
PRI,Puerto Rico,2016.0,88.5398374587153,251
VIR,United States Virgin Islands,2016.0,88.98119709341525,80
UMI,Johnston Atoll,2016.0,38.96806893056257,658
GUM,Guam,2016.0,19.308796244237037,320
MNP,Northern Mariana Islands,2016.0,55.04864733758724,1128
UMI,Jarvis Island,2016.0,130.91923690754558,470
UMI,Howland and Baker Islands,2016.0,101.58977446901692,629
,Hawaii,2016.0,69.53673731436659,3773
,Alaska,2016.0,179.21919515843396,9728
USA,United States,2016.0,157.13570902057566,4090
URY,Uruguay,2016.0,129.88153901548273,277
VEN,Venezuela,2016.0,118.359214573287,710
WSM,Samoa,2016.0,111.69364304273812,208
YEM,Yemen,2016.0,69.59112626442531,788
,Glorioso Islands,2016.0,53.52700236566405,78
BLZ,Belize,2016.0,43.00397614314115,6
KOR,South Korea,2016.0,166.9730871538101,156
PSE,Palestine,2016.0,227.0659898477157,4
BRB,Barbados,2016.0,77.9090909090909,2
IRQ,Iraq,2016.0,196.0,1
,"Abu musa, Greater and Lesser Tunb",2016.0,50.068211630957585,17
FRO,Faeroe,2016.0,165.60042964554245,15
,Doumeira Islands,2016.0,68.87058823529412,2
FRA,France,2016.0,129.0,1
PNG,Papua New Guinea,2016.0,186.8596881959911,12
FLK,Falkland / Malvinas Islands,2016.0,5.847606189777821,1230
SGS,South Georgia and the South Sandwich Islands,2016.0,0.6494136768747044,3051
URY,Uruguay,2016.0,85.94017144199152,88
GBR,United Kingdom,2016.0,41.239551671732514,41
MYT,Mayotte,2016.0,62.04056421937969,119
CRI,Costa Rica,2016.0,117.9284104697521,46
PER,Peru,2016.0,126.2692238103854,49
DOM,Dominican Republic,2016.0,98.71396993810787,30
ECU,Ecuador,2016.0,77.91963296946675,40
JAM,Jamaica,2016.0,68.90275160196005,35
NOR,Norway,2016.0,168.2359550561798,3
FRA,France,2016.0,72.10947832476121,9
GIB,Gibraltar,2016.0,48.25490196078431,2
HRV,Croatia,2016.0,76.0,1
MYS,Malaysia,2016.0,115.93684210526318,3
EGY,Egypt,2016.0,222.8848560700876,25
,Matthew and Hunter Islands,2016.0,129.53115072361453,306
CAN,Canada,2016.0,77.04232544065358,130
,Navassa Island,2016.0,54.21324285420523,31
HND,Honduras,2016.0,57.80138888888889,7
,Melilla,2016.0,162.0,1
,Alhucemas Islands,2016.0,160.0,1
,Ceuta,2016.0,45.0,1
,Peñón de Vélez de la Gomera,2016.0,145.0,1
,Chafarinas Islands,2016.0,174.64285714285714,2
ESH,Western Sahara,2016.0,85.00028180510746,455
UMI,Wake Island / Enenkio,2016.0,15.912121844356362,611
,Kuril Islands,2016.0,76.02115517873881,445
NOR,Norway,2016.0,251.71916907704443,35
UKR,Ukraine,2016.0,189.84735207531307,296
USA,United States,2016.0,203.79384825700615,52
ISL,Iceland,2016.0,302.23085800419204,204
STP,São Tomé and Principe,2016.0,112.6832319721981,68
,Halaib Triangle,2016.0,68.86091499576392,41
,Liancourt Rocks,2016.0,119.1356184798808,7
TWN,Taiwan,2016.0,127.45841469102521,577
PRI,Puerto Rico,2016.0,128.4617863720073,45
SEN,Senegal,2016.0,89.01525337289627,110
VEN,Venezuela,2016.0,57.41361256544502,7
,Ile Tromelin,2016.0,65.54684933237861,413
,Senkaku Islands,2016.0,155.24895099792016,132
QAT,Qatar,2016.0,140.0,1
GUY,Guyana,2016.0,80.00081766148814,13
COL,Colombia,2016.0,69.45973154362417,6
ALB,Albania,2017.0,154.24801203524603,29
DZA,Algeria,2017.0,185.03799392097258,266
AGO,Angola,2017.0,98.0899475012258,725
ATG,Antigua and Barbuda,2017.0,22.39030735875527,188
AZE,Azerbaijan,2017.0,120.00125695816122,154
ARG,Argentina,2017.0,91.76580400844774,2223
CXR,Christmas Island,2017.0,3.2360972809071415,478
CCK,Cocos Islands,2017.0,9.20059899038099,676
HMD,Heard and McDonald Islands,2017.0,45.47953420594272,979
NFK,Norfolk Island,2017.0,84.79580563846221,699
AUS,Australia,2017.0,82.98667744048649,10749
,Macquarie Island,2017.0,102.01114088023192,1147
BHS,Bahamas,2017.0,46.81376881372923,981
BHR,Bahrain,2017.0,156.66246290801186,21
BGD,Bangladesh,2017.0,52.93122476446837,166
BRB,Barbados,2017.0,29.78493604926575,288
BEL,Belgium,2017.0,216.9501501501501,11
,Trindade,2017.0,1.6619978323269131,714
BRA,Brazil,2017.0,58.720605887708984,4589
BLZ,Belize,2017.0,29.846003898635477,58
SLB,Solomon Islands,2017.0,31.414705399880916,2285
BRN,Brunei,2017.0,35.607132886655506,77
BGR,Bulgaria,2017.0,140.11559763008756,80
MMR,Myanmar,2017.0,30.43038214711094,725
KHM,Cambodia,2017.0,8.269458492660664,87
CMR,Cameroon,2017.0,77.76721672167216,28
CAN,Canada,2017.0,45.50617824098682,21648
CPV,Cape Verde,2017.0,133.98365000143824,1161
LKA,Sri Lanka,2017.0,22.546801037471077,770
CHL,Chile,2017.0,64.13385689402602,4486
CHL,Islas San Félix and San Ambrosio,2017.0,97.24075888855693,708
,Easter Island,2017.0,109.93452267145145,1139
CHN,China,2017.0,129.40990188459023,1579
CHN,China,2017.0,17.506774460456455,531
COL,Colombia,2017.0,82.32118486931344,1067
,Serrana Bank,2017.0,79.3439099283521,8
,Quitasueño Bank,2017.0,88.61031746031746,10
,Serranilla Bank,2017.0,64.50285714285714,8
,Bajo Nuevo Bank,2017.0,55.763940520446106,8
COM,Comores,2017.0,71.76062307747335,261
COG,Republic of the Congo,2017.0,99.88889879625498,65
COD,Democratic Republic of the Congo,2017.0,89.73191094619662,33
CRI,Costa Rica,2017.0,40.772673788273515,841
HRV,Croatia,2017.0,139.12504809542136,122
CUB,Cuba,2017.0,52.42844093800776,589
CYP,Cyprus,2017.0,131.58108176739458,195
BEN,Benin,2017.0,96.88719173990957,61
FRO,Faeroe,2017.0,125.99800821937968,823
DNK,Denmark,2017.0,161.8159560208358,323
GRL,Greenland,2017.0,45.43263389177488,12225
DMA,Dominica,2017.0,23.12717875962708,63
DOM,Dominican Republic,2017.0,22.494493463522232,554
,Galapagos,2017.0,81.03794378803643,1181
ECU,Ecuador,2017.0,115.88939515768774,334
SLV,El Salvador,2017.0,114.70548307749789,149
GNQ,Equatorial Guinea,2017.0,61.63017327442197,464
ERI,Eritrea,2017.0,80.86836200448766,141
EST,Estonia,2017.0,157.21960598148593,118
FJI,Fiji,2017.0,64.10500659673495,1987
FIN,Finland,2017.0,112.88225152687859,277
PYF,French Polynesia,2017.0,60.5323065359927,6856
ATF,Amsterdam and Saint Paul Islands,2017.0,86.91250866090813,912
ATF,Crozet Islands,2017.0,8.94030418802241,1148
ATF,Kerguélen,2017.0,33.52020028062491,1159
NCL,New Caledonia,2017.0,70.48479882836722,1764
REU,Réunion,2017.0,86.81195885050543,491
ATF,Europa Island,2017.0,80.42641354938806,215
ATF,Juan de Nova Island,2017.0,55.993192305935025,108
ATF,Bassas da India,2017.0,60.73921541253669,198
,Clipperton Island,2017.0,28.27889469368949,628
GLP,Guadeloupe,2017.0,20.731330526449078,157
BLM,Saint-Barthélemy,2017.0,15.243502051983583,14
MAF,Collectivity of Saint Martin,2017.0,26.21052631578947,7
SPM,Saint-Pierre and Miquelon,2017.0,157.51540284360192,43
MTQ,Martinique,2017.0,23.37448183369909,96
GUF,French Guiana,2017.0,51.58130173746929,204
WLF,Wallis and Futuna,2017.0,40.741675134611114,380
FRA,France,2017.0,102.13089872705575,758
DJI,Djibouti,2017.0,90.961874138723,17
GAB,Gabon,2017.0,94.20834958447095,299
GEO,Georgia,2017.0,130.4747667514843,48
GMB,Gambia,2017.0,127.93585657370508,45
DEU,Germany,2017.0,181.82205610088377,154
GHA,Ghana,2017.0,66.86278903266864,330
KIR,Phoenix Group,2017.0,5.681793560036111,1049
KIR,Line Group,2017.0,16.012912570607124,2315
KIR,Gilbert Islands,2017.0,5.234841719464406,1489
GRC,Greece,2017.0,139.36852539118098,870
GRD,Grenada,2017.0,93.94264081679478,53
GTM,Guatemala,2017.0,98.29732834624632,178
GIN,Guinea,2017.0,123.47888348808101,157
GUY,Guyana,2017.0,67.15657915074969,205
HTI,Haiti,2017.0,58.867425304109,178
HND,Honduras,2017.0,44.5039049992343,332
ISL,Iceland,2017.0,139.1244435607313,2449
,Andaman and Nicobar,2017.0,14.380320948954513,960
IND,India,2017.0,44.07928749825943,2390
IDN,Indonesia,2017.0,26.372851516862408,8462
IRN,Iran,2017.0,148.11345241069196,399
IRQ,Iraq,2017.0,175.26797385620918,4
IRL,Ireland,2017.0,39.41907194182321,992
ISR,Israel,2017.0,161.98193010325656,53
ITA,Italy,2017.0,137.35225157344206,1037
CIV,Ivory Coast,2017.0,57.77046069508379,248
JAM,Jamaica,2017.0,47.579810074781655,401
JPN,Japan,2017.0,117.69135935699693,6497
KAZ,Kazakhstan,2017.0,166.4173703964345,243
KEN,Kenya,2017.0,47.569768288244575,191
PRK,North Korea,2017.0,229.46477142736092,227
KOR,South Korea,2017.0,145.21857318573197,634
KWT,Kuwait,2017.0,164.80005339028295,24
LBN,Lebanon,2017.0,218.0050525740817,38
LVA,Latvia,2017.0,160.65235135304832,89
LBR,Liberia,2017.0,73.52346811171321,367
LBY,Libya,2017.0,128.26675096602824,626
LTU,Lithuania,2017.0,184.77806253203482,23
MDG,Madagascar,2017.0,89.61438692693682,1821
MYS,Malaysia,2017.0,33.678197691451345,829
MDV,Maldives,2017.0,26.781486880466474,1290
MLT,Malta,2017.0,132.81954258088507,110
MRT,Mauritania,2017.0,153.82692722059247,267
MUS,Republic of Mauritius,2017.0,49.268146731579414,1862
,Chagos Archipelago,2017.0,37.47533638475514,920
MEX,Mexico,2017.0,108.40399015672091,4729
MCO,Monaco,2017.0,136.65116279069767,7
MNE,Montenegro,2017.0,146.3173040514956,18
MAR,Morocco,2017.0,126.07293889954056,503
MOZ,Mozambique,2017.0,61.35885293474584,900
OMN,Oman,2017.0,122.55965196339616,834
NAM,Namibia,2017.0,53.82957205317318,860
NRU,Nauru,2017.0,28.279114654562047,448
ABW,Aruba,2017.0,115.82227626459147,61
BES,Bonaire,2017.0,133.83441923163332,35
CUW,Curaçao,2017.0,125.91913374035249,52
BES,Saba,2017.0,33.49803803199517,21
BES,Sint-Eustatius,2017.0,31.90620871862616,10
SXM,Sint-Maarten,2017.0,23.73456790123457,4
NLD,Netherlands,2017.0,199.51336979641448,153
VUT,Vanuatu,2017.0,40.52249270165276,943
COK,Cook Islands,2017.0,64.2883027966982,2825
NIU,Niue,2017.0,106.16797636316714,487
TKL,Tokelau,2017.0,11.13907499259698,469
NZL,New Zealand,2017.0,79.67627273821168,7834
NIC,Nicaragua,2017.0,97.76257946565842,349
NGA,Nigeria,2017.0,79.97709975652526,262
SJM,Svalbard,2017.0,90.61918489192965,5479
NOR,Norway,2017.0,163.4685776849799,3357
SJM,Jan Mayen,2017.0,200.33429251267967,1250
FSM,Micronesia,2017.0,75.25260259497665,4155
MHL,Marshall Islands,2017.0,25.810240360540817,2797
PLW,Palau,2017.0,71.75098336732033,878
PAK,Pakistan,2017.0,136.75598283648375,345
PAN,Panama,2017.0,83.1630756690667,485
PNG,Papua New Guinea,2017.0,57.80663088514832,3363
PER,Peru,2017.0,103.27476686270937,1237
PHL,Philippines,2017.0,45.202696054760096,2847
POL,Poland,2017.0,146.86357066549363,81
,Azores,2017.0,133.37725542210106,1692
,Madeira,2017.0,116.89863574883533,767
PRT,Portugal,2017.0,112.7420857381502,568
GNB,Guinea-Bissau,2017.0,128.84244082715043,168
,Oecusse,2017.0,26.625222024866783,6
TLS,East Timor,2017.0,45.88294367483033,130
QAT,Qatar,2017.0,148.68238124944295,63
ROU,Romania,2017.0,161.76613376356696,67
RUS,Russia,2017.0,63.356469691544156,32820
KNA,Saint Kitts and Nevis,2017.0,29.219157320400132,25
LCA,Saint Lucia,2017.0,33.27637810191324,35
VCT,Saint Vincent and the Grenadines,2017.0,64.73325802807811,69
STP,Sao Tome and Principe,2017.0,54.72878829572555,211
SAU,Saudi Arabia,2017.0,111.81609164955962,364
SEN,Senegal,2017.0,142.69678444120188,261
SYC,Seychelles,2017.0,47.29056723547063,1882
SLE,Sierra Leone,2017.0,97.71977375819004,245
SGP,Singapore,2017.0,36.47826086956522,2
VNM,Vietnam,2017.0,26.605229220728138,1096
SVN,Slovenia,2017.0,119.0,1
SOM,Federal Republic of Somalia,2017.0,64.38255580937903,1163
ZAF,South Africa,2017.0,90.70349826854321,1823
,Prince Edward Islands,2017.0,23.360872913322105,964
,Canary Islands,2017.0,128.8773584905661,744
ESP,Spain,2017.0,154.06422476192043,1070
SDN,Sudan,2017.0,55.0190600639841,110
SUR,Suriname,2017.0,55.223329675006156,199
SWE,Sweden,2017.0,98.53983101082054,502
SYR,Syria,2017.0,200.16564729867483,22
THA,Thailand,2017.0,15.8937203466458,440
TGO,Togo,2017.0,76.27967416602019,36
TON,Tonga,2017.0,93.70241632466751,1005
TTO,Trinidad and Tobago,2017.0,65.42830882352945,132
ARE,United Arab Emirates,2017.0,153.10848573124025,101
TUN,Tunisia,2017.0,137.8039996069182,207
TUR,Turkey,2017.0,152.8612973131806,550
TKM,Turkmenistan,2017.0,120.61795528644622,132
TUV,Tuvalu,2017.0,11.652032177375188,1137
EGY,Egypt,2017.0,117.67631157821893,451
SHN,Ascension,2017.0,8.382081379236833,639
PCN,Pitcairn,2017.0,59.457239339029556,1289
SHN,Saint Helena,2017.0,8.101756550120145,662
SHN,Tristan da Cunha,2017.0,36.07233951577422,1343
AIA,Anguilla,2017.0,20.93437333583936,151
VGB,British Virgin Islands,2017.0,18.17564815134463,140
CYM,Cayman Islands,2017.0,33.70565423469144,197
MSR,Montserrat,2017.0,29.26214371738258,18
TCA,Turks and Caicos Islands,2017.0,4.612188956233058,161
GGY,Guernsey,2017.0,158.13783927621074,15
JEY,Jersey,2017.0,176.4563928873836,9
GBR,United Kingdom,2017.0,113.1035259512994,1907
BMU,Bermuda,2017.0,155.8707939306658,773
IMN,Isle of Man,2017.0,160.64970995091477,15
TZA,Tanzania,2017.0,56.35661665065169,368
ASM,American Samoa,2017.0,70.57259668190979,614
UMI,Palmyra Atoll,2017.0,3.193328055518125,516
PRI,Puerto Rico,2017.0,31.197276134634695,251
VIR,United States Virgin Islands,2017.0,23.300397033485645,80
UMI,Johnston Atoll,2017.0,23.08271927430568,658
GUM,Guam,2017.0,81.99936748004048,320
MNP,Northern Mariana Islands,2017.0,104.95043471771339,1128
UMI,Jarvis Island,2017.0,10.162073636937235,470
UMI,Howland and Baker Islands,2017.0,1.8352994306984898,629
,Hawaii,2017.0,130.36228182810495,3773
,Alaska,2017.0,90.25526022270897,9728
USA,United States,2017.0,109.80025706782519,4090
URY,Uruguay,2017.0,239.6434339797336,277
VEN,Venezuela,2017.0,95.07117126951204,710
WSM,Samoa,2017.0,54.79683720096766,208
YEM,Yemen,2017.0,73.68173516756285,788
,Glorioso Islands,2017.0,85.1119972963839,78
BLZ,Belize,2017.0,53.463220675944335,6
KOR,South Korea,2017.0,171.82982318885942,156
PSE,Palestine,2017.0,163.58375634517765,4
BRB,Barbados,2017.0,38.36363636363637,2
IRQ,Iraq,2017.0,179.0,1
,"Abu musa, Greater and Lesser Tunb",2017.0,117.46217752514214,17
FRO,Faeroe,2017.0,177.9280343716434,15
,Doumeira Islands,2017.0,40.811764705882354,2
FRA,France,2017.0,138.0,1
PNG,Papua New Guinea,2017.0,101.5890868596882,12
FLK,Falkland / Malvinas Islands,2017.0,9.870276456640031,1230
SGS,South Georgia and the South Sandwich Islands,2017.0,19.53186468408902,3051
URY,Uruguay,2017.0,227.72158290277122,88
GBR,United Kingdom,2017.0,76.74107142857137,41
MYT,Mayotte,2017.0,52.436963378307375,119
CRI,Costa Rica,2017.0,44.76235049401975,46
PER,Peru,2017.0,136.74036547855985,49
DOM,Dominican Republic,2017.0,76.08996463306808,30
ECU,Ecuador,2017.0,49.13858566682484,40
JAM,Jamaica,2017.0,61.986618921975136,35
NOR,Norway,2017.0,143.77528089887642,3
FRA,France,2017.0,83.9441587068332,9
GIB,Gibraltar,2017.0,25.33986928104575,2
HRV,Croatia,2017.0,119.0,1
MYS,Malaysia,2017.0,10.378947368421052,3
EGY,Egypt,2017.0,130.86827284105135,25
,Matthew and Hunter Islands,2017.0,71.43919872926226,306
CAN,Canada,2017.0,32.73787729782887,130
,Navassa Island,2017.0,24.831585441085757,31
HND,Honduras,2017.0,29.93055555555555,7
,Melilla,2017.0,194.0,1
,Alhucemas Islands,2017.0,165.0,1
,Ceuta,2017.0,21.0,1
,Peñón de Vélez de la Gomera,2017.0,166.0,1
,Chafarinas Islands,2017.0,221.50000000000003,2
ESH,Western Sahara,2017.0,151.88515955999534,455
UMI,Wake Island / Enenkio,2017.0,84.12135058070803,611
,Kuril Islands,2017.0,55.65984592181959,445
NOR,Norway,2017.0,95.16749934262421,35
UKR,Ukraine,2017.0,157.59320306686945,296
USA,United States,2017.0,214.34012303485991,52
ISL,Iceland,2017.0,265.1490143432487,204
STP,São Tomé and Principe,2017.0,47.20564726324936,68
,Halaib Triangle,2017.0,19.02358090934764,41
,Liancourt Rocks,2017.0,105.52906110283159,7
TWN,Taiwan,2017.0,103.19017541640643,577
PRI,Puerto Rico,2017.0,5.16866175567833,45
SEN,Senegal,2017.0,131.62330196114797,110
VEN,Venezuela,2017.0,67.3848167539267,7
,Ile Tromelin,2017.0,22.120319278884637,413
,Senkaku Islands,2017.0,146.8435801072719,132
QAT,Qatar,2017.0,177.0,1
GUY,Guyana,2017.0,44.972199509403104,13
COL,Colombia,2017.0,71.5939597315436,6
ALB,Albania,2018.0,232.14506769825917,29
DZA,Algeria,2018.0,119.83161826637856,266
AGO,Angola,2018.0,120.51466736824483,725
ATG,Antigua and Barbuda,2018.0,9.347353653870684,188
AZE,Azerbaijan,2018.0,148.6675644939247,154
ARG,Argentina,2018.0,77.30718017317044,2223
CXR,Christmas Island,2018.0,6.39963757389814,478
CCK,Cocos Islands,2018.0,10.354785644322774,676
HMD,Heard and McDonald Islands,2018.0,37.3834092124097,979
NFK,Norfolk Island,2018.0,73.46922893816495,699
AUS,Australia,2018.0,58.25019042160039,10749
,Macquarie Island,2018.0,58.1709657257107,1147
BHS,Bahamas,2018.0,58.66962585796759,981
BHR,Bahrain,2018.0,165.8942878338279,21
BGD,Bangladesh,2018.0,26.237442799461643,166
BRB,Barbados,2018.0,2.175335543975998,288
BEL,Belgium,2018.0,218.20720720720718,11
,Trindade,2018.0,2.035063898714879,714
BRA,Brazil,2018.0,50.25121517508274,4589
BLZ,Belize,2018.0,9.898171354311708,58
SLB,Solomon Islands,2018.0,21.84075908351134,2285
BRN,Brunei,2018.0,32.142936906756,77
BGR,Bulgaria,2018.0,220.5295595054096,80
MMR,Myanmar,2018.0,62.17845185681187,725
KHM,Cambodia,2018.0,26.57586036758357,87
CMR,Cameroon,2018.0,102.6954895489549,28
CAN,Canada,2018.0,30.89681578171591,21648
CPV,Cape Verde,2018.0,5.934578431090526,1161
LKA,Sri Lanka,2018.0,14.837864333290387,770
CHL,Chile,2018.0,17.63840620445266,4486
CHL,Islas San Félix and San Ambrosio,2018.0,26.935858978189422,708
,Easter Island,2018.0,73.20930831114964,1139
CHN,China,2018.0,96.803502638763,1579
CHN,China,2018.0,20.55934978969868,531
COL,Colombia,2018.0,27.643514620052844,1067
,Serrana Bank,2018.0,4.379733879222109,8
,Quitasueño Bank,2018.0,3.4412698412698406,10
,Serranilla Bank,2018.0,0.2114285714285714,8
,Bajo Nuevo Bank,2018.0,0.08736059479553905,8
COM,Comores,2018.0,47.82425423850062,261
COG,Republic of the Congo,2018.0,108.79875167186802,65
COD,Democratic Republic of the Congo,2018.0,91.08882189239333,33
CRI,Costa Rica,2018.0,27.516886840442098,841
HRV,Croatia,2018.0,215.19554529519905,122
CUB,Cuba,2018.0,28.52038251056917,589
CYP,Cyprus,2018.0,240.4146013204672,195
BEN,Benin,2018.0,100.6730949739739,61
FRO,Faeroe,2018.0,64.54796039562335,823
DNK,Denmark,2018.0,182.74476135534562,323
GRL,Greenland,2018.0,29.581039610392487,12225
DMA,Dominica,2018.0,6.95186461289015,63
DOM,Dominican Republic,2018.0,3.5861906770039265,554
,Galapagos,2018.0,64.7554658438208,1181
ECU,Ecuador,2018.0,62.501844264910474,334
SLV,El Salvador,2018.0,42.3174642712582,149
GNQ,Equatorial Guinea,2018.0,82.65620891775143,464
ERI,Eritrea,2018.0,44.015145848915495,141
EST,Estonia,2018.0,214.58466650842647,118
FJI,Fiji,2018.0,52.58419594295554,1987
FIN,Finland,2018.0,172.85160391027654,277
PYF,French Polynesia,2018.0,39.166590872930094,6856
ATF,Amsterdam and Saint Paul Islands,2018.0,98.68309390733977,912
ATF,Crozet Islands,2018.0,33.14362299823835,1148
ATF,Kerguélen,2018.0,41.04149913165805,1159
NCL,New Caledonia,2018.0,35.27564377784773,1764
REU,Réunion,2018.0,46.030932946155026,491
ATF,Europa Island,2018.0,65.55464575073265,215
ATF,Juan de Nova Island,2018.0,43.781331383926535,108
ATF,Bassas da India,2018.0,80.92817255339942,198
,Clipperton Island,2018.0,24.60667845696204,628
GLP,Guadeloupe,2018.0,5.663996960967426,157
BLM,Saint-Barthélemy,2018.0,3.7305061559507515,14
MAF,Collectivity of Saint Martin,2018.0,5.771052631578948,7
SPM,Saint-Pierre and Miquelon,2018.0,94.91198375084628,43
MTQ,Martinique,2018.0,7.7045842477444495,96
GUF,French Guiana,2018.0,33.90234694805785,204
WLF,Wallis and Futuna,2018.0,25.842986790006634,380
FRA,France,2018.0,137.43181185896847,758
DJI,Djibouti,2018.0,17.821313734497018,17
GAB,Gabon,2018.0,98.26127328913026,299
GEO,Georgia,2018.0,325.0039228159457,48
GMB,Gambia,2018.0,2.988047808764938,45
DEU,Germany,2018.0,179.2172075313515,154
GHA,Ghana,2018.0,68.06598695375475,330
KIR,Phoenix Group,2018.0,34.825799979937806,1049
KIR,Line Group,2018.0,32.23862299795258,2315
KIR,Gilbert Islands,2018.0,108.32986074918803,1489
GRC,Greece,2018.0,209.28881918456287,870
GRD,Grenada,2018.0,6.9901342204887005,53
GTM,Guatemala,2018.0,47.79131712530056,178
GIN,Guinea,2018.0,16.130803038682068,157
GUY,Guyana,2018.0,9.053348643098461,205
HTI,Haiti,2018.0,30.7133807948876,178
HND,Honduras,2018.0,5.572287730923971,332
ISL,Iceland,2018.0,94.54448857296141,2449
,Andaman and Nicobar,2018.0,36.12254657500089,960
IND,India,2018.0,44.42489596424094,2390
IDN,Indonesia,2018.0,20.496545177940863,8462
IRN,Iran,2018.0,140.50704471646262,399
IRQ,Iraq,2018.0,202.0174291938998,4
IRL,Ireland,2018.0,43.24855423772834,992
ISR,Israel,2018.0,245.97269658459092,53
ITA,Italy,2018.0,178.0327940785391,1037
CIV,Ivory Coast,2018.0,48.31417577397477,248
JAM,Jamaica,2018.0,2.2298274528270157,401
JPN,Japan,2018.0,105.32699166197614,6497
KAZ,Kazakhstan,2018.0,149.35213855657213,243
KEN,Kenya,2018.0,32.52007764163532,191
PRK,North Korea,2018.0,108.87556666525441,227
KOR,South Korea,2018.0,106.14504015628395,634
KWT,Kuwait,2018.0,189.7180993059263,24
LBN,Lebanon,2018.0,277.8105967499659,38
LVA,Latvia,2018.0,191.57022665913232,89
LBR,Liberia,2018.0,36.794569165723814,367
LBY,Libya,2018.0,182.87972506163499,626
LTU,Lithuania,2018.0,224.72680676576113,23
MDG,Madagascar,2018.0,55.210662491446804,1821
MYS,Malaysia,2018.0,28.793935665319037,829
MDV,Maldives,2018.0,25.50885973436993,1290
MLT,Malta,2018.0,169.93171253253993,110
MRT,Mauritania,2018.0,20.332073657865518,267
MUS,Republic of Mauritius,2018.0,44.07813773088134,1862
,Chagos Archipelago,2018.0,35.10570186535408,920
MEX,Mexico,2018.0,117.15253823782757,4729
MCO,Monaco,2018.0,228.21705426356593,7
MNE,Montenegro,2018.0,232.6448315032184,18
MAR,Morocco,2018.0,44.47459573852331,503
MOZ,Mozambique,2018.0,47.004318141161924,900
OMN,Oman,2018.0,63.38676136628162,834
NAM,Namibia,2018.0,99.77894075677055,860
NRU,Nauru,2018.0,168.6303042647501,448
ABW,Aruba,2018.0,24.292120622568092,61
BES,Bonaire,2018.0,36.573578971017746,35
CUW,Curaçao,2018.0,28.89459739661329,52
BES,Saba,2018.0,8.072441895562932,21
BES,Sint-Eustatius,2018.0,7.356671070013213,10
SXM,Sint-Maarten,2018.0,6.481481481481483,4
NLD,Netherlands,2018.0,158.98517168034027,153
VUT,Vanuatu,2018.0,28.716134519458432,943
COK,Cook Islands,2018.0,29.544729863714497,2825
NIU,Niue,2018.0,67.63683287798021,487
TKL,Tokelau,2018.0,11.143840687000296,469
NZL,New Zealand,2018.0,122.73280528190935,7834
NIC,Nicaragua,2018.0,12.159485325688014,349
NGA,Nigeria,2018.0,86.25130676110533,262
SJM,Svalbard,2018.0,76.21334240734001,5479
NOR,Norway,2018.0,107.50220091512382,3357
SJM,Jan Mayen,2018.0,157.68562139676703,1250
FSM,Micronesia,2018.0,36.268229048145784,4155
MHL,Marshall Islands,2018.0,50.77086364841379,2797
PLW,Palau,2018.0,38.10157435416687,878
PAK,Pakistan,2018.0,120.69534758622417,345
PAN,Panama,2018.0,30.19506407643889,485
PNG,Papua New Guinea,2018.0,33.80734042539877,3363
PER,Peru,2018.0,25.767997030141995,1237
PHL,Philippines,2018.0,31.33928700775043,2847
POL,Poland,2018.0,216.98642619242128,81
,Azores,2018.0,164.82001817601258,1692
,Madeira,2018.0,30.17114088356274,767
PRT,Portugal,2018.0,26.963158330386083,568
GNB,Guinea-Bissau,2018.0,24.382035151070628,168
,Oecusse,2018.0,8.39253996447602,6
TLS,East Timor,2018.0,28.191918390028988,130
QAT,Qatar,2018.0,132.8700650565903,63
ROU,Romania,2018.0,232.14373716632434,67
RUS,Russia,2018.0,74.21748737689474,32820
KNA,Saint Kitts and Nevis,2018.0,7.996665656259474,25
LCA,Saint Lucia,2018.0,8.025573025194166,35
VCT,Saint Vincent and the Grenadines,2018.0,10.274891076327256,69
STP,Sao Tome and Principe,2018.0,78.76160337552743,211
SAU,Saudi Arabia,2018.0,151.20512548837826,364
SEN,Senegal,2018.0,4.60759470291635,261
SYC,Seychelles,2018.0,37.68624038922529,1882
SLE,Sierra Leone,2018.0,19.8453454294301,245
SGP,Singapore,2018.0,18.826086956521735,2
VNM,Vietnam,2018.0,33.657855626326935,1096
SVN,Slovenia,2018.0,158.0,1
SOM,Federal Republic of Somalia,2018.0,56.047393225005266,1163
ZAF,South Africa,2018.0,86.82231202747853,1823
,Prince Edward Islands,2018.0,48.64197675885679,964
,Canary Islands,2018.0,18.328561929301685,744
ESP,Spain,2018.0,108.91613084166117,1070
SDN,Sudan,2018.0,60.85324201324738,110
SUR,Suriname,2018.0,11.710574058727348,199
SWE,Sweden,2018.0,163.36189002642337,502
SYR,Syria,2018.0,281.1179918450561,22
THA,Thailand,2018.0,31.424712229119468,440
TGO,Togo,2018.0,91.34076803723818,36
TON,Tonga,2018.0,72.89241712771401,1005
TTO,Trinidad and Tobago,2018.0,13.3620541301627,132
ARE,United Arab Emirates,2018.0,135.11517505529477,101
TUN,Tunisia,2018.0,150.34760711477986,207
TUR,Turkey,2018.0,273.57999853078906,550
TKM,Turkmenistan,2018.0,163.82165036485017,132
TUV,Tuvalu,2018.0,24.529453991089788,1137
EGY,Egypt,2018.0,239.36758790709746,451
SHN,Ascension,2018.0,25.77517453634619,639
PCN,Pitcairn,2018.0,78.2869103459909,1289
SHN,Saint Helena,2018.0,0.7809195225062001,662
SHN,Tristan da Cunha,2018.0,97.90982580513229,1343
AIA,Anguilla,2018.0,6.5219434263697,151
VGB,British Virgin Islands,2018.0,3.461249007491283,140
CYM,Cayman Islands,2018.0,7.674079571025041,197
MSR,Montserrat,2018.0,9.203131272581292,18
TCA,Turks and Caicos Islands,2018.0,12.973563183382568,161
GGY,Guernsey,2018.0,138.51144225651942,15
JEY,Jersey,2018.0,143.9237933954276,9
GBR,United Kingdom,2018.0,71.40947995010798,1907
BMU,Bermuda,2018.0,137.3254902175519,773
IMN,Isle of Man,2018.0,55.51494868362338,15
TZA,Tanzania,2018.0,32.07528272599602,368
ASM,American Samoa,2018.0,31.850851059247503,614
UMI,Palmyra Atoll,2018.0,74.54756771324621,516
PRI,Puerto Rico,2018.0,3.9316435966898,251
VIR,United States Virgin Islands,2018.0,2.852123754588359,80
UMI,Johnston Atoll,2018.0,36.41954202243103,658
GUM,Guam,2018.0,23.27912403013605,320
MNP,Northern Mariana Islands,2018.0,51.07098399193999,1128
UMI,Jarvis Island,2018.0,67.98791893998438,470
UMI,Howland and Baker Islands,2018.0,82.68795160937158,629
,Hawaii,2018.0,41.51015091293685,3773
,Alaska,2018.0,111.16440103920097,9728
USA,United States,2018.0,110.22473107461327,4090
URY,Uruguay,2018.0,198.43461413164616,277
VEN,Venezuela,2018.0,20.243891946037234,710
WSM,Samoa,2018.0,22.04258130991847,208
YEM,Yemen,2018.0,38.90145822378279,788
,Glorioso Islands,2018.0,30.421426157485637,78
BLZ,Belize,2018.0,14.542743538767395,6
KOR,South Korea,2018.0,87.86286966046008,156
PSE,Palestine,2018.0,258.7994923857868,4
BRB,Barbados,2018.0,0.0,2
IRQ,Iraq,2018.0,211.0,1
,"Abu musa, Greater and Lesser Tunb",2018.0,44.5264538696983,17
FRO,Faeroe,2018.0,77.41568206229861,15
,Doumeira Islands,2018.0,17.68235294117647,2
FRA,France,2018.0,198.0,1
PNG,Papua New Guinea,2018.0,70.11581291759465,12
FLK,Falkland / Malvinas Islands,2018.0,26.597171013857096,1230
SGS,South Georgia and the South Sandwich Islands,2018.0,34.067139085468014,3051
URY,Uruguay,2018.0,173.19756928135274,88
GBR,United Kingdom,2018.0,13.13107902735562,41
MYT,Mayotte,2018.0,27.172200806027686,119
CRI,Costa Rica,2018.0,3.1041775004333507,46
PER,Peru,2018.0,73.76207707617155,49
DOM,Dominican Republic,2018.0,9.164898320070733,30
ECU,Ecuador,2018.0,32.087327954437555,40
JAM,Jamaica,2018.0,0.38465887674330956,35
NOR,Norway,2018.0,133.33707865168537,3
FRA,France,2018.0,168.0499632623071,9
GIB,Gibraltar,2018.0,3.797385620915032,2
HRV,Croatia,2018.0,158.0,1
MYS,Malaysia,2018.0,9.273684210526316,3
EGY,Egypt,2018.0,226.57540675844808,25
,Matthew and Hunter Islands,2018.0,42.93408048005648,306
CAN,Canada,2018.0,5.0102125728118585,130
,Navassa Island,2018.0,1.9761464116800338,31
HND,Honduras,2018.0,2.9333333333333336,7
,Melilla,2018.0,100.0,1
,Alhucemas Islands,2018.0,69.0,1
,Ceuta,2018.0,0.0,1
,Peñón de Vélez de la Gomera,2018.0,76.0,1
,Chafarinas Islands,2018.0,131.5,2
ESH,Western Sahara,2018.0,29.430588486803746,455
UMI,Wake Island / Enenkio,2018.0,18.225036511579397,611
,Kuril Islands,2018.0,97.97546162311988,445
NOR,Norway,2018.0,95.80094662108856,35
UKR,Ukraine,2018.0,233.15759761897078,296
USA,United States,2018.0,232.49063568010934,52
ISL,Iceland,2018.0,241.27077886902643,204
STP,São Tomé and Principe,2018.0,51.72606429192009,68
,Halaib Triangle,2018.0,161.87757695566222,41
,Liancourt Rocks,2018.0,68.91207153502235,7
TWN,Taiwan,2018.0,81.22290294784939,577
PRI,Puerto Rico,2018.0,2.339318600368324,45
SEN,Senegal,2018.0,5.055218137141268,110
VEN,Venezuela,2018.0,0.04712041884816754,7
,Ile Tromelin,2018.0,26.47922370582536,413
,Senkaku Islands,2018.0,97.7257270040501,132
QAT,Qatar,2018.0,167.0,1
GUY,Guyana,2018.0,0.7448896156991005,13
COL,Colombia,2018.0,2.9999999999999996,6
ALB,Albania,2019.0,201.05329894691596,29
DZA,Algeria,2019.0,121.02651334822568,266
AGO,Angola,2019.0,183.729547601679,725
ATG,Antigua and Barbuda,2019.0,45.90353271266422,188
AZE,Azerbaijan,2019.0,159.01313820554256,154
ARG,Argentina,2019.0,60.58223680428057,2223
CXR,Christmas Island,2019.0,9.672067174422049,478
CCK,Cocos Islands,2019.0,19.974910214230096,676
HMD,Heard and McDonald Islands,2019.0,14.230788797489081,979
NFK,Norfolk Island,2019.0,45.625424959869186,699
AUS,Australia,2019.0,52.8146367389316,10749
,Macquarie Island,2019.0,67.81310149970581,1147
BHS,Bahamas,2019.0,90.08216262800809,981
BHR,Bahrain,2019.0,143.46958456973294,21
BGD,Bangladesh,2019.0,42.61685060565274,166
BRB,Barbados,2019.0,34.23576504026527,288
BEL,Belgium,2019.0,258.5825825825826,11
,Trindade,2019.0,123.0735520062886,714
BRA,Brazil,2019.0,87.19341540531205,4589
BLZ,Belize,2019.0,47.78390420495684,58
SLB,Solomon Islands,2019.0,34.22797203570551,2285
BRN,Brunei,2019.0,17.644960915689555,77
BGR,Bulgaria,2019.0,227.9955564142194,80
MMR,Myanmar,2019.0,62.34126584378725,725
KHM,Cambodia,2019.0,35.105156037991854,87
CMR,Cameroon,2019.0,127.09196919691968,28
CAN,Canada,2019.0,51.122945437934675,21648
CPV,Cape Verde,2019.0,13.14034318096827,1161
LKA,Sri Lanka,2019.0,76.53103170112765,770
CHL,Chile,2019.0,9.24178774930747,4486
CHL,Islas San Félix and San Ambrosio,2019.0,0.18256348969226174,708
,Easter Island,2019.0,24.142849263894806,1139
CHN,China,2019.0,126.8842030542875,1579
CHN,China,2019.0,46.97529821416259,531
COL,Colombia,2019.0,37.85993454264892,1067
,Serrana Bank,2019.0,33.40839303991812,8
,Quitasueño Bank,2019.0,40.44920634920635,10
,Serranilla Bank,2019.0,32.21142857142857,8
,Bajo Nuevo Bank,2019.0,36.62267657992566,8
COM,Comores,2019.0,96.89049645897418,261
COG,Republic of the Congo,2019.0,171.01542576905928,65
COD,Democratic Republic of the Congo,2019.0,188.13010204081633,33
CRI,Costa Rica,2019.0,73.4276766399992,841
HRV,Croatia,2019.0,184.02479586165617,122
CUB,Cuba,2019.0,72.34058152600056,589
CYP,Cyprus,2019.0,164.251218892839,195
BEN,Benin,2019.0,114.03694854509772,61
FRO,Faeroe,2019.0,59.835449490755806,823
DNK,Denmark,2019.0,223.74060437416227,323
GRL,Greenland,2019.0,66.1032220508412,12225
DMA,Dominica,2019.0,49.52330766112688,63
DOM,Dominican Republic,2019.0,26.963570895643436,554
,Galapagos,2019.0,83.46329618174822,1181
ECU,Ecuador,2019.0,90.98668810863931,334
SLV,El Salvador,2019.0,74.83921287791514,149
GNQ,Equatorial Guinea,2019.0,137.6552600104775,464
ERI,Eritrea,2019.0,50.50130890052356,141
EST,Estonia,2019.0,208.6643247092334,118
FJI,Fiji,2019.0,66.27563025562608,1987
FIN,Finland,2019.0,129.1988885424501,277
PYF,French Polynesia,2019.0,31.454754701388474,6856
ATF,Amsterdam and Saint Paul Islands,2019.0,65.56236315765162,912
ATF,Crozet Islands,2019.0,73.44208030969759,1148
ATF,Kerguélen,2019.0,21.23346615279193,1159
NCL,New Caledonia,2019.0,8.873517569720736,1764
REU,Réunion,2019.0,142.75079235795096,491
ATF,Europa Island,2019.0,58.98868729529393,215
ATF,Juan de Nova Island,2019.0,65.67652030885914,108
ATF,Bassas da India,2019.0,57.13606961701337,198
,Clipperton Island,2019.0,18.489805460126448,628
GLP,Guadeloupe,2019.0,49.16375953654753,157
BLM,Saint-Barthélemy,2019.0,31.824213406292746,14
MAF,Collectivity of Saint Martin,2019.0,38.52368421052631,7
SPM,Saint-Pierre and Miquelon,2019.0,62.823628977657414,43
MTQ,Martinique,2019.0,46.16953182150694,96
GUF,French Guiana,2019.0,51.64431911216228,204
WLF,Wallis and Futuna,2019.0,92.99987152084279,380
FRA,France,2019.0,102.07509690821081,758
DJI,Djibouti,2019.0,103.48001837390906,17
GAB,Gabon,2019.0,157.93839068734815,299
GEO,Georgia,2019.0,212.43129770992365,48
GMB,Gambia,2019.0,20.766401062416996,45
DEU,Germany,2019.0,230.00048904880012,154
GHA,Ghana,2019.0,107.51312579550272,330
KIR,Phoenix Group,2019.0,117.15074330424314,1049
KIR,Line Group,2019.0,60.99312987352434,2315
KIR,Gilbert Islands,2019.0,240.9033470339831,1489
GRC,Greece,2019.0,185.24071802357182,870
GRD,Grenada,2019.0,53.01927268555694,53
GTM,Guatemala,2019.0,65.79471012556775,178
GIN,Guinea,2019.0,67.67645603516023,157
GUY,Guyana,2019.0,38.868858612846964,205
HTI,Haiti,2019.0,54.671029766242526,178
HND,Honduras,2019.0,53.54156283498765,332
ISL,Iceland,2019.0,134.49050132242706,2449
,Andaman and Nicobar,2019.0,50.137347273180644,960
IND,India,2019.0,57.80150100554675,2390
IDN,Indonesia,2019.0,25.366133417305377,8462
IRN,Iran,2019.0,165.40186110417196,399
IRQ,Iraq,2019.0,170.12636165577345,4
IRL,Ireland,2019.0,55.003822179897846,992
ISR,Israel,2019.0,179.79388403494835,53
ITA,Italy,2019.0,153.83093697367258,1037
CIV,Ivory Coast,2019.0,104.74677583722803,248
JAM,Jamaica,2019.0,31.110759812989812,401
JPN,Japan,2019.0,119.45789210779522,6497
KAZ,Kazakhstan,2019.0,169.07379388537032,243
KEN,Kenya,2019.0,54.65633871163412,191
PRK,North Korea,2019.0,200.88228191331612,227
KOR,South Korea,2019.0,141.1411475291224,634
KWT,Kuwait,2019.0,161.44500800854243,24
LBN,Lebanon,2019.0,203.08002184896907,38
LVA,Latvia,2019.0,216.30815596157467,89
LBR,Liberia,2019.0,111.60109569463474,367
LBY,Libya,2019.0,156.52452334362349,626
LTU,Lithuania,2019.0,263.22116863147096,23
MDG,Madagascar,2019.0,112.2373888086368,1821
MYS,Malaysia,2019.0,43.52162067147125,829
MDV,Maldives,2019.0,63.34547457078069,1290
MLT,Malta,2019.0,145.7030494607661,110
MRT,Mauritania,2019.0,45.92045812407807,267
MUS,Republic of Mauritius,2019.0,124.94643799057735,1862
,Chagos Archipelago,2019.0,188.13185362375498,920
MEX,Mexico,2019.0,90.82944158591647,4729
MCO,Monaco,2019.0,163.8294573643411,7
MNE,Montenegro,2019.0,193.1923513820522,18
MAR,Morocco,2019.0,52.9741525883587,503
MOZ,Mozambique,2019.0,52.94056965673507,900
OMN,Oman,2019.0,79.17635130591316,834
NAM,Namibia,2019.0,68.2982918439351,860
NRU,Nauru,2019.0,188.50624145255622,448
ABW,Aruba,2019.0,45.58706225680935,61
BES,Bonaire,2019.0,50.4700067400584,35
CUW,Curaçao,2019.0,41.363437392005515,52
BES,Saba,2019.0,48.33232719589495,21
BES,Sint-Eustatius,2019.0,43.776750330251005,10
SXM,Sint-Maarten,2019.0,36.111111111111114,4
NLD,Netherlands,2019.0,229.3991795806745,153
VUT,Vanuatu,2019.0,28.253237707744262,943
COK,Cook Islands,2019.0,82.48926671008095,2825
NIU,Niue,2019.0,81.33027490277397,487
TKL,Tokelau,2019.0,101.36040679597275,469
NZL,New Zealand,2019.0,100.4107458813558,7834
NIC,Nicaragua,2019.0,54.63688868575229,349
NGA,Nigeria,2019.0,103.15883745083684,262
SJM,Svalbard,2019.0,50.23693105639073,5479
NOR,Norway,2019.0,69.65177873168695,3357
SJM,Jan Mayen,2019.0,110.1724705430974,1250
FSM,Micronesia,2019.0,25.5825548469312,4155
MHL,Marshall Islands,2019.0,47.6075274676721,2797
PLW,Palau,2019.0,21.021189512037196,878
PAK,Pakistan,2019.0,153.45752279920436,345
PAN,Panama,2019.0,45.03305710274873,485
PNG,Papua New Guinea,2019.0,12.91076060962897,3363
PER,Peru,2019.0,61.529256882405306,1237
PHL,Philippines,2019.0,35.18803118284761,2847
POL,Poland,2019.0,276.87274555394964,81
,Azores,2019.0,106.95904502247436,1692
,Madeira,2019.0,75.35943092191316,767
PRT,Portugal,2019.0,39.57795369206805,568
GNB,Guinea-Bissau,2019.0,53.816655852399386,168
,Oecusse,2019.0,4.9715808170515094,6
TLS,East Timor,2019.0,40.715714682649924,130
QAT,Qatar,2019.0,155.19490241511448,63
ROU,Romania,2019.0,237.0113669697858,67
RUS,Russia,2019.0,63.62321893685847,32820
KNA,Saint Kitts and Nevis,2019.0,45.82176417096091,25
LCA,Saint Lucia,2019.0,36.734229967796935,35
VCT,Saint Vincent and the Grenadines,2019.0,45.42794900758432,69
STP,Sao Tome and Principe,2019.0,103.28987800403594,211
SAU,Saudi Arabia,2019.0,143.533607045891,364
SEN,Senegal,2019.0,28.185083944369513,261
SYC,Seychelles,2019.0,109.56994335635784,1882
SLE,Sierra Leone,2019.0,70.2859942879543,245
SGP,Singapore,2019.0,83.47826086956522,2
VNM,Vietnam,2019.0,73.38794527011085,1096
SVN,Slovenia,2019.0,168.0,1
SOM,Federal Republic of Somalia,2019.0,82.76124398912044,1163
ZAF,South Africa,2019.0,86.11722395615045,1823
,Prince Edward Islands,2019.0,33.45958468747144,964
,Canary Islands,2019.0,24.309438711899034,744
ESP,Spain,2019.0,89.14763611467409,1070
SDN,Sudan,2019.0,67.53278060649752,110
SUR,Suriname,2019.0,57.6467399825296,199
SWE,Sweden,2019.0,139.10486974169376,502
SYR,Syria,2019.0,196.39780835881754,22
THA,Thailand,2019.0,52.455445041603596,440
TGO,Togo,2019.0,112.76687354538402,36
TON,Tonga,2019.0,72.61810912134035,1005
TTO,Trinidad and Tobago,2019.0,36.7193757822278,132
ARE,United Arab Emirates,2019.0,138.4832497167826,101
TUN,Tunisia,2019.0,141.3753193789308,207
TUR,Turkey,2019.0,204.76252961378117,550
TKM,Turkmenistan,2019.0,166.45474305232102,132
TUV,Tuvalu,2019.0,87.32296153219957,1137
EGY,Egypt,2019.0,168.0413152545305,451
SHN,Ascension,2019.0,60.47429252824556,639
PCN,Pitcairn,2019.0,45.43840544450716,1289
SHN,Saint Helena,2019.0,21.57272914177043,662
SHN,Tristan da Cunha,2019.0,26.389416313959767,1343
AIA,Anguilla,2019.0,29.786580208627,151
VGB,British Virgin Islands,2019.0,24.757655262885347,140
CYM,Cayman Islands,2019.0,37.36498779144925,197
MSR,Montserrat,2019.0,54.00642312324368,18
TCA,Turks and Caicos Islands,2019.0,38.166174275880955,161
GGY,Guernsey,2019.0,155.6588610963278,15
JEY,Jersey,2019.0,156.04572396274347,9
GBR,United Kingdom,2019.0,90.40165872365773,1907
BMU,Bermuda,2019.0,151.3728719821709,773
IMN,Isle of Man,2019.0,143.47701918786257,15
TZA,Tanzania,2019.0,70.19125582082933,368
ASM,American Samoa,2019.0,116.37359742133712,614
UMI,Palmyra Atoll,2019.0,80.76846112383775,516
PRI,Puerto Rico,2019.0,38.60888039484917,251
VIR,United States Virgin Islands,2019.0,40.74514944939697,80
UMI,Johnston Atoll,2019.0,163.44242790492137,658
GUM,Guam,2019.0,37.15090520634206,320
MNP,Northern Mariana Islands,2019.0,74.64081495578193,1128
UMI,Jarvis Island,2019.0,150.45798537653565,470
UMI,Howland and Baker Islands,2019.0,217.23869608057817,629
,Hawaii,2019.0,160.64464586099558,3773
,Alaska,2019.0,173.03149531412723,9728
USA,United States,2019.0,121.27510979793888,4090
URY,Uruguay,2019.0,201.92154038715427,277
VEN,Venezuela,2019.0,50.586886866961585,710
WSM,Samoa,2019.0,114.64004121494494,208
YEM,Yemen,2019.0,74.09368479975576,788
,Glorioso Islands,2019.0,111.9885096316323,78
BLZ,Belize,2019.0,52.9741550695825,6
KOR,South Korea,2019.0,107.68102018463465,156
PSE,Palestine,2019.0,164.9517766497462,4
BRB,Barbados,2019.0,17.0,2
IRQ,Iraq,2019.0,179.0,1
,"Abu musa, Greater and Lesser Tunb",2019.0,72.81416703104503,17
FRO,Faeroe,2019.0,93.90225563909776,15
,Doumeira Islands,2019.0,86.62352941176471,2
FRA,France,2019.0,157.0,1
PNG,Papua New Guinea,2019.0,34.52004454342985,12
FLK,Falkland / Malvinas Islands,2019.0,1.9830658314944,1230
SGS,South Georgia and the South Sandwich Islands,2019.0,17.603619691184736,3051
URY,Uruguay,2019.0,151.86724988257396,88
GBR,United Kingdom,2019.0,54.830547112461986,41
MYT,Mayotte,2019.0,91.15761345715788,119
CRI,Costa Rica,2019.0,55.24510313745885,46
PER,Peru,2019.0,131.85597973584228,49
DOM,Dominican Republic,2019.0,27.35610079575597,30
ECU,Ecuador,2019.0,27.196646100300576,40
JAM,Jamaica,2019.0,37.990388239728624,35
NOR,Norway,2019.0,168.06741573033707,3
FRA,France,2019.0,66.51065393093313,9
GIB,Gibraltar,2019.0,5.169934640522875,2
HRV,Croatia,2019.0,168.0,1
MYS,Malaysia,2019.0,69.76842105263158,3
EGY,Egypt,2019.0,177.53254067584487,25
,Matthew and Hunter Islands,2019.0,16.81366925520649,306
CAN,Canada,2019.0,28.483281640063534,130
,Navassa Island,2019.0,42.32202344231957,31
HND,Honduras,2019.0,29.20138888888889,7
,Melilla,2019.0,126.0,1
,Alhucemas Islands,2019.0,66.0,1
,Ceuta,2019.0,3.0,1
,Peñón de Vélez de la Gomera,2019.0,53.0,1
,Chafarinas Islands,2019.0,171.42857142857142,2
ESH,Western Sahara,2019.0,26.75861934932173,455
UMI,Wake Island / Enenkio,2019.0,44.901683009945096,611
,Kuril Islands,2019.0,148.35347287327272,445
NOR,Norway,2019.0,18.3862739942151,35
UKR,Ukraine,2019.0,202.74976545566312,296
USA,United States,2019.0,218.83513328776485,52
ISL,Iceland,2019.0,151.9330648390211,204
STP,São Tomé and Principe,2019.0,79.19044309296264,68
,Halaib Triangle,2019.0,135.39833380401012,41
,Liancourt Rocks,2019.0,104.95230998509686,7
TWN,Taiwan,2019.0,107.68981572976861,577
PRI,Puerto Rico,2019.0,27.884131368937997,45
SEN,Senegal,2019.0,30.836988270202603,110
VEN,Venezuela,2019.0,30.460732984293195,7
,Ile Tromelin,2019.0,116.68679710205978,413
,Senkaku Islands,2019.0,112.25635786477908,132
QAT,Qatar,2019.0,131.0,1
GUY,Guyana,2019.0,19.19705641864268,13
COL,Colombia,2019.0,39.395973154362416,6
