region_id,region_name,is_sovereign,year,OHI_Index,CleanWaters_14_1,Fisheries_14_4,Species_BD,Biodiversity,FoodProvision,Habitats,MPA_placebo_14_5
1,Cocos Islands,False,2012,72.48,95.38,79.37,74.85,77.91,79.37,80.96,0.0
1,Cocos Islands,False,2013,74.11,95.38,90.75,74.85,77.9,90.75,80.95,0.0
1,Cocos Islands,False,2014,74.64,99.53,89.3,74.65,78.69,89.3,82.73,0.0
1,Cocos Islands,False,2015,73.89,99.53,82.24,74.45,80.42,82.24,86.39,0.0
1,Cocos Islands,False,2016,72.77,99.53,74.85,74.24,80.39,74.85,86.54,0.0
1,Cocos Islands,False,2017,72.71,99.53,74.94,74.04,80.3,74.94,86.56,0.0
1,Cocos Islands,False,2018,73.12,99.53,78.6,73.83,80.2,78.6,86.56,0.0
1,Cocos Islands,False,2019,72.25,99.53,73.37,73.63,80.09,73.37,86.56,0.0
1,Cocos Islands,False,2020,72.56,99.53,77.2,73.43,79.99,77.2,86.56,0.0
1,Cocos Islands,False,2021,72.49,99.53,79.53,73.22,79.89,79.53,86.56,0.0
1,Cocos Islands,False,2022,79.48,99.53,75.97,73.02,79.79,75.97,86.56,96.69
1,Cocos Islands,False,2023,79.62,99.53,76.48,72.82,79.69,76.48,86.56,96.69
1,Cocos Islands,False,2024,78.86,99.53,75.19,72.61,79.58,75.19,86.56,96.69
1,Cocos Islands,False,2025,78.7,99.53,75.14,72.41,79.48,75.14,86.56,96.69
2,Christmas Island,False,2012,68.68,90.82,39.81,76.12,73.28,39.81,70.45,50.17
2,Christmas Island,False,2013,69.0,90.82,41.9,76.12,73.37,41.9,70.62,50.17
2,Christmas Island,False,2014,69.28,94.34,42.0,75.93,71.46,42.0,66.99,50.17
2,Christmas Island,False,2015,70.74,94.76,40.81,75.74,82.38,40.81,89.02,50.17
2,Christmas Island,False,2016,70.76,95.27,39.22,75.55,84.01,39.22,92.47,50.17
2,Christmas Island,False,2017,70.78,95.91,39.13,75.36,84.05,39.13,92.75,50.17
2,Christmas Island,False,2018,70.75,95.98,39.57,75.17,83.96,39.57,92.75,50.17
2,Christmas Island,False,2019,70.62,95.98,38.87,74.98,83.86,38.87,92.75,50.17
2,Christmas Island,False,2020,70.32,95.98,39.42,74.79,83.77,39.42,92.75,50.17
2,Christmas Island,False,2021,69.94,95.98,39.93,74.6,83.68,39.93,92.75,50.17
2,Christmas Island,False,2022,73.97,95.98,39.12,74.41,83.58,39.12,92.75,100.0
2,Christmas Island,False,2023,74.04,95.98,39.2,74.22,83.49,39.2,92.75,100.0
2,Christmas Island,False,2024,73.44,95.98,39.0,74.03,83.39,39.0,92.75,100.0
2,Christmas Island,False,2025,73.28,95.98,38.99,73.84,83.3,38.99,92.75,100.0
3,Norfolk Island,False,2012,63.21,82.41,8.85,76.74,85.34,8.85,93.94,16.18
3,Norfolk Island,False,2013,64.05,82.41,8.96,76.74,84.77,8.96,92.79,16.18
3,Norfolk Island,False,2014,66.54,86.79,9.06,76.75,85.03,9.06,93.32,16.18
3,Norfolk Island,False,2015,68.86,87.17,9.18,76.75,88.13,9.18,99.51,16.18
3,Norfolk Island,False,2016,69.33,87.62,9.34,76.76,87.97,9.34,99.19,16.18
3,Norfolk Island,False,2017,69.95,88.19,8.92,76.76,88.31,8.92,99.86,16.18
3,Norfolk Island,False,2018,77.59,88.95,8.83,76.76,88.31,8.83,99.86,100.0
3,Norfolk Island,False,2019,78.03,89.97,8.92,76.77,88.31,8.92,99.86,100.0
3,Norfolk Island,False,2020,78.29,90.71,8.95,76.77,88.32,8.95,99.86,100.0
3,Norfolk Island,False,2021,78.41,90.71,9.07,76.78,88.32,9.07,99.86,100.0
3,Norfolk Island,False,2022,78.78,90.71,9.2,76.78,88.32,9.2,99.86,100.0
3,Norfolk Island,False,2023,78.77,90.71,9.17,76.78,88.32,9.17,99.86,100.0
3,Norfolk Island,False,2024,78.37,90.66,9.17,76.79,88.32,9.17,99.86,100.0
3,Norfolk Island,False,2025,78.06,90.66,9.14,76.79,88.33,9.14,99.86,100.0
4,Macquarie Island,False,2012,92.48,99.39,92.9,78.77,84.73,92.9,90.69,100.0
4,Macquarie Island,False,2013,92.54,99.45,92.9,78.77,84.95,92.9,91.13,100.0
4,Macquarie Island,False,2014,92.29,99.37,92.9,78.95,83.54,92.9,88.13,100.0
4,Macquarie Island,False,2015,93.33,98.74,92.9,79.13,89.26,92.9,99.39,100.0
4,Macquarie Island,False,2016,93.34,98.69,92.9,79.32,89.19,92.9,99.06,100.0
4,Macquarie Island,False,2017,93.36,98.69,92.9,79.5,89.42,92.9,99.34,100.0
4,Macquarie Island,False,2018,93.38,98.69,92.9,79.68,89.51,92.9,99.34,100.0
4,Macquarie Island,False,2019,93.41,98.69,92.9,79.87,89.6,92.9,99.34,100.0
4,Macquarie Island,False,2020,93.14,98.69,92.9,80.05,89.7,92.9,99.34,100.0
4,Macquarie Island,False,2021,92.9,98.69,92.9,80.24,89.79,92.9,99.34,100.0
4,Macquarie Island,False,2022,92.91,98.69,92.9,80.42,89.88,92.9,99.34,100.0
4,Macquarie Island,False,2023,92.92,98.69,92.9,80.6,89.97,92.9,99.34,100.0
4,Macquarie Island,False,2024,92.93,98.69,92.9,80.79,90.06,92.9,99.34,100.0
4,Macquarie Island,False,2025,92.94,98.69,92.9,80.97,90.16,92.9,99.34,100.0
5,New Caledonia,False,2012,74.51,90.76,61.4,82.36,86.23,52.89,90.11,67.49
5,New Caledonia,False,2013,75.03,90.43,61.31,82.36,86.39,53.59,90.42,59.76
5,New Caledonia,False,2014,78.41,90.24,60.44,82.05,86.25,54.4,90.45,89.38
5,New Caledonia,False,2015,78.18,90.35,59.97,81.75,85.94,52.6,90.14,89.38
5,New Caledonia,False,2016,78.05,90.62,59.72,81.45,85.76,52.92,90.07,89.38
5,New Caledonia,False,2017,77.65,90.75,59.0,81.14,85.47,52.06,89.8,88.68
5,New Caledonia,False,2018,77.36,90.7,59.08,80.84,85.32,52.1,89.8,78.76
5,New Caledonia,False,2019,77.37,90.46,58.2,80.54,85.18,51.3,89.82,79.7
5,New Caledonia,False,2020,77.18,90.52,57.47,80.23,85.03,50.92,89.83,79.82
5,New Caledonia,False,2021,76.92,90.52,57.17,79.93,84.88,50.62,89.83,79.82
5,New Caledonia,False,2022,76.77,90.53,57.3,79.63,84.73,50.05,89.83,79.7
5,New Caledonia,False,2023,67.01,90.53,57.65,79.32,84.57,50.36,89.83,79.46
5,New Caledonia,False,2024,65.25,90.53,57.9,79.02,84.42,50.58,89.83,79.46
5,New Caledonia,False,2025,71.34,90.53,58.0,78.72,84.27,50.66,89.83,79.46
6,Vanuatu,True,2012,70.39,80.0,52.22,82.52,79.56,52.2,76.61,1.04
6,Vanuatu,True,2013,68.78,79.82,51.78,82.52,79.57,51.76,76.62,1.04
6,Vanuatu,True,2014,69.88,79.74,51.07,82.22,79.43,51.05,76.64,1.04
6,Vanuatu,True,2015,72.53,79.64,50.2,81.93,79.25,50.17,76.57,1.04
6,Vanuatu,True,2016,72.4,79.43,49.55,81.63,79.13,49.53,76.64,1.04
6,Vanuatu,True,2017,71.77,78.93,48.7,81.33,79.33,48.67,77.33,1.04
6,Vanuatu,True,2018,69.95,78.95,48.05,81.03,78.87,48.02,76.71,1.04
6,Vanuatu,True,2019,69.91,79.01,47.26,80.73,78.71,47.26,76.69,1.04
6,Vanuatu,True,2020,67.77,78.86,46.64,80.44,78.55,46.64,76.67,1.04
6,Vanuatu,True,2021,65.39,78.68,46.62,80.14,78.41,46.62,76.67,1.04
6,Vanuatu,True,2022,61.39,78.64,46.89,79.84,78.26,46.89,76.67,1.04
6,Vanuatu,True,2023,52.11,78.73,47.22,79.54,78.11,47.22,76.67,1.04
6,Vanuatu,True,2024,53.22,78.76,47.45,79.25,77.96,47.45,76.67,1.04
6,Vanuatu,True,2025,54.23,78.69,47.5,78.95,77.81,47.5,76.67,1.04
7,Solomon Islands,True,2012,71.64,62.82,87.67,81.19,82.55,87.61,83.91,6.84
7,Solomon Islands,True,2013,72.31,63.0,87.39,81.27,82.65,87.35,84.03,6.84
7,Solomon Islands,True,2014,73.66,65.01,87.28,81.03,83.08,87.23,85.12,6.85
7,Solomon Islands,True,2015,76.52,65.07,86.9,80.74,81.66,86.82,82.58,6.85
7,Solomon Islands,True,2016,76.82,65.18,86.89,80.49,80.3,86.86,80.12,6.85
7,Solomon Islands,True,2017,75.47,65.36,86.66,80.45,81.11,86.62,81.77,6.85
7,Solomon Islands,True,2018,76.75,65.48,86.6,80.28,81.1,86.56,81.92,6.85
7,Solomon Islands,True,2019,75.58,65.62,86.43,80.15,81.09,86.4,82.03,6.85
7,Solomon Islands,True,2020,75.35,65.53,86.2,79.86,80.87,86.15,81.89,6.85
7,Solomon Islands,True,2021,72.22,65.64,86.13,79.7,80.8,86.06,81.89,6.85
7,Solomon Islands,True,2022,70.2,65.75,86.19,79.57,80.73,86.15,81.89,6.85
7,Solomon Islands,True,2023,62.94,65.55,86.3,79.1,80.49,86.26,81.89,6.85
7,Solomon Islands,True,2024,64.82,65.84,86.38,78.87,80.38,86.34,81.89,6.85
7,Solomon Islands,True,2025,65.82,65.84,86.4,78.62,80.25,86.37,81.89,6.85
8,Palau,True,2012,79.95,88.53,79.56,78.16,84.06,79.4,89.96,100.0
8,Palau,True,2013,80.96,88.49,78.89,78.16,84.07,78.33,89.97,100.0
8,Palau,True,2014,83.66,90.99,80.2,77.95,84.24,79.57,90.54,100.0
8,Palau,True,2015,74.09,91.29,80.32,77.73,84.26,79.98,90.78,100.0
8,Palau,True,2016,79.69,91.62,80.63,77.52,82.95,80.46,88.39,100.0
8,Palau,True,2017,73.73,91.97,80.64,77.31,83.48,80.31,89.65,100.0
8,Palau,True,2018,75.85,92.33,80.37,77.1,83.38,79.89,89.66,100.0
8,Palau,True,2019,82.2,92.71,79.82,76.89,83.27,79.56,89.66,100.0
8,Palau,True,2020,72.0,93.14,79.51,76.67,83.17,79.46,89.66,100.0
8,Palau,True,2021,70.65,93.63,79.46,76.46,83.06,79.37,89.66,100.0
8,Palau,True,2022,68.21,94.2,79.52,76.25,82.95,79.12,89.66,100.0
8,Palau,True,2023,66.04,94.92,79.7,76.04,82.85,79.29,89.66,100.0
8,Palau,True,2024,69.72,95.78,79.77,75.83,82.74,79.37,89.66,100.0
8,Palau,True,2025,77.88,95.78,79.8,75.61,82.64,79.4,89.66,100.0
9,Micronesia,False,2012,70.59,63.87,84.06,77.52,82.04,84.06,86.56,0.0
9,Micronesia,False,2013,70.49,63.81,83.76,77.52,81.95,83.76,86.37,0.0
9,Micronesia,False,2014,69.18,66.57,84.46,77.29,81.83,84.46,86.37,0.0
9,Micronesia,False,2015,73.27,67.77,84.27,77.06,82.35,84.27,87.63,0.0
9,Micronesia,False,2016,73.94,69.35,84.45,76.83,81.72,84.45,86.62,0.0
9,Micronesia,False,2017,71.83,71.43,84.42,76.6,82.4,84.42,88.2,0.0
9,Micronesia,False,2018,67.23,74.03,84.42,76.37,82.28,84.42,88.19,0.0
9,Micronesia,False,2019,64.31,74.1,84.28,76.14,82.15,84.28,88.15,0.0
9,Micronesia,False,2020,62.23,73.48,84.25,75.91,82.02,84.25,88.13,0.0
9,Micronesia,False,2021,62.39,72.6,84.23,75.68,81.9,84.23,88.13,0.0
9,Micronesia,False,2022,67.9,72.03,84.24,75.45,81.79,84.24,88.13,0.0
9,Micronesia,False,2023,67.02,89.76,84.28,75.22,81.67,84.28,88.13,0.0
9,Micronesia,False,2024,67.34,89.78,84.3,74.99,81.56,84.3,88.13,0.0
9,Micronesia,False,2025,73.71,89.78,84.3,74.76,81.44,84.3,88.13,0.0
10,Nauru,True,2012,67.96,44.74,96.69,76.43,87.98,96.69,99.53,0.0
10,Nauru,True,2013,67.97,44.62,96.61,76.43,88.0,96.61,99.56,0.0
10,Nauru,True,2014,68.23,44.75,97.15,76.19,87.98,97.15,99.76,0.0
10,Nauru,True,2015,65.79,44.48,97.04,75.57,72.73,97.04,69.89,0.0
10,Nauru,True,2016,66.73,44.19,97.19,75.25,78.2,97.19,81.16,0.0
10,Nauru,True,2017,66.48,44.58,97.15,75.36,76.44,97.15,77.53,0.0
10,Nauru,True,2018,66.58,44.81,97.07,75.23,76.38,97.07,77.53,0.0
10,Nauru,True,2019,66.19,44.81,97.13,74.99,76.26,97.13,77.53,0.0
10,Nauru,True,2020,65.75,44.96,97.12,74.75,76.14,97.12,77.53,0.0
10,Nauru,True,2021,65.41,44.83,97.1,74.51,76.02,97.1,77.53,0.0
10,Nauru,True,2022,71.04,44.86,97.09,74.28,75.9,97.09,77.53,0.0
10,Nauru,True,2023,71.0,44.86,97.09,74.04,75.78,97.09,77.53,0.0
10,Nauru,True,2024,66.61,44.98,97.1,73.8,75.66,97.1,77.53,0.0
10,Nauru,True,2025,64.69,44.94,97.1,73.56,75.54,97.1,77.53,0.0
11,Marshall Islands,True,2012,84.74,75.02,74.67,78.05,89.02,74.67,99.99,38.46
11,Marshall Islands,True,2013,83.27,75.08,74.37,78.05,89.02,74.37,99.99,39.01
11,Marshall Islands,True,2014,83.47,75.05,75.2,77.82,88.9,75.2,99.99,38.99
11,Marshall Islands,True,2015,82.22,74.85,75.05,77.58,88.5,75.04,99.42,38.45
11,Marshall Islands,True,2016,78.62,74.4,75.32,77.34,87.96,75.32,98.59,37.38
11,Marshall Islands,True,2017,77.22,75.13,75.45,77.1,88.42,75.45,99.75,37.37
11,Marshall Islands,True,2018,77.23,74.91,75.41,76.86,88.31,75.41,99.75,37.37
11,Marshall Islands,True,2019,76.52,74.83,75.23,76.62,88.19,75.22,99.75,37.37
11,Marshall Islands,True,2020,77.51,74.47,75.02,76.38,88.07,75.02,99.75,37.37
11,Marshall Islands,True,2021,78.71,74.44,74.85,76.14,87.95,74.83,99.75,37.37
11,Marshall Islands,True,2022,81.43,74.57,74.86,75.9,87.83,74.82,99.75,37.37
11,Marshall Islands,True,2023,73.73,74.67,74.95,75.66,87.71,74.9,99.75,37.37
11,Marshall Islands,True,2024,73.02,74.76,74.98,75.42,87.59,74.94,99.75,37.37
11,Marshall Islands,True,2025,74.29,74.76,75.0,75.19,87.47,74.96,99.75,37.37
12,Wake Island,False,2012,65.36,83.72,21.43,75.7,75.7,21.43,,100.0
12,Wake Island,False,2013,65.25,83.72,20.9,75.7,75.7,20.9,,100.0
12,Wake Island,False,2014,65.39,83.9,21.67,75.44,75.44,21.67,,100.0
12,Wake Island,False,2015,65.36,83.9,21.67,75.18,75.18,21.67,,100.0
12,Wake Island,False,2016,65.4,83.9,22.11,74.93,74.93,22.11,,100.0
12,Wake Island,False,2017,65.43,83.9,22.49,74.67,74.67,22.49,,100.0
12,Wake Island,False,2018,65.42,83.9,22.69,74.42,74.42,22.69,,100.0
12,Wake Island,False,2019,65.18,83.9,22.49,74.16,74.16,22.49,,100.0
12,Wake Island,False,2020,64.78,83.9,22.22,73.91,73.91,22.22,,100.0
12,Wake Island,False,2021,64.12,83.9,22.11,73.65,73.65,22.11,,100.0
12,Wake Island,False,2022,64.05,83.9,22.1,73.4,73.4,22.1,,100.0
12,Wake Island,False,2023,64.0,83.9,22.19,73.14,73.14,22.19,,100.0
12,Wake Island,False,2024,63.93,83.9,22.21,72.88,72.88,22.21,,100.0
12,Wake Island,False,2025,63.87,83.9,22.2,72.63,72.63,22.2,,100.0
13,Northern Mariana Islands and Guam,False,2012,61.19,73.4,28.31,76.93,77.93,24.67,78.94,39.33
13,Northern Mariana Islands and Guam,False,2013,60.92,73.4,27.65,76.93,74.23,23.26,71.53,29.46
13,Northern Mariana Islands and Guam,False,2014,60.52,73.81,28.1,76.72,74.07,23.46,71.42,29.46
13,Northern Mariana Islands and Guam,False,2015,62.38,73.73,28.62,76.52,78.1,24.16,79.69,29.46
13,Northern Mariana Islands and Guam,False,2016,63.5,73.67,29.07,76.31,78.71,26.64,81.1,29.46
13,Northern Mariana Islands and Guam,False,2017,63.96,73.65,29.53,76.11,80.21,27.21,84.31,29.46
13,Northern Mariana Islands and Guam,False,2018,64.25,73.65,29.77,75.91,80.11,25.91,84.31,29.46
13,Northern Mariana Islands and Guam,False,2019,64.77,73.65,29.75,75.7,80.0,28.91,84.31,29.46
13,Northern Mariana Islands and Guam,False,2020,64.68,73.65,29.67,75.5,79.9,29.45,84.31,29.46
13,Northern Mariana Islands and Guam,False,2021,64.26,73.65,29.7,75.29,79.8,27.66,84.31,29.46
13,Northern Mariana Islands and Guam,False,2022,66.93,73.65,29.66,75.09,79.7,27.28,84.31,29.46
13,Northern Mariana Islands and Guam,False,2023,56.79,73.73,29.68,74.88,79.6,27.3,84.31,29.46
13,Northern Mariana Islands and Guam,False,2024,55.13,73.81,29.65,74.68,79.49,27.27,84.31,29.46
13,Northern Mariana Islands and Guam,False,2025,56.11,73.81,29.6,74.47,79.39,27.22,84.31,29.46
14,Taiwan,False,2012,68.76,46.14,38.88,85.26,76.05,60.58,66.83,22.94
14,Taiwan,False,2013,69.06,46.9,38.87,85.26,76.01,63.35,66.76,21.94
14,Taiwan,False,2014,69.34,47.2,40.44,84.9,75.69,61.29,66.48,22.46
14,Taiwan,False,2015,68.77,47.35,50.42,84.53,75.14,55.57,65.75,22.46
14,Taiwan,False,2016,69.32,47.9,52.34,84.17,74.61,58.88,65.05,22.31
14,Taiwan,False,2017,69.94,48.4,52.41,83.8,73.88,57.64,63.96,22.24
14,Taiwan,False,2018,70.69,48.82,50.62,83.44,73.68,57.05,63.91,22.11
14,Taiwan,False,2019,70.15,49.38,47.7,83.07,73.39,54.59,63.71,22.11
14,Taiwan,False,2020,71.09,49.91,47.25,82.71,73.15,54.12,63.58,22.11
14,Taiwan,False,2021,71.19,50.62,46.64,82.35,72.96,53.75,63.58,22.11
14,Taiwan,False,2022,70.51,50.78,46.57,81.98,72.78,53.59,63.58,22.11
14,Taiwan,False,2023,70.66,51.13,46.64,81.62,72.6,53.67,63.58,22.11
14,Taiwan,False,2024,70.59,51.48,46.79,81.25,72.42,53.83,63.58,22.11
14,Taiwan,False,2025,70.84,51.48,46.9,80.89,72.24,53.96,63.58,22.11
15,Philippines,True,2012,68.72,57.83,33.01,83.5,73.14,27.95,62.79,28.34
15,Philippines,True,2013,68.78,57.58,32.71,83.48,72.1,27.91,60.72,28.31
15,Philippines,True,2014,69.78,59.19,32.82,83.35,71.8,27.62,60.25,28.3
15,Philippines,True,2015,71.55,59.52,32.62,83.27,73.96,27.26,64.65,28.3
15,Philippines,True,2016,72.79,60.26,32.66,83.21,74.18,27.23,65.16,29.25
15,Philippines,True,2017,72.14,60.41,32.86,82.92,75.74,27.39,68.55,29.37
15,Philippines,True,2018,72.37,60.56,32.92,82.76,75.73,27.04,68.69,59.12
15,Philippines,True,2019,73.32,60.97,33.01,82.58,75.7,26.68,68.81,63.87
15,Philippines,True,2020,71.69,61.31,33.15,82.27,75.52,26.35,68.77,63.46
15,Philippines,True,2021,71.13,61.7,33.41,82.02,75.39,27.14,68.77,58.25
15,Philippines,True,2022,73.63,62.17,33.43,81.82,75.3,27.73,68.77,47.84
15,Philippines,True,2023,65.59,62.64,33.43,81.49,75.13,27.92,68.77,47.84
15,Philippines,True,2024,63.33,63.41,33.37,81.36,75.07,27.92,68.77,47.84
15,Philippines,True,2025,65.46,63.53,33.3,81.2,74.98,27.73,68.77,47.84
16,Australia,True,2012,77.19,89.44,47.17,83.12,78.46,32.92,73.8,100.0
16,Australia,True,2013,77.25,88.87,47.49,83.12,78.53,34.13,73.94,100.0
16,Australia,True,2014,77.58,92.91,48.07,82.77,78.18,32.86,73.59,100.0
16,Australia,True,2015,77.21,93.05,48.01,82.41,78.45,31.1,74.49,100.0
16,Australia,True,2016,76.29,93.51,48.21,82.05,78.34,31.63,74.63,100.0
16,Australia,True,2017,73.73,94.35,45.37,81.7,78.23,28.36,74.76,100.0
16,Australia,True,2018,73.12,95.12,45.6,81.34,78.1,29.48,74.86,100.0
16,Australia,True,2019,71.33,96.01,47.12,80.98,77.93,29.31,74.88,100.0
16,Australia,True,2020,70.04,96.02,47.87,80.62,77.73,27.18,74.84,100.0
16,Australia,True,2021,71.48,96.02,48.96,80.27,77.56,27.93,74.84,100.0
16,Australia,True,2022,71.77,96.02,48.79,79.91,77.38,26.94,74.84,100.0
16,Australia,True,2023,73.89,96.02,48.38,79.55,77.2,26.73,74.84,100.0
16,Australia,True,2024,73.72,96.02,48.26,79.2,77.02,26.67,74.84,100.0
16,Australia,True,2025,73.34,96.02,48.15,78.84,76.84,26.63,74.84,100.0
17,Papua New Guinea,True,2012,71.53,71.78,88.39,81.69,76.72,88.38,71.75,8.16
17,Papua New Guinea,True,2013,72.55,72.55,88.23,81.41,75.46,88.23,69.51,8.06
17,Papua New Guinea,True,2014,74.03,73.87,88.41,81.49,77.16,88.41,72.82,8.07
17,Papua New Guinea,True,2015,75.33,73.97,88.17,80.98,75.14,88.17,69.3,8.07
17,Papua New Guinea,True,2016,78.74,73.86,88.28,80.8,74.38,88.27,67.97,8.07
17,Papua New Guinea,True,2017,79.23,73.35,88.27,80.4,73.72,88.27,67.05,8.07
17,Papua New Guinea,True,2018,79.07,73.52,88.42,80.1,73.59,88.42,67.09,8.07
17,Papua New Guinea,True,2019,78.13,73.14,88.39,79.77,73.42,88.39,67.08,8.07
17,Papua New Guinea,True,2020,73.58,72.87,88.26,79.56,73.3,88.26,67.04,8.07
17,Papua New Guinea,True,2021,69.59,73.04,88.24,79.22,73.13,88.24,67.04,8.07
17,Papua New Guinea,True,2022,70.07,73.55,88.22,79.04,73.04,88.2,67.04,8.07
17,Papua New Guinea,True,2023,63.62,73.47,88.26,78.64,72.84,88.25,67.04,8.07
17,Papua New Guinea,True,2024,63.14,73.61,88.29,78.4,72.72,88.27,67.04,8.07
17,Papua New Guinea,True,2025,65.87,73.73,88.3,78.2,72.62,88.28,67.04,8.07
18,Fiji,True,2012,76.12,84.1,49.69,80.41,84.67,49.67,88.94,64.82
18,Fiji,True,2013,76.64,85.4,49.56,80.41,84.68,49.45,88.95,64.82
18,Fiji,True,2014,77.43,87.45,48.71,80.12,84.58,48.63,89.03,64.82
18,Fiji,True,2015,76.82,88.13,48.19,79.83,84.35,48.17,88.87,64.82
18,Fiji,True,2016,78.05,88.67,47.79,79.55,84.24,47.76,88.93,64.82
18,Fiji,True,2017,78.51,88.64,47.11,79.26,84.08,47.07,88.89,64.82
18,Fiji,True,2018,81.1,88.81,46.96,78.97,83.94,46.93,88.9,64.91
18,Fiji,True,2019,78.74,88.86,46.35,78.69,83.8,46.31,88.91,64.92
18,Fiji,True,2020,75.13,89.19,45.95,78.4,83.66,45.93,88.92,64.92
18,Fiji,True,2021,74.41,89.47,45.97,78.11,83.52,45.93,88.92,64.91
18,Fiji,True,2022,75.72,88.92,46.13,77.83,83.37,45.97,88.92,64.88
18,Fiji,True,2023,70.42,88.38,46.4,77.54,83.23,46.24,88.92,64.88
18,Fiji,True,2024,69.32,87.79,46.56,77.26,83.09,46.4,88.92,64.88
18,Fiji,True,2025,76.18,87.79,46.6,76.97,82.94,46.44,88.92,64.88
19,Tuvalu,True,2012,73.88,73.98,87.04,78.28,89.12,87.03,99.96,3.62
19,Tuvalu,True,2013,74.18,73.97,86.83,78.28,89.01,86.82,99.73,3.62
19,Tuvalu,True,2014,72.18,74.55,86.96,77.98,88.98,86.95,99.97,3.62
19,Tuvalu,True,2015,70.85,74.61,86.68,77.67,88.43,86.67,99.19,3.62
19,Tuvalu,True,2016,71.74,74.76,86.77,77.37,87.99,86.77,98.62,3.62
19,Tuvalu,True,2017,72.65,74.77,86.63,77.07,88.17,86.63,99.27,3.62
19,Tuvalu,True,2018,78.19,74.76,86.53,76.76,88.01,86.53,99.27,3.62
19,Tuvalu,True,2019,78.36,74.74,86.48,76.46,87.86,86.48,99.27,3.62
19,Tuvalu,True,2020,82.74,74.72,86.36,76.15,87.71,86.36,99.27,3.62
19,Tuvalu,True,2021,82.25,74.7,86.37,75.85,87.56,86.37,99.27,3.62
19,Tuvalu,True,2022,82.24,74.68,86.39,75.54,87.41,86.38,99.27,3.62
19,Tuvalu,True,2023,72.09,74.69,86.45,75.24,87.25,86.44,99.27,3.62
19,Tuvalu,True,2024,66.49,74.7,86.49,74.94,87.1,86.48,99.27,3.62
19,Tuvalu,True,2025,67.11,74.7,86.5,74.63,86.95,86.49,99.27,3.62
20,South Korea,True,2012,73.96,80.09,47.04,85.16,73.15,67.18,61.14,94.3
20,South Korea,True,2013,72.96,80.12,45.46,85.16,74.41,67.56,63.67,90.5
20,South Korea,True,2014,71.87,72.25,44.71,84.64,72.68,66.87,60.72,90.74
20,South Korea,True,2015,71.62,71.54,42.25,84.13,72.65,68.15,61.18,90.83
20,South Korea,True,2016,72.02,71.33,45.29,83.61,72.32,72.36,61.02,90.63
20,South Korea,True,2017,74.14,71.46,46.5,83.1,72.13,71.53,61.16,90.15
20,South Korea,True,2018,74.71,72.62,45.58,82.58,71.87,72.29,61.16,90.18
20,South Korea,True,2019,75.57,73.4,47.97,82.07,71.61,73.34,61.16,92.7
20,South Korea,True,2020,75.74,73.71,47.26,81.55,71.35,73.96,61.16,93.02
20,South Korea,True,2021,75.16,74.06,47.47,81.04,71.1,73.52,61.16,93.02
20,South Korea,True,2022,75.54,74.51,47.63,80.52,70.84,74.27,61.16,92.68
20,South Korea,True,2023,66.87,74.69,47.07,80.01,70.58,74.11,61.16,92.05
20,South Korea,True,2024,63.83,74.83,47.05,79.49,70.32,74.11,61.16,92.05
20,South Korea,True,2025,65.53,74.83,47.0,78.98,70.07,74.1,61.16,92.05
21,North Korea,False,2012,60.63,54.4,31.89,76.38,70.42,42.19,64.47,0.08
21,North Korea,False,2013,61.1,53.32,28.64,76.32,70.99,41.59,65.67,0.08
21,North Korea,False,2014,61.32,55.21,28.49,76.12,71.05,41.41,65.99,0.08
21,North Korea,False,2015,61.42,55.89,28.07,75.74,71.17,41.7,66.61,0.08
21,North Korea,False,2016,61.88,56.71,30.17,75.41,71.1,43.55,66.78,0.08
21,North Korea,False,2017,63.03,57.33,31.1,75.15,71.63,45.25,68.11,0.08
21,North Korea,False,2018,63.52,57.08,29.99,74.87,71.43,47.94,68.0,0.08
21,North Korea,False,2019,64.81,57.31,30.91,74.58,71.32,51.24,68.06,0.11
21,North Korea,False,2020,66.44,56.79,31.02,74.31,71.13,53.69,67.94,0.12
21,North Korea,False,2021,66.42,58.16,31.15,74.0,70.84,55.94,67.69,0.12
21,North Korea,False,2022,67.41,59.45,31.3,73.69,70.64,56.43,67.59,0.11
21,North Korea,False,2023,67.93,59.39,30.99,73.37,70.64,56.55,67.92,0.1
21,North Korea,False,2024,66.36,59.38,30.9,73.05,70.54,55.63,68.03,0.1
21,North Korea,False,2025,67.3,59.41,30.92,72.75,70.33,54.81,67.91,0.1
24,Cambodia,True,2012,62.24,61.33,50.08,80.02,65.11,48.6,50.2,59.96
24,Cambodia,True,2013,62.81,61.51,49.86,80.31,65.83,46.56,51.36,60.09
24,Cambodia,True,2014,65.44,63.13,49.88,80.44,65.89,48.87,51.35,60.34
24,Cambodia,True,2015,68.05,63.53,48.98,79.9,65.98,45.38,52.07,60.39
24,Cambodia,True,2016,69.89,64.02,48.16,79.44,65.69,42.89,51.95,60.79
24,Cambodia,True,2017,70.9,64.36,47.44,78.85,69.32,42.34,59.78,60.81
24,Cambodia,True,2018,71.51,64.87,46.87,78.46,69.11,41.53,59.76,84.1
24,Cambodia,True,2019,71.57,65.43,46.32,77.89,68.81,40.48,59.74,87.56
24,Cambodia,True,2020,73.26,65.98,46.04,77.34,68.71,40.96,60.08,87.43
24,Cambodia,True,2021,74.77,66.63,46.06,76.82,68.45,42.94,60.08,84.02
24,Cambodia,True,2022,74.22,67.23,46.3,76.25,68.17,43.28,60.08,77.05
24,Cambodia,True,2023,67.16,68.03,46.55,75.71,67.9,43.52,60.08,77.07
24,Cambodia,True,2024,65.53,68.96,46.77,75.23,67.66,43.69,60.08,77.13
24,Cambodia,True,2025,66.33,69.03,46.83,74.72,67.4,43.71,60.08,77.2
25,Thailand,True,2012,66.85,72.33,56.79,83.21,69.42,40.97,55.63,46.2
25,Thailand,True,2013,67.24,72.12,57.15,83.24,69.06,42.15,54.88,48.88
25,Thailand,True,2014,69.43,73.43,56.9,82.68,70.57,41.82,58.46,49.18
25,Thailand,True,2015,73.96,74.27,56.23,82.17,71.58,40.13,60.98,67.73
25,Thailand,True,2016,76.24,75.92,55.44,81.75,72.02,40.6,62.28,91.58
25,Thailand,True,2017,76.06,76.54,55.09,81.22,72.62,39.07,64.02,94.25
25,Thailand,True,2018,75.98,77.36,55.01,80.81,72.41,37.46,64.0,95.03
25,Thailand,True,2019,76.48,78.31,54.59,80.41,72.31,37.17,64.2,95.03
25,Thailand,True,2020,76.98,79.3,54.59,79.95,72.2,36.19,64.44,92.84
25,Thailand,True,2021,79.48,80.49,54.6,79.56,72.0,36.79,64.44,90.71
25,Thailand,True,2022,79.71,81.64,54.62,79.13,71.79,36.64,64.44,91.09
25,Thailand,True,2023,71.42,83.0,54.77,78.62,71.53,36.96,64.44,91.21
25,Thailand,True,2024,69.74,82.89,54.83,78.16,71.3,37.16,64.44,91.19
25,Thailand,True,2025,70.15,82.89,54.86,77.73,71.08,37.25,64.44,91.04
26,Andaman and Nicobar,False,2012,69.92,82.01,44.53,79.71,64.37,44.53,49.04,0.0
26,Andaman and Nicobar,False,2013,70.42,81.88,45.72,79.6,63.95,45.72,48.29,0.0
26,Andaman and Nicobar,False,2014,71.1,82.9,45.92,78.99,65.4,45.92,51.81,0.0
26,Andaman and Nicobar,False,2015,72.55,82.74,45.15,79.66,74.61,45.15,69.56,0.0
26,Andaman and Nicobar,False,2016,72.35,83.12,44.29,79.22,73.69,44.29,68.16,0.0
26,Andaman and Nicobar,False,2017,71.93,83.42,44.27,78.75,71.8,44.27,64.85,0.0
26,Andaman and Nicobar,False,2018,72.09,83.73,44.58,78.44,71.85,44.58,65.27,0.0
26,Andaman and Nicobar,False,2019,71.95,84.08,44.21,78.11,71.78,44.21,65.45,0.0
26,Andaman and Nicobar,False,2020,71.66,84.42,44.48,77.76,71.38,44.48,65.01,0.0
26,Andaman and Nicobar,False,2021,71.64,84.73,44.74,77.39,71.2,44.74,65.01,0.0
26,Andaman and Nicobar,False,2022,73.38,85.01,44.38,77.05,71.03,44.38,65.01,0.0
26,Andaman and Nicobar,False,2023,73.4,85.45,44.43,76.68,70.84,44.43,65.01,0.0
26,Andaman and Nicobar,False,2024,71.87,85.84,44.32,76.4,70.7,44.32,65.01,0.0
26,Andaman and Nicobar,False,2025,71.31,85.84,44.29,76.06,70.53,44.29,65.01,0.0
28,Comoro Islands,False,2012,70.87,47.15,67.89,79.02,85.19,67.89,91.35,87.8
28,Comoro Islands,False,2013,75.79,46.74,78.59,79.15,85.05,78.59,90.96,87.8
28,Comoro Islands,False,2014,77.12,46.82,77.52,79.06,84.94,77.52,90.82,74.59
28,Comoro Islands,False,2015,78.21,46.64,70.71,79.12,85.45,70.71,91.79,74.82
28,Comoro Islands,False,2016,79.0,46.44,64.15,79.12,85.88,64.15,92.63,75.0
28,Comoro Islands,False,2017,77.75,46.29,64.15,79.0,85.94,64.15,92.89,74.99
28,Comoro Islands,False,2018,76.86,45.86,67.5,78.75,85.82,67.5,92.89,75.06
28,Comoro Islands,False,2019,78.12,45.39,63.55,78.56,85.72,63.55,92.89,75.07
28,Comoro Islands,False,2020,78.47,44.74,66.69,78.24,85.57,66.69,92.89,74.77
28,Comoro Islands,False,2021,82.32,44.22,68.86,78.03,85.46,68.86,92.89,90.38
28,Comoro Islands,False,2022,78.86,44.14,65.45,77.85,85.37,65.45,92.89,92.54
28,Comoro Islands,False,2023,71.88,44.25,65.78,77.65,85.27,65.78,92.89,92.52
28,Comoro Islands,False,2024,76.04,44.41,64.71,77.5,85.2,64.71,92.89,90.33
28,Comoro Islands,False,2025,80.34,44.48,64.64,77.41,85.15,64.64,92.89,86.06
29,Mayotte,False,2012,81.67,61.16,77.62,81.49,90.0,74.59,98.5,100.0
29,Mayotte,False,2013,83.54,61.16,83.06,81.49,89.67,79.36,97.85,100.0
29,Mayotte,False,2014,84.58,63.24,80.73,81.31,89.16,78.73,97.01,100.0
29,Mayotte,False,2015,83.95,65.22,76.4,81.13,87.46,75.71,93.79,100.0
29,Mayotte,False,2016,83.58,67.49,72.64,80.95,89.05,72.14,97.15,100.0
29,Mayotte,False,2017,83.63,70.16,72.77,80.77,89.95,72.28,99.12,100.0
29,Mayotte,False,2018,84.52,73.74,75.03,80.59,89.88,74.68,99.17,100.0
29,Mayotte,False,2019,85.45,79.56,73.24,80.41,89.81,73.24,99.21,100.0
29,Mayotte,False,2020,90.72,96.61,75.42,80.24,89.74,75.42,99.25,100.0
29,Mayotte,False,2021,90.53,96.61,76.43,80.06,89.65,76.43,99.25,100.0
29,Mayotte,False,2022,88.1,96.61,75.26,79.88,89.56,75.26,99.25,100.0
29,Mayotte,False,2023,87.32,96.61,75.42,79.7,89.47,75.42,99.25,100.0
29,Mayotte,False,2024,85.91,91.52,74.76,79.52,89.38,74.76,99.25,100.0
29,Mayotte,False,2025,86.15,91.52,74.67,79.34,89.29,74.67,99.25,100.0
30,Glorioso Islands,False,2012,62.53,99.16,14.22,81.61,90.52,14.22,99.44,0.0
30,Glorioso Islands,False,2013,61.72,99.16,14.99,81.61,85.61,14.99,89.62,0.0
30,Glorioso Islands,False,2014,62.07,99.16,14.98,81.43,84.75,14.98,88.08,0.0
30,Glorioso Islands,False,2015,63.17,99.16,14.42,81.25,90.62,14.42,100.0,0.0
30,Glorioso Islands,False,2016,63.07,99.16,13.83,81.07,90.53,13.83,100.0,0.0
30,Glorioso Islands,False,2017,63.08,99.16,13.9,80.89,90.44,13.9,100.0,0.0
30,Glorioso Islands,False,2018,63.11,99.16,14.09,80.71,90.35,14.09,100.0,0.0
30,Glorioso Islands,False,2019,63.27,99.16,13.89,80.53,90.26,13.89,100.0,0.0
30,Glorioso Islands,False,2020,63.3,99.16,14.16,80.35,90.17,14.16,100.0,0.0
30,Glorioso Islands,False,2021,73.32,99.16,14.28,80.17,90.08,14.28,100.0,100.0
30,Glorioso Islands,False,2022,73.27,99.16,14.13,79.99,89.99,14.13,100.0,100.0
30,Glorioso Islands,False,2023,73.27,99.16,14.14,79.81,89.9,14.14,100.0,100.0
30,Glorioso Islands,False,2024,73.24,99.16,14.06,79.63,89.81,14.06,100.0,100.0
30,Glorioso Islands,False,2025,73.27,99.16,14.06,79.44,89.72,14.06,100.0,100.0
31,Seychelles,True,2012,76.19,87.69,68.95,80.56,85.33,68.95,90.1,53.23
31,Seychelles,True,2013,77.65,87.71,73.28,80.56,85.33,73.28,90.1,53.23
31,Seychelles,True,2014,79.9,90.08,73.3,80.29,85.23,73.3,90.18,53.23
31,Seychelles,True,2015,79.6,90.9,70.39,80.02,85.1,70.39,90.18,53.23
31,Seychelles,True,2016,78.51,91.87,67.25,79.75,84.96,67.25,90.18,53.23
31,Seychelles,True,2017,82.66,93.06,66.93,79.48,84.83,66.93,90.18,53.23
31,Seychelles,True,2018,84.16,93.45,68.38,79.21,84.69,68.38,90.18,53.23
31,Seychelles,True,2019,84.95,92.93,66.65,78.94,84.56,66.65,90.18,53.23
31,Seychelles,True,2020,87.67,92.0,67.19,78.67,84.42,67.19,90.18,100.0
31,Seychelles,True,2021,86.97,97.38,68.19,78.4,84.29,68.19,90.18,100.0
31,Seychelles,True,2022,83.6,97.38,66.09,78.12,84.15,65.97,90.18,100.0
31,Seychelles,True,2023,77.15,97.38,66.3,77.85,84.01,66.18,90.18,100.0
31,Seychelles,True,2024,80.41,97.38,66.04,77.58,83.88,65.93,90.18,100.0
31,Seychelles,True,2025,83.65,97.38,66.05,77.31,83.74,65.93,90.18,100.0
32,Réunion,False,2012,75.02,78.87,58.63,76.23,78.56,58.39,80.89,31.78
32,Réunion,False,2013,76.98,78.87,60.15,76.23,87.9,59.84,99.56,31.78
32,Réunion,False,2014,79.22,80.07,60.33,76.04,87.74,60.1,99.44,31.78
32,Réunion,False,2015,79.79,80.18,59.1,75.85,87.63,58.67,99.4,31.78
32,Réunion,False,2016,80.42,80.29,57.88,75.66,87.53,57.88,99.4,31.78
32,Réunion,False,2017,80.36,80.4,57.73,75.47,87.39,57.73,99.32,31.78
32,Réunion,False,2018,80.3,80.52,58.11,75.28,87.3,58.11,99.32,31.78
32,Réunion,False,2019,80.54,80.64,58.05,75.08,87.2,58.05,99.32,31.78
32,Réunion,False,2020,82.68,80.76,58.39,74.89,87.11,58.39,99.32,31.78
32,Réunion,False,2021,82.36,80.9,58.77,74.7,87.01,58.77,99.32,31.78
32,Réunion,False,2022,77.78,81.04,58.23,74.51,86.92,58.23,99.32,31.78
32,Réunion,False,2023,77.21,81.23,58.19,74.32,86.82,58.19,99.32,31.78
32,Réunion,False,2024,78.02,81.12,58.06,74.13,86.72,58.06,99.32,31.78
32,Réunion,False,2025,79.39,81.12,58.04,73.94,86.63,58.04,99.32,31.78
33,Juan de Nova Island,False,2012,73.05,97.8,93.79,80.32,64.92,93.79,49.53,0.0
33,Juan de Nova Island,False,2013,74.11,97.8,98.95,80.32,64.96,98.95,49.6,0.0
33,Juan de Nova Island,False,2014,73.92,97.8,96.6,80.13,63.75,96.6,47.36,0.0
33,Juan de Nova Island,False,2015,77.59,97.8,96.35,79.95,82.14,96.35,84.32,0.0
33,Juan de Nova Island,False,2016,74.95,97.8,87.03,79.77,78.07,87.03,76.37,0.0
33,Juan de Nova Island,False,2017,73.79,97.8,86.76,79.58,72.48,86.76,65.38,0.0
33,Juan de Nova Island,False,2018,74.92,97.8,92.45,79.4,72.39,92.45,65.38,0.0
33,Juan de Nova Island,False,2019,73.5,97.8,84.33,79.22,72.3,84.33,65.38,0.0
33,Juan de Nova Island,False,2020,74.59,97.8,89.92,79.03,72.21,89.92,65.38,0.0
33,Juan de Nova Island,False,2021,75.46,97.8,94.35,78.85,72.11,94.35,65.38,0.0
33,Juan de Nova Island,False,2022,74.11,97.8,87.63,78.66,72.02,87.63,65.38,0.0
33,Juan de Nova Island,False,2023,74.24,97.8,88.29,78.48,71.93,88.29,65.38,0.0
33,Juan de Nova Island,False,2024,73.82,97.8,86.32,78.3,71.84,86.32,65.38,0.0
33,Juan de Nova Island,False,2025,73.84,97.8,86.24,78.11,71.75,86.24,65.38,0.0
34,Bassas da India,False,2012,73.09,97.44,93.79,78.27,65.48,93.79,52.69,0.0
34,Bassas da India,False,2013,74.2,97.44,98.95,78.27,65.77,98.95,53.27,0.0
34,Bassas da India,False,2014,74.05,97.44,96.6,78.12,64.74,96.6,51.35,0.0
34,Bassas da India,False,2015,75.38,97.44,96.35,77.97,71.46,96.35,64.95,0.0
34,Bassas da India,False,2016,74.27,97.44,87.03,77.82,75.03,87.03,72.25,0.0
34,Bassas da India,False,2017,73.76,97.44,86.76,77.67,72.69,86.76,67.71,0.0
34,Bassas da India,False,2018,74.89,97.44,92.45,77.52,72.62,92.45,67.71,0.0
34,Bassas da India,False,2019,73.47,97.44,84.33,77.37,72.54,84.33,67.71,0.0
34,Bassas da India,False,2020,74.57,97.44,89.92,77.22,72.47,89.92,67.71,0.0
34,Bassas da India,False,2021,75.45,97.44,94.35,77.07,72.39,94.35,67.71,0.0
34,Bassas da India,False,2022,74.09,97.44,87.63,76.92,72.32,87.63,67.71,0.0
34,Bassas da India,False,2023,74.22,97.44,88.29,76.77,72.24,88.29,67.71,0.0
34,Bassas da India,False,2024,73.82,97.44,86.32,76.62,72.16,86.32,67.71,0.0
34,Bassas da India,False,2025,73.84,97.44,86.24,76.47,72.09,86.24,67.71,0.0
35,Ile Europa,False,2012,90.81,98.72,93.79,77.77,88.89,93.79,100.0,100.0
35,Ile Europa,False,2013,91.69,98.72,98.95,77.77,88.89,98.95,100.0,100.0
35,Ile Europa,False,2014,91.72,98.72,96.6,77.66,88.83,96.6,100.0,100.0
35,Ile Europa,False,2015,91.71,98.72,96.35,77.54,88.77,96.35,100.0,100.0
35,Ile Europa,False,2016,90.17,98.72,87.03,77.43,88.71,87.03,100.0,100.0
35,Ile Europa,False,2017,90.13,98.72,86.76,77.31,88.66,86.76,100.0,100.0
35,Ile Europa,False,2018,91.08,98.72,92.45,77.2,88.6,92.45,100.0,100.0
35,Ile Europa,False,2019,89.9,98.72,84.33,77.09,88.54,84.33,100.0,100.0
35,Ile Europa,False,2020,90.82,98.72,89.92,76.97,88.49,89.92,100.0,100.0
35,Ile Europa,False,2021,91.55,98.72,94.35,76.86,88.43,94.35,100.0,100.0
35,Ile Europa,False,2022,90.42,98.72,87.63,76.75,88.37,87.63,100.0,100.0
35,Ile Europa,False,2023,90.54,98.72,88.29,76.63,88.32,88.29,100.0,100.0
35,Ile Europa,False,2024,90.2,98.72,86.32,76.52,88.26,86.32,100.0,100.0
35,Ile Europa,False,2025,90.22,98.72,86.24,76.4,88.2,86.24,100.0,100.0
36,Ile Tromelin,False,2012,75.57,98.62,93.92,76.55,76.55,93.92,,0.0
36,Ile Tromelin,False,2013,75.95,98.62,95.75,76.55,76.55,95.75,,0.0
36,Ile Tromelin,False,2014,76.43,98.62,95.75,76.34,76.34,95.75,,0.0
36,Ile Tromelin,False,2015,75.64,98.62,91.78,76.12,76.12,91.78,,0.0
36,Ile Tromelin,False,2016,75.36,98.62,90.41,75.91,75.91,90.41,,0.0
36,Ile Tromelin,False,2017,75.25,98.62,90.04,75.69,75.69,90.04,,0.0
36,Ile Tromelin,False,2018,75.26,98.62,90.25,75.48,75.48,90.25,,0.0
36,Ile Tromelin,False,2019,75.38,98.62,89.95,75.26,75.26,89.95,,0.0
36,Ile Tromelin,False,2020,75.34,98.62,90.02,75.05,75.05,90.02,,0.0
36,Ile Tromelin,False,2021,75.46,98.62,90.81,74.83,74.83,90.81,,0.0
36,Ile Tromelin,False,2022,75.19,98.62,89.63,74.62,74.62,89.63,,0.0
36,Ile Tromelin,False,2023,75.16,98.62,89.61,74.4,74.4,89.61,,0.0
36,Ile Tromelin,False,2024,75.09,98.62,89.51,74.19,74.19,89.51,,0.0
36,Ile Tromelin,False,2025,75.1,98.62,89.48,73.97,73.97,89.48,,0.0
37,Mauritius,True,2012,73.47,71.09,45.11,76.82,84.32,44.53,91.82,11.09
37,Mauritius,True,2013,74.86,71.27,45.91,76.82,84.33,44.69,91.83,11.09
37,Mauritius,True,2014,76.22,72.87,45.93,76.58,84.13,44.35,91.69,10.87
37,Mauritius,True,2015,76.23,73.77,44.88,76.33,83.86,42.1,91.39,10.41
37,Mauritius,True,2016,76.07,73.66,43.36,76.08,83.73,39.89,91.37,10.41
37,Mauritius,True,2017,75.56,73.43,43.2,75.84,81.28,38.79,86.72,10.41
37,Mauritius,True,2018,75.69,73.2,43.78,75.59,81.14,35.89,86.68,10.41
37,Mauritius,True,2019,77.11,73.03,43.79,75.35,80.99,36.79,86.64,10.41
37,Mauritius,True,2020,77.74,75.47,44.14,75.1,80.85,37.84,86.6,10.41
37,Mauritius,True,2021,78.06,76.57,44.64,74.85,80.73,40.86,86.6,10.41
37,Mauritius,True,2022,78.49,77.57,43.85,74.61,80.6,37.9,86.6,10.41
37,Mauritius,True,2023,70.9,78.42,43.83,74.36,80.48,37.89,86.6,10.41
37,Mauritius,True,2024,65.74,79.15,43.74,74.11,80.36,37.8,86.6,10.41
37,Mauritius,True,2025,71.0,79.15,43.7,73.87,80.24,37.76,86.6,10.41
38,British Indian Ocean Territory,False,2012,64.48,95.78,31.84,79.17,82.19,31.84,85.2,0.0
38,British Indian Ocean Territory,False,2013,64.65,95.78,32.83,79.17,82.19,32.83,85.2,0.0
38,British Indian Ocean Territory,False,2014,64.77,96.14,32.99,78.92,82.31,32.99,85.7,0.0
38,British Indian Ocean Territory,False,2015,64.63,96.14,32.23,78.66,82.01,32.23,85.35,0.0
38,British Indian Ocean Territory,False,2016,64.45,96.14,31.29,78.41,81.88,31.29,85.35,0.0
38,British Indian Ocean Territory,False,2017,64.39,96.14,31.18,78.16,81.65,31.18,85.14,0.0
38,British Indian Ocean Territory,False,2018,64.43,96.14,31.52,77.9,81.52,31.52,85.14,0.0
38,British Indian Ocean Territory,False,2019,64.4,96.14,31.45,77.65,81.39,31.45,85.14,0.0
38,British Indian Ocean Territory,False,2020,64.27,96.14,31.76,77.39,81.27,31.76,85.14,0.0
38,British Indian Ocean Territory,False,2021,63.66,96.14,32.03,77.14,81.14,32.03,85.14,0.0
38,British Indian Ocean Territory,False,2022,63.54,96.14,31.52,76.89,81.01,31.52,85.14,0.0
38,British Indian Ocean Territory,False,2023,63.49,96.14,31.49,76.63,80.88,31.49,85.14,0.0
38,British Indian Ocean Territory,False,2024,63.44,96.14,31.39,76.38,80.76,31.39,85.14,0.0
38,British Indian Ocean Territory,False,2025,63.41,96.14,31.37,76.12,80.63,31.37,85.14,0.0
39,Maldives,True,2012,67.85,64.54,86.02,80.47,79.43,86.02,78.39,3.52
39,Maldives,True,2013,71.6,64.5,93.3,80.44,79.57,93.3,78.69,3.12
39,Maldives,True,2014,73.64,66.1,91.45,80.15,80.13,91.45,80.12,3.06
39,Maldives,True,2015,75.13,67.64,86.37,80.02,80.47,86.36,80.91,2.93
39,Maldives,True,2016,74.7,69.58,79.41,79.91,80.6,79.4,81.29,2.93
39,Maldives,True,2017,73.69,71.16,80.02,79.56,80.4,80.02,81.24,2.93
39,Maldives,True,2018,75.76,73.04,84.77,79.28,80.26,84.77,81.24,3.89
39,Maldives,True,2019,74.88,75.19,78.94,78.93,80.08,78.93,81.24,5.75
39,Maldives,True,2020,71.17,78.26,83.36,78.72,79.98,83.35,81.24,6.95
39,Maldives,True,2021,70.84,82.62,84.24,78.42,79.83,84.23,81.24,7.89
39,Maldives,True,2022,69.17,87.77,81.87,78.13,79.68,81.86,81.24,7.53
39,Maldives,True,2023,63.79,94.37,82.63,77.83,79.53,82.62,81.24,7.78
39,Maldives,True,2024,71.91,94.68,81.34,77.53,79.38,81.33,81.24,7.47
39,Maldives,True,2025,75.42,94.68,81.42,77.24,79.24,81.41,81.24,7.12
40,Sri Lanka,True,2012,63.88,65.29,28.55,82.38,74.65,27.87,66.92,21.12
40,Sri Lanka,True,2013,65.41,64.05,29.13,82.32,74.79,28.39,67.27,21.29
40,Sri Lanka,True,2014,66.85,66.43,29.1,81.84,74.62,28.11,67.39,21.22
40,Sri Lanka,True,2015,67.41,67.8,28.65,81.84,76.16,27.79,70.47,33.4
40,Sri Lanka,True,2016,69.72,66.79,28.03,81.56,76.21,27.37,70.86,47.74
40,Sri Lanka,True,2017,70.12,68.84,27.82,81.21,76.08,26.58,70.96,50.82
40,Sri Lanka,True,2018,70.43,69.85,27.85,80.86,75.91,27.04,70.97,50.82
40,Sri Lanka,True,2019,71.31,71.41,27.68,80.51,75.74,26.7,70.96,53.88
40,Sri Lanka,True,2020,71.37,73.73,27.88,80.16,75.56,25.79,70.97,50.0
40,Sri Lanka,True,2021,69.73,71.66,28.06,79.8,75.39,26.06,70.97,49.0
40,Sri Lanka,True,2022,69.1,68.02,27.98,79.45,75.21,26.19,70.97,47.64
40,Sri Lanka,True,2023,62.9,68.86,28.02,79.1,75.04,26.28,70.97,44.93
40,Sri Lanka,True,2024,62.12,69.65,27.97,78.75,74.86,26.23,70.97,44.93
40,Sri Lanka,True,2025,62.25,69.81,27.95,78.4,74.68,26.22,70.97,44.93
41,Mozambique,True,2012,67.58,56.94,40.4,82.4,69.91,40.33,57.41,94.35
41,Mozambique,True,2013,70.65,56.29,41.95,82.39,69.21,41.88,56.04,94.35
41,Mozambique,True,2014,73.57,58.36,42.1,82.02,69.57,42.1,57.13,94.35
41,Mozambique,True,2015,76.14,58.11,41.35,81.6,70.11,41.35,58.62,94.35
41,Mozambique,True,2016,74.72,58.15,41.68,81.28,70.0,41.67,58.73,88.6
41,Mozambique,True,2017,72.55,58.02,41.74,80.91,69.61,41.74,58.32,88.4
41,Mozambique,True,2018,71.25,57.65,42.11,80.25,69.3,42.1,58.35,87.91
41,Mozambique,True,2019,71.8,57.76,41.67,80.0,69.08,41.67,58.15,92.38
41,Mozambique,True,2020,73.27,57.87,41.25,79.8,68.81,41.24,57.82,93.07
41,Mozambique,True,2021,78.21,58.0,41.04,79.59,68.71,41.03,57.82,93.15
41,Mozambique,True,2022,76.04,57.96,40.63,79.24,68.53,40.63,57.82,92.47
41,Mozambique,True,2023,70.04,58.12,40.71,78.93,68.37,40.7,57.82,91.33
41,Mozambique,True,2024,67.73,58.35,40.75,78.65,68.24,40.74,57.82,91.41
41,Mozambique,True,2025,69.35,58.36,40.82,78.34,68.08,40.81,57.82,91.41
42,Madagascar,True,2012,64.92,61.22,51.15,79.58,76.99,49.19,74.4,19.81
42,Madagascar,True,2013,66.95,61.2,52.62,79.36,76.65,50.7,73.95,19.83
42,Madagascar,True,2014,70.25,62.9,52.61,79.58,77.77,50.81,75.96,18.9
42,Madagascar,True,2015,73.24,62.81,51.5,79.81,79.91,49.62,80.01,81.89
42,Madagascar,True,2016,73.37,62.73,50.48,79.61,79.74,48.9,79.86,81.89
42,Madagascar,True,2017,73.72,62.58,50.45,79.57,81.18,48.67,82.8,84.72
42,Madagascar,True,2018,73.61,62.42,51.11,79.36,81.1,49.41,82.84,84.78
42,Madagascar,True,2019,76.49,62.23,50.66,78.97,80.92,48.82,82.87,72.58
42,Madagascar,True,2020,75.43,62.0,50.67,78.72,80.79,49.18,82.87,71.49
42,Madagascar,True,2021,75.38,61.9,50.58,78.57,80.72,47.82,82.87,70.08
42,Madagascar,True,2022,71.88,61.79,50.14,78.38,80.63,47.25,82.87,70.2
42,Madagascar,True,2023,62.78,61.89,50.25,78.14,80.5,47.36,82.87,70.22
42,Madagascar,True,2024,66.74,62.02,50.24,77.9,80.39,47.34,82.87,70.13
42,Madagascar,True,2025,70.84,61.93,50.29,77.57,80.22,47.4,82.87,69.88
43,Kenya,True,2012,64.86,35.17,35.52,82.99,78.78,35.42,74.57,50.56
43,Kenya,True,2013,67.67,35.26,36.68,82.88,78.73,36.58,74.57,50.59
43,Kenya,True,2014,69.21,35.91,36.4,82.56,78.54,36.33,74.51,50.6
43,Kenya,True,2015,69.45,36.18,35.62,82.46,78.49,35.54,74.51,50.8
43,Kenya,True,2016,68.03,36.3,34.86,82.31,78.37,34.75,74.43,50.91
43,Kenya,True,2017,65.68,36.19,36.65,81.96,78.31,36.52,74.66,51.39
43,Kenya,True,2018,63.88,36.14,37.18,81.69,78.19,37.02,74.69,51.5
43,Kenya,True,2019,66.31,36.14,37.61,81.43,78.12,37.44,74.81,51.6
43,Kenya,True,2020,67.79,36.06,38.29,81.05,77.94,38.1,74.82,51.53
43,Kenya,True,2021,72.31,36.07,38.26,80.82,77.82,38.1,74.82,51.45
43,Kenya,True,2022,72.96,35.99,37.96,80.49,77.65,37.8,74.82,51.41
43,Kenya,True,2023,66.88,36.11,37.76,80.27,77.55,37.6,74.82,51.52
43,Kenya,True,2024,61.2,36.24,37.52,80.05,77.43,37.35,74.82,51.62
43,Kenya,True,2025,66.04,36.24,37.44,79.74,77.28,37.28,74.82,51.62
44,Somalia,True,2012,64.23,52.06,39.98,77.67,69.37,39.98,61.08,0.03
44,Somalia,True,2013,65.34,52.25,40.37,77.35,70.09,40.37,62.82,0.03
44,Somalia,True,2014,65.71,53.36,40.57,77.14,70.07,40.57,62.99,0.03
44,Somalia,True,2015,65.73,53.45,40.01,76.95,70.01,40.01,63.07,0.03
44,Somalia,True,2016,65.6,53.53,39.36,76.73,69.9,39.36,63.08,0.03
44,Somalia,True,2017,65.23,53.74,39.27,76.37,68.48,39.27,60.59,0.03
44,Somalia,True,2018,65.16,53.72,39.47,76.1,68.35,39.47,60.59,0.03
44,Somalia,True,2019,65.33,53.68,39.74,75.81,68.23,39.74,60.64,0.03
44,Somalia,True,2020,65.22,53.7,40.0,75.56,68.21,40.0,60.85,0.03
44,Somalia,True,2021,64.89,53.65,40.16,75.26,67.99,40.16,60.73,0.03
44,Somalia,True,2022,64.93,53.73,39.92,75.05,67.91,39.92,60.77,0.03
44,Somalia,True,2023,64.9,53.86,39.83,74.76,67.8,39.83,60.83,0.03
44,Somalia,True,2024,64.98,54.02,39.79,74.54,67.72,39.79,60.91,0.03
44,Somalia,True,2025,65.05,54.09,39.81,74.29,67.61,39.81,60.93,0.03
45,Eritrea,True,2012,56.92,58.42,24.3,80.85,72.27,24.3,63.69,0.0
45,Eritrea,True,2013,57.55,58.44,24.21,80.87,73.31,24.21,65.74,0.0
45,Eritrea,True,2014,57.66,59.26,24.22,80.3,71.75,24.22,63.2,0.0
45,Eritrea,True,2015,57.68,59.07,23.98,79.93,73.07,23.97,66.22,0.0
45,Eritrea,True,2016,57.66,58.97,23.93,79.42,72.98,23.92,66.53,0.0
45,Eritrea,True,2017,57.31,58.76,23.78,78.78,72.64,23.77,66.49,0.0
45,Eritrea,True,2018,57.25,58.61,23.89,78.24,72.35,23.86,66.45,0.0
45,Eritrea,True,2019,57.26,58.51,23.95,77.74,72.09,23.93,66.44,0.0
45,Eritrea,True,2020,57.37,58.42,24.12,77.3,71.89,24.1,66.49,0.0
45,Eritrea,True,2021,56.93,58.26,24.13,76.77,71.55,24.11,66.34,0.0
45,Eritrea,True,2022,56.84,58.23,24.14,76.37,71.4,24.12,66.43,0.0
45,Eritrea,True,2023,56.71,58.24,24.11,75.86,71.11,24.09,66.35,0.0
45,Eritrea,True,2024,56.65,58.26,24.06,75.34,70.85,24.04,66.37,0.0
45,Eritrea,True,2025,56.64,58.25,24.04,74.84,70.59,24.02,66.34,0.0
46,Djibouti,True,2012,61.83,55.87,41.96,83.39,78.54,41.96,73.68,0.0
46,Djibouti,True,2013,64.49,55.89,43.6,83.37,78.84,43.6,74.31,0.0
46,Djibouti,True,2014,65.46,57.06,43.82,83.07,79.22,43.82,75.37,0.0
46,Djibouti,True,2015,66.32,57.12,43.76,82.6,78.58,43.76,74.56,0.0
46,Djibouti,True,2016,66.21,57.04,43.5,82.18,79.42,43.5,76.67,0.0
46,Djibouti,True,2017,67.18,57.15,43.09,81.8,78.93,43.09,76.06,0.0
46,Djibouti,True,2018,69.27,57.24,43.1,81.42,78.64,43.1,75.86,0.0
46,Djibouti,True,2019,70.81,57.51,43.15,81.19,78.56,43.15,75.94,0.0
46,Djibouti,True,2020,73.86,57.83,43.19,80.93,78.45,43.19,75.97,0.0
46,Djibouti,True,2021,73.78,57.91,43.15,80.5,78.18,43.15,75.87,0.0
46,Djibouti,True,2022,73.48,57.86,60.24,80.18,78.05,60.24,75.92,0.0
46,Djibouti,True,2023,66.23,57.77,62.8,79.78,77.86,62.8,75.94,0.0
46,Djibouti,True,2024,68.0,57.73,62.79,79.42,77.69,62.79,75.97,0.0
46,Djibouti,True,2025,70.9,57.74,60.2,79.04,77.5,60.2,75.95,0.0
47,Yemen,False,2012,69.21,53.62,52.58,79.92,76.47,52.58,73.02,24.44
47,Yemen,False,2013,70.5,53.96,56.4,79.93,77.2,56.4,74.47,23.83
47,Yemen,False,2014,69.72,54.86,58.59,79.72,77.52,58.59,75.33,23.83
47,Yemen,False,2015,69.69,54.59,57.11,79.4,77.32,57.11,75.24,23.86
47,Yemen,False,2016,69.02,54.03,54.07,78.63,76.75,54.07,74.87,23.69
47,Yemen,False,2017,71.38,53.89,53.04,78.04,76.28,53.04,74.51,23.59
47,Yemen,False,2018,66.47,53.44,53.08,77.33,75.81,53.08,74.28,23.45
47,Yemen,False,2019,65.91,53.46,52.31,76.97,75.66,52.31,74.35,23.45
47,Yemen,False,2020,65.28,53.2,52.44,76.44,75.35,52.44,74.26,23.39
47,Yemen,False,2021,64.34,53.03,54.06,76.11,75.13,54.06,74.16,23.39
47,Yemen,False,2022,64.4,53.16,51.74,75.82,75.09,51.74,74.37,30.42
47,Yemen,False,2023,62.7,53.25,51.66,75.46,74.91,51.66,74.35,31.47
47,Yemen,False,2024,55.28,53.41,51.47,75.17,74.82,51.47,74.48,31.52
47,Yemen,False,2025,58.65,53.42,51.42,74.81,74.64,51.42,74.47,30.47
48,Oman,True,2012,77.21,81.98,53.5,82.99,75.85,53.36,68.72,16.91
48,Oman,True,2013,73.92,82.84,54.92,82.99,75.95,54.81,68.91,16.91
48,Oman,True,2014,72.58,87.73,55.65,82.63,75.31,55.6,68.0,53.26
48,Oman,True,2015,72.68,88.88,55.21,82.27,75.22,55.18,68.17,53.26
48,Oman,True,2016,72.01,90.95,54.05,81.91,74.84,54.05,67.77,53.26
48,Oman,True,2017,76.93,92.02,53.29,81.55,74.54,53.17,67.53,53.26
48,Oman,True,2018,77.76,91.47,52.59,81.19,73.54,52.35,65.88,39.89
48,Oman,True,2019,78.7,89.79,51.45,80.83,73.1,51.18,65.37,39.89
48,Oman,True,2020,81.22,87.12,51.23,80.48,72.77,50.84,65.06,39.89
48,Oman,True,2021,81.73,85.42,52.29,80.12,72.59,51.27,65.06,41.2
48,Oman,True,2022,83.83,85.37,50.76,79.76,72.41,49.42,65.06,72.13
48,Oman,True,2023,77.33,85.45,50.85,79.4,72.23,49.51,65.06,77.3
48,Oman,True,2024,73.95,85.57,50.81,79.04,72.05,49.47,65.06,77.05
48,Oman,True,2025,76.84,85.57,50.84,78.68,71.87,49.5,65.06,71.13
49,Sudan,True,2012,51.11,62.42,27.89,80.09,75.91,27.89,71.72,0.0
49,Sudan,True,2013,52.83,62.51,27.88,80.0,76.62,27.88,73.25,0.0
49,Sudan,True,2014,54.1,63.05,27.9,79.62,76.59,27.9,73.56,0.0
49,Sudan,True,2015,56.99,63.05,27.92,79.25,76.55,27.92,73.85,0.0
49,Sudan,True,2016,58.52,62.97,27.97,78.91,76.44,27.97,73.97,0.0
49,Sudan,True,2017,57.27,62.9,27.97,78.46,76.27,27.97,74.08,0.0
49,Sudan,True,2018,57.57,62.6,27.93,77.92,75.99,27.93,74.05,0.0
49,Sudan,True,2019,58.36,62.52,27.97,77.59,75.95,27.97,74.3,0.0
49,Sudan,True,2020,63.34,62.46,28.01,77.22,75.81,28.01,74.4,0.0
49,Sudan,True,2021,64.84,62.44,28.05,76.86,75.63,28.05,74.4,0.0
49,Sudan,True,2022,64.03,62.52,28.1,76.61,75.6,28.1,74.59,0.0
49,Sudan,True,2023,56.8,62.83,28.07,76.06,75.24,28.07,74.42,0.0
49,Sudan,True,2024,56.9,62.97,28.02,75.5,74.95,28.02,74.39,0.0
49,Sudan,True,2025,62.48,62.58,27.91,74.75,74.42,27.91,74.1,0.0
50,Saudi Arabia,True,2012,72.73,77.46,49.9,82.86,73.94,48.33,65.02,45.62
50,Saudi Arabia,True,2013,71.66,76.77,49.63,82.89,73.71,42.9,64.53,45.62
50,Saudi Arabia,True,2014,72.53,75.82,49.24,82.8,74.34,37.33,65.88,45.77
50,Saudi Arabia,True,2015,70.5,75.99,48.87,82.39,74.51,34.29,66.63,45.78
50,Saudi Arabia,True,2016,69.26,76.56,48.55,82.03,73.56,30.91,65.09,45.78
50,Saudi Arabia,True,2017,70.82,76.68,48.51,81.53,73.69,27.25,65.85,45.77
50,Saudi Arabia,True,2018,73.9,76.74,48.6,81.51,73.63,27.19,65.74,64.4
50,Saudi Arabia,True,2019,76.07,76.49,48.87,80.95,73.37,26.18,65.78,67.21
50,Saudi Arabia,True,2020,75.39,76.76,50.32,80.44,73.1,25.86,65.75,67.21
50,Saudi Arabia,True,2021,75.62,77.15,50.56,79.91,72.83,26.02,65.75,64.4
50,Saudi Arabia,True,2022,73.45,77.13,50.58,79.51,72.63,26.21,65.75,58.78
50,Saudi Arabia,True,2023,65.65,77.37,50.37,79.27,72.51,26.68,65.75,67.41
50,Saudi Arabia,True,2024,66.79,77.69,50.01,78.91,72.33,26.9,65.75,68.57
50,Saudi Arabia,True,2025,75.49,77.96,50.0,78.58,72.16,27.02,65.75,68.57
51,Kuwait,True,2012,78.58,80.13,43.01,82.29,74.95,43.0,67.61,80.12
51,Kuwait,True,2013,73.76,79.62,43.04,82.33,75.05,43.02,67.77,80.12
51,Kuwait,True,2014,73.34,79.44,42.98,81.42,72.9,42.97,64.39,65.04
51,Kuwait,True,2015,74.4,79.35,42.88,81.09,74.83,42.82,68.57,65.66
51,Kuwait,True,2016,75.27,78.23,42.77,80.4,74.88,42.64,69.35,66.99
51,Kuwait,True,2017,75.64,78.43,42.79,79.73,74.63,42.7,69.53,66.53
51,Kuwait,True,2018,74.84,79.32,42.81,79.15,74.34,42.81,69.53,65.23
51,Kuwait,True,2019,74.29,79.87,42.94,78.56,74.05,42.93,69.53,65.06
51,Kuwait,True,2020,74.54,79.84,43.07,78.09,73.81,43.06,69.53,64.74
51,Kuwait,True,2021,74.23,79.56,43.21,77.55,73.54,43.19,69.53,64.74
51,Kuwait,True,2022,73.14,79.37,43.21,77.17,73.35,43.19,69.53,78.92
51,Kuwait,True,2023,72.5,79.37,43.18,76.53,73.03,43.16,69.53,80.9
51,Kuwait,True,2024,71.89,79.37,43.13,76.0,72.77,43.11,69.53,80.9
51,Kuwait,True,2025,79.69,79.37,43.1,75.44,72.49,43.08,69.53,78.92
52,Bahrain,True,2012,65.84,81.85,26.71,81.49,76.44,26.71,71.39,0.0
52,Bahrain,True,2013,67.84,80.63,26.69,81.21,75.76,26.69,70.3,0.0
52,Bahrain,True,2014,72.98,90.2,26.73,80.66,75.78,26.72,70.9,0.0
52,Bahrain,True,2015,74.38,91.54,26.88,80.18,76.44,26.88,72.71,0.0
52,Bahrain,True,2016,74.81,92.99,26.94,79.46,75.5,26.92,71.55,0.0
52,Bahrain,True,2017,75.68,92.15,29.43,80.65,77.12,29.42,73.6,0.0
52,Bahrain,True,2018,74.02,92.17,29.72,79.95,76.77,29.7,73.6,0.0
52,Bahrain,True,2019,73.68,92.18,29.65,79.25,76.42,29.64,73.6,0.0
52,Bahrain,True,2020,74.28,84.79,29.34,78.54,76.07,29.32,73.6,0.0
52,Bahrain,True,2021,74.14,84.78,28.82,77.84,75.72,28.8,73.6,0.0
52,Bahrain,True,2022,71.55,84.78,28.84,77.14,75.37,28.83,73.6,0.0
52,Bahrain,True,2023,62.99,84.78,28.83,76.44,75.02,28.82,73.6,0.0
52,Bahrain,True,2024,65.99,84.78,28.8,75.74,74.67,28.79,73.6,0.0
52,Bahrain,True,2025,72.49,84.78,28.8,75.04,74.32,28.79,73.6,0.0
53,Pakistan,True,2012,54.43,49.59,64.05,76.23,59.48,64.03,42.73,23.07
53,Pakistan,True,2013,55.01,49.77,64.23,76.2,59.98,64.21,43.75,23.07
53,Pakistan,True,2014,55.78,51.3,64.08,75.84,59.47,64.07,43.1,23.09
53,Pakistan,True,2015,57.8,51.51,63.72,75.59,59.27,63.7,42.96,23.14
53,Pakistan,True,2016,57.78,51.95,63.51,75.38,59.3,63.49,43.22,23.21
53,Pakistan,True,2017,57.46,52.18,63.54,75.04,59.16,63.52,43.28,23.18
53,Pakistan,True,2018,60.59,52.41,63.79,74.71,59.06,63.76,43.41,23.19
53,Pakistan,True,2019,61.1,52.85,63.87,74.48,58.88,63.84,43.28,23.25
53,Pakistan,True,2020,66.05,53.12,64.04,74.1,58.4,64.01,42.71,23.25
53,Pakistan,True,2021,67.07,53.44,64.3,73.73,58.27,64.27,42.8,48.13
53,Pakistan,True,2022,66.89,53.99,64.31,73.57,58.23,64.28,42.88,52.49
53,Pakistan,True,2023,62.34,54.62,64.35,73.28,58.07,64.33,42.86,52.54
53,Pakistan,True,2024,62.58,55.07,64.19,72.81,57.83,64.16,42.85,48.23
53,Pakistan,True,2025,66.34,54.93,64.03,72.32,57.55,64.0,42.77,39.08
54,United Arab Emirates,True,2012,76.26,82.13,74.77,84.15,80.29,74.1,76.42,71.94
54,United Arab Emirates,True,2013,76.21,82.56,74.81,84.15,79.91,74.1,75.67,72.03
54,United Arab Emirates,True,2014,76.21,81.48,73.96,83.44,78.41,73.29,73.38,72.98
54,United Arab Emirates,True,2015,74.12,82.08,73.52,82.72,79.28,70.83,75.84,73.02
54,United Arab Emirates,True,2016,76.41,83.34,72.97,82.01,79.11,69.84,76.21,79.02
54,United Arab Emirates,True,2017,79.29,82.94,72.63,81.29,78.96,69.59,76.63,81.39
54,United Arab Emirates,True,2018,79.96,82.22,72.23,80.58,78.62,69.04,76.66,81.53
54,United Arab Emirates,True,2019,79.24,81.73,71.74,79.86,78.28,69.56,76.69,80.73
54,United Arab Emirates,True,2020,81.71,81.34,72.18,79.15,77.93,70.2,76.71,78.84
54,United Arab Emirates,True,2021,85.1,81.59,72.48,78.44,77.57,69.81,76.71,78.41
54,United Arab Emirates,True,2022,83.9,81.54,72.41,77.72,77.21,70.69,76.71,78.36
54,United Arab Emirates,True,2023,79.55,81.62,72.45,77.01,76.86,70.73,76.71,78.36
54,United Arab Emirates,True,2024,81.31,81.72,72.34,76.29,76.5,70.61,76.71,78.36
54,United Arab Emirates,True,2025,85.54,81.72,72.33,75.58,76.14,70.61,76.71,78.36
55,Azores,False,2012,79.93,79.97,68.41,71.38,82.64,68.41,93.9,71.19
55,Azores,False,2013,79.23,79.55,67.4,71.38,82.58,67.4,93.77,67.91
55,Azores,False,2014,79.15,81.0,66.42,71.25,82.52,66.42,93.8,66.04
55,Azores,False,2015,78.94,82.65,65.62,71.11,82.97,65.62,94.82,62.29
55,Azores,False,2016,78.94,82.17,66.07,70.98,82.94,66.07,94.9,62.29
55,Azores,False,2017,78.49,82.42,63.17,70.85,82.88,63.17,94.91,62.29
55,Azores,False,2018,78.15,82.67,61.78,70.71,82.81,61.78,94.91,62.29
55,Azores,False,2019,78.28,82.93,61.9,70.58,82.75,61.9,94.91,62.29
55,Azores,False,2020,78.25,83.17,62.41,70.45,82.68,62.41,94.91,62.29
55,Azores,False,2021,78.37,83.16,62.98,70.32,82.61,62.98,94.91,62.29
55,Azores,False,2022,80.05,83.03,63.09,70.18,82.55,63.09,94.91,62.29
55,Azores,False,2023,80.19,82.67,63.02,70.05,82.48,63.02,94.91,62.29
55,Azores,False,2024,80.05,82.0,63.03,69.92,82.41,63.03,94.91,62.29
55,Azores,False,2025,79.84,82.0,63.16,69.78,82.35,63.16,94.91,62.29
56,Cape Verde,False,2012,62.88,70.34,67.68,76.93,79.81,67.68,82.69,55.29
56,Cape Verde,False,2013,63.59,70.29,67.68,76.93,77.27,67.68,77.61,55.29
56,Cape Verde,False,2014,65.4,71.64,66.43,76.88,76.59,66.43,76.29,68.4
56,Cape Verde,False,2015,68.22,72.02,66.35,76.82,79.56,66.35,82.29,70.25
56,Cape Verde,False,2016,68.48,72.44,67.0,76.77,77.62,67.0,78.47,70.25
56,Cape Verde,False,2017,67.24,72.86,66.53,76.71,79.84,66.53,82.97,68.4
56,Cape Verde,False,2018,66.53,73.31,66.02,76.66,79.81,66.01,82.97,64.71
56,Cape Verde,False,2019,68.46,73.8,65.05,76.6,79.79,65.0,82.97,64.71
56,Cape Verde,False,2020,70.26,74.33,65.02,76.55,79.76,64.97,82.97,64.71
56,Cape Verde,False,2021,70.93,74.91,64.76,76.49,79.73,64.7,82.97,64.71
56,Cape Verde,False,2022,68.21,75.55,65.22,76.44,79.7,65.15,82.97,64.71
56,Cape Verde,False,2023,60.28,76.35,65.44,76.38,79.68,65.37,82.97,64.71
56,Cape Verde,False,2024,69.22,76.28,65.47,76.33,79.65,65.4,82.97,64.71
56,Cape Verde,False,2025,76.19,76.28,65.56,76.27,79.62,65.49,82.97,64.71
57,Madeira,False,2012,81.83,76.96,79.58,75.63,81.59,79.58,87.54,100.0
57,Madeira,False,2013,81.42,76.62,78.27,75.63,81.62,78.27,87.61,100.0
57,Madeira,False,2014,81.5,77.99,76.79,75.44,81.31,76.79,87.18,100.0
57,Madeira,False,2015,82.75,78.9,75.86,75.25,87.45,75.86,99.66,100.0
57,Madeira,False,2016,82.91,78.92,76.26,75.06,87.37,76.26,99.68,100.0
57,Madeira,False,2017,82.01,79.24,71.51,74.86,87.26,71.51,99.66,100.0
57,Madeira,False,2018,81.67,79.56,69.47,74.67,87.17,69.47,99.66,100.0
57,Madeira,False,2019,81.87,79.88,69.41,74.48,87.07,69.41,99.66,100.0
57,Madeira,False,2020,81.85,80.2,70.0,74.28,86.97,70.0,99.66,100.0
57,Madeira,False,2021,82.12,80.27,71.3,74.09,86.88,71.3,99.66,100.0
57,Madeira,False,2022,84.4,80.24,71.76,73.9,86.78,71.76,99.66,100.0
57,Madeira,False,2023,84.33,79.97,71.76,73.7,86.68,71.76,99.66,100.0
57,Madeira,False,2024,84.21,79.4,71.76,73.51,86.59,71.76,99.66,100.0
57,Madeira,False,2025,84.2,79.4,71.8,73.32,86.49,71.8,99.66,100.0
58,Canary Islands,False,2012,74.67,76.94,76.09,77.96,74.06,76.09,70.15,100.0
58,Canary Islands,False,2013,74.26,76.63,74.78,77.96,74.12,74.78,70.27,100.0
58,Canary Islands,False,2014,74.28,77.44,73.85,77.71,73.85,73.85,69.99,100.0
58,Canary Islands,False,2015,74.37,77.69,73.13,77.47,75.38,73.13,73.3,100.0
58,Canary Islands,False,2016,74.33,77.46,72.97,77.22,75.17,72.97,73.13,100.0
58,Canary Islands,False,2017,74.09,77.51,71.08,76.97,75.0,71.08,73.02,100.0
58,Canary Islands,False,2018,73.84,78.03,70.29,76.72,74.87,70.29,73.02,100.0
58,Canary Islands,False,2019,73.97,78.51,70.67,76.47,74.75,70.67,73.02,100.0
58,Canary Islands,False,2020,73.97,79.15,71.2,76.22,74.62,71.2,73.02,100.0
58,Canary Islands,False,2021,74.12,79.21,71.88,75.97,74.5,71.88,73.02,100.0
58,Canary Islands,False,2022,75.66,79.01,72.02,75.72,74.37,72.02,73.02,100.0
58,Canary Islands,False,2023,75.81,78.77,71.93,75.48,74.25,71.93,73.02,100.0
58,Canary Islands,False,2024,75.69,78.25,71.9,75.23,74.12,71.9,73.02,100.0
58,Canary Islands,False,2025,75.47,78.25,71.9,74.98,74.0,71.9,73.02,100.0
59,Belgium,True,2012,74.85,36.65,63.68,81.04,67.55,63.68,54.07,100.0
59,Belgium,True,2013,75.35,36.73,61.9,81.04,67.69,61.9,54.34,100.0
59,Belgium,True,2014,75.46,37.2,60.67,81.18,67.49,60.67,53.79,100.0
59,Belgium,True,2015,75.22,37.42,62.2,81.32,67.02,62.2,52.72,100.0
59,Belgium,True,2016,73.06,37.31,61.38,81.46,67.48,61.38,53.5,100.0
59,Belgium,True,2017,76.16,37.16,60.9,81.6,67.36,60.9,53.11,100.0
59,Belgium,True,2018,77.24,37.26,61.7,81.75,67.43,61.7,53.11,100.0
59,Belgium,True,2019,76.09,37.33,60.16,81.89,67.5,60.16,53.11,100.0
59,Belgium,True,2020,76.83,37.39,58.62,82.03,67.57,58.62,53.11,100.0
59,Belgium,True,2021,76.94,37.37,57.09,82.17,67.64,57.09,53.11,100.0
59,Belgium,True,2022,77.36,37.31,58.67,82.31,67.71,58.67,53.11,100.0
59,Belgium,True,2023,70.07,37.32,59.5,82.46,67.78,59.5,53.11,100.0
59,Belgium,True,2024,70.23,37.33,60.08,82.6,67.85,60.08,53.11,100.0
59,Belgium,True,2025,76.19,37.33,60.18,82.74,67.92,60.18,53.11,100.0
60,Gibraltar,False,2012,58.67,30.29,48.89,77.6,65.57,48.89,53.54,100.0
60,Gibraltar,False,2013,58.4,30.16,48.56,77.6,65.57,48.56,53.54,100.0
60,Gibraltar,False,2014,58.06,30.19,48.14,77.16,64.47,48.14,51.77,100.0
60,Gibraltar,False,2015,58.22,31.03,47.8,76.73,64.25,47.8,51.77,100.0
60,Gibraltar,False,2016,58.02,30.06,47.37,76.3,64.04,47.37,51.77,100.0
60,Gibraltar,False,2017,57.94,29.84,46.72,75.86,63.82,46.72,51.77,100.0
60,Gibraltar,False,2018,57.96,30.08,46.42,75.43,63.6,46.42,51.77,100.0
60,Gibraltar,False,2019,58.15,30.29,46.33,75.0,63.39,46.33,51.77,100.0
60,Gibraltar,False,2020,57.91,30.46,46.55,74.57,63.17,46.55,51.77,100.0
60,Gibraltar,False,2021,57.8,30.42,46.53,74.13,62.95,46.53,51.77,100.0
60,Gibraltar,False,2022,59.42,30.35,46.62,73.7,62.74,46.62,51.77,100.0
60,Gibraltar,False,2023,59.6,30.35,46.68,73.27,62.52,46.68,51.77,100.0
60,Gibraltar,False,2024,59.57,30.35,46.72,72.83,62.3,46.72,51.77,100.0
60,Gibraltar,False,2025,59.33,30.35,46.8,72.4,62.09,46.8,51.77,100.0
61,Tunisia,True,2012,63.35,60.7,32.73,73.45,69.22,29.49,64.99,40.93
61,Tunisia,True,2013,60.81,60.55,32.5,73.32,68.37,29.28,63.43,46.15
61,Tunisia,True,2014,59.64,61.85,33.18,72.97,69.24,29.52,65.52,44.76
61,Tunisia,True,2015,60.4,62.71,33.15,72.35,67.27,29.36,62.19,42.43
61,Tunisia,True,2016,59.27,63.63,32.44,71.95,66.75,27.68,61.56,37.05
61,Tunisia,True,2017,58.92,64.15,31.89,71.53,67.07,27.09,62.62,36.38
61,Tunisia,True,2018,61.13,64.47,31.03,70.81,66.71,26.25,62.62,36.38
61,Tunisia,True,2019,62.64,65.34,30.75,70.44,66.53,26.08,62.62,36.38
61,Tunisia,True,2020,66.03,66.53,30.66,70.05,66.34,24.99,62.62,36.38
61,Tunisia,True,2021,68.71,67.96,30.73,69.57,66.09,25.51,62.62,36.38
61,Tunisia,True,2022,64.06,69.84,30.95,69.17,65.89,26.03,62.62,36.38
61,Tunisia,True,2023,56.07,69.57,31.09,68.54,65.58,26.13,62.62,36.38
61,Tunisia,True,2024,57.81,68.9,31.18,67.98,65.3,26.13,62.62,36.38
61,Tunisia,True,2025,63.32,68.81,31.2,67.47,65.05,26.09,62.62,36.38
62,Morocco,True,2012,65.29,56.91,17.85,75.61,64.96,17.84,54.32,55.24
62,Morocco,True,2013,65.71,56.91,17.64,75.67,65.43,17.63,55.2,55.24
62,Morocco,True,2014,65.81,57.93,17.67,75.44,65.01,17.65,54.58,55.24
62,Morocco,True,2015,65.89,58.55,17.5,75.51,66.91,17.49,58.31,55.24
62,Morocco,True,2016,66.45,58.49,17.41,75.38,68.15,17.4,60.91,55.24
62,Morocco,True,2017,66.01,58.78,17.18,75.01,67.31,17.17,59.6,55.24
62,Morocco,True,2018,65.66,59.19,17.07,74.68,67.14,17.04,59.6,55.24
62,Morocco,True,2019,66.05,59.34,16.99,74.31,66.95,16.97,59.6,56.92
62,Morocco,True,2020,66.53,59.6,16.92,73.93,66.77,16.88,59.6,57.13
62,Morocco,True,2021,68.02,59.96,16.97,73.62,66.61,16.92,59.6,57.13
62,Morocco,True,2022,68.42,60.39,16.88,73.41,66.5,16.83,59.6,56.92
62,Morocco,True,2023,61.3,60.36,16.91,73.03,66.32,16.86,59.6,56.49
62,Morocco,True,2024,61.38,60.42,16.94,72.73,66.16,16.89,59.6,56.49
62,Morocco,True,2025,66.53,60.44,16.97,72.42,66.01,16.93,59.6,56.49
63,Western Sahara,False,2012,72.78,82.45,14.04,77.65,75.53,14.04,73.41,0.0
63,Western Sahara,False,2013,72.17,82.43,14.31,77.56,75.6,14.31,73.65,0.0
63,Western Sahara,False,2014,71.86,83.02,14.21,77.46,75.29,14.21,73.12,0.0
63,Western Sahara,False,2015,71.58,83.1,14.16,77.28,75.27,14.16,73.26,0.0
63,Western Sahara,False,2016,71.45,83.17,13.98,77.24,75.86,13.98,74.49,0.0
63,Western Sahara,False,2017,71.15,83.21,13.65,76.97,75.54,13.65,74.11,0.0
63,Western Sahara,False,2018,70.97,83.27,13.64,76.68,75.4,13.64,74.11,0.0
63,Western Sahara,False,2019,70.79,83.24,13.41,76.42,75.27,13.41,74.11,0.0
63,Western Sahara,False,2020,70.33,83.17,13.31,76.1,75.11,13.31,74.11,0.0
63,Western Sahara,False,2021,69.95,83.13,13.22,75.88,75.0,13.22,74.11,0.0
63,Western Sahara,False,2022,69.49,83.09,13.12,75.69,74.9,13.12,74.11,0.0
63,Western Sahara,False,2023,69.55,83.31,13.17,75.43,74.77,13.17,74.11,0.0
63,Western Sahara,False,2024,67.75,83.46,13.22,75.25,74.68,13.22,74.11,0.0
63,Western Sahara,False,2025,67.66,83.46,13.26,75.02,74.57,13.26,74.11,0.0
64,Mauritania,True,2012,66.39,67.4,15.71,76.19,71.0,15.71,65.82,99.24
64,Mauritania,True,2013,66.83,67.46,15.53,75.83,69.7,15.53,63.56,99.33
64,Mauritania,True,2014,67.54,68.68,15.32,75.87,70.55,15.32,65.23,99.35
64,Mauritania,True,2015,66.56,68.61,15.11,75.92,72.69,15.11,69.45,99.25
64,Mauritania,True,2016,66.32,68.76,15.02,75.83,72.36,15.02,68.88,99.43
64,Mauritania,True,2017,66.38,68.73,14.88,75.37,71.21,14.88,67.06,99.34
64,Mauritania,True,2018,65.89,68.9,14.85,75.25,71.15,14.85,67.06,99.57
64,Mauritania,True,2019,66.46,69.18,14.77,74.77,70.91,14.77,67.06,99.88
64,Mauritania,True,2020,65.93,69.3,14.68,74.48,70.77,14.68,67.06,100.0
64,Mauritania,True,2021,65.06,69.52,14.61,74.35,70.7,14.61,67.06,100.0
64,Mauritania,True,2022,64.42,69.45,14.61,74.06,70.56,14.61,67.06,99.9
64,Mauritania,True,2023,65.13,69.84,14.65,73.87,70.46,14.65,67.06,99.91
64,Mauritania,True,2024,72.57,70.35,14.7,73.72,70.39,14.7,67.06,100.0
64,Mauritania,True,2025,69.2,70.38,14.73,73.53,70.29,14.73,67.06,100.0
65,Gambia,True,2012,61.39,50.46,26.01,76.66,68.56,26.0,60.46,64.14
65,Gambia,True,2013,60.58,50.2,25.82,76.6,68.51,25.81,60.42,64.18
65,Gambia,True,2014,61.9,50.4,25.56,76.45,68.45,25.55,60.45,73.56
65,Gambia,True,2015,61.21,49.98,25.42,76.23,68.03,25.4,59.82,74.8
65,Gambia,True,2016,62.07,49.77,25.32,76.03,67.94,25.31,59.84,74.79
65,Gambia,True,2017,61.25,49.44,25.06,75.74,68.15,25.05,60.56,73.38
65,Gambia,True,2018,65.39,49.37,24.78,75.74,68.24,24.77,60.75,71.16
65,Gambia,True,2019,66.2,49.56,24.54,76.02,68.36,24.53,60.7,71.77
65,Gambia,True,2020,67.59,49.37,24.2,75.85,68.24,24.18,60.62,71.94
65,Gambia,True,2021,67.58,49.18,23.89,75.73,68.18,23.87,60.62,72.0
65,Gambia,True,2022,65.53,48.91,24.22,75.58,68.1,24.2,60.62,72.0
65,Gambia,True,2023,61.08,48.95,24.38,75.38,68.0,24.36,60.62,71.99
65,Gambia,True,2024,68.66,49.11,24.51,75.27,67.94,24.49,60.62,72.0
65,Gambia,True,2025,72.04,49.15,24.57,75.1,67.86,24.55,60.62,72.0
66,Senegal,True,2012,67.21,49.92,29.43,76.84,68.99,29.42,61.14,87.36
66,Senegal,True,2013,66.68,49.91,28.87,76.58,67.61,28.85,58.64,87.36
66,Senegal,True,2014,67.35,51.3,28.52,76.87,68.34,28.49,59.81,87.37
66,Senegal,True,2015,66.84,51.45,28.58,76.84,68.99,28.47,61.15,91.76
66,Senegal,True,2016,67.31,51.67,28.91,76.82,69.15,28.85,61.48,92.32
66,Senegal,True,2017,66.54,51.61,29.09,76.42,68.28,29.0,60.14,99.55
66,Senegal,True,2018,65.81,51.55,29.23,76.21,68.2,29.15,60.19,99.55
66,Senegal,True,2019,67.77,51.55,29.11,76.15,68.17,29.07,60.2,99.55
66,Senegal,True,2020,69.13,51.5,28.81,75.97,68.07,28.76,60.17,100.0
66,Senegal,True,2021,69.18,51.64,28.52,75.92,68.04,28.44,60.17,100.0
66,Senegal,True,2022,67.66,51.57,28.71,75.72,67.95,28.41,60.17,100.0
66,Senegal,True,2023,62.45,51.82,28.79,75.54,67.85,28.49,60.17,100.0
66,Senegal,True,2024,68.69,52.12,28.89,75.37,67.77,28.59,60.17,100.0
66,Senegal,True,2025,73.42,52.12,28.94,75.19,67.68,28.64,60.17,100.0
67,Libya,True,2012,61.41,68.02,46.23,65.73,65.48,46.23,65.23,0.0
67,Libya,True,2013,63.75,70.35,45.71,65.84,66.84,45.71,67.84,0.0
67,Libya,True,2014,61.39,72.46,45.95,65.28,66.49,45.95,67.7,0.0
67,Libya,True,2015,62.16,73.14,45.65,64.6,66.36,45.65,68.12,0.0
67,Libya,True,2016,67.06,73.97,45.86,63.87,65.88,45.86,67.88,0.0
67,Libya,True,2017,64.09,74.2,45.65,63.29,65.48,45.65,67.67,0.0
67,Libya,True,2018,62.66,73.8,45.27,62.64,65.07,45.27,67.49,0.0
67,Libya,True,2019,59.08,73.02,45.36,62.19,64.87,45.36,67.55,0.0
67,Libya,True,2020,57.91,72.39,45.41,61.64,64.53,45.41,67.42,0.0
67,Libya,True,2021,57.22,72.15,45.35,61.0,64.15,45.35,67.31,0.0
67,Libya,True,2022,56.15,72.33,45.4,60.53,63.91,45.4,67.3,0.0
67,Libya,True,2023,50.32,72.54,45.44,60.1,63.73,45.44,67.36,0.0
67,Libya,True,2024,47.17,72.64,45.43,59.62,63.51,45.43,67.39,0.0
67,Libya,True,2025,53.56,72.74,45.48,59.17,63.3,45.48,67.44,0.0
68,Malta,True,2012,68.32,69.05,35.4,68.3,72.05,49.92,75.8,96.51
68,Malta,True,2013,69.87,67.41,35.42,68.3,71.13,50.48,73.95,96.51
68,Malta,True,2014,70.1,64.8,36.58,67.85,71.12,52.58,74.4,93.02
68,Malta,True,2015,70.66,64.93,37.47,67.4,68.74,54.13,70.08,93.02
68,Malta,True,2016,72.35,65.4,35.97,66.95,68.31,51.93,69.68,100.0
68,Malta,True,2017,71.45,64.42,35.27,66.49,68.67,53.85,70.84,100.0
68,Malta,True,2018,71.8,65.86,40.19,66.04,68.44,52.28,70.84,100.0
68,Malta,True,2019,74.6,66.22,41.69,65.59,68.22,53.12,70.84,100.0
68,Malta,True,2020,74.23,66.5,42.42,65.14,67.99,53.12,70.84,100.0
68,Malta,True,2021,74.26,66.49,41.89,64.68,67.76,50.18,70.84,100.0
68,Malta,True,2022,71.9,66.13,40.38,64.23,67.54,52.89,70.84,100.0
68,Malta,True,2023,62.86,66.14,40.23,63.78,67.31,52.88,70.84,100.0
68,Malta,True,2024,63.49,66.15,40.2,63.33,67.08,52.88,70.84,100.0
68,Malta,True,2025,70.34,66.15,40.21,62.88,66.86,52.92,70.84,100.0
69,Latvia,True,2012,73.77,65.11,96.8,86.2,66.32,96.8,46.43,100.0
69,Latvia,True,2013,74.18,65.04,96.85,86.2,66.58,96.85,46.96,100.0
69,Latvia,True,2014,73.42,66.07,80.24,86.45,66.75,80.24,47.04,100.0
69,Latvia,True,2015,72.65,66.07,75.23,86.7,67.31,75.23,47.92,100.0
69,Latvia,True,2016,74.88,66.26,79.87,86.95,67.57,79.87,48.18,100.0
69,Latvia,True,2017,77.81,66.57,86.31,87.2,67.07,86.31,46.94,100.0
69,Latvia,True,2018,78.35,66.93,89.72,87.45,66.55,89.72,45.66,100.0
69,Latvia,True,2019,78.22,67.3,71.61,87.7,67.27,71.61,46.84,100.0
69,Latvia,True,2020,75.46,67.45,63.48,87.95,67.51,63.48,47.07,100.0
69,Latvia,True,2021,74.36,67.09,61.27,88.2,68.33,61.27,48.46,100.0
69,Latvia,True,2022,73.74,66.74,59.69,88.45,68.51,59.69,48.57,100.0
69,Latvia,True,2023,67.41,66.59,55.06,88.7,68.11,55.06,47.53,100.0
69,Latvia,True,2024,66.54,67.18,55.15,88.95,67.42,55.15,45.9,100.0
69,Latvia,True,2025,73.1,67.18,55.81,89.19,67.13,55.81,45.07,100.0
70,Estonia,True,2012,81.43,77.65,97.1,86.06,70.98,97.1,55.9,100.0
70,Estonia,True,2013,81.47,78.68,97.15,86.06,70.98,97.15,55.9,100.0
70,Estonia,True,2014,79.95,76.95,88.68,86.31,71.4,88.68,56.5,100.0
70,Estonia,True,2015,80.25,75.66,85.0,86.55,71.57,85.0,56.58,100.0
70,Estonia,True,2016,81.31,75.72,88.75,86.8,71.55,88.75,56.3,100.0
70,Estonia,True,2017,82.54,76.5,93.27,87.05,70.17,93.27,53.29,100.0
70,Estonia,True,2018,82.8,77.63,93.51,87.3,70.2,91.63,53.11,100.0
70,Estonia,True,2019,82.03,78.33,78.57,87.54,71.04,77.61,54.54,100.0
70,Estonia,True,2020,81.62,78.78,71.61,87.79,71.84,69.86,55.89,100.0
70,Estonia,True,2021,81.88,78.42,69.61,88.04,71.69,67.7,55.33,100.0
70,Estonia,True,2022,82.58,78.31,68.36,88.28,71.62,66.66,54.95,100.0
70,Estonia,True,2023,74.92,78.22,64.55,88.53,71.35,62.97,54.18,100.0
70,Estonia,True,2024,74.4,78.1,64.72,88.78,71.7,63.16,54.61,100.0
70,Estonia,True,2025,76.46,78.1,65.35,89.02,71.93,63.78,54.83,100.0
71,Bulgaria,True,2012,54.49,54.2,11.36,90.39,72.77,20.54,55.16,100.0
71,Bulgaria,True,2013,55.84,53.71,10.77,90.39,72.55,25.86,54.72,100.0
71,Bulgaria,True,2014,57.01,57.98,11.0,89.84,71.66,33.94,53.48,100.0
71,Bulgaria,True,2015,59.07,59.08,11.39,89.28,71.47,32.76,53.65,100.0
71,Bulgaria,True,2016,59.13,61.2,11.52,88.73,70.6,29.59,52.47,100.0
71,Bulgaria,True,2017,60.14,61.12,11.39,88.18,70.78,26.49,53.39,100.0
71,Bulgaria,True,2018,62.37,58.54,10.99,87.62,70.5,25.82,53.39,100.0
71,Bulgaria,True,2019,63.28,59.74,10.78,87.07,70.23,22.16,53.39,100.0
71,Bulgaria,True,2020,66.74,60.4,10.69,86.52,69.95,23.74,53.39,100.0
71,Bulgaria,True,2021,68.44,61.05,10.63,85.96,69.67,18.54,53.39,100.0
71,Bulgaria,True,2022,73.76,60.96,10.69,85.41,69.4,16.62,53.39,100.0
71,Bulgaria,True,2023,65.69,60.99,10.72,84.86,69.12,16.65,53.39,100.0
71,Bulgaria,True,2024,66.88,60.94,10.76,84.3,68.85,16.68,53.39,100.0
71,Bulgaria,True,2025,71.28,61.1,10.8,83.75,68.57,16.72,53.39,100.0
72,Romania,True,2012,73.95,64.66,26.01,88.56,68.83,25.52,49.1,100.0
72,Romania,True,2013,73.23,64.37,24.33,88.56,68.92,23.69,49.29,100.0
72,Romania,True,2014,72.47,66.72,24.77,88.03,68.28,23.91,48.54,100.0
72,Romania,True,2015,72.64,67.28,25.96,87.5,68.32,25.48,49.14,100.0
72,Romania,True,2016,71.3,68.06,26.46,86.97,67.98,26.46,48.99,100.0
72,Romania,True,2017,70.46,68.2,27.08,86.44,71.3,27.08,56.16,100.0
72,Romania,True,2018,68.02,68.63,26.72,85.91,71.03,26.72,56.16,100.0
72,Romania,True,2019,66.62,69.44,26.69,85.38,70.77,26.69,56.16,100.0
72,Romania,True,2020,70.06,69.79,26.78,84.85,70.5,26.78,56.16,100.0
72,Romania,True,2021,73.95,71.06,27.01,84.32,70.24,27.01,56.16,100.0
72,Romania,True,2022,76.78,71.93,27.02,83.79,69.97,27.02,56.16,100.0
72,Romania,True,2023,76.74,72.14,26.94,83.26,69.71,26.94,56.16,100.0
72,Romania,True,2024,76.55,71.76,26.87,82.73,69.44,26.87,56.16,100.0
72,Romania,True,2025,73.54,71.7,26.8,82.2,69.18,26.8,56.16,100.0
73,Russia,True,2012,71.37,61.31,70.53,80.38,79.81,70.12,79.24,73.61
73,Russia,True,2013,71.23,61.49,66.9,80.43,79.85,66.54,79.26,71.24
73,Russia,True,2014,73.38,62.21,63.52,80.35,80.07,63.32,79.8,72.05
73,Russia,True,2015,75.28,62.42,61.81,80.36,80.43,61.55,80.49,72.08
73,Russia,True,2016,75.69,62.72,60.21,80.34,80.79,59.91,81.23,70.99
73,Russia,True,2017,76.84,62.78,60.87,80.12,80.63,60.43,81.14,69.66
73,Russia,True,2018,78.94,63.11,65.85,80.21,80.67,65.0,81.14,75.51
73,Russia,True,2019,80.14,63.45,71.28,80.17,80.65,69.97,81.14,76.35
73,Russia,True,2020,80.25,63.81,73.46,80.06,80.69,71.74,81.32,77.23
73,Russia,True,2021,81.79,64.12,80.85,79.95,80.54,78.75,81.13,76.33
73,Russia,True,2022,82.26,64.27,74.47,79.84,80.6,72.42,81.36,74.76
73,Russia,True,2023,74.51,64.44,68.1,79.71,80.57,66.29,81.43,74.62
73,Russia,True,2024,72.67,64.16,62.5,79.2,80.42,60.92,81.63,74.38
73,Russia,True,2025,78.88,64.08,58.52,79.01,80.34,57.1,81.68,74.38
74,Georgia,True,2012,55.84,67.04,64.88,87.78,67.11,64.88,46.43,36.12
74,Georgia,True,2013,54.54,67.3,65.21,87.75,67.14,65.21,46.52,36.12
74,Georgia,True,2014,56.66,68.06,65.83,87.44,66.9,65.83,46.36,36.12
74,Georgia,True,2015,60.55,68.23,66.47,87.17,66.46,66.47,45.74,36.12
74,Georgia,True,2016,60.99,68.25,66.24,87.12,68.45,66.24,49.79,36.12
74,Georgia,True,2017,61.97,68.16,66.03,86.38,65.79,66.03,45.2,36.12
74,Georgia,True,2018,63.47,68.19,65.56,86.08,65.64,65.56,45.2,36.12
74,Georgia,True,2019,67.14,68.22,65.37,85.62,65.41,65.37,45.2,36.12
74,Georgia,True,2020,69.72,68.25,65.17,85.05,65.12,65.17,45.2,36.12
74,Georgia,True,2021,70.52,68.27,65.12,84.55,64.87,65.12,45.2,36.12
74,Georgia,True,2022,70.49,67.97,65.25,84.02,64.61,65.25,45.2,36.12
74,Georgia,True,2023,62.29,67.92,65.33,83.48,64.34,65.33,45.2,36.12
74,Georgia,True,2024,62.84,67.91,65.39,82.99,64.09,65.39,45.2,36.12
74,Georgia,True,2025,67.41,67.96,65.4,82.54,63.87,65.4,45.2,36.12
75,Ukraine,True,2012,69.45,69.32,34.39,88.78,68.79,33.52,48.8,100.0
75,Ukraine,True,2013,69.39,67.92,34.45,88.78,68.94,33.5,49.1,100.0
75,Ukraine,True,2014,70.11,69.06,35.15,88.23,68.58,34.17,48.93,100.0
75,Ukraine,True,2015,71.25,68.65,35.93,87.68,68.44,35.93,49.21,100.0
75,Ukraine,True,2016,69.34,68.77,35.5,87.13,68.83,35.5,50.52,100.0
75,Ukraine,True,2017,64.07,69.11,35.15,86.58,69.18,35.15,51.78,100.0
75,Ukraine,True,2018,63.17,69.42,34.43,86.03,68.91,34.43,51.78,100.0
75,Ukraine,True,2019,64.0,69.68,34.16,85.49,68.63,34.16,51.78,100.0
75,Ukraine,True,2020,66.02,69.9,33.9,84.94,68.36,33.9,51.78,100.0
75,Ukraine,True,2021,67.97,70.07,33.89,84.39,68.09,33.89,51.78,100.0
75,Ukraine,True,2022,67.42,69.85,34.07,83.84,67.81,34.07,51.78,100.0
75,Ukraine,True,2023,62.63,69.54,34.18,83.29,67.54,34.18,51.78,100.0
75,Ukraine,True,2024,54.74,68.97,34.28,82.74,67.26,34.28,51.78,100.0
75,Ukraine,True,2025,54.25,69.16,34.3,82.2,66.99,34.3,51.78,100.0
76,Turkey,False,2012,70.03,60.68,54.62,79.4,72.48,55.16,65.55,6.37
76,Turkey,False,2013,70.14,60.6,55.19,79.18,72.66,55.03,66.14,6.37
76,Turkey,False,2014,70.36,62.21,56.09,78.67,72.2,56.01,65.74,6.37
76,Turkey,False,2015,72.29,62.93,56.59,78.27,72.86,57.51,67.45,6.37
76,Turkey,False,2016,71.64,62.81,56.24,77.85,73.18,57.19,68.5,6.37
76,Turkey,False,2017,72.33,63.12,55.41,77.21,73.43,56.22,69.64,6.37
76,Turkey,False,2018,72.94,63.33,53.87,76.43,73.03,54.7,69.64,6.37
76,Turkey,False,2019,69.87,64.42,53.23,75.94,72.79,53.77,69.64,6.37
76,Turkey,False,2020,71.05,65.82,52.23,75.52,72.58,53.57,69.64,6.37
76,Turkey,False,2021,72.89,67.49,51.38,74.95,72.29,53.34,69.64,6.37
76,Turkey,False,2022,73.61,69.55,51.65,74.44,72.04,53.89,69.64,6.37
76,Turkey,False,2023,67.86,69.62,51.91,73.9,71.77,54.6,69.64,6.37
76,Turkey,False,2024,69.88,68.9,52.31,73.32,71.48,55.44,69.64,6.37
76,Turkey,False,2025,74.15,68.89,52.6,72.84,71.24,56.53,69.64,6.37
77,Syria,True,2012,49.24,44.98,44.45,69.12,54.92,44.45,40.73,0.0
77,Syria,True,2013,48.65,47.9,44.13,68.85,55.39,44.13,41.93,0.0
77,Syria,True,2014,44.62,47.11,45.17,67.72,52.76,45.17,37.8,0.0
77,Syria,True,2015,42.97,49.44,44.91,67.02,51.37,44.91,35.71,0.0
77,Syria,True,2016,42.32,50.84,43.92,66.54,50.7,43.92,34.86,0.0
77,Syria,True,2017,43.87,51.31,43.04,66.25,52.29,43.04,38.34,0.0
77,Syria,True,2018,47.87,50.87,42.55,65.79,52.02,42.55,38.26,0.0
77,Syria,True,2019,46.17,50.61,36.31,65.43,51.84,36.31,38.25,0.0
77,Syria,True,2020,49.36,50.79,35.89,65.08,51.63,35.89,38.19,0.0
77,Syria,True,2021,52.47,50.74,35.45,64.58,51.36,35.45,38.13,0.0
77,Syria,True,2022,51.22,50.92,36.2,64.15,51.12,36.2,38.09,0.0
77,Syria,True,2023,43.18,51.27,37.73,63.8,50.95,37.73,38.11,0.0
77,Syria,True,2024,40.44,51.54,37.77,63.32,50.72,37.77,38.11,0.0
77,Syria,True,2025,47.14,51.56,37.92,62.91,50.51,37.92,38.11,0.0
78,Lebanon,True,2012,45.55,39.46,41.51,67.8,53.55,41.33,39.3,4.77
78,Lebanon,True,2013,46.13,39.01,41.73,67.76,54.0,41.66,40.24,4.78
78,Lebanon,True,2014,48.84,39.21,54.98,67.11,52.64,54.88,38.17,4.77
78,Lebanon,True,2015,49.46,40.29,57.57,66.7,52.5,57.46,38.3,4.77
78,Lebanon,True,2016,46.46,41.16,55.44,66.01,50.64,55.33,35.27,4.76
78,Lebanon,True,2017,47.56,41.9,50.8,65.91,53.05,50.64,40.19,4.77
78,Lebanon,True,2018,49.53,42.97,46.37,65.34,52.74,46.25,40.13,4.76
78,Lebanon,True,2019,52.64,44.39,48.29,64.8,52.45,48.18,40.09,4.76
78,Lebanon,True,2020,55.77,46.48,49.32,64.25,52.14,49.22,40.03,5.51
78,Lebanon,True,2021,56.88,49.59,50.04,63.6,51.77,49.89,39.94,5.6
78,Lebanon,True,2022,53.47,50.18,50.19,63.0,51.42,50.04,39.84,5.59
78,Lebanon,True,2023,43.92,49.72,49.76,62.46,51.14,49.61,39.82,5.48
78,Lebanon,True,2024,41.98,48.78,49.77,61.94,50.88,49.62,39.83,5.27
78,Lebanon,True,2025,44.52,48.72,49.8,61.39,50.59,49.65,39.79,5.26
79,Israel,True,2012,64.38,47.99,42.86,70.93,65.5,30.6,60.07,13.41
79,Israel,True,2013,65.25,47.97,43.43,70.93,65.1,28.47,59.28,14.95
79,Israel,True,2014,65.08,47.3,43.38,70.46,64.34,30.34,58.22,15.02
79,Israel,True,2015,66.16,46.62,43.39,69.99,65.08,32.52,60.16,14.64
79,Israel,True,2016,66.46,47.99,42.05,69.53,64.76,31.51,60.0,14.43
79,Israel,True,2017,62.25,48.35,41.07,69.06,64.45,32.1,59.83,14.0
79,Israel,True,2018,63.86,48.24,40.78,68.59,64.21,29.49,59.83,16.07
79,Israel,True,2019,62.53,48.11,42.22,68.13,63.98,28.12,59.83,25.63
79,Israel,True,2020,67.83,47.9,42.7,67.66,63.75,26.49,59.83,27.15
79,Israel,True,2021,69.97,48.27,42.43,67.19,63.51,31.01,59.83,33.69
79,Israel,True,2022,69.58,49.09,42.35,66.73,63.28,34.35,59.83,36.24
79,Israel,True,2023,61.18,49.65,42.05,66.26,63.05,37.45,59.83,32.41
79,Israel,True,2024,54.22,50.1,42.14,65.79,62.81,39.06,59.83,31.65
79,Israel,True,2025,56.07,50.1,42.3,65.33,62.58,35.6,59.83,29.23
80,Greece,True,2012,70.22,71.7,39.08,73.83,67.17,51.64,60.51,98.41
80,Greece,True,2013,69.81,71.38,38.23,73.83,67.19,50.67,60.55,98.41
80,Greece,True,2014,70.21,72.89,38.03,73.23,66.61,51.54,59.99,98.41
80,Greece,True,2015,69.75,73.02,38.34,72.63,66.75,52.78,60.87,96.84
80,Greece,True,2016,70.22,73.66,38.63,72.03,66.7,54.22,61.36,96.82
80,Greece,True,2017,72.73,73.82,38.26,71.43,66.47,54.01,61.5,96.82
80,Greece,True,2018,73.2,73.37,38.03,70.83,66.17,54.07,61.5,96.82
80,Greece,True,2019,74.59,72.99,38.12,70.23,65.87,55.06,61.5,96.82
80,Greece,True,2020,75.5,72.5,38.24,69.63,65.56,55.65,61.5,96.82
80,Greece,True,2021,74.92,72.14,38.49,69.02,65.26,55.59,61.5,96.82
80,Greece,True,2022,75.4,72.1,38.62,68.42,64.96,55.07,61.5,96.82
80,Greece,True,2023,67.81,72.1,38.62,67.82,64.66,54.62,61.5,96.82
80,Greece,True,2024,70.33,72.09,38.59,67.22,64.36,53.87,61.5,96.82
80,Greece,True,2025,75.59,72.09,38.6,66.62,64.06,53.43,61.5,96.82
81,Cyprus,True,2012,63.71,77.87,55.53,66.32,66.62,31.42,66.92,29.89
81,Cyprus,True,2013,63.8,77.95,60.01,66.32,66.58,35.65,66.84,28.12
81,Cyprus,True,2014,64.2,76.47,62.73,65.78,65.79,35.95,65.8,28.74
81,Cyprus,True,2015,66.71,77.16,65.3,65.24,65.4,39.88,65.56,28.89
81,Cyprus,True,2016,66.65,78.82,62.74,64.7,64.94,45.33,65.17,44.83
81,Cyprus,True,2017,68.98,78.49,60.81,64.16,65.16,53.36,66.15,49.32
81,Cyprus,True,2018,70.13,78.44,57.44,63.63,64.89,47.86,66.15,49.24
81,Cyprus,True,2019,72.77,78.0,56.32,63.09,64.62,54.11,66.15,46.76
81,Cyprus,True,2020,72.63,78.07,54.03,62.55,64.35,51.63,66.15,41.3
81,Cyprus,True,2021,73.72,78.63,51.59,62.01,64.08,51.67,66.15,60.18
81,Cyprus,True,2022,74.03,78.95,51.92,61.47,63.81,51.67,66.15,63.13
81,Cyprus,True,2023,64.24,79.32,52.44,60.94,63.54,51.42,66.15,63.08
81,Cyprus,True,2024,67.05,79.59,53.4,60.4,63.27,50.97,66.15,60.06
81,Cyprus,True,2025,73.09,79.59,54.1,59.86,63.0,48.24,66.15,54.14
82,Albania,True,2012,51.32,53.31,12.66,74.84,65.77,10.43,56.69,74.42
82,Albania,True,2013,57.25,53.35,12.7,74.51,63.85,10.14,53.18,73.3
82,Albania,True,2014,56.65,55.18,13.14,73.72,61.21,11.25,48.7,69.54
82,Albania,True,2015,60.61,56.3,13.92,73.48,62.05,13.11,50.63,69.54
82,Albania,True,2016,61.54,57.49,13.34,73.13,62.26,13.86,51.38,69.45
82,Albania,True,2017,62.54,58.15,12.85,72.59,62.27,14.61,51.96,69.27
82,Albania,True,2018,63.14,58.81,12.61,72.06,62.01,14.94,51.96,69.27
82,Albania,True,2019,63.24,59.78,12.64,71.57,61.76,15.43,51.96,69.27
82,Albania,True,2020,67.15,61.15,12.7,71.0,61.48,15.52,51.96,69.27
82,Albania,True,2021,68.27,61.74,12.54,70.38,61.17,16.45,51.96,69.27
82,Albania,True,2022,69.68,61.91,12.54,69.84,60.9,19.58,51.96,69.27
82,Albania,True,2023,63.04,61.35,12.44,69.35,60.65,22.72,51.96,69.27
82,Albania,True,2024,67.39,60.45,12.48,68.85,60.4,25.89,51.96,69.27
82,Albania,True,2025,69.58,60.54,12.55,68.38,60.17,28.67,51.96,69.27
84,Algeria,True,2012,64.34,49.81,53.18,68.06,61.67,53.03,55.28,9.81
84,Algeria,True,2013,63.51,50.4,53.13,68.07,62.51,52.71,56.94,9.76
84,Algeria,True,2014,65.86,49.0,53.88,67.63,62.43,53.7,57.23,9.77
84,Algeria,True,2015,66.54,48.54,54.58,67.24,62.44,54.4,57.65,9.79
84,Algeria,True,2016,66.59,48.39,53.4,66.71,64.16,52.53,61.61,9.78
84,Algeria,True,2017,66.48,48.2,52.52,66.17,64.44,51.65,62.71,9.77
84,Algeria,True,2018,65.66,48.13,51.91,65.58,64.1,50.96,62.63,9.77
84,Algeria,True,2019,64.92,48.02,51.95,65.1,63.9,50.62,62.69,12.52
84,Algeria,True,2020,64.09,47.96,52.21,64.61,63.66,51.15,62.71,12.93
84,Algeria,True,2021,63.61,47.69,51.67,63.95,63.29,50.56,62.62,12.9
84,Algeria,True,2022,60.51,47.59,51.73,63.52,63.1,50.69,62.68,12.52
84,Algeria,True,2023,61.17,47.53,51.78,62.98,62.83,50.75,62.67,11.73
84,Algeria,True,2024,62.8,47.71,51.91,62.53,62.64,50.91,62.75,11.76
84,Algeria,True,2025,64.82,47.77,52.1,62.04,62.41,51.11,62.78,11.77
85,Ascension,False,2012,72.69,88.94,78.64,76.59,87.56,78.64,98.52,1.02
85,Ascension,False,2013,70.37,88.94,75.75,76.59,78.68,75.75,80.76,1.02
85,Ascension,False,2014,74.72,89.15,72.88,76.51,84.85,72.88,93.2,33.92
85,Ascension,False,2015,74.99,89.21,71.22,76.42,87.48,71.22,98.54,33.92
85,Ascension,False,2016,75.43,89.26,72.84,76.34,88.17,72.84,100.0,33.92
85,Ascension,False,2017,73.27,89.28,63.2,76.25,88.07,63.2,99.88,33.92
85,Ascension,False,2018,71.41,89.2,58.75,76.17,88.02,58.75,99.88,25.41
85,Ascension,False,2019,78.86,89.07,58.23,76.08,87.98,58.23,99.88,100.0
85,Ascension,False,2020,78.49,88.88,58.97,76.0,87.94,58.97,99.88,100.0
85,Ascension,False,2021,78.95,88.71,61.35,75.91,87.9,61.35,99.88,100.0
85,Ascension,False,2022,79.66,88.66,62.34,75.83,87.86,62.34,99.88,100.0
85,Ascension,False,2023,79.75,88.79,62.43,75.75,87.81,62.43,99.88,100.0
85,Ascension,False,2024,79.85,89.09,62.53,75.66,87.77,62.53,99.88,100.0
85,Ascension,False,2025,79.79,89.09,62.6,75.58,87.73,62.6,99.88,100.0
86,Saint Helena,False,2012,70.05,91.03,43.1,77.61,88.14,43.1,98.67,0.0
86,Saint Helena,False,2013,70.04,91.03,43.48,77.61,88.18,43.48,98.76,0.0
86,Saint Helena,False,2014,71.41,96.82,44.11,77.51,88.71,44.11,99.91,0.0
86,Saint Helena,False,2015,71.84,97.19,44.7,77.41,88.42,44.7,99.44,0.0
86,Saint Helena,False,2016,72.54,97.24,46.71,77.31,88.41,46.71,99.51,0.0
86,Saint Helena,False,2017,73.17,97.29,46.2,77.2,88.28,46.2,99.35,0.0
86,Saint Helena,False,2018,73.79,97.34,45.44,77.1,88.23,45.44,99.35,0.0
86,Saint Helena,False,2019,73.76,97.34,44.42,77.0,88.17,44.42,99.35,0.0
86,Saint Helena,False,2020,73.06,97.34,43.4,76.9,88.12,43.4,99.35,0.0
86,Saint Helena,False,2021,72.73,97.34,42.98,76.8,88.07,42.98,99.35,0.0
86,Saint Helena,False,2022,72.23,92.31,43.09,76.7,88.02,43.09,99.35,0.0
86,Saint Helena,False,2023,72.29,92.31,43.27,76.6,87.97,43.27,99.35,0.0
86,Saint Helena,False,2024,72.31,92.31,43.48,76.49,87.92,43.48,99.35,0.0
86,Saint Helena,False,2025,72.25,92.31,43.6,76.39,87.87,43.6,99.35,0.0
88,Tristan da Cunha,False,2012,61.58,91.55,52.11,71.99,72.65,52.11,73.32,0.0
88,Tristan da Cunha,False,2013,61.69,91.55,52.02,71.99,71.6,52.02,71.22,0.0
88,Tristan da Cunha,False,2014,62.46,91.79,52.24,72.07,73.4,52.24,74.73,0.0
88,Tristan da Cunha,False,2015,62.91,91.86,51.84,72.15,77.0,51.84,81.86,0.0
88,Tristan da Cunha,False,2016,62.93,91.91,53.08,72.23,78.27,53.08,84.32,0.0
88,Tristan da Cunha,False,2017,61.59,91.94,48.73,72.31,78.52,48.73,84.74,0.0
88,Tristan da Cunha,False,2018,61.61,91.86,51.85,72.39,78.56,51.85,84.74,0.0
88,Tristan da Cunha,False,2019,61.5,91.71,52.81,72.47,78.6,52.81,84.74,0.0
88,Tristan da Cunha,False,2020,60.82,91.51,52.29,72.55,78.64,52.29,84.74,0.0
88,Tristan da Cunha,False,2021,60.72,91.33,52.06,72.63,78.68,52.06,84.74,0.0
88,Tristan da Cunha,False,2022,60.9,91.28,51.41,72.71,78.73,51.41,84.74,0.0
88,Tristan da Cunha,False,2023,61.06,91.41,51.4,72.79,78.77,51.4,84.74,0.0
88,Tristan da Cunha,False,2024,61.27,91.71,51.69,72.87,78.81,51.69,84.74,0.0
88,Tristan da Cunha,False,2025,61.32,91.71,51.81,72.95,78.85,51.81,84.74,0.0
89,South Georgia and the South Sandwich Islands,False,2012,69.52,97.55,33.73,80.21,88.96,33.73,97.7,100.0
89,South Georgia and the South Sandwich Islands,False,2013,70.86,97.55,40.32,80.21,88.96,40.32,97.7,100.0
89,South Georgia and the South Sandwich Islands,False,2014,71.55,97.68,43.54,80.41,88.93,43.54,97.45,100.0
89,South Georgia and the South Sandwich Islands,False,2015,73.39,97.68,47.1,80.61,89.03,47.1,97.45,100.0
89,South Georgia and the South Sandwich Islands,False,2016,75.2,97.68,51.81,80.81,89.98,51.81,99.14,100.0
89,South Georgia and the South Sandwich Islands,False,2017,74.79,97.68,48.49,81.01,90.5,48.49,100.0,100.0
89,South Georgia and the South Sandwich Islands,False,2018,75.23,97.68,51.57,81.21,90.6,51.57,100.0,100.0
89,South Georgia and the South Sandwich Islands,False,2019,74.75,97.68,47.56,81.41,90.4,47.56,99.39,100.0
89,South Georgia and the South Sandwich Islands,False,2020,74.56,97.68,51.82,81.61,83.42,51.82,85.22,100.0
89,South Georgia and the South Sandwich Islands,False,2021,74.15,97.68,49.09,81.81,84.81,49.09,87.82,100.0
89,South Georgia and the South Sandwich Islands,False,2022,73.93,97.68,47.69,82.0,85.35,47.69,88.7,100.0
89,South Georgia and the South Sandwich Islands,False,2023,73.72,97.68,47.55,82.2,85.17,47.55,88.14,100.0
89,South Georgia and the South Sandwich Islands,False,2024,72.54,97.68,46.6,82.4,80.73,46.6,79.05,100.0
89,South Georgia and the South Sandwich Islands,False,2025,73.7,97.68,47.4,82.6,85.53,47.4,88.46,100.0
90,Prince Edward Islands,False,2012,77.02,98.7,89.36,78.06,79.82,89.36,81.58,51.83
90,Prince Edward Islands,False,2013,81.87,98.3,89.82,78.06,79.82,89.82,81.58,100.0
90,Prince Edward Islands,False,2014,81.73,96.49,90.55,78.15,78.8,90.55,79.45,100.0
90,Prince Edward Islands,False,2015,81.36,92.67,90.98,78.24,80.16,90.98,82.07,100.0
90,Prince Edward Islands,False,2016,81.0,90.26,91.43,78.33,80.06,91.43,81.79,100.0
90,Prince Edward Islands,False,2017,80.2,90.26,87.32,78.42,80.14,87.32,81.86,100.0
90,Prince Edward Islands,False,2018,80.25,90.26,87.49,78.51,80.18,87.49,81.86,100.0
90,Prince Edward Islands,False,2019,81.1,90.26,89.38,78.6,80.23,89.38,81.86,100.0
90,Prince Edward Islands,False,2020,81.34,90.26,90.53,78.69,80.27,90.53,81.86,100.0
90,Prince Edward Islands,False,2021,81.63,90.26,91.93,78.78,80.32,91.93,81.86,100.0
90,Prince Edward Islands,False,2022,81.69,90.26,92.16,78.87,80.37,92.16,81.86,100.0
90,Prince Edward Islands,False,2023,81.6,90.26,91.63,78.96,80.41,91.63,81.86,100.0
90,Prince Edward Islands,False,2024,81.57,90.26,91.42,79.05,80.46,91.42,81.86,100.0
90,Prince Edward Islands,False,2025,81.59,90.26,91.25,79.14,80.5,91.25,81.86,100.0
91,Crozet Islands,False,2012,71.36,84.47,65.57,77.94,70.81,65.57,63.68,100.0
91,Crozet Islands,False,2013,71.5,84.47,66.17,77.94,70.81,66.17,63.68,100.0
91,Crozet Islands,False,2014,72.89,87.12,67.77,78.07,70.87,67.77,63.68,100.0
91,Crozet Islands,False,2015,73.04,87.12,68.27,78.2,70.94,68.27,63.68,100.0
91,Crozet Islands,False,2016,73.15,87.12,68.57,78.33,71.0,68.57,63.68,100.0
91,Crozet Islands,False,2017,71.11,87.12,58.22,78.46,71.07,58.22,63.68,100.0
91,Crozet Islands,False,2018,70.66,87.12,55.84,78.6,71.14,55.84,63.68,100.0
91,Crozet Islands,False,2019,71.1,87.12,56.9,78.73,71.2,56.9,63.68,100.0
91,Crozet Islands,False,2020,71.03,87.12,56.53,78.86,71.27,56.53,63.68,100.0
91,Crozet Islands,False,2021,71.01,87.12,56.34,78.99,71.33,56.34,63.68,100.0
91,Crozet Islands,False,2022,71.2,87.12,57.18,79.12,71.4,57.18,63.68,100.0
91,Crozet Islands,False,2023,71.23,87.12,57.21,79.26,71.47,57.21,63.68,100.0
91,Crozet Islands,False,2024,71.39,87.12,57.92,79.39,71.53,57.92,63.68,100.0
91,Crozet Islands,False,2025,71.55,87.12,58.37,79.52,71.6,58.37,63.68,100.0
92,Amsterdam Island and Saint Paul Island,False,2012,61.16,81.94,9.76,71.55,80.66,9.76,89.77,100.0
92,Amsterdam Island and Saint Paul Island,False,2013,60.85,81.94,10.43,71.55,78.66,10.43,85.78,100.0
92,Amsterdam Island and Saint Paul Island,False,2014,62.11,81.94,10.3,71.64,81.18,10.3,90.72,100.0
92,Amsterdam Island and Saint Paul Island,False,2015,63.15,81.94,10.03,71.72,85.43,10.03,99.14,100.0
92,Amsterdam Island and Saint Paul Island,False,2016,63.11,81.94,9.75,71.81,85.38,9.75,98.94,100.0
92,Amsterdam Island and Saint Paul Island,False,2017,62.96,81.94,9.18,71.9,85.29,9.18,98.67,100.0
92,Amsterdam Island and Saint Paul Island,False,2018,63.02,81.94,9.31,71.99,85.33,9.31,98.67,100.0
92,Amsterdam Island and Saint Paul Island,False,2019,63.31,81.94,9.34,72.07,85.37,9.34,98.67,100.0
92,Amsterdam Island and Saint Paul Island,False,2020,63.38,81.94,9.58,72.16,85.42,9.58,98.67,100.0
92,Amsterdam Island and Saint Paul Island,False,2021,63.49,81.94,9.97,72.25,85.46,9.97,98.67,100.0
92,Amsterdam Island and Saint Paul Island,False,2022,63.47,81.94,9.82,72.34,85.5,9.82,98.67,100.0
92,Amsterdam Island and Saint Paul Island,False,2023,63.49,81.94,9.78,72.42,85.55,9.78,98.67,100.0
92,Amsterdam Island and Saint Paul Island,False,2024,63.48,81.94,9.7,72.51,85.59,9.7,98.67,100.0
92,Amsterdam Island and Saint Paul Island,False,2025,63.55,81.94,9.67,72.6,85.64,9.67,98.67,100.0
93,Kerguelen Islands,False,2012,72.79,89.9,48.76,79.49,80.21,48.76,80.94,100.0
93,Kerguelen Islands,False,2013,73.13,89.9,49.73,79.49,80.53,49.73,81.57,100.0
93,Kerguelen Islands,False,2014,72.61,90.08,44.41,79.7,80.94,44.41,82.17,100.0
93,Kerguelen Islands,False,2015,72.75,90.08,44.94,79.91,80.8,44.94,81.69,100.0
93,Kerguelen Islands,False,2016,74.7,90.08,46.22,80.13,87.12,46.22,94.11,100.0
93,Kerguelen Islands,False,2017,72.83,90.08,42.14,80.34,83.66,42.14,86.99,100.0
93,Kerguelen Islands,False,2018,72.95,90.08,42.46,80.55,83.77,42.46,86.99,100.0
93,Kerguelen Islands,False,2019,73.71,90.08,44.31,80.76,83.88,44.31,86.99,100.0
93,Kerguelen Islands,False,2020,73.94,90.08,45.13,80.97,83.98,45.13,86.99,100.0
93,Kerguelen Islands,False,2021,74.3,90.08,46.44,81.18,84.09,46.44,86.99,100.0
93,Kerguelen Islands,False,2022,74.46,90.08,46.95,81.4,84.19,46.95,86.99,100.0
93,Kerguelen Islands,False,2023,74.36,90.08,46.37,81.61,84.3,46.37,86.99,100.0
93,Kerguelen Islands,False,2024,74.36,90.08,46.28,81.82,84.4,46.28,86.99,100.0
93,Kerguelen Islands,False,2025,74.43,90.08,46.18,82.03,84.51,46.18,86.99,100.0
94,Heard and McDonald Islands,False,2012,79.8,96.72,60.71,80.83,78.09,60.71,75.35,100.0
94,Heard and McDonald Islands,False,2013,80.14,96.72,60.79,80.83,79.24,60.79,77.66,100.0
94,Heard and McDonald Islands,False,2014,78.94,96.72,58.83,81.04,76.33,58.83,71.61,100.0
94,Heard and McDonald Islands,False,2015,80.87,96.72,58.41,81.25,84.38,58.41,87.5,100.0
94,Heard and McDonald Islands,False,2016,81.77,96.72,57.94,81.46,88.25,57.94,95.05,100.0
94,Heard and McDonald Islands,False,2017,80.32,96.72,53.45,81.67,87.0,53.45,92.33,100.0
94,Heard and McDonald Islands,False,2018,79.88,96.72,51.64,81.88,87.11,51.64,92.33,100.0
94,Heard and McDonald Islands,False,2019,80.43,96.72,50.3,82.1,87.21,50.3,92.33,100.0
94,Heard and McDonald Islands,False,2020,80.0,96.72,48.56,82.31,87.32,48.56,92.33,100.0
94,Heard and McDonald Islands,False,2021,79.61,96.72,46.81,82.52,87.42,46.81,92.33,100.0
94,Heard and McDonald Islands,False,2022,79.76,96.72,47.27,82.73,87.53,47.27,92.33,100.0
94,Heard and McDonald Islands,False,2023,79.95,96.72,47.87,82.94,87.64,47.87,92.33,100.0
94,Heard and McDonald Islands,False,2024,80.19,96.72,48.75,83.15,87.74,48.75,92.33,100.0
94,Heard and McDonald Islands,False,2025,80.6,96.72,49.38,83.36,87.85,49.38,92.33,100.0
95,Falkland Islands,False,2012,68.55,95.17,61.24,80.03,78.5,61.24,76.98,2.48
95,Falkland Islands,False,2013,68.86,95.17,63.24,80.03,78.51,63.24,77.0,2.48
95,Falkland Islands,False,2014,67.86,87.43,63.04,80.13,79.18,63.04,78.23,2.48
95,Falkland Islands,False,2015,69.26,98.3,62.34,80.23,79.24,62.34,78.26,2.48
95,Falkland Islands,False,2016,69.37,98.3,62.63,80.33,79.37,62.63,78.4,2.48
95,Falkland Islands,False,2017,68.76,92.85,60.89,80.44,79.33,60.89,78.22,2.48
95,Falkland Islands,False,2018,68.42,87.43,61.33,80.54,79.38,61.33,78.22,2.48
95,Falkland Islands,False,2019,70.31,98.3,62.65,80.64,79.43,62.65,78.22,2.48
95,Falkland Islands,False,2020,71.59,98.3,64.7,80.74,79.48,64.7,78.22,2.48
95,Falkland Islands,False,2021,71.93,98.3,66.4,80.84,79.53,66.4,78.22,2.48
95,Falkland Islands,False,2022,70.71,87.43,66.56,80.95,79.58,66.56,78.22,2.48
95,Falkland Islands,False,2023,70.56,87.43,66.08,81.05,79.63,66.08,78.22,2.48
95,Falkland Islands,False,2024,70.15,87.43,65.5,81.15,79.69,65.5,78.22,2.48
95,Falkland Islands,False,2025,70.05,87.43,65.18,81.25,79.74,65.18,78.22,2.48
96,Sierra Leone,True,2012,68.7,47.63,28.42,75.6,76.04,28.42,76.48,100.0
96,Sierra Leone,True,2013,69.07,47.27,28.94,75.73,76.74,28.94,77.76,100.0
96,Sierra Leone,True,2014,70.5,48.36,28.81,75.5,76.92,28.81,78.35,100.0
96,Sierra Leone,True,2015,71.37,48.2,28.76,75.19,75.19,28.76,75.19,100.0
96,Sierra Leone,True,2016,73.73,48.06,28.85,75.33,76.7,28.85,78.08,98.59
96,Sierra Leone,True,2017,69.48,48.01,28.28,74.86,74.07,28.28,73.29,98.66
96,Sierra Leone,True,2018,66.68,47.95,28.17,74.76,73.96,28.17,73.16,98.81
96,Sierra Leone,True,2019,68.87,48.07,28.07,74.77,73.77,28.07,72.77,99.23
96,Sierra Leone,True,2020,68.76,47.99,27.94,74.68,73.57,27.94,72.45,99.3
96,Sierra Leone,True,2021,69.77,47.97,27.8,74.53,73.49,27.8,72.45,99.43
96,Sierra Leone,True,2022,70.45,47.93,27.29,74.37,73.41,27.29,72.45,99.5
96,Sierra Leone,True,2023,65.88,48.05,27.27,74.15,73.3,27.27,72.45,99.49
96,Sierra Leone,True,2024,73.59,48.13,27.34,73.85,73.15,27.34,72.45,99.29
96,Sierra Leone,True,2025,76.69,48.06,27.45,73.56,73.01,27.45,72.45,99.15
97,Liberia,True,2012,69.62,50.11,18.25,76.05,74.08,18.25,72.12,40.04
97,Liberia,True,2013,70.01,49.99,19.84,76.03,74.4,19.84,72.76,40.08
97,Liberia,True,2014,70.45,50.6,20.0,76.0,75.04,20.0,74.08,40.15
97,Liberia,True,2015,70.18,50.51,19.86,75.87,75.67,19.86,75.47,40.15
97,Liberia,True,2016,69.91,50.46,19.8,75.79,75.85,19.8,75.9,40.21
97,Liberia,True,2017,70.62,50.34,19.29,75.37,73.53,19.29,71.7,40.23
97,Liberia,True,2018,69.12,50.24,19.27,75.29,73.49,19.27,71.7,40.28
97,Liberia,True,2019,69.0,50.16,19.14,75.17,73.49,19.14,71.81,40.33
97,Liberia,True,2020,68.09,49.96,19.12,74.93,73.18,19.12,71.44,40.31
97,Liberia,True,2021,67.37,49.71,19.02,74.64,72.94,19.02,71.24,40.23
97,Liberia,True,2022,70.11,49.58,19.82,74.45,72.82,19.82,71.18,40.24
97,Liberia,True,2023,70.42,49.73,19.92,74.32,72.78,19.92,71.25,40.28
97,Liberia,True,2024,67.66,49.84,19.94,74.13,72.68,19.94,71.23,40.29
97,Liberia,True,2025,67.19,49.91,19.88,74.0,72.64,19.88,71.28,40.33
98,Togo,True,2012,60.27,14.81,27.48,73.59,68.46,27.48,63.33,0.0
98,Togo,True,2013,60.82,14.8,27.4,73.58,69.18,27.4,64.79,0.0
98,Togo,True,2014,61.41,15.26,27.14,73.34,68.45,27.14,63.55,0.0
98,Togo,True,2015,61.53,14.86,26.85,73.19,68.4,26.85,63.6,0.0
98,Togo,True,2016,62.01,14.87,26.62,73.19,68.5,26.62,63.81,0.0
98,Togo,True,2017,55.14,14.91,26.26,73.09,68.45,26.26,63.82,0.0
98,Togo,True,2018,53.59,14.95,26.04,72.96,68.42,26.04,63.87,0.0
98,Togo,True,2019,54.04,14.91,25.95,72.64,68.19,25.95,63.74,0.0
98,Togo,True,2020,56.04,14.91,25.76,72.41,68.03,25.76,63.65,0.0
98,Togo,True,2021,57.11,14.94,25.5,72.27,67.96,25.5,63.66,0.0
98,Togo,True,2022,59.53,14.95,25.54,72.03,67.83,25.54,63.62,0.0
98,Togo,True,2023,56.98,14.97,25.63,71.9,67.76,25.63,63.62,0.0
98,Togo,True,2024,61.74,14.98,25.73,71.7,67.69,25.73,63.69,0.0
98,Togo,True,2025,63.93,14.98,25.8,71.47,67.57,25.8,63.67,0.0
99,Benin,True,2012,57.0,14.45,37.6,75.49,73.25,37.6,71.02,0.0
99,Benin,True,2013,58.04,14.29,40.24,75.49,74.33,40.24,73.17,0.0
99,Benin,True,2014,58.98,14.97,41.62,75.27,74.23,41.62,73.18,0.0
99,Benin,True,2015,60.29,14.49,42.18,75.06,74.13,42.18,73.2,0.0
99,Benin,True,2016,59.56,14.68,42.05,74.76,73.98,42.05,73.19,0.0
99,Benin,True,2017,58.26,14.68,41.41,74.5,73.79,41.41,73.08,0.0
99,Benin,True,2018,57.93,14.7,40.9,74.27,73.39,40.9,72.52,0.0
99,Benin,True,2019,58.48,14.7,40.43,73.97,72.43,40.43,70.88,0.0
99,Benin,True,2020,60.93,14.7,40.12,73.72,72.29,40.12,70.85,0.0
99,Benin,True,2021,61.21,14.7,40.28,73.45,72.1,40.28,70.75,0.0
99,Benin,True,2022,61.2,14.73,45.12,73.28,72.03,45.12,70.77,0.0
99,Benin,True,2023,62.24,14.73,45.84,73.03,71.86,45.84,70.68,0.0
99,Benin,True,2024,71.93,14.74,45.89,72.84,71.8,45.89,70.76,0.0
99,Benin,True,2025,72.26,14.76,45.19,72.64,71.72,45.19,70.8,0.0
100,Republique du Congo,False,2012,44.01,53.08,38.74,74.77,60.65,38.74,46.53,88.91
100,Republique du Congo,False,2013,45.87,53.51,38.37,74.82,61.09,38.37,47.36,88.95
100,Republique du Congo,False,2014,46.79,54.33,37.87,74.59,61.05,37.87,47.52,88.97
100,Republique du Congo,False,2015,50.74,54.64,37.33,74.34,60.62,37.33,46.91,89.06
100,Republique du Congo,False,2016,52.06,55.22,36.8,73.95,58.74,36.8,43.53,89.21
100,Republique du Congo,False,2017,53.1,55.41,35.54,75.56,60.09,35.54,44.63,100.0
100,Republique du Congo,False,2018,51.63,55.72,34.87,75.27,59.96,34.87,44.64,100.0
100,Republique du Congo,False,2019,47.27,56.01,34.32,74.94,59.79,34.32,44.64,100.0
100,Republique du Congo,False,2020,43.89,56.31,34.13,74.65,59.64,34.13,44.64,100.0
100,Republique du Congo,False,2021,43.11,56.66,33.94,74.39,59.51,33.94,44.64,98.33
100,Republique du Congo,False,2022,42.64,56.87,34.11,74.05,59.35,34.11,44.64,98.24
100,Republique du Congo,False,2023,41.17,56.9,34.3,73.82,59.23,34.3,44.64,98.35
100,Republique du Congo,False,2024,49.0,57.04,34.47,73.6,59.12,34.47,44.64,98.48
100,Republique du Congo,False,2025,56.16,57.09,34.6,73.34,58.99,34.6,44.64,98.52
101,Namibia,True,2012,57.77,86.04,20.34,76.65,73.92,20.29,71.19,100.0
101,Namibia,True,2013,57.67,85.44,19.84,76.65,73.77,19.79,70.89,100.0
101,Namibia,True,2014,57.7,85.22,19.94,76.48,71.95,19.91,67.42,100.0
101,Namibia,True,2015,58.65,85.0,19.94,76.32,71.88,19.9,67.44,100.0
101,Namibia,True,2016,60.19,84.78,20.64,76.15,72.72,20.62,69.28,100.0
101,Namibia,True,2017,61.23,84.74,21.77,75.99,72.26,21.75,68.54,100.0
101,Namibia,True,2018,61.51,84.64,24.47,75.82,72.18,24.44,68.54,100.0
101,Namibia,True,2019,62.34,84.52,27.22,75.66,72.1,27.2,68.54,100.0
101,Namibia,True,2020,61.99,84.41,28.24,75.49,72.01,28.21,68.54,100.0
101,Namibia,True,2021,60.92,84.32,30.48,75.32,71.93,30.45,68.54,100.0
101,Namibia,True,2022,61.85,84.27,29.52,75.16,71.85,29.49,68.54,100.0
101,Namibia,True,2023,55.43,84.51,28.62,74.99,71.77,28.59,68.54,100.0
101,Namibia,True,2024,63.88,84.82,27.98,74.83,71.68,27.95,68.54,100.0
101,Namibia,True,2025,64.36,84.82,27.31,74.66,71.6,27.28,68.54,100.0
102,South Africa,True,2012,65.53,66.19,77.14,77.77,72.46,76.36,67.15,77.3
102,South Africa,True,2013,66.25,63.33,77.41,77.77,72.46,76.64,67.15,77.3
102,South Africa,True,2014,66.27,63.46,76.92,77.65,71.76,76.0,65.87,76.85
102,South Africa,True,2015,66.28,63.06,75.17,77.52,72.45,74.48,67.39,76.6
102,South Africa,True,2016,66.74,63.01,73.73,77.39,72.5,72.72,67.61,76.67
102,South Africa,True,2017,65.44,63.12,72.19,77.27,72.23,71.45,67.18,77.17
102,South Africa,True,2018,65.04,63.26,71.75,77.14,71.97,70.83,66.8,77.59
102,South Africa,True,2019,67.06,63.34,71.41,77.02,71.9,70.5,66.78,96.85
102,South Africa,True,2020,66.76,63.51,71.25,76.89,72.01,70.04,67.13,96.9
102,South Africa,True,2021,65.94,63.76,70.84,76.76,71.95,69.67,67.13,97.03
102,South Africa,True,2022,65.51,63.98,71.34,76.64,71.88,70.47,67.13,97.03
102,South Africa,True,2023,58.77,64.11,71.6,76.51,71.82,70.74,67.13,94.22
102,South Africa,True,2024,66.6,64.2,71.82,76.39,71.76,70.95,67.13,94.3
102,South Africa,True,2025,69.05,64.19,72.0,76.26,71.7,71.13,67.13,95.73
103,Sao Tome and Principe,True,2012,63.44,59.89,48.72,76.48,77.49,48.72,78.5,29.52
103,Sao Tome and Principe,True,2013,62.92,59.8,48.45,76.45,77.25,48.45,78.05,29.52
103,Sao Tome and Principe,True,2014,63.38,60.78,48.4,76.23,76.02,48.4,75.82,29.52
103,Sao Tome and Principe,True,2015,65.73,60.96,48.47,76.23,77.34,48.47,78.45,29.52
103,Sao Tome and Principe,True,2016,70.07,61.16,48.96,76.14,77.4,48.96,78.65,29.52
103,Sao Tome and Principe,True,2017,72.68,61.25,48.37,76.01,77.83,48.37,79.65,29.52
103,Sao Tome and Principe,True,2018,73.54,61.38,49.18,75.89,77.77,49.18,79.65,29.52
103,Sao Tome and Principe,True,2019,72.89,61.45,48.92,75.7,77.68,48.92,79.65,29.52
103,Sao Tome and Principe,True,2020,70.48,61.55,48.6,75.54,77.59,48.6,79.65,29.52
103,Sao Tome and Principe,True,2021,67.94,61.7,48.49,75.38,77.51,48.49,79.65,29.52
103,Sao Tome and Principe,True,2022,66.32,61.76,48.27,75.18,77.41,48.27,79.65,29.52
103,Sao Tome and Principe,True,2023,61.27,62.09,48.37,74.98,77.32,48.37,79.65,29.52
103,Sao Tome and Principe,True,2024,69.91,62.11,48.45,74.79,77.22,48.45,79.65,29.52
103,Sao Tome and Principe,True,2025,74.1,62.06,48.5,74.58,77.11,48.5,79.65,29.52
104,Equatorial Guinea,True,2012,70.04,71.05,19.98,75.07,63.27,19.98,51.48,74.58
104,Equatorial Guinea,True,2013,70.06,71.1,19.83,75.26,64.62,19.83,53.99,74.64
104,Equatorial Guinea,True,2014,70.3,71.9,19.78,75.06,64.35,19.78,53.65,74.62
104,Equatorial Guinea,True,2015,71.41,71.75,19.75,74.81,64.31,19.75,53.81,74.53
104,Equatorial Guinea,True,2016,71.55,71.4,19.88,74.57,64.74,19.88,54.91,74.39
104,Equatorial Guinea,True,2017,68.77,71.24,19.67,74.3,63.15,19.67,52.0,84.89
104,Equatorial Guinea,True,2018,71.15,71.0,19.5,74.1,63.05,19.5,51.99,86.31
104,Equatorial Guinea,True,2019,70.73,70.79,19.34,73.91,62.91,19.34,51.91,86.32
104,Equatorial Guinea,True,2020,70.24,71.35,19.2,73.78,62.89,19.2,51.99,84.96
104,Equatorial Guinea,True,2021,69.92,71.52,19.01,73.63,62.81,19.01,51.99,82.14
104,Equatorial Guinea,True,2022,69.85,71.6,19.05,73.44,62.72,19.05,51.99,82.18
104,Equatorial Guinea,True,2023,69.9,71.82,19.11,73.27,62.63,19.11,51.99,82.17
104,Equatorial Guinea,True,2024,69.97,71.93,19.16,73.01,62.5,19.16,51.99,81.97
104,Equatorial Guinea,True,2025,69.93,71.97,19.2,72.85,62.42,19.2,51.99,82.0
105,Bouvet Island,False,2012,70.37,98.05,8.21,79.6,89.76,8.21,99.93,100.0
105,Bouvet Island,False,2013,70.42,98.05,8.13,79.6,89.76,8.13,99.93,100.0
105,Bouvet Island,False,2014,70.51,98.05,8.14,79.81,89.87,8.14,99.93,100.0
105,Bouvet Island,False,2015,70.56,98.05,8.03,80.02,89.97,8.03,99.93,100.0
105,Bouvet Island,False,2016,70.49,98.05,8.03,80.23,89.2,8.03,98.16,100.0
105,Bouvet Island,False,2017,70.73,98.05,7.92,80.44,90.22,7.92,100.0,100.0
105,Bouvet Island,False,2018,70.77,98.05,7.92,80.65,90.32,7.92,100.0,100.0
105,Bouvet Island,False,2019,72.15,98.05,7.93,80.86,90.43,7.93,100.0,100.0
105,Bouvet Island,False,2020,68.43,98.05,7.84,81.07,75.52,7.84,69.98,100.0
105,Bouvet Island,False,2021,70.09,98.05,7.85,81.28,82.12,7.85,82.96,100.0
105,Bouvet Island,False,2022,71.5,98.05,7.86,81.49,87.73,7.86,93.96,100.0
105,Bouvet Island,False,2023,72.05,98.05,7.88,81.7,90.0,7.88,98.31,100.0
105,Bouvet Island,False,2024,67.56,98.05,7.89,81.91,72.16,7.89,62.41,100.0
105,Bouvet Island,False,2025,62.93,98.05,7.9,82.12,53.84,7.9,25.56,100.0
106,Ghana,True,2012,66.24,29.23,54.84,75.21,71.05,54.84,66.9,3.65
106,Ghana,True,2013,67.17,31.44,54.15,75.21,71.91,54.15,68.62,3.65
106,Ghana,True,2014,66.0,32.13,52.07,75.01,71.02,52.06,67.04,3.46
106,Ghana,True,2015,67.78,31.91,51.27,74.88,70.96,51.27,67.04,2.73
106,Ghana,True,2016,67.86,31.62,50.85,74.6,70.62,50.85,66.63,2.73
106,Ghana,True,2017,63.29,31.42,49.98,74.45,70.43,49.97,66.41,2.73
106,Ghana,True,2018,65.71,31.18,50.75,74.21,70.27,50.75,66.33,2.73
106,Ghana,True,2019,65.58,31.07,50.6,74.16,70.22,50.59,66.29,2.73
106,Ghana,True,2020,65.57,30.89,50.3,73.96,70.02,50.29,66.07,2.73
106,Ghana,True,2021,65.23,30.79,49.81,73.84,69.96,49.81,66.07,2.73
106,Ghana,True,2022,64.83,30.65,49.68,73.63,69.85,49.67,66.07,2.73
106,Ghana,True,2023,60.55,31.01,49.84,73.37,69.72,49.83,66.07,2.73
106,Ghana,True,2024,69.28,31.39,50.05,73.14,69.6,50.04,66.07,2.73
106,Ghana,True,2025,72.25,31.41,50.2,72.95,69.51,50.19,66.07,2.73
107,Clipperton Island,False,2012,73.55,96.05,74.64,73.01,77.92,74.64,82.83,0.0
107,Clipperton Island,False,2013,73.32,96.05,74.39,73.01,77.0,74.39,80.99,0.0
107,Clipperton Island,False,2014,73.6,96.05,74.62,72.67,77.11,74.62,81.54,0.0
107,Clipperton Island,False,2015,75.38,96.05,74.43,72.34,86.17,74.43,100.0,0.0
107,Clipperton Island,False,2016,84.26,96.05,68.52,72.0,86.0,68.52,100.0,100.0
107,Clipperton Island,False,2017,85.2,96.05,73.83,71.66,85.83,73.83,100.0,100.0
107,Clipperton Island,False,2018,85.32,96.05,74.59,71.32,85.66,74.59,100.0,100.0
107,Clipperton Island,False,2019,82.81,96.05,62.26,70.99,85.49,62.26,100.0,100.0
107,Clipperton Island,False,2020,83.21,96.05,65.98,70.65,85.32,65.98,100.0,100.0
107,Clipperton Island,False,2021,80.39,96.05,52.27,70.31,85.16,52.27,100.0,100.0
107,Clipperton Island,False,2022,80.16,96.05,52.19,69.98,84.99,52.19,100.0,100.0
107,Clipperton Island,False,2023,80.44,96.05,53.82,69.64,84.82,53.82,100.0,100.0
107,Clipperton Island,False,2024,80.54,96.05,54.48,69.3,84.65,54.48,100.0,100.0
107,Clipperton Island,False,2025,81.12,96.05,57.5,68.96,84.48,57.5,100.0,100.0
108,Bermuda,False,2012,75.62,76.15,66.59,71.66,83.27,66.59,94.89,3.01
108,Bermuda,False,2013,75.38,76.15,66.86,71.66,82.18,66.86,92.69,3.01
108,Bermuda,False,2014,75.76,75.05,67.02,71.62,84.8,67.02,97.99,3.01
108,Bermuda,False,2015,75.38,75.12,67.08,71.59,85.79,67.08,100.0,3.01
108,Bermuda,False,2016,75.55,75.18,68.05,71.55,85.77,68.05,100.0,3.01
108,Bermuda,False,2017,73.93,75.22,68.35,71.51,85.76,68.35,100.0,3.01
108,Bermuda,False,2018,74.2,75.23,68.22,71.48,85.74,68.22,100.0,3.01
108,Bermuda,False,2019,75.99,75.24,68.07,71.44,85.72,68.07,100.0,3.01
108,Bermuda,False,2020,77.14,75.24,67.69,71.4,85.7,67.69,100.0,3.01
108,Bermuda,False,2021,77.09,75.49,67.64,71.37,85.68,67.64,100.0,3.01
108,Bermuda,False,2022,69.72,75.83,67.66,71.33,85.67,67.66,100.0,3.01
108,Bermuda,False,2023,58.91,76.11,67.67,71.29,85.65,67.67,100.0,3.01
108,Bermuda,False,2024,62.12,76.27,67.68,71.26,85.63,67.68,100.0,3.01
108,Bermuda,False,2025,68.79,76.27,67.7,71.22,85.61,67.7,100.0,3.01
110,Bahamas,False,2012,75.7,86.61,82.48,82.95,81.3,82.48,79.65,68.59
110,Bahamas,False,2013,75.34,86.57,82.42,82.95,81.39,82.39,79.83,68.59
110,Bahamas,False,2014,76.12,86.51,82.26,82.47,81.17,82.23,79.86,68.59
110,Bahamas,False,2015,74.87,86.31,82.13,82.0,81.17,82.11,80.34,92.06
110,Bahamas,False,2016,74.69,86.47,82.71,81.52,81.03,82.69,80.54,92.06
110,Bahamas,False,2017,77.64,87.03,82.6,81.04,80.95,82.57,80.86,92.06
110,Bahamas,False,2018,80.01,86.79,82.9,80.57,80.77,82.88,80.97,92.06
110,Bahamas,False,2019,77.96,84.53,83.32,80.09,80.68,83.3,81.27,84.12
110,Bahamas,False,2020,80.1,83.26,83.61,79.61,80.55,83.61,81.49,84.12
110,Bahamas,False,2021,80.16,83.53,83.91,79.14,80.31,83.91,81.49,84.12
110,Bahamas,False,2022,76.7,89.69,83.85,78.66,80.08,83.85,81.49,84.12
110,Bahamas,False,2023,74.12,91.45,83.75,78.19,79.84,83.75,81.49,84.12
110,Bahamas,False,2024,74.49,92.63,83.66,77.71,79.6,83.66,81.49,84.12
110,Bahamas,False,2025,78.98,92.63,83.6,77.23,79.36,83.6,81.49,84.12
111,Turks and Caicos Islands,False,2012,73.52,85.4,90.1,79.04,76.43,90.09,73.82,56.6
111,Turks and Caicos Islands,False,2013,72.14,85.4,90.13,79.04,76.42,90.13,73.8,56.6
111,Turks and Caicos Islands,False,2014,75.16,85.13,90.17,78.77,76.41,90.16,74.06,56.6
111,Turks and Caicos Islands,False,2015,74.03,85.14,90.08,78.5,76.3,90.07,74.1,56.6
111,Turks and Caicos Islands,False,2016,74.17,85.13,90.13,78.23,76.14,90.13,74.04,56.6
111,Turks and Caicos Islands,False,2017,76.73,85.09,90.02,77.97,76.42,90.01,74.88,56.6
111,Turks and Caicos Islands,False,2018,76.72,85.07,90.03,77.7,76.41,90.03,75.12,56.6
111,Turks and Caicos Islands,False,2019,78.84,85.07,90.05,77.43,76.79,90.05,76.15,56.6
111,Turks and Caicos Islands,False,2020,78.32,85.06,90.06,77.16,77.03,90.06,76.89,56.6
111,Turks and Caicos Islands,False,2021,77.91,85.05,90.1,76.9,76.89,90.1,76.89,56.6
111,Turks and Caicos Islands,False,2022,75.62,85.01,90.1,76.63,76.76,90.1,76.89,56.6
111,Turks and Caicos Islands,False,2023,67.35,85.08,90.1,76.36,76.63,90.1,76.89,56.6
111,Turks and Caicos Islands,False,2024,74.44,85.17,90.1,76.09,76.49,90.1,76.89,56.6
111,Turks and Caicos Islands,False,2025,77.63,85.17,90.1,75.83,76.36,90.1,76.89,56.6
112,Cuba,True,2012,65.65,77.12,44.11,83.24,78.31,36.43,73.38,99.63
112,Cuba,True,2013,64.7,75.99,44.1,83.09,77.87,35.98,72.65,99.63
112,Cuba,True,2014,66.04,76.97,43.98,82.77,78.12,35.56,73.47,99.63
112,Cuba,True,2015,66.28,76.84,43.86,82.33,78.34,34.44,74.34,99.63
112,Cuba,True,2016,65.16,77.63,43.99,81.86,77.92,33.82,73.98,99.26
112,Cuba,True,2017,66.47,78.13,43.92,81.38,77.62,32.73,73.87,99.26
112,Cuba,True,2018,68.9,78.92,43.87,80.91,77.43,33.76,73.95,99.26
112,Cuba,True,2019,71.01,79.51,44.03,80.43,77.21,35.64,73.99,99.26
112,Cuba,True,2020,70.98,79.99,44.17,79.96,76.96,35.34,73.96,99.26
112,Cuba,True,2021,70.76,80.22,44.27,79.49,76.73,40.33,73.96,99.26
112,Cuba,True,2022,68.05,80.38,44.29,79.01,76.49,41.54,73.96,99.26
112,Cuba,True,2023,58.89,80.68,44.27,78.54,76.25,41.51,73.96,99.26
112,Cuba,True,2024,58.86,81.09,44.23,78.06,76.01,41.47,73.96,99.26
112,Cuba,True,2025,62.61,81.01,44.2,77.59,75.78,41.44,73.96,99.26
113,Cayman Islands,False,2012,68.29,70.54,49.13,78.82,82.69,49.13,86.56,29.05
113,Cayman Islands,False,2013,69.16,70.54,47.96,78.82,82.36,47.96,85.9,29.66
113,Cayman Islands,False,2014,70.64,70.53,46.48,78.62,82.98,46.48,87.34,29.74
113,Cayman Islands,False,2015,71.31,70.45,45.06,78.42,82.92,45.06,87.42,29.74
113,Cayman Islands,False,2016,72.37,70.37,44.32,78.22,82.7,44.32,87.18,29.66
113,Cayman Islands,False,2017,72.88,70.27,43.52,78.03,82.79,43.52,87.56,29.51
113,Cayman Islands,False,2018,73.19,70.19,43.2,77.83,82.71,43.2,87.59,29.51
113,Cayman Islands,False,2019,73.39,70.1,43.0,77.63,82.63,43.0,87.62,29.51
113,Cayman Islands,False,2020,74.3,70.02,42.89,77.43,82.54,42.89,87.65,29.51
113,Cayman Islands,False,2021,74.7,69.94,43.06,77.24,82.44,43.06,87.65,29.51
113,Cayman Islands,False,2022,72.1,69.85,43.32,77.04,82.34,43.32,87.65,29.51
113,Cayman Islands,False,2023,64.22,69.86,43.54,76.84,82.24,43.54,87.65,29.51
113,Cayman Islands,False,2024,63.29,69.89,43.66,76.64,82.15,43.66,87.65,29.51
113,Cayman Islands,False,2025,68.81,69.89,43.7,76.45,82.05,43.7,87.65,29.51
114,Haiti,True,2012,58.25,43.64,34.41,78.52,69.16,34.41,59.8,6.15
114,Haiti,True,2013,58.86,43.62,33.96,78.11,70.1,33.96,62.09,40.93
114,Haiti,True,2014,63.27,44.5,34.26,77.97,70.0,34.26,62.02,62.67
114,Haiti,True,2015,64.57,44.74,34.2,77.86,70.04,34.2,62.22,62.82
114,Haiti,True,2016,64.94,44.68,34.33,77.4,69.88,34.33,62.36,62.67
114,Haiti,True,2017,70.5,44.68,34.38,77.11,69.9,34.38,62.69,86.95
114,Haiti,True,2018,71.75,44.72,34.36,76.74,69.62,34.36,62.5,86.95
114,Haiti,True,2019,70.17,44.87,33.94,76.35,69.59,33.94,62.82,86.95
114,Haiti,True,2020,69.09,45.02,33.9,76.07,69.3,33.9,62.52,85.72
114,Haiti,True,2021,67.49,45.04,33.88,75.65,69.09,33.88,62.52,72.85
114,Haiti,True,2022,58.11,44.82,33.9,75.32,68.92,33.9,62.52,72.91
114,Haiti,True,2023,56.03,44.71,33.92,74.87,68.7,33.92,62.52,72.67
114,Haiti,True,2024,58.1,44.62,33.85,74.42,68.47,33.85,62.51,72.34
114,Haiti,True,2025,66.12,44.61,33.84,74.09,68.28,33.84,62.48,72.13
115,Dominican Republic,True,2012,72.25,54.36,48.38,80.72,67.95,47.8,55.18,100.0
115,Dominican Republic,True,2013,72.4,54.46,48.31,80.72,67.95,47.55,55.19,100.0
115,Dominican Republic,True,2014,73.1,57.15,48.14,80.43,67.67,47.34,54.91,100.0
115,Dominican Republic,True,2015,73.96,57.35,47.77,80.15,67.62,47.31,55.09,100.0
115,Dominican Republic,True,2016,74.39,57.83,47.89,79.87,67.46,47.28,55.04,100.0
115,Dominican Republic,True,2017,72.97,57.88,47.35,79.59,67.32,46.63,55.05,100.0
115,Dominican Republic,True,2018,74.55,58.06,47.17,79.31,67.19,46.47,55.06,100.0
115,Dominican Republic,True,2019,74.3,58.21,47.13,79.03,67.18,46.46,55.34,100.0
115,Dominican Republic,True,2020,74.08,58.32,47.06,78.75,67.05,46.38,55.35,100.0
115,Dominican Republic,True,2021,74.06,58.62,47.1,78.47,66.91,46.48,55.35,100.0
115,Dominican Republic,True,2022,74.24,58.99,47.17,78.19,66.77,46.56,55.35,100.0
115,Dominican Republic,True,2023,66.6,59.42,47.22,77.9,66.63,46.61,55.35,100.0
115,Dominican Republic,True,2024,67.55,59.7,47.27,77.62,66.49,46.66,55.35,100.0
115,Dominican Republic,True,2025,71.2,59.76,47.3,77.34,66.35,46.69,55.35,100.0
116,Puerto Rico and Virgin Islands of the United States,False,2012,72.93,74.28,37.04,80.6,70.7,37.04,60.8,75.41
116,Puerto Rico and Virgin Islands of the United States,False,2013,72.93,74.28,37.03,80.6,70.8,37.03,61.01,75.41
116,Puerto Rico and Virgin Islands of the United States,False,2014,74.96,79.97,37.03,80.37,70.52,37.03,60.68,75.41
116,Puerto Rico and Virgin Islands of the United States,False,2015,75.76,83.43,36.98,80.13,72.96,36.98,65.8,75.41
116,Puerto Rico and Virgin Islands of the United States,False,2016,76.16,83.91,37.19,79.89,71.41,37.19,62.93,75.41
116,Puerto Rico and Virgin Islands of the United States,False,2017,76.55,83.91,36.97,79.66,70.46,36.97,61.27,75.41
116,Puerto Rico and Virgin Islands of the United States,False,2018,77.75,83.56,36.89,79.42,70.36,36.89,61.29,75.41
116,Puerto Rico and Virgin Islands of the United States,False,2019,76.19,80.99,36.9,79.18,70.24,36.9,61.3,75.41
116,Puerto Rico and Virgin Islands of the United States,False,2020,75.89,76.74,36.91,78.95,70.12,36.91,61.28,75.41
116,Puerto Rico and Virgin Islands of the United States,False,2021,74.69,76.79,37.11,78.71,70.0,37.11,61.28,75.41
116,Puerto Rico and Virgin Islands of the United States,False,2022,69.61,77.18,37.13,78.48,69.88,37.13,61.28,75.41
116,Puerto Rico and Virgin Islands of the United States,False,2023,68.93,77.51,37.13,78.24,69.76,37.13,61.28,75.41
116,Puerto Rico and Virgin Islands of the United States,False,2024,72.14,77.66,37.11,78.0,69.64,37.11,61.28,75.41
116,Puerto Rico and Virgin Islands of the United States,False,2025,73.95,77.66,37.1,77.77,69.52,37.1,61.28,75.41
117,British Virgin Islands,False,2012,65.13,75.62,54.19,78.91,75.47,54.19,72.03,13.3
117,British Virgin Islands,False,2013,65.72,75.62,54.25,78.91,75.48,54.25,72.05,13.3
117,British Virgin Islands,False,2014,67.24,75.49,54.29,78.72,74.98,54.29,71.24,13.3
117,British Virgin Islands,False,2015,68.4,75.46,54.28,78.54,75.17,54.28,71.8,13.3
117,British Virgin Islands,False,2016,69.1,75.42,54.66,78.35,72.05,54.66,65.75,13.3
117,British Virgin Islands,False,2017,69.16,75.35,54.56,78.16,71.25,54.56,64.34,13.3
117,British Virgin Islands,False,2018,68.97,75.3,54.6,77.97,73.17,54.6,68.37,13.3
117,British Virgin Islands,False,2019,68.82,75.29,54.73,77.79,73.27,54.73,68.75,13.3
117,British Virgin Islands,False,2020,66.62,75.27,54.7,77.6,73.28,54.7,68.95,13.3
117,British Virgin Islands,False,2021,61.84,75.24,54.75,77.41,73.18,54.75,68.95,13.3
117,British Virgin Islands,False,2022,62.67,75.19,54.73,77.23,73.09,54.73,68.95,13.3
117,British Virgin Islands,False,2023,57.01,75.24,54.7,77.04,73.0,54.7,68.95,13.3
117,British Virgin Islands,False,2024,58.02,75.31,54.69,76.85,72.9,54.69,68.95,13.3
117,British Virgin Islands,False,2025,61.11,75.31,54.7,76.67,72.81,54.7,68.95,13.3
118,Anguilla,False,2012,75.01,78.92,61.93,79.15,89.31,61.93,99.46,39.45
118,Anguilla,False,2013,75.07,78.92,62.29,79.15,89.34,62.29,99.54,39.45
118,Anguilla,False,2014,75.51,80.75,62.45,78.93,89.16,62.45,99.38,39.45
118,Anguilla,False,2015,75.67,81.4,62.52,78.72,89.33,62.52,99.95,39.45
118,Anguilla,False,2016,75.8,81.18,62.97,78.51,89.24,62.97,99.98,39.45
118,Anguilla,False,2017,75.61,80.72,62.68,78.29,89.14,62.68,99.99,39.45
118,Anguilla,False,2018,75.53,80.2,62.66,78.08,89.03,62.66,99.99,39.45
118,Anguilla,False,2019,75.44,79.79,62.76,77.86,88.92,62.76,99.99,39.45
118,Anguilla,False,2020,75.67,83.28,62.82,77.65,88.82,62.82,99.99,39.45
118,Anguilla,False,2021,76.0,85.41,63.02,77.43,88.71,63.02,99.99,39.45
118,Anguilla,False,2022,73.65,87.31,62.99,77.22,88.6,62.99,99.99,39.45
118,Anguilla,False,2023,73.71,88.91,62.95,77.01,88.5,62.95,99.99,39.45
118,Anguilla,False,2024,76.27,91.45,62.92,76.79,88.39,62.92,99.99,39.45
118,Anguilla,False,2025,76.91,91.45,62.9,76.58,88.28,62.9,99.99,39.45
119,Saint Kitts and Nevis,False,2012,69.04,71.33,31.55,84.66,90.2,31.55,95.74,24.15
119,Saint Kitts and Nevis,False,2013,71.24,69.25,31.63,84.66,90.45,31.63,96.24,24.15
119,Saint Kitts and Nevis,False,2014,72.08,70.84,31.71,84.28,90.16,31.71,96.03,24.15
119,Saint Kitts and Nevis,False,2015,72.82,75.24,31.63,83.91,91.36,31.63,98.81,18.09
119,Saint Kitts and Nevis,False,2016,78.25,67.46,31.79,83.53,90.43,31.79,97.33,97.02
119,Saint Kitts and Nevis,False,2017,78.24,70.96,31.53,83.16,90.34,31.53,97.52,97.02
119,Saint Kitts and Nevis,False,2018,78.58,70.04,30.86,82.78,90.15,30.86,97.52,97.02
119,Saint Kitts and Nevis,False,2019,78.57,72.26,30.78,82.4,89.96,30.78,97.52,97.02
119,Saint Kitts and Nevis,False,2020,78.26,75.61,30.78,82.03,89.78,30.78,97.52,94.05
119,Saint Kitts and Nevis,False,2021,76.91,72.42,30.93,81.65,89.59,30.93,97.52,94.05
119,Saint Kitts and Nevis,False,2022,76.81,76.38,31.22,81.28,89.4,31.22,97.52,94.05
119,Saint Kitts and Nevis,False,2023,68.41,77.77,31.24,80.9,89.21,31.24,97.52,94.05
119,Saint Kitts and Nevis,False,2024,68.04,79.65,31.23,80.53,89.02,31.23,97.52,94.05
119,Saint Kitts and Nevis,False,2025,72.5,79.65,31.22,80.15,88.84,31.22,97.52,94.05
120,Antigua and Barbuda,True,2012,79.26,79.84,54.2,80.09,82.48,54.2,84.87,73.65
120,Antigua and Barbuda,True,2013,79.16,79.85,54.43,80.09,82.58,54.43,85.07,73.65
120,Antigua and Barbuda,True,2014,81.49,79.44,54.58,79.87,82.34,54.58,84.81,95.96
120,Antigua and Barbuda,True,2015,81.39,79.42,54.42,79.65,82.34,54.42,85.02,95.96
120,Antigua and Barbuda,True,2016,81.32,79.4,54.71,79.43,82.9,54.71,86.38,95.96
120,Antigua and Barbuda,True,2017,81.56,79.44,54.31,79.21,82.79,54.31,86.36,95.96
120,Antigua and Barbuda,True,2018,81.75,79.35,54.16,78.99,82.66,54.16,86.34,91.93
120,Antigua and Barbuda,True,2019,82.3,79.39,54.16,78.77,82.54,54.16,86.31,91.93
120,Antigua and Barbuda,True,2020,81.21,79.38,54.15,78.55,81.65,54.15,84.76,91.93
120,Antigua and Barbuda,True,2021,81.53,79.33,54.26,78.33,81.54,54.26,84.76,91.93
120,Antigua and Barbuda,True,2022,80.77,79.41,54.29,78.1,81.43,54.29,84.76,91.93
120,Antigua and Barbuda,True,2023,74.98,79.44,54.3,77.88,81.32,54.3,84.76,100.0
120,Antigua and Barbuda,True,2024,75.3,79.48,54.31,77.66,81.21,54.31,84.76,100.0
120,Antigua and Barbuda,True,2025,79.69,79.48,54.3,77.44,81.1,54.3,84.76,100.0
121,Montserrat,False,2012,69.94,79.33,28.53,83.67,91.74,28.53,99.82,0.0
121,Montserrat,False,2013,69.68,79.33,28.51,83.67,91.76,28.51,99.85,0.0
121,Montserrat,False,2014,70.91,80.35,28.47,83.33,91.61,28.47,99.9,0.0
121,Montserrat,False,2015,71.04,80.45,28.59,82.98,91.42,28.59,99.86,0.0
121,Montserrat,False,2016,71.08,80.55,28.95,82.64,91.16,28.95,99.67,0.0
121,Montserrat,False,2017,71.43,80.66,28.73,82.29,91.0,28.73,99.71,0.0
121,Montserrat,False,2018,72.09,80.78,28.61,81.95,90.83,28.61,99.71,0.0
121,Montserrat,False,2019,72.01,80.92,28.59,81.61,90.66,28.59,99.71,0.0
121,Montserrat,False,2020,71.93,81.05,28.58,81.26,90.49,28.58,99.71,0.0
121,Montserrat,False,2021,72.06,81.19,28.66,80.92,90.32,28.66,99.71,0.0
121,Montserrat,False,2022,70.33,81.25,28.7,80.57,90.14,28.7,99.71,0.0
121,Montserrat,False,2023,70.2,81.15,28.71,80.23,89.97,28.71,99.71,0.0
121,Montserrat,False,2024,67.68,81.03,28.7,79.89,89.8,28.7,99.71,0.0
121,Montserrat,False,2025,68.2,81.03,28.7,79.54,89.63,28.7,99.71,0.0
122,Saint Lucia,False,2012,62.39,63.99,41.01,83.75,86.67,40.98,89.58,19.03
122,Saint Lucia,False,2013,62.93,63.58,40.99,83.75,86.61,40.96,89.47,19.03
122,Saint Lucia,False,2014,63.54,63.44,40.86,83.4,86.74,40.86,90.08,19.03
122,Saint Lucia,False,2015,64.12,63.54,40.58,83.04,89.27,40.57,95.51,19.03
122,Saint Lucia,False,2016,64.35,63.27,40.76,82.68,87.24,40.74,91.81,19.03
122,Saint Lucia,False,2017,63.82,63.19,40.45,82.33,86.9,40.32,91.47,19.03
122,Saint Lucia,False,2018,64.95,63.61,40.38,81.97,86.72,40.11,91.47,19.03
122,Saint Lucia,False,2019,65.49,63.92,40.43,81.61,86.54,40.21,91.47,19.03
122,Saint Lucia,False,2020,67.14,64.26,40.44,81.26,86.36,39.87,91.47,19.03
122,Saint Lucia,False,2021,69.92,64.1,40.43,80.9,86.19,39.93,91.47,19.03
122,Saint Lucia,False,2022,69.24,63.59,40.06,80.55,86.01,39.62,91.47,19.03
122,Saint Lucia,False,2023,63.6,63.45,40.03,80.19,85.83,39.59,91.47,19.03
122,Saint Lucia,False,2024,68.28,63.54,40.04,79.83,85.65,39.6,91.47,19.03
122,Saint Lucia,False,2025,73.69,63.55,40.1,79.48,85.47,39.66,91.47,19.03
123,Dominica,True,2012,72.7,70.99,49.64,81.53,90.3,49.64,99.06,11.06
123,Dominica,True,2013,72.86,71.1,49.58,81.53,90.43,49.58,99.33,11.06
123,Dominica,True,2014,72.79,70.99,49.43,81.31,90.36,49.43,99.41,11.06
123,Dominica,True,2015,73.02,70.94,49.19,81.08,90.29,49.19,99.5,11.06
123,Dominica,True,2016,73.19,71.18,49.78,80.85,89.75,49.78,98.65,11.06
123,Dominica,True,2017,73.62,70.81,50.34,80.63,89.38,50.34,98.13,11.06
123,Dominica,True,2018,72.61,70.84,50.27,80.4,89.27,50.27,98.13,11.06
123,Dominica,True,2019,72.86,70.98,50.15,80.17,89.59,50.15,99.0,11.06
123,Dominica,True,2020,71.81,72.32,49.82,79.95,89.35,49.82,98.76,11.06
123,Dominica,True,2021,70.39,72.95,49.59,79.72,89.24,49.59,98.76,11.06
123,Dominica,True,2022,70.9,73.1,49.66,79.49,89.13,49.66,98.76,11.06
123,Dominica,True,2023,62.82,73.5,49.72,79.27,89.01,49.72,98.76,11.06
123,Dominica,True,2024,62.04,73.72,49.76,79.04,88.9,49.76,98.76,11.06
123,Dominica,True,2025,67.4,73.72,49.8,78.81,88.79,49.8,98.76,11.06
124,Barbados,True,2012,71.64,72.64,20.64,78.67,88.9,20.64,99.13,8.07
124,Barbados,True,2013,71.22,71.89,20.6,78.67,88.96,20.6,99.24,8.07
124,Barbados,True,2014,71.53,72.51,20.39,78.57,88.85,20.39,99.13,8.07
124,Barbados,True,2015,71.27,72.44,20.23,78.48,89.07,20.23,99.67,8.07
124,Barbados,True,2016,69.98,73.73,20.46,78.38,89.15,20.46,99.91,8.07
124,Barbados,True,2017,71.31,75.31,20.55,78.29,89.07,20.55,99.86,8.07
124,Barbados,True,2018,74.55,76.68,20.75,78.19,89.03,20.75,99.86,8.07
124,Barbados,True,2019,75.97,77.32,20.78,78.09,88.98,20.78,99.86,8.07
124,Barbados,True,2020,76.21,76.87,20.74,78.0,88.93,20.74,99.86,8.07
124,Barbados,True,2021,76.84,78.95,20.75,77.9,88.88,20.75,99.86,8.07
124,Barbados,True,2022,64.9,78.92,20.44,77.81,88.83,20.44,99.86,8.07
124,Barbados,True,2023,59.28,78.68,20.37,77.71,88.79,20.37,99.86,8.07
124,Barbados,True,2024,62.8,78.32,20.36,77.61,88.74,20.36,99.86,8.07
124,Barbados,True,2025,70.75,78.32,20.4,77.52,88.69,20.4,99.86,8.07
125,Grenada,True,2012,63.09,74.25,58.21,83.55,79.82,58.21,76.1,10.44
125,Grenada,True,2013,63.39,74.1,58.2,83.55,80.32,58.2,77.09,9.17
125,Grenada,True,2014,63.99,73.88,58.04,83.16,80.19,58.04,77.23,9.17
125,Grenada,True,2015,64.61,73.44,57.72,82.78,79.93,57.67,77.09,9.11
125,Grenada,True,2016,69.38,73.37,59.29,82.39,79.82,59.26,77.26,8.98
125,Grenada,True,2017,64.3,73.47,59.3,82.0,79.48,59.25,76.96,8.98
125,Grenada,True,2018,69.8,73.56,59.59,81.62,79.29,59.55,76.96,19.07
125,Grenada,True,2019,70.87,73.61,59.97,81.23,79.1,59.94,76.96,20.54
125,Grenada,True,2020,72.1,74.22,60.0,80.85,78.9,59.96,76.96,20.54
125,Grenada,True,2021,67.32,74.42,60.36,80.46,78.71,60.32,76.96,19.07
125,Grenada,True,2022,70.86,74.52,60.04,80.08,78.52,59.99,76.96,15.39
125,Grenada,True,2023,61.06,74.55,59.87,79.69,78.32,59.83,76.96,15.39
125,Grenada,True,2024,63.54,74.49,59.75,79.3,78.13,59.71,76.96,15.39
125,Grenada,True,2025,72.56,74.49,59.72,78.92,77.94,59.67,76.96,15.39
126,Trinidad and Tobago,True,2012,74.11,73.68,32.87,84.14,80.7,32.87,77.27,22.51
126,Trinidad and Tobago,True,2013,72.83,73.39,32.77,84.14,80.5,32.77,76.87,22.51
126,Trinidad and Tobago,True,2014,75.37,73.98,32.67,83.64,80.27,32.67,76.89,22.51
126,Trinidad and Tobago,True,2015,75.51,74.03,32.33,83.14,79.99,32.33,76.84,22.51
126,Trinidad and Tobago,True,2016,70.31,74.23,32.44,82.65,79.79,32.44,76.92,22.51
126,Trinidad and Tobago,True,2017,67.95,74.28,32.27,82.15,79.56,32.27,76.98,22.51
126,Trinidad and Tobago,True,2018,70.62,74.44,32.78,81.65,79.33,32.78,77.02,22.51
126,Trinidad and Tobago,True,2019,69.37,74.55,32.94,81.15,79.08,32.94,77.01,22.51
126,Trinidad and Tobago,True,2020,67.44,74.66,33.11,80.66,78.82,33.11,76.99,22.51
126,Trinidad and Tobago,True,2021,69.28,74.59,33.29,80.16,78.58,33.29,76.99,22.51
126,Trinidad and Tobago,True,2022,69.79,74.6,33.2,79.66,78.33,33.2,76.99,22.51
126,Trinidad and Tobago,True,2023,65.55,74.58,33.18,79.16,78.08,33.18,76.99,22.51
126,Trinidad and Tobago,True,2024,65.62,74.5,33.14,78.67,77.83,33.14,76.99,22.51
126,Trinidad and Tobago,True,2025,65.36,74.45,33.1,78.17,77.58,33.1,76.99,22.51
127,Saint Vincent and the Grenadines,False,2012,74.53,71.74,59.4,82.84,88.78,59.4,94.72,28.72
127,Saint Vincent and the Grenadines,False,2013,73.76,71.62,59.23,82.84,88.75,59.23,94.65,28.72
127,Saint Vincent and the Grenadines,False,2014,75.84,73.4,58.74,82.51,87.99,58.74,93.46,28.72
127,Saint Vincent and the Grenadines,False,2015,75.33,74.38,58.26,82.19,90.18,58.26,98.17,28.72
127,Saint Vincent and the Grenadines,False,2016,75.07,75.5,59.19,81.86,89.8,59.18,97.73,28.72
127,Saint Vincent and the Grenadines,False,2017,75.95,75.41,59.33,81.54,89.1,59.33,96.67,28.72
127,Saint Vincent and the Grenadines,False,2018,77.19,75.14,59.62,81.21,88.94,59.62,96.67,28.72
127,Saint Vincent and the Grenadines,False,2019,77.81,74.8,59.88,80.89,88.78,59.87,96.67,28.72
127,Saint Vincent and the Grenadines,False,2020,76.12,74.54,59.99,80.56,88.62,59.98,96.67,28.72
127,Saint Vincent and the Grenadines,False,2021,76.96,79.39,60.18,80.24,88.46,60.18,96.67,28.72
127,Saint Vincent and the Grenadines,False,2022,74.98,82.1,59.9,79.91,88.29,59.89,96.67,28.72
127,Saint Vincent and the Grenadines,False,2023,68.21,85.24,59.8,79.59,88.13,59.8,96.67,28.72
127,Saint Vincent and the Grenadines,False,2024,70.09,89.59,59.73,79.26,87.97,59.73,96.67,28.72
127,Saint Vincent and the Grenadines,False,2025,74.71,89.59,59.73,78.94,87.81,59.72,96.67,28.72
129,Panama,True,2012,78.39,79.63,41.1,82.01,77.98,37.19,73.95,84.87
129,Panama,True,2013,77.8,78.39,40.44,82.01,77.49,33.79,72.97,81.39
129,Panama,True,2014,74.85,78.29,39.97,81.64,77.65,31.44,73.66,80.6
129,Panama,True,2015,78.38,77.63,39.46,81.27,77.59,31.72,73.91,80.62
129,Panama,True,2016,79.12,78.76,39.31,80.9,77.42,33.2,73.94,80.63
129,Panama,True,2017,78.8,79.04,41.21,80.54,77.25,31.17,73.97,81.51
129,Panama,True,2018,79.23,79.88,42.25,80.17,77.04,30.59,73.91,81.64
129,Panama,True,2019,79.73,80.1,43.12,79.8,76.82,37.13,73.84,83.37
129,Panama,True,2020,78.39,80.02,43.36,79.44,76.59,32.24,73.75,83.44
129,Panama,True,2021,77.26,80.26,41.76,79.07,76.41,28.84,73.75,83.16
129,Panama,True,2022,77.22,80.18,41.4,78.7,76.23,31.24,73.75,82.94
129,Panama,True,2023,71.2,80.66,41.25,78.34,76.04,31.1,73.75,82.5
129,Panama,True,2024,72.53,80.63,41.32,77.97,75.86,31.18,73.75,82.5
129,Panama,True,2025,77.25,80.63,41.6,77.6,75.68,31.48,73.75,82.5
130,Costa Rica,True,2012,67.19,76.66,57.44,78.29,73.94,54.27,69.6,85.27
130,Costa Rica,True,2013,67.27,75.09,57.45,78.29,73.96,53.49,69.62,85.27
130,Costa Rica,True,2014,71.8,76.76,57.61,78.02,73.16,53.25,68.29,85.27
130,Costa Rica,True,2015,75.89,79.63,56.95,77.75,73.58,52.31,69.41,85.27
130,Costa Rica,True,2016,77.39,81.56,54.26,77.48,73.46,50.76,69.43,85.27
130,Costa Rica,True,2017,76.72,82.16,56.68,77.21,73.39,50.74,69.56,89.04
130,Costa Rica,True,2018,74.09,81.98,57.36,76.94,73.22,52.02,69.5,89.69
130,Costa Rica,True,2019,73.09,82.21,51.56,76.67,73.01,47.55,69.35,89.72
130,Costa Rica,True,2020,71.64,82.27,52.85,76.4,72.85,46.25,69.29,89.23
130,Costa Rica,True,2021,73.54,82.76,45.52,76.13,72.71,42.13,69.29,88.24
130,Costa Rica,True,2022,75.5,83.15,45.38,75.86,72.58,40.43,69.29,88.19
130,Costa Rica,True,2023,68.89,83.51,46.38,75.59,72.44,41.32,69.29,88.19
130,Costa Rica,True,2024,70.8,83.92,46.84,75.32,72.31,41.72,69.29,88.19
130,Costa Rica,True,2025,69.73,83.92,48.5,75.05,72.17,43.18,69.29,88.19
131,Nicaragua,True,2012,66.75,68.7,54.53,85.14,79.3,30.36,73.47,100.0
131,Nicaragua,True,2013,66.46,67.4,53.76,85.14,79.5,28.31,73.85,100.0
131,Nicaragua,True,2014,66.56,72.51,53.48,84.59,78.85,29.62,73.11,100.0
131,Nicaragua,True,2015,67.59,74.23,52.63,84.04,78.85,30.0,73.66,100.0
131,Nicaragua,True,2016,75.83,74.64,52.64,83.49,78.66,31.33,73.84,100.0
131,Nicaragua,True,2017,67.82,74.89,53.04,82.94,78.33,33.48,73.72,100.0
131,Nicaragua,True,2018,66.94,74.98,53.51,82.39,78.11,31.6,73.84,100.0
131,Nicaragua,True,2019,72.72,74.43,53.08,81.84,77.79,32.39,73.75,100.0
131,Nicaragua,True,2020,72.53,73.91,53.68,81.29,77.44,33.04,73.59,100.0
131,Nicaragua,True,2021,80.35,73.84,53.55,80.74,77.16,32.78,73.59,100.0
131,Nicaragua,True,2022,77.03,73.78,53.65,80.19,76.89,33.41,73.59,100.0
131,Nicaragua,True,2023,71.64,74.6,53.75,79.63,76.61,33.49,73.59,100.0
131,Nicaragua,True,2024,73.29,75.0,53.58,79.08,76.34,33.39,73.59,100.0
131,Nicaragua,True,2025,73.74,75.04,53.6,78.53,76.06,33.41,73.59,100.0
132,Colombia,True,2012,65.85,71.76,38.29,79.73,72.07,35.51,64.41,63.04
132,Colombia,True,2013,63.65,71.25,38.8,79.73,72.27,36.22,64.8,63.79
132,Colombia,True,2014,63.44,71.79,38.7,79.43,71.85,36.13,64.27,73.48
132,Colombia,True,2015,65.14,72.29,38.11,79.12,71.85,34.3,64.58,74.8
132,Colombia,True,2016,65.25,73.5,37.65,78.82,71.72,33.97,64.63,74.72
132,Colombia,True,2017,69.5,73.95,38.08,78.51,71.53,34.73,64.56,95.24
132,Colombia,True,2018,69.77,74.49,38.56,78.21,71.43,34.45,64.64,97.04
132,Colombia,True,2019,71.34,74.8,38.28,77.9,71.32,31.62,64.75,97.04
132,Colombia,True,2020,70.75,75.37,38.91,77.59,71.19,33.77,64.79,97.04
132,Colombia,True,2021,70.18,76.0,37.59,77.29,71.04,29.34,64.79,98.21
132,Colombia,True,2022,74.78,76.63,44.55,76.98,70.89,39.63,64.79,97.62
132,Colombia,True,2023,68.39,77.29,45.62,76.68,70.73,40.59,64.79,97.62
132,Colombia,True,2024,70.51,78.37,45.59,76.37,70.58,40.56,64.79,97.22
132,Colombia,True,2025,75.72,78.32,45.01,76.07,70.43,40.04,64.79,96.42
133,Honduras,True,2012,74.08,64.35,68.38,83.46,76.32,25.34,69.19,100.0
133,Honduras,True,2013,75.79,63.68,68.44,83.42,76.55,27.99,69.69,100.0
133,Honduras,True,2014,74.35,64.34,65.46,82.75,76.16,30.53,69.56,100.0
133,Honduras,True,2015,76.45,66.04,64.93,82.22,75.93,33.37,69.64,100.0
133,Honduras,True,2016,75.4,65.89,66.04,81.76,75.74,29.3,69.73,100.0
133,Honduras,True,2017,73.59,66.16,66.19,81.33,75.46,33.69,69.58,100.0
133,Honduras,True,2018,75.96,66.21,66.59,80.73,75.17,33.6,69.61,100.0
133,Honduras,True,2019,72.33,66.52,66.36,80.26,74.87,29.55,69.49,100.0
133,Honduras,True,2020,69.03,66.63,66.52,79.74,74.55,27.59,69.36,100.0
133,Honduras,True,2021,70.19,66.81,66.84,79.14,74.25,26.14,69.36,100.0
133,Honduras,True,2022,68.55,67.0,66.94,78.65,74.01,21.96,69.36,100.0
133,Honduras,True,2023,66.85,67.11,66.93,78.03,73.69,22.01,69.36,100.0
133,Honduras,True,2024,68.44,67.48,66.83,77.59,73.47,22.04,69.36,100.0
133,Honduras,True,2025,73.14,67.47,66.8,77.06,73.21,22.36,69.36,100.0
134,El Salvador,True,2012,62.1,47.46,22.62,81.32,72.34,22.16,63.36,98.42
134,El Salvador,True,2013,61.66,47.35,22.54,81.32,72.83,21.75,64.34,98.42
134,El Salvador,True,2014,62.64,48.65,21.28,81.02,72.84,20.07,64.66,99.87
134,El Salvador,True,2015,65.98,49.73,20.7,80.72,72.32,19.38,63.93,99.87
134,El Salvador,True,2016,65.78,49.14,20.56,80.41,72.94,18.79,65.46,99.87
134,El Salvador,True,2017,66.24,49.03,20.88,80.11,72.69,18.67,65.27,99.87
134,El Salvador,True,2018,65.31,49.15,21.42,79.79,72.53,19.67,65.27,99.74
134,El Salvador,True,2019,66.36,49.43,20.78,79.45,72.41,19.5,65.37,100.0
134,El Salvador,True,2020,68.32,48.94,20.71,79.18,72.33,19.66,65.47,100.0
134,El Salvador,True,2021,70.09,49.78,19.86,78.89,72.18,18.65,65.47,100.0
134,El Salvador,True,2022,69.59,49.51,19.83,78.59,72.03,18.74,65.47,100.0
134,El Salvador,True,2023,61.51,49.51,20.01,78.28,71.88,18.9,65.47,100.0
134,El Salvador,True,2024,64.73,49.44,20.11,77.86,71.67,18.99,65.47,100.0
134,El Salvador,True,2025,68.51,49.71,20.3,77.67,71.57,19.17,65.47,100.0
135,Mexico,True,2012,73.52,74.74,46.42,78.74,80.53,43.42,82.32,100.0
135,Mexico,True,2013,73.84,74.18,45.82,78.74,80.58,41.64,82.43,100.0
135,Mexico,True,2014,73.85,75.48,41.31,78.36,80.32,36.7,82.29,100.0
135,Mexico,True,2015,75.73,75.61,40.01,77.98,80.15,35.48,82.33,100.0
135,Mexico,True,2016,74.76,75.92,38.69,77.6,80.04,33.77,82.47,100.0
135,Mexico,True,2017,76.79,77.04,40.45,77.22,79.88,35.69,82.53,100.0
135,Mexico,True,2018,77.22,77.0,29.88,76.85,79.76,26.11,82.68,100.0
135,Mexico,True,2019,78.35,77.23,28.58,76.47,79.59,24.58,82.71,100.0
135,Mexico,True,2020,79.03,77.51,28.7,76.09,79.33,25.56,82.57,100.0
135,Mexico,True,2021,79.55,77.67,29.4,75.71,79.14,25.77,82.57,100.0
135,Mexico,True,2022,80.17,78.31,31.77,75.33,78.95,28.16,82.57,100.0
135,Mexico,True,2023,75.01,78.56,31.99,74.95,78.76,28.34,82.57,100.0
135,Mexico,True,2024,74.2,78.97,32.07,74.57,78.57,28.43,82.57,100.0
135,Mexico,True,2025,75.66,79.03,32.3,74.19,78.38,28.62,82.57,100.0
136,Guatemala,True,2012,66.13,32.28,39.81,78.03,72.25,29.26,66.47,85.75
136,Guatemala,True,2013,66.06,30.94,39.31,77.99,72.2,32.03,66.4,85.74
136,Guatemala,True,2014,66.81,31.02,38.79,77.65,72.09,30.32,66.52,86.01
136,Guatemala,True,2015,68.46,30.36,37.71,77.38,72.21,28.3,67.03,86.08
136,Guatemala,True,2016,69.91,30.58,37.33,77.71,72.92,26.97,68.13,87.66
136,Guatemala,True,2017,69.98,30.53,37.62,77.47,72.84,25.56,68.21,87.96
136,Guatemala,True,2018,67.81,30.67,38.17,77.23,72.72,25.04,68.2,88.05
136,Guatemala,True,2019,64.68,30.59,37.09,76.89,72.54,24.28,68.19,88.02
136,Guatemala,True,2020,70.21,30.52,37.01,76.64,72.41,26.31,68.18,87.75
136,Guatemala,True,2021,72.29,30.59,35.62,76.31,72.25,23.17,68.18,87.7
136,Guatemala,True,2022,71.96,30.16,35.58,76.02,72.1,23.47,68.18,87.69
136,Guatemala,True,2023,66.32,30.2,35.9,75.66,71.92,23.58,68.18,87.51
136,Guatemala,True,2024,66.42,30.28,36.06,75.33,71.76,24.16,68.18,87.5
136,Guatemala,True,2025,70.88,30.3,36.4,75.04,71.61,24.79,68.18,87.55
137,Ecuador,True,2012,71.73,71.66,51.1,76.4,65.51,34.72,54.62,100.0
137,Ecuador,True,2013,70.54,68.01,50.85,76.4,65.5,32.46,54.59,100.0
137,Ecuador,True,2014,69.95,70.98,50.5,76.12,65.59,35.02,55.07,100.0
137,Ecuador,True,2015,69.31,72.6,48.86,75.83,65.55,35.89,55.28,100.0
137,Ecuador,True,2016,69.24,74.04,47.61,75.54,65.95,37.13,56.36,100.0
137,Ecuador,True,2017,71.18,74.69,49.47,75.25,65.45,40.4,55.66,100.0
137,Ecuador,True,2018,71.17,75.07,52.34,74.96,65.36,40.5,55.75,100.0
137,Ecuador,True,2019,72.92,75.45,54.74,74.68,65.33,42.48,55.98,100.0
137,Ecuador,True,2020,73.34,75.95,56.43,74.39,65.18,46.06,55.97,100.0
137,Ecuador,True,2021,74.86,76.49,54.33,74.1,65.03,50.8,55.97,100.0
137,Ecuador,True,2022,78.19,77.19,53.37,73.81,64.89,58.51,55.97,100.0
137,Ecuador,True,2023,78.95,78.03,52.85,73.52,64.75,65.05,55.97,100.0
137,Ecuador,True,2024,79.14,78.33,52.68,73.23,64.6,61.81,55.97,100.0
137,Ecuador,True,2025,78.12,78.05,53.0,72.95,64.46,57.51,55.97,100.0
138,Peru,True,2012,71.23,64.34,66.38,74.32,70.4,63.72,66.47,58.52
138,Peru,True,2013,70.66,64.09,66.5,74.3,69.41,63.33,64.52,48.34
138,Peru,True,2014,71.33,64.7,66.47,74.11,70.45,65.14,66.79,46.84
138,Peru,True,2015,70.93,64.61,66.08,73.89,70.05,64.8,66.21,43.84
138,Peru,True,2016,73.05,64.57,66.69,73.7,70.05,65.45,66.4,43.84
138,Peru,True,2017,74.56,64.67,67.84,73.49,70.25,65.68,67.0,43.84
138,Peru,True,2018,74.05,64.87,67.97,73.28,70.52,64.62,67.76,43.84
138,Peru,True,2019,75.52,64.71,71.83,73.07,70.42,68.6,67.78,43.84
138,Peru,True,2020,75.58,65.02,73.04,72.86,70.32,69.16,67.78,43.84
138,Peru,True,2021,74.86,65.14,73.05,72.65,70.22,70.59,67.78,46.82
138,Peru,True,2022,76.05,65.18,71.64,72.44,70.11,69.88,67.78,47.2
138,Peru,True,2023,66.61,65.16,70.43,72.23,70.01,68.71,67.78,47.2
138,Peru,True,2024,64.53,65.25,70.17,72.03,69.9,68.46,67.78,53.01
138,Peru,True,2025,65.56,65.27,70.27,71.82,69.8,68.54,67.78,52.89
139,Venezuela,False,2012,68.92,71.3,43.2,82.13,80.7,39.79,79.28,99.69
139,Venezuela,False,2013,68.99,71.39,42.27,82.08,80.62,36.56,79.16,99.69
139,Venezuela,False,2014,69.82,73.1,43.33,81.48,79.81,39.75,78.13,99.69
139,Venezuela,False,2015,73.21,73.43,43.56,81.21,80.57,38.01,79.94,99.69
139,Venezuela,False,2016,74.14,74.36,45.62,80.72,80.3,39.14,79.87,99.46
139,Venezuela,False,2017,74.54,74.59,52.22,80.06,79.65,44.71,79.23,99.15
139,Venezuela,False,2018,73.38,74.87,52.51,79.44,79.34,45.58,79.23,98.75
139,Venezuela,False,2019,73.86,75.27,56.77,78.91,79.07,48.24,79.24,98.43
139,Venezuela,False,2020,71.9,75.75,56.42,78.19,78.72,45.67,79.24,97.9
139,Venezuela,False,2021,68.78,76.56,55.05,77.69,78.47,44.45,79.24,97.74
139,Venezuela,False,2022,69.58,76.71,54.69,77.27,78.25,42.3,79.24,97.59
139,Venezuela,False,2023,68.4,76.44,53.56,76.9,78.07,41.47,79.24,97.62
139,Venezuela,False,2024,75.03,80.44,53.39,76.66,77.95,41.4,79.24,97.86
139,Venezuela,False,2025,81.74,80.5,53.3,76.31,77.78,41.39,79.24,97.93
140,Guadeloupe and Martinique,False,2012,76.92,77.63,21.9,81.16,90.24,21.81,99.31,100.0
140,Guadeloupe and Martinique,False,2013,78.66,77.63,21.96,81.16,90.32,21.82,99.48,100.0
140,Guadeloupe and Martinique,False,2014,79.33,79.52,21.86,80.95,90.21,21.76,99.48,100.0
140,Guadeloupe and Martinique,False,2015,79.41,79.95,21.65,80.73,90.23,21.43,99.74,100.0
140,Guadeloupe and Martinique,False,2016,79.41,80.41,21.72,80.51,90.03,21.55,99.54,100.0
140,Guadeloupe and Martinique,False,2017,78.19,80.94,21.61,80.3,89.78,21.42,99.26,100.0
140,Guadeloupe and Martinique,False,2018,78.69,81.55,21.63,80.08,89.67,21.45,99.26,100.0
140,Guadeloupe and Martinique,False,2019,79.56,82.25,21.65,79.86,89.56,21.4,99.26,100.0
140,Guadeloupe and Martinique,False,2020,79.4,83.06,21.64,79.64,89.43,21.39,99.22,100.0
140,Guadeloupe and Martinique,False,2021,79.89,84.04,21.56,79.43,89.32,21.31,99.22,100.0
140,Guadeloupe and Martinique,False,2022,74.43,85.26,21.17,79.21,89.21,20.9,99.22,100.0
140,Guadeloupe and Martinique,False,2023,75.0,86.85,21.12,78.99,89.11,20.86,99.22,100.0
140,Guadeloupe and Martinique,False,2024,78.36,86.71,21.14,78.78,89.0,20.88,99.22,100.0
140,Guadeloupe and Martinique,False,2025,80.22,86.71,21.21,78.56,88.89,20.94,99.22,100.0
141,Faeroe Islands,False,2012,66.4,78.74,26.25,75.53,76.01,22.71,76.49,10.86
141,Faeroe Islands,False,2013,66.54,78.74,26.03,75.53,76.32,23.91,77.12,10.86
141,Faeroe Islands,False,2014,66.92,79.06,25.89,75.83,77.13,24.53,78.43,10.86
141,Faeroe Islands,False,2015,66.85,79.08,25.73,76.14,76.34,23.41,76.54,10.86
141,Faeroe Islands,False,2016,66.95,79.09,25.33,76.45,76.92,23.84,77.4,8.13
141,Faeroe Islands,False,2017,66.68,79.09,24.95,76.75,76.29,23.73,75.83,8.13
141,Faeroe Islands,False,2018,66.55,79.07,24.96,77.06,76.44,23.49,75.83,8.13
141,Faeroe Islands,False,2019,66.64,79.05,24.94,77.37,76.6,23.58,75.83,8.13
141,Faeroe Islands,False,2020,66.42,79.02,24.94,77.67,76.75,23.09,75.83,8.13
141,Faeroe Islands,False,2021,66.27,79.0,24.9,77.98,76.9,22.73,75.83,8.13
141,Faeroe Islands,False,2022,66.22,78.99,25.03,78.29,77.06,23.06,75.83,8.13
141,Faeroe Islands,False,2023,66.43,79.0,25.18,78.59,77.21,23.82,75.83,8.13
141,Faeroe Islands,False,2024,66.59,79.01,25.22,78.9,77.36,24.7,75.83,8.13
141,Faeroe Islands,False,2025,66.64,79.01,25.24,79.21,77.52,24.75,75.83,8.13
143,Iceland,True,2012,68.93,90.75,49.12,78.76,70.23,48.75,61.7,37.59
143,Iceland,True,2013,70.06,90.99,49.26,78.76,70.23,48.79,61.69,37.66
143,Iceland,True,2014,71.18,88.84,49.39,78.63,70.69,48.89,62.75,37.59
143,Iceland,True,2015,71.87,86.57,48.79,78.51,70.25,48.13,61.99,37.4
143,Iceland,True,2016,72.81,86.14,48.26,78.38,70.2,47.39,62.02,37.35
143,Iceland,True,2017,73.73,86.13,48.04,78.25,69.83,46.94,61.42,37.33
143,Iceland,True,2018,73.44,86.4,47.93,78.12,69.85,46.07,61.59,37.33
143,Iceland,True,2019,75.62,85.68,48.1,77.99,69.32,45.91,60.65,37.35
143,Iceland,True,2020,76.53,86.78,48.22,77.86,69.24,45.22,60.63,37.36
143,Iceland,True,2021,76.6,87.58,48.27,77.73,69.65,45.19,61.58,40.13
143,Iceland,True,2022,76.09,87.66,48.45,77.6,72.25,45.66,66.89,40.62
143,Iceland,True,2023,67.39,87.72,48.57,77.47,74.06,45.86,70.65,40.63
143,Iceland,True,2024,68.03,87.8,48.6,77.34,75.24,45.96,73.13,40.27
143,Iceland,True,2025,74.91,87.8,48.56,77.21,75.66,45.96,74.11,39.52
144,Jan Mayen,False,2012,64.15,97.47,9.14,76.87,61.46,9.14,46.05,100.0
144,Jan Mayen,False,2013,64.15,97.47,9.09,76.87,61.39,9.09,45.9,100.0
144,Jan Mayen,False,2014,64.52,97.47,9.11,76.96,63.1,9.11,49.24,100.0
144,Jan Mayen,False,2015,64.58,97.47,9.26,77.05,63.18,9.26,49.31,100.0
144,Jan Mayen,False,2016,64.55,97.47,9.18,77.13,63.0,9.18,48.86,100.0
144,Jan Mayen,False,2017,64.51,97.47,9.34,77.22,62.6,9.34,47.99,100.0
144,Jan Mayen,False,2018,64.56,97.47,9.35,77.3,62.81,9.35,48.32,100.0
144,Jan Mayen,False,2019,64.8,97.47,9.21,77.39,62.85,9.21,48.32,100.0
144,Jan Mayen,False,2020,65.05,97.47,9.19,77.48,64.15,9.19,50.83,100.0
144,Jan Mayen,False,2021,66.09,97.47,9.13,77.56,69.44,9.13,61.31,100.0
144,Jan Mayen,False,2022,66.1,97.47,9.14,77.65,69.48,9.14,61.31,100.0
144,Jan Mayen,False,2023,66.1,97.47,9.17,77.74,69.54,9.17,61.35,100.0
144,Jan Mayen,False,2024,66.2,97.47,9.19,77.82,70.12,9.19,62.42,100.0
144,Jan Mayen,False,2025,66.41,97.47,9.2,77.91,71.23,9.2,64.55,100.0
145,Greenland,False,2012,80.63,95.22,54.81,81.04,77.13,54.81,73.23,98.99
145,Greenland,False,2013,79.63,95.22,54.13,81.04,77.33,54.13,73.63,98.93
145,Greenland,False,2014,79.86,95.64,53.96,80.86,77.29,53.96,73.73,98.8
145,Greenland,False,2015,79.7,95.64,53.83,80.69,76.9,53.83,73.12,98.77
145,Greenland,False,2016,79.97,95.64,53.33,80.51,76.75,53.33,72.99,98.77
145,Greenland,False,2017,79.51,95.64,53.18,80.34,76.57,53.18,72.81,98.77
145,Greenland,False,2018,79.7,95.62,52.92,80.17,76.28,52.92,72.39,98.77
145,Greenland,False,2019,80.39,95.6,52.68,79.99,76.12,52.68,72.25,98.77
145,Greenland,False,2020,80.25,95.57,52.59,79.82,76.29,52.59,72.77,98.77
145,Greenland,False,2021,80.76,95.55,52.92,79.64,76.59,52.91,73.54,98.77
145,Greenland,False,2022,80.63,95.55,53.63,79.47,76.5,53.63,73.54,98.77
145,Greenland,False,2023,80.98,95.56,53.96,79.29,76.51,53.95,73.74,98.77
145,Greenland,False,2024,81.39,95.57,54.02,79.12,76.57,54.02,74.02,98.77
145,Greenland,False,2025,79.45,95.57,53.88,78.94,76.78,53.88,74.61,98.77
146,Pitcairn,False,2012,60.65,96.09,10.88,76.46,76.46,10.88,,0.0
146,Pitcairn,False,2013,59.95,96.09,10.87,76.46,76.46,10.87,,0.0
146,Pitcairn,False,2014,59.59,95.6,10.52,76.36,76.36,10.52,,0.0
146,Pitcairn,False,2015,59.79,95.55,10.52,76.26,76.26,10.52,,0.0
146,Pitcairn,False,2016,68.11,95.51,10.29,76.17,76.17,10.29,,100.0
146,Pitcairn,False,2017,66.75,95.52,10.43,76.07,76.07,10.43,,100.0
146,Pitcairn,False,2018,67.92,95.5,10.55,75.98,75.98,10.55,,100.0
146,Pitcairn,False,2019,67.79,95.41,10.07,75.88,75.88,10.07,,100.0
146,Pitcairn,False,2020,71.99,95.32,10.04,75.78,75.78,10.04,,100.0
146,Pitcairn,False,2021,72.79,95.23,9.49,75.69,75.69,9.49,,100.0
146,Pitcairn,False,2022,71.14,95.19,9.48,75.59,75.59,9.48,,100.0
146,Pitcairn,False,2023,69.98,95.43,9.61,75.49,75.49,9.61,,100.0
146,Pitcairn,False,2024,65.9,95.75,9.68,75.4,75.4,9.68,,100.0
146,Pitcairn,False,2025,65.71,95.75,9.8,75.3,75.3,9.8,,100.0
147,French Polynesia,False,2012,67.56,92.08,60.49,77.02,88.43,51.15,99.83,0.0
147,French Polynesia,False,2013,67.35,92.11,59.2,77.02,88.43,52.68,99.83,0.0
147,French Polynesia,False,2014,67.93,91.5,59.44,76.78,88.27,53.36,99.76,0.0
147,French Polynesia,False,2015,68.79,91.42,59.69,76.53,88.14,55.63,99.75,0.0
147,French Polynesia,False,2016,73.47,91.34,59.65,76.29,88.04,54.71,99.79,0.0
147,French Polynesia,False,2017,73.97,91.27,58.83,76.04,87.92,54.7,99.79,0.0
147,French Polynesia,False,2018,74.0,91.2,58.61,75.8,87.79,53.82,99.79,0.0
147,French Polynesia,False,2019,77.31,91.14,58.24,75.56,87.67,55.47,99.79,0.0
147,French Polynesia,False,2020,77.4,91.07,58.09,75.31,87.55,54.24,99.79,0.0
147,French Polynesia,False,2021,77.96,91.01,57.93,75.07,87.43,53.23,99.79,0.0
147,French Polynesia,False,2022,76.1,91.09,57.95,74.82,87.3,53.89,99.79,0.0
147,French Polynesia,False,2023,68.59,91.28,58.09,74.58,87.18,54.03,99.79,0.0
147,French Polynesia,False,2024,67.4,91.48,58.21,74.33,87.06,54.14,99.79,0.0
147,French Polynesia,False,2025,75.11,91.48,58.3,74.09,86.94,54.22,99.79,0.0
148,Line Islands (Kiribati),False,2012,65.6,89.47,51.2,76.66,87.61,51.2,98.56,0.0
148,Line Islands (Kiribati),False,2013,65.61,89.32,50.69,76.66,87.73,50.69,98.8,0.0
148,Line Islands (Kiribati),False,2014,66.05,90.27,51.53,76.32,87.82,51.53,99.32,0.0
148,Line Islands (Kiribati),False,2015,65.11,90.39,51.56,75.98,87.77,51.56,99.55,0.0
148,Line Islands (Kiribati),False,2016,63.97,90.5,51.87,75.64,87.22,51.87,98.79,0.0
148,Line Islands (Kiribati),False,2017,61.96,90.6,51.71,75.31,86.77,51.71,98.24,0.0
148,Line Islands (Kiribati),False,2018,61.66,90.67,51.67,74.97,86.6,51.67,98.24,0.0
148,Line Islands (Kiribati),False,2019,67.7,90.51,51.54,74.63,86.43,51.54,98.24,0.0
148,Line Islands (Kiribati),False,2020,61.17,90.28,51.54,74.3,86.27,51.54,98.24,0.0
148,Line Islands (Kiribati),False,2021,60.53,90.04,51.55,73.96,86.1,51.55,98.24,0.0
148,Line Islands (Kiribati),False,2022,59.7,89.9,51.54,73.62,85.93,51.54,98.24,0.0
148,Line Islands (Kiribati),False,2023,59.84,90.57,51.59,73.28,85.76,51.59,98.24,0.0
148,Line Islands (Kiribati),False,2024,60.8,90.87,51.61,72.95,85.59,51.61,98.24,0.0
148,Line Islands (Kiribati),False,2025,60.77,90.87,51.6,72.61,85.42,51.6,98.24,0.0
149,Jarvis Island,False,2012,85.34,97.31,89.83,77.04,75.42,89.83,73.81,100.0
149,Jarvis Island,False,2013,85.86,97.31,89.57,77.04,78.29,89.57,79.55,100.0
149,Jarvis Island,False,2014,86.31,97.31,90.77,76.7,79.36,90.77,82.03,100.0
149,Jarvis Island,False,2015,87.16,97.31,90.83,76.36,83.46,90.83,90.57,100.0
149,Jarvis Island,False,2016,87.72,97.31,90.99,76.02,86.09,90.99,96.17,100.0
149,Jarvis Island,False,2017,87.69,97.31,90.72,75.68,86.19,90.72,96.71,100.0
149,Jarvis Island,False,2018,86.92,97.31,87.02,75.34,86.03,87.02,96.71,100.0
149,Jarvis Island,False,2019,86.61,97.31,86.4,75.0,85.86,86.4,96.71,100.0
149,Jarvis Island,False,2020,86.23,97.31,86.13,74.66,85.69,86.13,96.71,100.0
149,Jarvis Island,False,2021,85.64,97.31,86.3,74.32,85.52,86.3,96.71,100.0
149,Jarvis Island,False,2022,85.76,97.31,87.14,73.98,85.35,87.14,96.71,100.0
149,Jarvis Island,False,2023,85.73,97.31,87.27,73.64,85.18,87.27,96.71,100.0
149,Jarvis Island,False,2024,85.7,97.31,87.36,73.3,85.01,87.36,96.71,100.0
149,Jarvis Island,False,2025,85.67,97.31,87.4,72.96,84.84,87.4,96.71,100.0
150,Palmyra Atoll,False,2012,81.05,97.04,89.78,75.77,72.48,89.78,69.18,100.0
150,Palmyra Atoll,False,2013,81.3,97.04,89.38,75.77,74.14,89.38,72.5,100.0
150,Palmyra Atoll,False,2014,81.52,97.04,90.86,75.48,73.71,90.86,71.95,100.0
150,Palmyra Atoll,False,2015,84.11,97.04,90.9,75.18,86.56,90.9,97.95,100.0
150,Palmyra Atoll,False,2016,83.3,97.04,91.36,74.88,82.02,91.36,89.16,100.0
150,Palmyra Atoll,False,2017,81.98,97.04,91.38,74.58,75.43,91.38,76.28,100.0
150,Palmyra Atoll,False,2018,81.9,97.04,91.09,74.28,75.28,91.09,76.28,100.0
150,Palmyra Atoll,False,2019,81.71,97.04,91.05,73.99,75.13,91.05,76.28,100.0
150,Palmyra Atoll,False,2020,81.38,97.04,91.0,73.69,74.99,91.0,76.28,100.0
150,Palmyra Atoll,False,2021,80.75,97.04,90.97,73.39,74.84,90.97,76.28,100.0
150,Palmyra Atoll,False,2022,80.71,97.04,90.97,73.09,74.69,90.97,76.28,100.0
150,Palmyra Atoll,False,2023,80.67,97.04,91.0,72.8,74.54,91.0,76.28,100.0
150,Palmyra Atoll,False,2024,80.62,97.04,91.0,72.5,74.39,91.0,76.28,100.0
150,Palmyra Atoll,False,2025,80.59,97.04,91.0,72.2,74.24,91.0,76.28,100.0
151,American Samoa,False,2012,74.22,65.63,41.66,77.88,87.38,41.66,96.88,69.96
151,American Samoa,False,2013,73.95,65.63,41.56,77.88,87.38,41.56,96.88,70.0
151,American Samoa,False,2014,73.76,65.55,41.25,77.58,87.23,41.25,96.88,70.01
151,American Samoa,False,2015,73.41,65.25,41.09,77.28,87.08,41.09,96.88,70.01
151,American Samoa,False,2016,72.0,64.96,40.95,76.99,86.93,40.95,96.88,70.0
151,American Samoa,False,2017,72.04,64.69,40.72,76.69,86.78,40.72,96.88,69.99
151,American Samoa,False,2018,70.85,64.41,40.7,76.39,86.63,40.7,96.88,69.99
151,American Samoa,False,2019,70.36,64.13,40.52,76.09,86.48,40.52,96.88,69.99
151,American Samoa,False,2020,72.12,64.14,39.0,75.79,86.33,39.0,96.88,69.99
151,American Samoa,False,2021,72.4,64.17,38.76,75.49,86.18,38.76,96.88,69.99
151,American Samoa,False,2022,72.35,64.2,38.8,75.2,86.04,38.8,96.88,69.99
151,American Samoa,False,2023,61.93,64.23,39.07,74.9,85.89,39.07,96.88,69.99
151,American Samoa,False,2024,60.06,64.23,39.47,74.6,85.74,39.47,96.88,69.99
151,American Samoa,False,2025,61.49,64.23,39.5,74.3,85.59,39.5,96.88,69.99
152,Samoa,True,2012,77.44,87.09,66.64,79.7,77.02,66.64,74.33,1.6
152,Samoa,True,2013,77.25,87.16,66.7,79.7,77.02,66.7,74.33,1.6
152,Samoa,True,2014,77.39,89.16,65.64,79.41,76.87,65.64,74.33,1.6
152,Samoa,True,2015,77.79,89.48,65.25,79.11,76.72,65.25,74.33,1.6
152,Samoa,True,2016,76.55,89.74,64.87,78.82,76.57,64.86,74.33,1.6
152,Samoa,True,2017,76.67,90.07,64.0,78.52,76.43,63.99,74.33,1.6
152,Samoa,True,2018,77.41,90.45,63.96,78.22,76.28,63.95,74.33,1.6
152,Samoa,True,2019,77.95,90.86,62.8,77.93,76.13,62.8,74.33,1.6
152,Samoa,True,2020,81.09,91.32,62.24,77.63,75.98,62.23,74.33,1.6
152,Samoa,True,2021,81.04,91.83,62.0,77.34,75.83,61.97,74.33,1.6
152,Samoa,True,2022,81.06,92.4,62.19,77.04,75.69,62.13,74.33,1.6
152,Samoa,True,2023,69.85,93.1,62.59,76.75,75.54,62.54,74.33,1.6
152,Samoa,True,2024,68.01,93.91,62.81,76.45,75.39,62.76,74.33,1.6
152,Samoa,True,2025,70.59,93.91,62.9,76.15,75.24,62.85,74.33,1.6
153,Cook Islands,False,2012,65.86,83.04,40.02,77.11,82.18,40.01,87.26,0.8
153,Cook Islands,False,2013,65.56,83.05,39.87,77.11,82.19,39.86,87.26,0.8
153,Cook Islands,False,2014,65.62,83.87,39.27,76.83,82.06,39.26,87.29,0.8
153,Cook Islands,False,2015,65.11,83.94,38.73,76.56,81.98,38.73,87.41,0.8
153,Cook Islands,False,2016,64.39,84.0,38.45,76.28,81.8,38.45,87.31,0.8
153,Cook Islands,False,2017,68.99,84.04,37.82,76.01,81.65,37.82,87.29,100.0
153,Cook Islands,False,2018,68.38,84.08,37.64,75.73,81.51,37.64,87.29,100.0
153,Cook Islands,False,2019,67.93,84.12,37.12,75.46,81.37,37.11,87.29,100.0
153,Cook Islands,False,2020,67.52,84.17,36.83,75.18,81.23,36.83,87.29,100.0
153,Cook Islands,False,2021,67.4,84.1,36.94,74.91,81.1,36.93,87.29,100.0
153,Cook Islands,False,2022,67.72,84.02,37.07,74.63,80.96,37.0,87.29,100.0
153,Cook Islands,False,2023,67.87,83.98,37.26,74.36,80.82,37.19,87.29,100.0
153,Cook Islands,False,2024,67.96,83.97,37.37,74.08,80.68,37.3,87.29,100.0
153,Cook Islands,False,2025,67.96,83.97,37.4,73.8,80.54,37.33,87.29,100.0
154,Niue,False,2012,61.66,95.93,21.62,76.74,85.78,21.62,94.81,0.0
154,Niue,False,2013,61.28,95.93,21.67,76.68,85.34,21.67,94.0,0.0
154,Niue,False,2014,59.57,88.01,21.28,76.41,85.42,21.28,94.44,0.0
154,Niue,False,2015,59.49,87.98,21.3,76.14,84.61,21.3,93.08,0.0
154,Niue,False,2016,59.9,89.13,21.22,76.08,84.41,21.22,92.74,0.0
154,Niue,False,2017,60.0,90.19,20.97,75.83,84.32,20.97,92.81,0.0
154,Niue,False,2018,60.07,90.93,21.07,75.58,84.19,21.07,92.81,0.0
154,Niue,False,2019,60.03,91.47,20.84,75.32,84.07,20.84,92.81,0.0
154,Niue,False,2020,59.7,91.88,20.59,75.07,83.94,20.59,92.81,0.0
154,Niue,False,2021,59.25,92.21,20.46,74.82,83.81,20.46,92.81,0.0
154,Niue,False,2022,59.23,92.51,20.47,74.57,83.69,20.47,92.81,0.0
154,Niue,False,2023,59.33,93.39,20.57,74.32,83.56,20.57,92.81,0.0
154,Niue,False,2024,59.6,94.42,20.65,74.07,83.44,20.65,92.81,0.0
154,Niue,False,2025,59.54,94.42,20.7,73.81,83.31,20.7,92.81,0.0
155,Tonga,True,2012,67.94,81.93,32.42,78.32,87.57,32.09,96.83,29.22
155,Tonga,True,2013,69.63,82.18,32.4,78.32,87.57,32.2,96.82,29.22
155,Tonga,True,2014,71.96,84.05,31.87,78.05,87.44,31.76,96.83,29.22
155,Tonga,True,2015,74.45,84.21,31.17,77.79,87.32,31.13,96.86,29.22
155,Tonga,True,2016,73.82,85.14,30.91,77.52,87.18,30.79,96.83,29.22
155,Tonga,True,2017,72.08,85.34,30.42,77.26,87.28,30.21,97.3,29.22
155,Tonga,True,2018,70.41,85.51,30.46,77.0,87.15,30.25,97.3,29.22
155,Tonga,True,2019,68.94,85.68,30.15,76.73,87.02,29.85,97.3,29.22
155,Tonga,True,2020,74.78,85.86,29.83,76.47,86.64,29.57,96.82,29.22
155,Tonga,True,2021,76.23,86.05,29.79,76.2,86.51,29.55,96.82,29.22
155,Tonga,True,2022,79.5,86.27,29.88,75.94,86.38,29.58,96.82,29.22
155,Tonga,True,2023,72.06,86.55,30.05,75.68,86.25,29.75,96.82,29.22
155,Tonga,True,2024,68.67,86.86,30.16,75.41,86.11,29.87,96.82,29.22
155,Tonga,True,2025,71.29,86.86,30.2,75.15,85.98,29.9,96.82,29.22
156,Tokelau,False,2012,73.35,83.77,63.21,77.84,88.92,63.21,100.0,0.0
156,Tokelau,False,2013,73.36,83.77,63.23,77.84,88.92,63.23,100.0,0.0
156,Tokelau,False,2014,73.83,86.88,63.13,77.51,88.75,63.13,100.0,0.0
156,Tokelau,False,2015,73.95,87.68,63.11,77.17,88.58,63.11,100.0,0.0
156,Tokelau,False,2016,74.21,88.73,63.11,76.83,88.42,63.11,100.0,0.0
156,Tokelau,False,2017,74.29,90.15,62.97,76.5,88.25,62.97,100.0,0.0
156,Tokelau,False,2018,74.58,92.03,62.99,76.16,88.08,62.99,100.0,0.0
156,Tokelau,False,2019,74.64,93.35,62.87,75.82,87.91,62.87,100.0,0.0
156,Tokelau,False,2020,74.22,93.16,62.63,75.49,87.74,62.63,100.0,0.0
156,Tokelau,False,2021,73.55,92.07,62.51,75.15,87.58,62.51,100.0,0.0
156,Tokelau,False,2022,73.27,90.61,62.52,74.82,87.41,62.52,100.0,0.0
156,Tokelau,False,2023,73.08,89.65,62.61,74.48,87.24,62.61,100.0,0.0
156,Tokelau,False,2024,73.04,89.57,62.67,74.14,87.07,62.67,100.0,0.0
156,Tokelau,False,2025,73.02,89.57,62.7,73.81,86.9,62.7,100.0,0.0
157,Phoenix Islands (Kiribati),False,2012,79.47,95.79,81.4,78.08,87.76,81.4,97.44,100.0
157,Phoenix Islands (Kiribati),False,2013,79.63,95.79,81.17,78.08,88.34,81.17,98.6,100.0
157,Phoenix Islands (Kiribati),False,2014,80.38,98.6,81.47,77.74,88.5,81.47,99.26,100.0
157,Phoenix Islands (Kiribati),False,2015,80.33,98.62,81.38,77.41,88.06,81.38,98.7,100.0
157,Phoenix Islands (Kiribati),False,2016,80.39,98.64,81.44,77.08,87.95,81.44,98.81,100.0
157,Phoenix Islands (Kiribati),False,2017,80.25,98.66,81.28,76.75,87.07,81.28,97.38,100.0
157,Phoenix Islands (Kiribati),False,2018,80.23,98.67,81.23,76.42,86.9,81.23,97.38,100.0
157,Phoenix Islands (Kiribati),False,2019,80.03,98.68,81.19,76.09,86.74,81.19,97.38,100.0
157,Phoenix Islands (Kiribati),False,2020,79.7,98.69,81.09,75.76,86.57,81.09,97.38,100.0
157,Phoenix Islands (Kiribati),False,2021,79.3,98.7,81.1,75.43,86.41,81.1,97.38,100.0
157,Phoenix Islands (Kiribati),False,2022,79.13,98.71,81.12,75.1,86.24,81.12,97.38,100.0
157,Phoenix Islands (Kiribati),False,2023,79.04,98.72,81.17,74.76,86.07,81.17,97.38,100.0
157,Phoenix Islands (Kiribati),False,2024,79.0,98.7,81.2,74.43,85.91,81.2,97.38,100.0
157,Phoenix Islands (Kiribati),False,2025,78.99,98.7,81.2,74.1,85.74,81.2,97.38,100.0
158,Howland Island and Baker Island,False,2012,84.32,98.13,86.96,77.92,69.31,86.96,60.69,100.0
158,Howland Island and Baker Island,False,2013,86.22,98.13,86.76,77.92,78.98,86.76,80.04,100.0
158,Howland Island and Baker Island,False,2014,86.29,98.13,87.47,77.64,78.6,87.47,79.57,100.0
158,Howland Island and Baker Island,False,2015,87.68,98.13,87.31,77.36,85.66,87.31,93.95,100.0
158,Howland Island and Baker Island,False,2016,87.8,98.13,87.46,77.07,86.1,87.46,95.13,100.0
158,Howland Island and Baker Island,False,2017,87.41,98.13,87.42,76.79,84.18,87.42,91.57,100.0
158,Howland Island and Baker Island,False,2018,87.36,98.13,87.32,76.51,84.04,87.32,91.57,100.0
158,Howland Island and Baker Island,False,2019,87.18,98.13,87.29,76.22,83.89,87.29,91.57,100.0
158,Howland Island and Baker Island,False,2020,86.86,98.13,87.26,75.94,83.75,87.26,91.57,100.0
158,Howland Island and Baker Island,False,2021,86.23,98.13,87.24,75.65,83.61,87.24,91.57,100.0
158,Howland Island and Baker Island,False,2022,86.19,98.13,87.25,75.37,83.47,87.25,91.57,100.0
158,Howland Island and Baker Island,False,2023,86.15,98.13,87.29,75.09,83.33,87.29,91.57,100.0
158,Howland Island and Baker Island,False,2024,86.11,98.13,87.3,74.8,83.18,87.3,91.57,100.0
158,Howland Island and Baker Island,False,2025,86.08,98.13,87.3,74.52,83.04,87.3,91.57,100.0
159,Johnston Atoll,False,2012,64.1,86.79,10.18,76.0,77.56,10.18,79.11,100.0
159,Johnston Atoll,False,2013,63.6,86.79,9.93,76.0,75.3,9.93,74.59,100.0
159,Johnston Atoll,False,2014,63.28,86.79,10.36,75.75,73.29,10.36,70.83,100.0
159,Johnston Atoll,False,2015,66.15,86.79,10.18,75.49,87.75,10.18,100.0,100.0
159,Johnston Atoll,False,2016,66.16,86.79,10.36,75.24,87.58,10.36,99.91,100.0
159,Johnston Atoll,False,2017,65.5,86.79,10.4,74.99,84.26,10.4,93.54,100.0
159,Johnston Atoll,False,2018,65.47,86.79,10.37,74.73,84.13,10.37,93.54,100.0
159,Johnston Atoll,False,2019,65.29,86.79,10.31,74.48,84.01,10.31,93.54,100.0
159,Johnston Atoll,False,2020,64.96,86.79,10.27,74.22,83.88,10.27,93.54,100.0
159,Johnston Atoll,False,2021,64.34,86.79,10.25,73.97,83.75,10.25,93.54,100.0
159,Johnston Atoll,False,2022,64.3,86.79,10.26,73.71,83.62,10.26,93.54,100.0
159,Johnston Atoll,False,2023,64.27,86.79,10.3,73.46,83.5,10.3,93.54,100.0
159,Johnston Atoll,False,2024,64.23,86.79,10.3,73.2,83.37,10.3,93.54,100.0
159,Johnston Atoll,False,2025,64.2,86.79,10.3,72.95,83.24,10.3,93.54,100.0
161,Wallis and Futuna,False,2012,71.43,88.99,68.56,78.64,89.24,68.56,99.85,0.0
161,Wallis and Futuna,False,2013,71.45,88.99,68.43,78.64,89.27,68.43,99.91,0.0
161,Wallis and Futuna,False,2014,71.35,89.2,67.86,78.36,89.14,67.86,99.92,0.0
161,Wallis and Futuna,False,2015,71.32,89.14,67.75,78.08,88.95,67.75,99.82,0.0
161,Wallis and Futuna,False,2016,71.28,89.1,67.73,77.8,88.8,67.73,99.8,0.0
161,Wallis and Futuna,False,2017,71.11,89.07,67.4,77.53,88.59,67.4,99.65,0.0
161,Wallis and Futuna,False,2018,71.17,89.0,67.67,77.25,88.45,67.67,99.65,0.0
161,Wallis and Futuna,False,2019,70.98,88.92,67.24,76.97,88.31,67.24,99.65,0.0
161,Wallis and Futuna,False,2020,76.69,88.85,66.85,76.69,88.17,66.85,99.65,0.0
161,Wallis and Futuna,False,2021,76.18,88.78,66.6,76.41,88.03,66.6,99.65,0.0
161,Wallis and Futuna,False,2022,76.01,88.73,66.62,76.13,87.89,66.62,99.65,0.0
161,Wallis and Futuna,False,2023,76.01,88.79,66.8,75.85,87.75,66.8,99.65,0.0
161,Wallis and Futuna,False,2024,71.99,88.86,66.94,75.57,87.61,66.94,99.65,0.0
161,Wallis and Futuna,False,2025,71.63,88.86,67.0,75.29,87.47,67.0,99.65,0.0
162,New Zealand,True,2012,80.05,80.33,62.55,76.96,81.0,52.95,85.04,57.77
162,New Zealand,True,2013,78.56,78.8,61.41,76.96,81.0,51.0,85.03,57.79
162,New Zealand,True,2014,79.34,85.88,60.36,77.04,80.92,51.41,84.8,58.63
162,New Zealand,True,2015,79.76,85.46,59.74,77.13,80.77,49.67,84.41,59.69
162,New Zealand,True,2016,79.92,77.28,59.39,77.21,80.9,48.38,84.59,59.82
162,New Zealand,True,2017,80.05,72.42,58.38,77.3,81.04,48.52,84.79,59.71
162,New Zealand,True,2018,79.96,72.37,57.7,77.38,81.08,47.04,84.78,59.36
162,New Zealand,True,2019,80.25,85.89,57.54,77.46,81.12,45.48,84.77,59.15
162,New Zealand,True,2020,81.21,85.94,58.76,77.55,81.15,46.46,84.75,59.15
162,New Zealand,True,2021,82.01,86.01,57.88,77.63,81.19,45.57,84.75,59.15
162,New Zealand,True,2022,81.6,79.29,58.11,77.72,81.23,46.18,84.75,59.13
162,New Zealand,True,2023,73.59,72.55,58.18,77.8,81.28,46.23,84.75,59.13
162,New Zealand,True,2024,72.5,72.55,58.11,77.88,81.32,46.17,84.75,59.12
162,New Zealand,True,2025,75.34,72.55,58.41,77.97,81.36,46.39,84.75,59.12
163,United States,True,2012,80.71,87.8,73.17,78.81,76.24,69.8,73.66,80.55
163,United States,True,2013,83.28,86.73,75.55,78.81,76.24,72.13,73.67,80.56
163,United States,True,2014,84.53,83.5,77.63,78.64,76.24,74.56,73.85,80.47
163,United States,True,2015,84.17,81.69,77.57,78.47,76.64,74.31,74.81,80.4
163,United States,True,2016,83.98,81.02,74.49,78.3,76.51,71.55,74.71,80.28
163,United States,True,2017,83.11,82.13,73.22,78.13,76.42,69.96,74.7,80.28
163,United States,True,2018,81.1,82.82,72.13,77.96,76.31,68.79,74.66,80.28
163,United States,True,2019,79.97,83.28,70.92,77.79,75.99,67.85,74.18,80.31
163,United States,True,2020,79.07,83.59,70.53,77.62,75.47,66.94,73.31,80.31
163,United States,True,2021,78.91,83.85,71.13,77.45,75.39,67.0,73.32,80.31
163,United States,True,2022,80.36,84.03,71.55,77.28,75.44,67.58,73.6,80.31
163,United States,True,2023,72.93,84.26,71.69,77.11,76.54,67.71,75.96,80.3
163,United States,True,2024,75.54,84.47,72.05,76.94,76.8,68.05,76.66,80.3
163,United States,True,2025,80.38,84.47,71.97,76.77,76.76,67.97,76.75,80.3
164,Belize,True,2012,64.26,86.49,61.05,85.36,74.41,29.09,63.46,57.21
164,Belize,True,2013,63.33,85.3,59.68,85.36,74.49,29.12,63.63,57.18
164,Belize,True,2014,66.02,85.35,59.55,84.81,74.16,39.72,63.51,57.12
164,Belize,True,2015,73.89,84.3,59.32,84.26,74.38,52.74,64.5,70.58
164,Belize,True,2016,73.9,79.91,59.26,83.71,74.01,56.13,64.31,72.68
164,Belize,True,2017,74.08,81.75,59.21,83.16,73.79,55.2,64.41,72.71
164,Belize,True,2018,72.85,83.42,58.69,82.61,73.72,54.47,64.83,70.81
164,Belize,True,2019,70.15,87.51,58.5,82.06,73.5,54.64,64.93,66.98
164,Belize,True,2020,72.62,89.3,58.53,81.51,73.22,54.21,64.92,74.16
164,Belize,True,2021,74.07,88.08,58.71,80.97,72.94,53.66,64.92,75.12
164,Belize,True,2022,74.2,86.74,58.84,80.42,72.67,52.88,64.92,100.0
164,Belize,True,2023,70.39,86.68,58.89,79.87,72.39,52.92,64.92,100.0
164,Belize,True,2024,73.21,86.7,58.89,79.32,72.12,52.92,64.92,100.0
164,Belize,True,2025,73.98,86.7,58.9,78.77,71.84,52.94,64.92,100.0
166,Jamaica,True,2012,68.42,54.31,34.47,80.64,72.76,34.42,64.88,93.76
166,Jamaica,True,2013,68.75,54.27,34.55,80.64,72.74,34.54,64.83,93.5
166,Jamaica,True,2014,69.11,55.85,34.39,80.4,72.57,34.38,64.75,93.49
166,Jamaica,True,2015,69.66,56.31,34.32,80.15,72.47,34.31,64.78,93.49
166,Jamaica,True,2016,66.71,56.62,34.5,79.9,71.85,34.49,63.8,93.49
166,Jamaica,True,2017,67.09,56.99,34.16,79.66,71.65,34.15,63.65,93.49
166,Jamaica,True,2018,69.73,57.35,34.03,79.41,71.46,34.02,63.51,93.49
166,Jamaica,True,2019,70.17,57.32,33.89,79.17,71.34,33.89,63.52,93.49
166,Jamaica,True,2020,76.42,57.32,33.78,78.92,71.23,33.77,63.54,93.49
166,Jamaica,True,2021,76.87,57.17,33.86,78.67,71.1,33.85,63.54,94.93
166,Jamaica,True,2022,76.45,57.19,33.91,78.43,70.98,33.91,63.54,95.11
166,Jamaica,True,2023,69.18,57.14,33.95,78.18,70.86,33.94,63.54,95.11
166,Jamaica,True,2024,69.3,57.24,33.98,77.93,70.74,33.97,63.54,94.93
166,Jamaica,True,2025,74.44,57.11,34.0,77.69,70.61,33.99,63.54,94.56
167,Guyana,True,2012,59.35,85.94,33.46,80.49,67.28,33.44,54.08,31.09
167,Guyana,True,2013,60.34,87.86,33.44,80.35,67.5,33.29,54.65,31.09
167,Guyana,True,2014,57.63,88.4,33.2,80.09,67.33,33.11,54.58,31.09
167,Guyana,True,2015,58.6,86.51,33.03,80.08,68.29,33.0,56.51,23.29
167,Guyana,True,2016,61.23,87.26,33.1,80.04,70.66,32.97,61.28,23.29
167,Guyana,True,2017,59.51,86.19,33.2,79.74,68.58,33.06,57.42,23.29
167,Guyana,True,2018,60.28,88.11,33.35,79.5,68.42,33.2,57.35,23.29
167,Guyana,True,2019,61.59,89.54,33.55,79.23,68.24,33.48,57.24,23.29
167,Guyana,True,2020,58.73,88.56,33.69,78.97,68.11,33.61,57.26,23.29
167,Guyana,True,2021,63.51,88.1,33.95,78.7,67.98,33.32,57.26,23.29
167,Guyana,True,2022,62.59,87.54,33.96,78.43,67.84,32.88,57.26,23.29
167,Guyana,True,2023,55.58,87.82,33.92,78.16,67.71,32.84,57.26,23.29
167,Guyana,True,2024,63.31,88.12,33.85,77.89,67.57,32.77,57.26,23.29
167,Guyana,True,2025,69.47,88.12,33.8,77.62,67.44,32.73,57.26,23.29
168,Suriname,True,2012,70.67,78.9,54.12,80.7,76.56,54.04,72.42,100.0
168,Suriname,True,2013,74.09,80.79,53.97,80.7,76.39,53.9,72.08,100.0
168,Suriname,True,2014,74.59,81.71,53.66,80.41,76.11,53.59,71.8,100.0
168,Suriname,True,2015,76.91,82.9,53.42,80.12,77.08,53.39,74.04,100.0
168,Suriname,True,2016,76.48,83.51,53.55,79.83,78.01,53.53,76.19,100.0
168,Suriname,True,2017,76.87,83.55,53.19,79.54,77.62,53.18,75.69,100.0
168,Suriname,True,2018,77.24,83.76,53.16,79.25,77.45,53.15,75.65,100.0
168,Suriname,True,2019,77.16,84.1,53.28,78.97,77.3,53.27,75.64,100.0
168,Suriname,True,2020,76.81,84.37,53.61,78.68,77.05,53.6,75.42,100.0
168,Suriname,True,2021,73.35,84.61,54.05,78.39,76.9,54.04,75.42,100.0
168,Suriname,True,2022,73.23,84.91,54.12,78.1,76.76,54.11,75.42,100.0
168,Suriname,True,2023,65.17,84.78,54.08,77.81,76.61,54.06,75.42,100.0
168,Suriname,True,2024,64.42,84.51,53.98,77.52,76.47,53.97,75.42,100.0
168,Suriname,True,2025,71.99,84.51,53.9,77.23,76.33,53.89,75.42,100.0
169,French Guiana,False,2012,75.64,67.86,24.9,79.86,78.35,24.9,76.84,100.0
169,French Guiana,False,2013,75.71,68.6,24.28,79.86,78.27,24.28,76.67,100.0
169,French Guiana,False,2014,76.0,69.68,24.03,79.62,77.9,24.03,76.18,100.0
169,French Guiana,False,2015,76.15,69.95,24.06,79.39,78.29,24.06,77.19,100.0
169,French Guiana,False,2016,76.36,70.09,24.71,79.15,78.17,24.71,77.2,100.0
169,French Guiana,False,2017,76.38,70.11,25.49,78.92,78.07,25.49,77.23,100.0
169,French Guiana,False,2018,76.56,70.14,26.72,78.68,77.95,26.72,77.22,100.0
169,French Guiana,False,2019,76.76,70.17,28.15,78.44,77.82,28.15,77.2,100.0
169,French Guiana,False,2020,76.73,70.21,29.71,78.21,77.7,29.71,77.19,100.0
169,French Guiana,False,2021,76.98,70.24,31.37,77.97,77.58,31.37,77.19,100.0
169,French Guiana,False,2022,76.67,70.26,31.14,77.74,77.46,31.14,77.19,100.0
169,French Guiana,False,2023,76.64,70.35,30.57,77.5,77.35,30.57,77.19,100.0
169,French Guiana,False,2024,76.64,70.36,29.93,77.26,77.23,29.93,77.19,100.0
169,French Guiana,False,2025,76.66,70.36,29.5,77.03,77.11,29.5,77.19,100.0
171,Brazil,True,2012,74.55,56.42,46.96,77.24,77.61,39.78,77.97,99.8
171,Brazil,True,2013,75.16,56.56,46.23,77.24,77.53,38.79,77.82,100.0
171,Brazil,True,2014,76.37,57.78,46.1,77.01,77.7,38.84,78.39,100.0
171,Brazil,True,2015,79.87,57.99,45.71,76.77,77.81,40.03,78.84,100.0
171,Brazil,True,2016,80.1,58.01,45.81,76.53,77.86,40.5,79.19,100.0
171,Brazil,True,2017,80.32,58.3,45.77,76.29,77.75,40.95,79.2,100.0
171,Brazil,True,2018,80.16,58.54,46.29,76.05,77.63,40.18,79.2,100.0
171,Brazil,True,2019,80.05,58.65,46.66,75.82,77.51,39.73,79.21,100.0
171,Brazil,True,2020,79.42,58.73,46.99,75.58,77.39,39.23,79.21,100.0
171,Brazil,True,2021,77.84,58.91,47.18,75.34,77.28,36.9,79.21,100.0
171,Brazil,True,2022,77.85,59.09,47.09,75.1,77.16,36.09,79.21,100.0
171,Brazil,True,2023,72.03,59.41,47.03,74.87,77.04,36.05,79.21,100.0
171,Brazil,True,2024,70.63,59.32,46.96,74.63,76.92,36.03,79.21,100.0
171,Brazil,True,2025,74.87,59.35,46.9,74.39,76.8,36.03,79.21,100.0
172,Argentina,True,2012,67.43,79.73,43.47,75.87,67.87,43.47,59.88,94.51
172,Argentina,True,2013,70.49,77.65,45.0,75.89,67.98,44.99,60.07,92.7
172,Argentina,True,2014,70.61,79.14,42.66,75.87,68.31,42.66,60.76,100.0
172,Argentina,True,2015,71.38,82.34,45.77,75.79,68.57,45.77,61.35,100.0
172,Argentina,True,2016,71.41,84.12,47.25,75.67,68.74,47.25,61.82,100.0
172,Argentina,True,2017,72.03,84.63,47.64,75.55,68.57,47.64,61.58,100.0
172,Argentina,True,2018,74.48,84.54,54.41,75.44,68.51,54.41,61.58,100.0
172,Argentina,True,2019,74.33,85.0,57.32,75.32,68.45,57.32,61.58,100.0
172,Argentina,True,2020,74.1,85.21,59.65,75.2,68.39,59.64,61.58,100.0
172,Argentina,True,2021,73.57,85.52,60.32,75.09,68.33,60.31,61.58,100.0
172,Argentina,True,2022,73.58,86.31,58.33,74.97,68.27,58.33,61.58,100.0
172,Argentina,True,2023,68.8,87.05,57.13,74.85,68.22,57.13,61.58,100.0
172,Argentina,True,2024,65.16,88.01,56.45,74.74,68.16,56.45,61.58,100.0
172,Argentina,True,2025,68.19,88.01,56.18,74.62,68.1,56.17,61.58,100.0
173,Uruguay,True,2012,71.69,72.57,37.21,71.37,67.93,37.21,64.49,80.53
173,Uruguay,True,2013,72.7,72.03,40.83,71.37,67.63,40.83,63.89,80.2
173,Uruguay,True,2014,73.34,72.39,36.97,71.15,67.95,36.97,64.76,80.28
173,Uruguay,True,2015,76.03,71.78,37.1,70.94,65.64,37.1,60.34,98.57
173,Uruguay,True,2016,73.87,72.41,38.65,70.73,66.62,38.65,62.51,98.57
173,Uruguay,True,2017,75.07,72.91,40.13,70.51,66.61,40.13,62.72,98.59
173,Uruguay,True,2018,75.81,73.27,47.21,70.3,66.51,47.21,62.72,98.59
173,Uruguay,True,2019,75.31,73.57,51.32,70.09,66.4,51.32,62.72,97.2
173,Uruguay,True,2020,74.92,73.87,53.67,69.87,66.29,53.67,62.72,97.19
173,Uruguay,True,2021,76.13,74.25,52.78,69.66,66.19,52.78,62.72,97.18
173,Uruguay,True,2022,75.43,74.73,50.63,69.45,66.08,50.63,62.72,97.18
173,Uruguay,True,2023,69.61,75.32,49.37,69.23,65.97,49.37,62.72,97.18
173,Uruguay,True,2024,67.22,75.1,48.7,69.02,65.87,48.7,62.72,97.18
173,Uruguay,True,2025,73.35,75.1,48.64,68.81,65.76,48.64,62.72,97.18
174,Finland,True,2012,79.87,78.36,84.27,87.2,70.82,85.74,54.43,59.58
174,Finland,True,2013,81.28,79.85,83.51,87.2,70.84,85.28,54.48,59.59
174,Finland,True,2014,81.45,80.09,79.83,87.19,70.88,83.42,54.57,59.72
174,Finland,True,2015,81.15,79.66,78.01,87.18,71.33,82.18,55.48,61.77
174,Finland,True,2016,77.47,79.61,79.3,87.17,70.27,82.75,53.36,62.32
174,Finland,True,2017,75.89,78.66,81.25,87.17,69.46,83.83,51.75,62.32
174,Finland,True,2018,75.96,78.95,80.76,87.16,69.67,83.6,52.19,61.8
174,Finland,True,2019,76.78,79.18,72.21,87.15,70.58,77.79,54.0,61.0
174,Finland,True,2020,77.9,79.47,66.59,87.14,71.08,74.18,55.02,61.05
174,Finland,True,2021,76.88,78.9,62.72,87.14,70.72,73.07,54.3,61.42
174,Finland,True,2022,76.43,78.8,62.18,87.13,69.91,72.2,52.7,61.98
174,Finland,True,2023,68.53,78.83,61.2,87.12,69.84,71.61,52.56,62.04
174,Finland,True,2024,67.71,78.88,62.12,87.11,70.62,72.17,54.13,61.97
174,Finland,True,2025,70.92,78.88,63.05,87.1,71.45,72.73,55.8,61.81
175,Denmark,True,2012,71.99,56.73,29.82,81.27,69.61,35.91,57.96,100.0
175,Denmark,True,2013,71.92,56.46,29.64,81.27,69.62,34.78,57.97,100.0
175,Denmark,True,2014,71.19,56.71,29.69,81.42,69.82,34.62,58.21,100.0
175,Denmark,True,2015,71.42,55.7,29.49,81.58,69.91,36.47,58.25,100.0
175,Denmark,True,2016,71.6,55.52,30.43,81.73,69.86,36.31,57.99,100.0
175,Denmark,True,2017,73.94,55.02,31.79,81.89,69.85,37.56,57.81,100.0
175,Denmark,True,2018,73.88,54.59,30.81,82.04,69.61,36.58,57.18,100.0
175,Denmark,True,2019,74.0,54.55,29.05,82.2,69.58,32.56,56.96,100.0
175,Denmark,True,2020,75.09,55.48,28.75,82.35,69.88,33.56,57.4,100.0
175,Denmark,True,2021,75.9,55.98,29.43,82.51,70.33,37.09,58.16,100.0
175,Denmark,True,2022,76.1,56.04,30.54,82.66,70.38,37.96,58.09,100.0
175,Denmark,True,2023,69.61,56.05,30.71,82.82,70.3,38.05,57.79,100.0
175,Denmark,True,2024,69.53,56.07,30.5,82.97,70.06,37.85,57.15,100.0
175,Denmark,True,2025,72.84,56.07,30.21,83.13,70.3,37.59,57.48,100.0
176,Germany,True,2012,72.87,57.93,23.41,80.91,68.67,23.82,56.42,100.0
176,Germany,True,2013,74.09,57.86,23.39,80.91,68.6,24.96,56.29,100.0
176,Germany,True,2014,75.27,57.53,24.48,81.03,68.85,27.82,56.67,100.0
176,Germany,True,2015,76.84,57.24,24.36,81.14,69.11,35.58,57.07,100.0
176,Germany,True,2016,76.93,57.33,24.76,81.26,69.18,31.46,57.1,100.0
176,Germany,True,2017,77.4,57.25,24.98,81.38,69.39,27.56,57.4,100.0
176,Germany,True,2018,78.2,57.38,23.4,81.49,69.1,32.79,56.71,100.0
176,Germany,True,2019,77.52,57.68,21.8,81.61,69.16,35.32,56.71,100.0
176,Germany,True,2020,76.59,58.07,21.88,81.72,69.29,29.29,56.86,100.0
176,Germany,True,2021,77.0,58.06,23.33,81.84,69.51,30.6,57.17,100.0
176,Germany,True,2022,78.39,58.07,25.54,81.96,69.77,41.49,57.59,100.0
176,Germany,True,2023,70.89,58.07,26.16,82.07,69.65,40.44,57.23,100.0
176,Germany,True,2024,70.04,58.08,25.84,82.19,69.65,40.2,57.11,100.0
176,Germany,True,2025,75.5,58.08,25.28,82.3,69.66,39.35,57.03,100.0
177,Netherlands,True,2012,69.91,52.66,22.09,79.07,64.67,40.77,50.28,100.0
177,Netherlands,True,2013,71.83,52.69,22.03,79.07,64.59,46.47,50.12,100.0
177,Netherlands,True,2014,71.95,52.79,21.9,79.17,65.02,44.97,50.87,100.0
177,Netherlands,True,2015,73.07,52.47,21.89,79.28,65.61,56.72,51.95,100.0
177,Netherlands,True,2016,73.26,52.46,21.8,79.38,65.48,45.51,51.57,100.0
177,Netherlands,True,2017,74.64,52.37,22.03,79.49,65.61,48.5,51.74,100.0
177,Netherlands,True,2018,74.68,52.4,22.04,79.59,65.13,43.54,50.67,100.0
177,Netherlands,True,2019,75.03,52.41,21.79,79.7,65.01,47.04,50.32,100.0
177,Netherlands,True,2020,76.42,52.47,21.5,79.8,66.92,37.85,54.03,100.0
177,Netherlands,True,2021,75.59,52.47,21.13,79.91,68.27,41.9,56.64,100.0
177,Netherlands,True,2022,76.61,52.44,21.4,80.01,68.7,46.87,57.39,100.0
177,Netherlands,True,2023,69.95,52.43,21.54,80.12,68.56,46.95,57.01,100.0
177,Netherlands,True,2024,68.49,52.43,21.63,80.22,68.8,47.02,57.37,100.0
177,Netherlands,True,2025,74.71,52.43,21.67,80.32,70.78,47.05,61.24,100.0
178,Poland,True,2012,69.55,51.45,95.1,85.59,61.67,95.1,37.74,100.0
178,Poland,True,2013,69.38,51.28,94.82,85.59,61.62,94.82,37.64,100.0
178,Poland,True,2014,68.63,52.46,81.22,85.98,62.03,81.22,38.08,100.0
178,Poland,True,2015,69.89,52.63,75.31,86.37,62.51,75.31,38.65,100.0
178,Poland,True,2016,70.9,54.07,81.1,86.76,62.75,81.1,38.75,100.0
178,Poland,True,2017,75.22,55.01,89.69,87.14,62.86,89.69,38.57,100.0
178,Poland,True,2018,74.95,56.12,82.12,87.53,63.05,82.12,38.57,100.0
178,Poland,True,2019,73.36,56.93,65.07,87.92,63.24,65.07,38.57,100.0
178,Poland,True,2020,72.71,57.46,57.82,88.31,63.44,57.82,38.57,100.0
178,Poland,True,2021,72.83,57.0,57.75,88.7,63.63,57.75,38.57,100.0
178,Poland,True,2022,73.84,56.35,58.91,89.09,64.93,58.91,40.78,100.0
178,Poland,True,2023,67.3,55.51,54.75,89.47,65.13,54.75,40.78,100.0
178,Poland,True,2024,67.86,55.11,54.66,89.86,65.32,54.66,40.78,100.0
178,Poland,True,2025,71.4,55.11,54.9,90.25,63.55,54.9,36.85,100.0
179,France,True,2012,77.97,61.52,62.99,75.53,72.42,64.52,69.31,100.0
179,France,True,2013,77.62,61.61,63.18,75.53,72.32,62.32,69.11,100.0
179,France,True,2014,77.59,62.84,62.27,75.49,72.38,60.54,69.28,100.0
179,France,True,2015,76.23,61.89,61.37,75.45,72.41,58.71,69.38,100.0
179,France,True,2016,75.52,60.59,60.84,75.41,72.58,57.92,69.74,100.0
179,France,True,2017,75.41,60.42,60.38,75.36,74.15,57.02,72.93,100.0
179,France,True,2018,75.33,60.57,60.41,75.32,73.98,56.06,72.64,100.0
179,France,True,2019,76.45,60.54,59.94,75.28,74.67,55.27,74.06,100.0
179,France,True,2020,77.59,60.65,59.5,75.24,74.66,55.58,74.09,100.0
179,France,True,2021,80.15,60.93,59.34,75.2,75.02,56.99,74.85,100.0
179,France,True,2022,81.45,60.94,59.59,75.16,75.41,58.34,75.66,100.0
179,France,True,2023,77.46,60.95,59.85,75.12,75.4,59.33,75.69,100.0
179,France,True,2024,78.48,60.98,60.0,75.07,75.7,60.01,76.32,100.0
179,France,True,2025,80.91,60.98,60.03,75.03,75.98,59.54,76.94,100.0
180,United Kingdom,True,2012,77.4,70.21,51.7,76.7,70.51,44.17,64.31,100.0
180,United Kingdom,True,2013,77.7,70.34,51.7,76.7,70.55,44.16,64.4,100.0
180,United Kingdom,True,2014,78.3,70.56,51.39,76.88,70.75,44.78,64.61,100.0
180,United Kingdom,True,2015,78.23,70.53,50.98,77.06,71.0,43.55,64.95,100.0
180,United Kingdom,True,2016,78.02,70.53,50.7,77.24,71.35,43.49,65.46,100.0
180,United Kingdom,True,2017,78.58,70.47,50.24,77.41,71.41,44.58,65.42,100.0
180,United Kingdom,True,2018,78.05,70.48,49.79,77.59,71.5,42.8,65.42,100.0
180,United Kingdom,True,2019,77.87,70.51,48.69,77.77,71.34,41.66,64.92,100.0
180,United Kingdom,True,2020,77.76,70.61,47.73,77.94,71.4,41.3,64.85,100.0
180,United Kingdom,True,2021,78.25,70.54,47.76,78.12,71.68,42.14,65.25,100.0
180,United Kingdom,True,2022,78.18,70.64,48.26,78.3,72.34,42.94,66.37,100.0
180,United Kingdom,True,2023,70.96,70.65,48.81,78.48,72.95,43.46,67.42,100.0
180,United Kingdom,True,2024,68.94,70.68,49.05,78.65,72.85,43.72,67.04,100.0
180,United Kingdom,True,2025,75.67,70.68,48.99,78.83,72.57,43.58,66.31,100.0
181,Ireland,True,2012,69.03,68.22,65.97,74.66,65.45,57.6,56.24,63.25
181,Ireland,True,2013,69.4,68.23,66.2,74.66,65.28,59.49,55.9,58.92
181,Ireland,True,2014,69.19,67.46,65.37,74.83,65.59,55.14,56.34,58.41
181,Ireland,True,2015,71.41,67.81,64.29,75.0,66.0,55.12,56.99,58.19
181,Ireland,True,2016,72.92,67.76,64.44,75.17,66.06,53.73,56.94,60.55
181,Ireland,True,2017,74.31,67.78,64.56,75.34,66.22,55.82,57.1,64.94
181,Ireland,True,2018,75.84,67.94,64.93,75.51,66.31,56.7,57.1,69.86
181,Ireland,True,2019,77.56,67.48,64.43,75.69,66.39,55.05,57.1,94.2
181,Ireland,True,2020,76.33,67.01,63.47,75.86,66.48,53.06,57.1,94.22
181,Ireland,True,2021,76.48,67.31,63.64,76.03,66.56,52.41,57.1,97.18
181,Ireland,True,2022,77.82,67.44,64.0,76.2,66.65,53.51,57.1,98.78
181,Ireland,True,2023,68.44,67.47,64.29,76.37,66.73,53.69,57.1,100.0
181,Ireland,True,2024,68.27,67.5,64.44,76.54,66.82,53.85,57.1,100.0
181,Ireland,True,2025,74.49,67.5,64.35,76.71,66.9,53.78,57.1,100.0
182,Spain,True,2012,75.42,63.8,51.98,73.82,70.72,65.39,67.62,96.64
182,Spain,True,2013,76.32,63.3,51.64,73.82,70.56,65.99,67.3,96.59
182,Spain,True,2014,77.25,64.27,51.09,73.61,70.51,66.99,67.41,100.0
182,Spain,True,2015,78.04,65.3,50.94,73.4,70.51,67.62,67.62,100.0
182,Spain,True,2016,77.73,63.69,50.47,73.18,70.42,68.46,67.65,100.0
182,Spain,True,2017,78.67,63.49,49.87,72.97,70.56,68.67,68.15,100.0
182,Spain,True,2018,78.3,63.93,49.89,72.76,70.45,66.96,68.15,100.0
182,Spain,True,2019,78.46,63.97,49.8,72.54,70.35,66.64,68.15,100.0
182,Spain,True,2020,78.93,63.89,50.26,72.33,70.24,66.74,68.15,100.0
182,Spain,True,2021,78.6,63.39,50.19,72.12,70.13,66.48,68.15,100.0
182,Spain,True,2022,78.47,62.85,50.23,71.9,70.03,65.67,68.15,100.0
182,Spain,True,2023,70.71,62.78,50.4,71.69,69.92,65.63,68.15,100.0
182,Spain,True,2024,70.79,62.79,50.39,71.48,69.81,65.31,68.15,100.0
182,Spain,True,2025,76.49,62.79,50.44,71.27,69.71,65.01,68.15,100.0
183,Portugal,True,2012,70.35,58.2,44.98,74.94,72.74,41.86,70.54,100.0
183,Portugal,True,2013,68.69,58.53,44.14,74.94,72.68,41.67,70.42,100.0
183,Portugal,True,2014,68.77,59.12,42.89,74.85,72.58,41.2,70.32,100.0
183,Portugal,True,2015,69.47,62.98,43.01,74.76,73.07,41.63,71.38,100.0
183,Portugal,True,2016,72.87,60.6,42.87,74.67,73.01,41.57,71.36,100.0
183,Portugal,True,2017,74.23,61.09,43.25,74.58,72.93,41.44,71.29,100.0
183,Portugal,True,2018,75.61,62.0,44.13,74.49,72.89,42.27,71.29,100.0
183,Portugal,True,2019,76.84,62.89,43.63,74.39,72.84,40.89,71.29,100.0
183,Portugal,True,2020,79.68,63.82,43.67,74.3,72.8,41.19,71.29,100.0
183,Portugal,True,2021,78.27,63.79,43.73,74.21,72.75,42.67,71.29,100.0
183,Portugal,True,2022,77.85,63.37,43.7,74.12,72.7,44.65,71.29,100.0
183,Portugal,True,2023,69.71,62.65,43.87,74.03,72.66,46.04,71.29,100.0
183,Portugal,True,2024,66.48,61.86,43.86,73.94,72.61,46.63,71.29,100.0
183,Portugal,True,2025,71.54,61.86,43.81,73.85,72.57,47.5,71.29,100.0
184,Italy,True,2012,68.63,64.97,38.24,72.54,68.36,50.88,64.18,99.66
184,Italy,True,2013,68.66,64.73,38.02,72.54,68.39,52.48,64.25,99.39
184,Italy,True,2014,70.25,63.18,40.56,71.97,67.97,55.62,63.97,99.4
184,Italy,True,2015,71.43,62.58,41.51,71.41,68.09,56.94,64.77,99.88
184,Italy,True,2016,72.69,62.73,40.6,70.85,67.91,56.94,64.97,100.0
184,Italy,True,2017,73.17,62.89,39.95,70.28,67.6,54.52,64.91,100.0
184,Italy,True,2018,73.38,63.24,39.15,69.72,67.31,52.92,64.91,100.0
184,Italy,True,2019,74.62,63.25,39.43,69.16,67.03,52.9,64.91,100.0
184,Italy,True,2020,74.99,63.45,40.04,68.6,66.75,54.76,64.91,100.0
184,Italy,True,2021,75.66,63.66,40.34,68.03,66.47,53.92,64.91,100.0
184,Italy,True,2022,75.87,63.74,40.37,67.47,66.19,51.04,64.91,100.0
184,Italy,True,2023,69.28,63.73,40.17,66.91,65.91,49.48,64.91,100.0
184,Italy,True,2024,68.75,63.72,40.07,66.34,65.63,48.57,64.91,100.0
184,Italy,True,2025,73.83,63.72,40.05,65.78,65.34,48.75,64.91,100.0
185,Monaco,True,2012,63.82,29.91,55.44,65.77,64.92,55.44,64.06,58.27
185,Monaco,True,2013,64.01,29.93,55.46,65.77,64.92,55.46,64.06,58.27
185,Monaco,True,2014,63.92,30.15,55.03,65.1,64.58,55.03,64.06,58.27
185,Monaco,True,2015,63.71,29.8,54.4,64.42,64.24,54.4,64.06,58.27
185,Monaco,True,2016,62.53,29.4,53.81,63.74,63.9,53.81,64.06,43.65
185,Monaco,True,2017,62.31,29.38,53.14,63.07,63.56,53.14,64.06,43.65
185,Monaco,True,2018,62.23,29.46,53.08,62.39,63.23,53.08,64.06,43.65
185,Monaco,True,2019,62.36,29.47,53.23,61.71,62.89,53.23,64.06,43.65
185,Monaco,True,2020,62.27,29.49,53.61,61.04,62.55,53.61,64.06,43.65
185,Monaco,True,2021,62.29,29.58,53.56,60.36,62.21,53.56,64.06,43.65
185,Monaco,True,2022,62.51,29.6,53.6,59.69,61.87,53.6,64.06,43.65
185,Monaco,True,2023,56.37,29.6,53.6,59.01,61.54,53.6,64.06,43.65
185,Monaco,True,2024,58.76,29.6,53.61,58.33,61.2,53.61,64.06,43.65
185,Monaco,True,2025,62.0,29.6,53.7,57.66,60.86,53.7,64.06,43.65
186,Montenegro,True,2012,58.15,59.61,27.62,74.71,63.08,18.64,51.46,48.96
186,Montenegro,True,2013,58.55,59.68,27.61,74.65,63.05,19.57,51.45,48.96
186,Montenegro,True,2014,60.25,60.87,27.44,74.18,62.84,17.67,51.5,48.96
186,Montenegro,True,2015,62.0,61.33,27.4,73.68,62.88,17.95,52.07,48.96
186,Montenegro,True,2016,62.14,61.87,27.01,73.12,62.64,16.93,52.15,48.96
186,Montenegro,True,2017,63.97,62.47,26.75,72.62,62.18,18.39,51.75,48.96
186,Montenegro,True,2018,65.27,62.93,26.42,72.1,61.92,17.84,51.75,48.96
186,Montenegro,True,2019,66.37,63.43,26.58,71.54,61.64,18.51,51.75,48.96
186,Montenegro,True,2020,67.32,64.33,33.1,71.07,61.41,21.49,51.75,48.96
186,Montenegro,True,2021,67.47,64.53,33.85,70.5,61.12,21.72,51.75,48.96
186,Montenegro,True,2022,61.67,64.54,32.88,69.91,60.83,21.26,51.75,48.96
186,Montenegro,True,2023,51.51,64.22,31.68,69.41,60.58,20.47,51.75,48.96
186,Montenegro,True,2024,56.95,63.71,29.9,68.89,60.32,19.33,51.75,48.96
186,Montenegro,True,2025,63.55,63.85,30.07,68.45,60.1,19.43,51.75,48.96
187,Croatia,True,2012,64.5,71.33,22.47,77.7,58.9,28.7,40.09,31.16
187,Croatia,True,2013,67.28,71.43,22.34,77.7,59.32,26.17,40.93,81.45
187,Croatia,True,2014,68.17,69.14,22.39,77.19,59.17,24.29,41.15,92.37
187,Croatia,True,2015,69.04,68.21,22.86,76.67,58.47,24.23,40.27,92.37
187,Croatia,True,2016,69.58,69.56,22.52,76.15,58.14,23.83,40.14,92.37
187,Croatia,True,2017,64.28,69.8,22.3,75.63,58.07,26.17,40.51,92.37
187,Croatia,True,2018,63.22,69.89,22.17,75.11,57.81,30.21,40.51,84.74
187,Croatia,True,2019,64.91,69.6,22.22,74.59,57.55,33.31,40.51,84.74
187,Croatia,True,2020,65.17,69.86,21.96,74.08,57.3,40.39,40.51,84.75
187,Croatia,True,2021,69.01,69.98,21.47,73.56,57.04,42.3,40.51,84.76
187,Croatia,True,2022,70.78,69.8,21.09,73.04,56.78,44.51,40.51,84.76
187,Croatia,True,2023,64.0,69.79,20.83,72.52,56.52,49.19,40.51,99.99
187,Croatia,True,2024,65.99,68.79,20.69,72.0,56.26,47.19,40.51,99.99
187,Croatia,True,2025,69.27,68.79,20.81,71.48,56.0,45.58,40.51,99.99
188,Slovenia,True,2012,68.99,31.97,61.14,82.17,78.79,73.49,75.41,39.74
188,Slovenia,True,2013,69.78,31.89,60.73,82.17,78.79,74.22,75.41,43.97
188,Slovenia,True,2014,70.22,31.2,60.98,81.64,78.38,75.27,75.12,44.54
188,Slovenia,True,2015,72.38,30.93,60.88,81.12,78.12,76.32,75.12,44.54
188,Slovenia,True,2016,74.07,31.12,60.74,80.59,77.85,78.64,75.12,43.97
188,Slovenia,True,2017,71.86,31.06,60.69,80.07,77.59,79.4,75.12,42.85
188,Slovenia,True,2018,70.58,30.92,60.56,79.54,77.33,80.76,75.12,53.7
188,Slovenia,True,2019,70.95,30.71,60.8,79.02,77.07,79.0,75.12,55.24
188,Slovenia,True,2020,69.36,30.71,58.12,78.49,76.81,78.86,75.12,55.24
188,Slovenia,True,2021,67.62,30.72,56.9,77.97,76.54,79.29,75.12,53.7
188,Slovenia,True,2022,67.9,30.65,54.98,77.45,76.28,75.13,75.12,50.62
188,Slovenia,True,2023,62.11,30.64,53.27,76.92,76.02,74.77,75.12,50.62
188,Slovenia,True,2024,67.13,30.72,52.47,76.4,75.76,74.78,75.12,50.62
188,Slovenia,True,2025,71.91,30.72,52.72,75.87,75.49,74.41,75.12,50.62
189,Lithuania,True,2012,71.86,52.06,95.1,87.29,65.27,95.1,43.26,100.0
189,Lithuania,True,2013,72.68,52.29,95.1,87.29,65.52,95.1,43.75,100.0
189,Lithuania,True,2014,72.89,53.38,74.01,87.49,65.66,74.01,43.84,100.0
189,Lithuania,True,2015,73.24,53.38,68.67,87.69,66.49,68.67,45.29,100.0
189,Lithuania,True,2016,74.72,53.82,73.7,87.89,66.59,73.7,45.29,100.0
189,Lithuania,True,2017,76.23,54.1,81.02,88.09,65.77,81.02,43.44,100.0
189,Lithuania,True,2018,75.04,54.4,84.46,88.29,65.76,84.46,43.22,100.0
189,Lithuania,True,2019,73.96,54.53,65.18,88.49,66.3,65.18,44.1,100.0
189,Lithuania,True,2020,71.15,54.84,56.8,88.69,66.9,56.8,45.11,100.0
189,Lithuania,True,2021,70.64,54.9,54.66,88.9,67.95,54.66,47.0,100.0
189,Lithuania,True,2022,71.49,55.07,53.04,89.1,68.29,53.04,47.49,100.0
189,Lithuania,True,2023,63.73,55.37,48.25,89.3,68.08,48.25,46.86,100.0
189,Lithuania,True,2024,63.97,55.68,48.31,89.5,67.52,48.31,45.55,100.0
189,Lithuania,True,2025,68.19,55.68,48.96,89.7,67.11,48.96,44.52,100.0
190,Qatar,True,2012,72.24,82.71,66.57,83.92,80.26,66.57,76.6,79.06
190,Qatar,True,2013,78.38,81.27,66.61,83.92,79.76,66.61,75.6,79.06
190,Qatar,True,2014,84.31,79.0,66.91,83.18,78.43,66.91,73.68,79.06
190,Qatar,True,2015,84.94,79.82,67.35,82.45,79.34,67.35,76.24,79.06
190,Qatar,True,2016,85.25,81.07,67.78,81.71,78.99,67.78,76.27,79.06
190,Qatar,True,2017,85.79,81.24,68.27,80.98,79.0,68.27,77.03,79.06
190,Qatar,True,2018,84.44,81.6,68.24,80.24,78.64,68.24,77.03,79.06
190,Qatar,True,2019,84.45,81.98,66.88,79.51,78.27,66.88,77.03,79.06
190,Qatar,True,2020,84.17,82.14,68.96,78.78,77.9,68.78,77.03,79.06
190,Qatar,True,2021,83.96,82.25,69.13,78.04,77.54,68.94,77.03,79.06
190,Qatar,True,2022,82.49,82.28,69.28,77.31,77.17,69.22,77.03,79.06
190,Qatar,True,2023,75.59,82.42,69.29,76.57,76.8,69.24,77.03,79.06
190,Qatar,True,2024,76.24,82.62,68.7,75.84,76.44,68.64,77.03,79.06
190,Qatar,True,2025,85.11,82.62,68.7,75.11,76.07,68.64,77.03,79.06
191,Iran,False,2012,73.7,72.1,46.06,81.58,73.32,44.34,65.05,62.33
191,Iran,False,2013,73.92,73.02,48.21,81.52,73.09,44.96,64.65,62.38
191,Iran,False,2014,74.01,73.63,47.77,80.96,72.03,45.47,63.1,62.44
191,Iran,False,2015,74.06,73.13,47.57,80.64,72.92,44.5,65.19,62.44
191,Iran,False,2016,74.4,72.71,47.17,80.29,72.9,43.2,65.52,62.44
191,Iran,False,2017,74.01,72.54,47.19,79.83,72.83,41.9,65.83,62.44
191,Iran,False,2018,74.18,73.26,47.85,79.34,72.32,44.06,65.3,62.44
191,Iran,False,2019,73.77,73.31,47.7,78.82,72.22,44.37,65.62,62.44
191,Iran,False,2020,73.19,72.5,47.94,77.98,71.57,45.37,65.17,62.44
191,Iran,False,2021,73.01,71.29,48.23,77.24,71.2,46.01,65.17,62.44
191,Iran,False,2022,73.94,70.6,47.81,76.53,70.85,45.75,65.17,62.44
191,Iran,False,2023,74.66,70.56,47.79,75.99,70.58,45.85,65.17,62.44
191,Iran,False,2024,74.56,70.55,47.66,75.43,70.3,45.33,65.17,62.44
191,Iran,False,2025,69.96,70.41,47.55,74.78,69.97,45.22,65.17,62.32
192,Iraq,True,2012,66.72,43.57,70.13,79.18,75.46,70.13,71.74,0.0
192,Iraq,True,2013,65.32,43.63,70.09,79.05,75.42,70.09,71.78,0.0
192,Iraq,True,2014,65.34,45.22,69.83,78.24,72.41,69.83,66.57,0.0
192,Iraq,True,2015,67.01,45.71,70.87,78.1,75.09,70.87,72.07,0.0
192,Iraq,True,2016,66.89,45.65,70.79,77.49,75.13,70.79,72.77,0.0
192,Iraq,True,2017,69.71,46.34,70.83,77.02,75.28,70.83,73.53,0.0
192,Iraq,True,2018,72.27,47.08,70.72,76.5,75.06,70.72,73.61,0.0
192,Iraq,True,2019,72.33,48.12,70.51,75.99,74.74,70.51,73.49,0.0
192,Iraq,True,2020,76.32,49.38,70.49,75.45,74.46,70.49,73.46,0.0
192,Iraq,True,2021,71.32,50.32,70.53,74.97,74.19,70.53,73.41,0.0
192,Iraq,True,2022,67.23,51.05,70.54,74.5,73.93,70.54,73.37,0.0
192,Iraq,True,2023,66.55,50.76,70.61,74.06,73.77,70.61,73.48,0.0
192,Iraq,True,2024,63.38,49.94,70.59,73.53,73.54,70.59,73.54,0.0
192,Iraq,True,2025,64.54,49.84,70.49,72.91,73.17,70.49,73.44,0.0
193,Guinea Bissau,False,2012,71.94,63.87,19.9,76.27,76.0,19.9,75.73,98.0
193,Guinea Bissau,False,2013,72.55,63.64,19.61,76.07,75.56,19.61,75.05,98.02
193,Guinea Bissau,False,2014,74.26,64.31,19.46,75.74,75.41,19.46,75.07,97.75
193,Guinea Bissau,False,2015,76.04,64.29,19.47,75.31,73.96,19.47,72.61,97.72
193,Guinea Bissau,False,2016,76.02,64.59,19.7,75.51,75.42,19.7,75.33,98.07
193,Guinea Bissau,False,2017,74.53,64.75,19.77,75.2,74.21,19.77,73.23,98.32
193,Guinea Bissau,False,2018,75.01,64.65,19.7,74.9,74.1,19.7,73.3,98.31
193,Guinea Bissau,False,2019,75.27,64.58,19.64,74.81,74.12,19.64,73.42,98.24
193,Guinea Bissau,False,2020,76.02,64.72,19.49,74.65,73.91,19.49,73.17,98.52
193,Guinea Bissau,False,2021,76.7,64.85,19.34,74.48,73.83,19.34,73.17,98.74
193,Guinea Bissau,False,2022,75.78,64.98,19.21,74.36,73.76,19.21,73.17,98.92
193,Guinea Bissau,False,2023,69.99,65.37,19.24,74.23,73.7,19.24,73.17,99.2
193,Guinea Bissau,False,2024,69.89,65.35,19.29,73.92,73.54,19.29,73.17,99.11
193,Guinea Bissau,False,2025,74.73,65.4,19.36,73.68,73.43,19.36,73.17,99.18
194,Guinea,True,2012,60.41,47.28,14.11,74.31,73.06,14.11,71.81,76.57
194,Guinea,True,2013,60.43,47.86,14.42,74.38,73.73,14.42,73.08,76.68
194,Guinea,True,2014,66.75,48.59,14.49,74.31,74.8,14.49,75.3,76.67
194,Guinea,True,2015,67.03,48.66,14.37,73.87,72.9,14.37,71.93,76.84
194,Guinea,True,2016,64.22,48.55,14.43,73.82,71.92,14.43,70.02,76.98
194,Guinea,True,2017,61.39,48.7,14.26,73.61,70.05,14.26,66.49,77.41
194,Guinea,True,2018,61.13,48.53,14.27,73.37,69.88,14.27,66.39,77.49
194,Guinea,True,2019,63.13,48.31,14.14,73.07,69.65,14.14,66.23,77.49
194,Guinea,True,2020,67.82,48.07,14.02,72.73,69.45,14.02,66.17,77.47
194,Guinea,True,2021,66.76,47.96,14.04,72.47,69.32,14.04,66.17,77.55
194,Guinea,True,2022,66.26,47.75,13.81,72.15,69.13,13.81,66.12,77.47
194,Guinea,True,2023,60.77,47.9,13.8,71.79,68.93,13.8,66.07,77.37
194,Guinea,True,2024,67.29,48.16,13.83,71.51,68.79,13.83,66.07,77.39
194,Guinea,True,2025,72.18,48.14,13.87,71.19,68.62,13.87,66.04,77.36
195,Ivory Coast,False,2012,50.83,42.24,24.07,74.47,60.33,24.07,46.18,16.85
195,Ivory Coast,False,2013,51.72,42.55,26.59,74.74,62.9,26.59,51.05,16.87
195,Ivory Coast,False,2014,51.96,43.85,26.84,74.6,61.09,26.84,47.58,16.97
195,Ivory Coast,False,2015,51.69,43.76,26.78,74.44,59.36,26.78,44.29,17.04
195,Ivory Coast,False,2016,57.25,43.22,26.48,74.18,55.99,26.48,37.79,17.13
195,Ivory Coast,False,2017,57.57,43.23,25.42,74.37,59.03,25.42,43.69,17.17
195,Ivory Coast,False,2018,57.88,43.18,25.11,74.23,58.93,25.11,43.63,17.19
195,Ivory Coast,False,2019,58.16,43.08,24.94,73.96,58.78,24.94,43.6,17.2
195,Ivory Coast,False,2020,57.74,43.15,24.82,73.93,58.87,24.82,43.82,17.25
195,Ivory Coast,False,2021,56.42,43.05,24.79,73.71,58.73,24.79,43.74,17.25
195,Ivory Coast,False,2022,53.88,42.92,24.33,73.45,58.57,24.33,43.68,17.23
195,Ivory Coast,False,2023,55.59,43.19,24.34,73.39,58.57,24.34,43.75,17.28
195,Ivory Coast,False,2024,56.45,43.48,24.4,73.35,58.6,24.4,43.84,17.33
195,Ivory Coast,False,2025,57.66,43.48,24.49,73.16,58.5,24.49,43.83,17.33
196,Nigeria,True,2012,60.02,35.54,51.26,75.3,74.98,51.26,74.66,9.37
196,Nigeria,True,2013,60.67,35.59,51.06,75.48,76.93,51.06,78.38,9.19
196,Nigeria,True,2014,58.87,36.16,50.93,75.19,76.1,50.93,77.01,8.84
196,Nigeria,True,2015,57.71,35.98,49.8,75.04,76.66,49.79,78.27,8.85
196,Nigeria,True,2016,57.91,35.43,49.6,74.86,77.71,49.58,80.56,8.83
196,Nigeria,True,2017,59.82,35.43,48.99,74.71,77.33,48.98,79.95,8.87
196,Nigeria,True,2018,62.67,35.23,48.91,74.35,77.11,48.9,79.86,8.88
196,Nigeria,True,2019,64.21,35.09,49.04,74.07,77.0,49.02,79.93,8.89
196,Nigeria,True,2020,63.0,34.92,48.88,73.67,76.71,48.87,79.74,8.88
196,Nigeria,True,2021,63.41,34.81,48.89,73.4,76.53,48.88,79.66,8.88
196,Nigeria,True,2022,64.57,34.7,48.91,73.08,76.36,48.9,79.64,8.88
196,Nigeria,True,2023,58.52,35.18,48.99,72.86,76.26,48.98,79.65,8.89
196,Nigeria,True,2024,63.72,35.59,49.01,72.52,76.07,49.0,79.62,8.88
196,Nigeria,True,2025,63.19,35.69,49.13,72.36,76.04,49.11,79.72,8.9
197,Cameroon,True,2012,62.28,48.05,56.12,75.22,63.29,56.12,51.35,87.15
197,Cameroon,True,2013,63.13,47.82,55.48,75.25,63.58,55.48,51.92,87.15
197,Cameroon,True,2014,63.61,47.96,54.9,74.93,63.25,54.9,51.57,72.8
197,Cameroon,True,2015,67.53,48.77,54.55,74.69,63.18,54.55,51.68,72.95
197,Cameroon,True,2016,67.81,48.9,54.4,74.39,63.69,54.4,52.99,72.98
197,Cameroon,True,2017,67.53,48.72,53.95,74.08,63.75,53.95,53.43,73.0
197,Cameroon,True,2018,69.03,48.42,54.15,74.92,64.27,54.15,53.62,100.0
197,Cameroon,True,2019,68.1,48.18,54.22,74.58,64.11,54.22,53.65,100.0
197,Cameroon,True,2020,67.33,47.88,54.31,74.17,63.9,54.31,53.63,100.0
197,Cameroon,True,2021,66.13,47.62,54.07,73.79,63.71,54.07,53.63,100.0
197,Cameroon,True,2022,65.4,47.43,54.09,73.48,63.56,54.09,53.63,97.97
197,Cameroon,True,2023,61.57,47.54,54.09,73.18,63.41,54.09,53.63,98.02
197,Cameroon,True,2024,68.18,47.65,54.16,72.88,63.26,54.16,53.63,98.09
197,Cameroon,True,2025,72.19,47.65,54.26,72.54,63.09,54.26,53.63,98.08
198,Gabon,True,2012,68.7,74.26,41.61,77.31,68.31,41.61,59.32,75.96
198,Gabon,True,2013,67.19,74.87,41.54,77.6,69.9,41.54,62.21,75.97
198,Gabon,True,2014,67.69,75.95,41.32,77.38,69.26,41.32,61.13,75.97
198,Gabon,True,2015,68.37,76.08,41.0,77.27,69.83,41.0,62.38,75.96
198,Gabon,True,2016,68.46,76.38,41.25,76.77,67.14,41.25,57.5,75.95
198,Gabon,True,2017,69.53,76.17,40.67,76.97,67.34,40.67,57.71,100.0
198,Gabon,True,2018,69.4,75.99,41.6,76.71,67.22,41.6,57.72,100.0
198,Gabon,True,2019,68.86,75.8,41.36,76.46,67.09,41.36,57.72,100.0
198,Gabon,True,2020,68.5,75.75,40.92,76.2,66.92,40.92,57.63,100.0
198,Gabon,True,2021,67.93,75.79,40.55,75.95,66.79,40.55,57.63,100.0
198,Gabon,True,2022,66.46,75.85,40.17,75.69,66.66,40.17,57.63,100.0
198,Gabon,True,2023,67.16,75.97,40.29,75.43,66.53,40.29,57.63,100.0
198,Gabon,True,2024,75.03,76.02,40.44,75.18,66.4,40.44,57.63,100.0
198,Gabon,True,2025,75.41,75.84,40.54,74.92,66.28,40.54,57.63,100.0
199,Democratic Republic of the Congo,True,2012,52.76,34.31,37.18,72.03,60.12,37.18,48.21,59.7
199,Democratic Republic of the Congo,True,2013,53.35,34.32,36.92,72.03,60.42,36.92,48.81,59.74
199,Democratic Republic of the Congo,True,2014,54.82,35.04,36.0,71.76,59.63,36.0,47.49,59.86
199,Democratic Republic of the Congo,True,2015,55.43,35.14,35.64,71.59,59.53,35.64,47.47,60.0
199,Democratic Republic of the Congo,True,2016,55.36,35.24,36.38,71.43,59.33,36.38,47.22,60.19
199,Democratic Republic of the Congo,True,2017,56.38,35.19,35.81,70.97,58.38,35.81,45.79,60.13
199,Democratic Republic of the Congo,True,2018,55.53,35.15,35.43,70.62,58.21,35.43,45.79,60.11
199,Democratic Republic of the Congo,True,2019,55.79,35.09,44.66,70.25,58.09,44.66,45.93,60.06
199,Democratic Republic of the Congo,True,2020,56.46,35.15,44.3,69.78,57.84,44.3,45.9,60.17
199,Democratic Republic of the Congo,True,2021,53.01,35.25,44.53,69.58,57.75,44.53,45.92,60.33
199,Democratic Republic of the Congo,True,2022,51.66,35.22,43.35,69.27,57.59,43.35,45.91,60.33
199,Democratic Republic of the Congo,True,2023,48.48,35.3,40.95,69.02,57.48,40.95,45.94,60.42
199,Democratic Republic of the Congo,True,2024,54.36,35.26,41.24,68.66,57.29,41.24,45.92,60.36
199,Democratic Republic of the Congo,True,2025,57.77,35.28,41.26,68.36,57.14,41.26,45.92,60.38
200,Angola,True,2012,58.06,59.2,20.29,72.01,65.45,20.29,58.89,29.91
200,Angola,True,2013,58.68,59.25,20.17,72.02,65.01,20.17,58.0,29.92
200,Angola,True,2014,59.76,58.95,20.4,71.98,63.46,20.4,54.93,29.99
200,Angola,True,2015,60.95,58.4,20.31,72.01,67.85,20.31,63.69,29.99
200,Angola,True,2016,61.46,58.13,20.31,71.84,68.58,20.31,65.32,30.0
200,Angola,True,2017,63.25,57.82,19.99,71.87,69.5,19.99,67.13,30.03
200,Angola,True,2018,62.57,57.2,19.43,71.73,69.39,19.43,67.04,30.05
200,Angola,True,2019,60.62,56.61,19.02,71.57,69.34,19.02,67.1,30.08
200,Angola,True,2020,56.64,56.26,18.49,71.37,69.21,18.49,67.05,30.18
200,Angola,True,2021,54.98,55.61,18.34,71.22,69.12,18.34,67.03,30.2
200,Angola,True,2022,54.41,54.92,18.48,71.02,69.0,18.48,66.99,30.18
200,Angola,True,2023,53.58,55.17,18.66,70.91,68.98,18.66,67.04,30.23
200,Angola,True,2024,60.59,55.43,18.83,70.8,68.95,18.83,67.1,30.27
200,Angola,True,2025,61.37,55.47,18.88,70.65,68.88,18.88,67.11,30.28
202,Tanzania,True,2012,70.28,42.47,61.09,82.05,76.22,52.43,70.38,97.56
202,Tanzania,True,2013,71.62,42.78,62.74,82.1,76.24,54.14,70.38,97.69
202,Tanzania,True,2014,72.93,43.84,63.74,81.73,76.03,53.85,70.34,97.64
202,Tanzania,True,2015,75.73,43.72,63.35,81.43,75.88,56.74,70.34,97.67
202,Tanzania,True,2016,77.63,43.55,62.27,81.12,75.71,55.82,70.31,97.64
202,Tanzania,True,2017,77.58,43.41,62.17,80.94,75.57,56.38,70.2,97.84
202,Tanzania,True,2018,76.39,43.14,62.46,80.69,75.6,57.4,70.51,98.04
202,Tanzania,True,2019,76.4,42.75,61.8,80.33,75.47,57.22,70.61,97.97
202,Tanzania,True,2020,75.17,42.4,61.62,79.99,75.24,54.35,70.49,97.9
202,Tanzania,True,2021,73.83,42.15,61.56,79.75,75.12,52.89,70.49,97.97
202,Tanzania,True,2022,73.58,41.87,60.88,79.45,74.97,48.9,70.49,97.95
202,Tanzania,True,2023,66.69,42.0,61.06,79.25,74.87,49.07,70.49,98.16
202,Tanzania,True,2024,69.09,42.17,61.16,79.08,74.79,49.29,70.49,98.37
202,Tanzania,True,2025,74.28,42.26,61.25,78.88,74.69,49.71,70.49,98.55
203,India,True,2012,57.59,28.66,42.31,79.77,68.0,35.6,56.24,1.24
203,India,True,2013,60.64,28.4,42.82,79.63,68.73,34.77,57.83,1.24
203,India,True,2014,61.87,29.4,42.7,79.1,70.34,34.02,61.59,1.24
203,India,True,2015,62.43,29.62,42.31,79.06,73.65,33.58,68.24,1.24
203,India,True,2016,61.85,30.99,41.24,78.76,73.98,31.52,69.2,1.24
203,India,True,2017,65.12,32.16,41.01,78.32,72.97,30.75,67.61,2.02
203,India,True,2018,65.1,33.31,41.08,77.97,72.77,29.83,67.58,2.14
203,India,True,2019,65.75,34.43,40.74,77.67,72.6,28.91,67.53,2.14
203,India,True,2020,65.97,35.4,40.76,77.26,72.31,28.78,67.36,2.02
203,India,True,2021,66.35,36.33,40.62,76.85,72.11,28.41,67.36,1.77
203,India,True,2022,66.76,37.3,40.51,76.55,71.96,27.54,67.36,1.77
203,India,True,2023,59.83,38.45,40.63,76.13,71.75,27.83,67.36,1.77
203,India,True,2024,59.67,39.73,40.68,75.8,71.58,28.04,67.36,1.77
203,India,True,2025,65.38,39.75,40.75,75.4,71.38,28.28,67.36,1.77
204,Bangladesh,True,2012,65.34,20.41,30.71,80.97,72.94,25.71,64.9,44.18
204,Bangladesh,True,2013,64.43,20.35,30.83,80.83,72.84,25.5,64.84,43.65
204,Bangladesh,True,2014,65.0,22.4,30.85,80.73,74.34,24.53,67.96,43.09
204,Bangladesh,True,2015,65.64,23.74,30.76,80.05,73.24,24.15,66.43,42.93
204,Bangladesh,True,2016,65.87,25.47,30.67,79.75,72.91,24.02,66.07,43.15
204,Bangladesh,True,2017,68.34,26.75,30.67,79.2,71.79,24.31,64.38,71.43
204,Bangladesh,True,2018,68.45,28.02,30.83,78.68,71.54,24.84,64.39,76.13
204,Bangladesh,True,2019,68.87,29.17,30.88,78.81,71.6,24.9,64.39,86.64
204,Bangladesh,True,2020,69.58,30.22,30.91,78.3,71.35,24.65,64.4,86.64
204,Bangladesh,True,2021,69.69,31.16,30.57,78.05,71.22,24.33,64.4,84.41
204,Bangladesh,True,2022,74.01,32.04,30.65,77.52,70.96,24.23,64.4,83.13
204,Bangladesh,True,2023,72.81,33.16,30.67,76.94,70.67,24.3,64.4,78.57
204,Bangladesh,True,2024,71.91,34.08,30.68,76.3,70.35,24.39,64.4,77.79
204,Bangladesh,True,2025,74.69,34.12,30.78,75.78,70.09,24.57,64.4,76.45
205,Myanmar,True,2012,62.03,63.23,25.48,79.07,70.03,24.25,60.99,9.22
205,Myanmar,True,2013,62.9,62.42,25.83,79.22,71.17,24.58,63.12,9.23
205,Myanmar,True,2014,65.01,63.49,25.84,79.16,71.95,24.69,64.73,9.3
205,Myanmar,True,2015,65.97,63.54,25.68,78.82,71.7,24.35,64.58,9.32
205,Myanmar,True,2016,69.95,64.18,25.56,78.79,73.39,24.18,67.99,9.39
205,Myanmar,True,2017,71.84,64.43,25.56,78.23,72.1,25.0,65.97,13.33
205,Myanmar,True,2018,72.48,65.2,25.91,78.25,72.07,24.67,65.88,14.04
205,Myanmar,True,2019,71.74,65.26,25.73,77.73,71.82,24.33,65.9,14.05
205,Myanmar,True,2020,73.81,65.35,25.86,77.21,71.7,24.69,66.2,13.46
205,Myanmar,True,2021,72.83,65.43,25.87,76.7,71.45,24.55,66.2,12.28
205,Myanmar,True,2022,72.26,64.88,25.6,75.74,70.97,24.21,66.2,12.17
205,Myanmar,True,2023,64.58,64.18,25.41,74.6,70.1,24.04,65.6,12.02
205,Myanmar,True,2024,58.12,63.95,25.31,73.91,69.69,23.95,65.47,11.98
205,Myanmar,True,2025,52.36,63.83,25.27,73.32,69.34,23.92,65.36,11.96
206,Malaysia,True,2012,72.02,71.26,53.76,81.2,73.79,49.84,66.37,24.6
206,Malaysia,True,2013,73.14,70.93,53.86,81.05,73.06,48.94,65.08,25.57
206,Malaysia,True,2014,75.1,76.99,53.99,80.94,74.05,49.7,67.15,31.11
206,Malaysia,True,2015,76.47,77.32,54.2,80.73,74.36,51.16,67.98,32.78
206,Malaysia,True,2016,78.65,73.99,54.23,80.95,75.28,50.55,69.6,69.28
206,Malaysia,True,2017,78.73,74.11,54.31,80.57,76.16,50.67,71.76,69.28
206,Malaysia,True,2018,77.06,74.17,54.33,80.15,75.95,50.69,71.75,69.32
206,Malaysia,True,2019,74.81,74.18,54.2,79.96,75.89,50.66,71.82,65.19
206,Malaysia,True,2020,72.41,74.35,54.43,79.78,75.77,50.25,71.75,51.94
206,Malaysia,True,2021,71.17,74.31,54.32,79.42,75.59,49.33,71.75,51.94
206,Malaysia,True,2022,70.85,74.23,54.29,79.05,75.4,49.05,71.75,51.93
206,Malaysia,True,2023,61.52,74.27,54.3,78.68,75.22,49.06,71.75,51.93
206,Malaysia,True,2024,61.88,74.25,54.26,78.31,75.03,49.04,71.75,51.93
206,Malaysia,True,2025,65.49,74.25,54.27,77.94,74.85,49.08,71.75,51.93
207,Vietnam,True,2012,69.75,48.55,57.41,80.18,68.06,46.33,55.95,81.96
207,Vietnam,True,2013,71.25,48.91,57.35,80.19,68.09,44.02,55.98,82.35
207,Vietnam,True,2014,73.38,50.87,57.88,80.16,68.0,43.24,55.84,82.69
207,Vietnam,True,2015,75.15,51.12,57.66,79.83,67.72,42.49,55.61,82.87
207,Vietnam,True,2016,75.71,51.91,58.45,79.45,71.0,44.09,62.54,82.84
207,Vietnam,True,2017,75.8,52.65,58.33,79.35,73.56,42.37,67.76,82.63
207,Vietnam,True,2018,75.68,53.51,57.93,79.08,73.48,43.86,67.87,82.6
207,Vietnam,True,2019,74.87,54.24,57.48,78.63,73.27,42.96,67.9,82.6
207,Vietnam,True,2020,74.16,55.04,56.27,78.18,73.03,42.16,67.87,82.6
207,Vietnam,True,2021,73.42,55.95,56.13,77.78,72.82,41.04,67.87,82.6
207,Vietnam,True,2022,73.7,56.95,56.25,77.4,72.64,41.37,67.87,82.6
207,Vietnam,True,2023,67.02,58.07,56.48,76.94,72.41,41.84,67.87,82.6
207,Vietnam,True,2024,65.6,59.39,56.77,76.51,72.19,42.51,67.87,82.6
207,Vietnam,True,2025,71.83,59.39,56.8,76.07,71.97,43.15,67.87,82.6
208,Singapore,True,2012,64.66,61.97,28.4,82.41,75.31,56.51,68.21,0.75
208,Singapore,True,2013,67.53,61.95,27.97,82.41,73.24,57.54,64.07,0.75
208,Singapore,True,2014,70.51,62.4,27.67,82.01,76.55,60.8,71.08,0.75
208,Singapore,True,2015,73.41,62.41,27.44,81.61,76.14,57.53,70.66,0.75
208,Singapore,True,2016,74.35,62.36,27.18,81.22,75.77,58.76,70.33,0.75
208,Singapore,True,2017,72.95,62.36,27.0,80.82,75.89,59.01,70.97,0.75
208,Singapore,True,2018,72.71,62.36,26.55,80.42,77.06,59.05,73.7,0.75
208,Singapore,True,2019,71.26,62.35,26.21,80.02,76.27,56.78,72.53,0.75
208,Singapore,True,2020,70.92,62.36,25.89,79.62,76.1,58.07,72.58,0.75
208,Singapore,True,2021,72.24,62.36,25.84,79.22,75.9,56.18,72.58,0.75
208,Singapore,True,2022,70.95,62.36,26.0,78.82,75.7,54.23,72.58,0.75
208,Singapore,True,2023,62.37,62.36,26.14,78.42,75.5,54.43,72.58,0.75
208,Singapore,True,2024,62.48,62.36,26.25,78.03,75.3,54.74,72.58,0.75
208,Singapore,True,2025,64.12,62.36,26.3,77.63,75.1,54.83,72.58,0.75
209,China,True,2012,63.85,34.14,36.94,81.65,71.22,73.93,60.79,8.52
209,China,True,2013,65.29,35.24,36.55,81.77,71.94,74.19,62.11,9.71
209,China,True,2014,66.5,36.22,36.34,81.4,71.64,74.12,61.87,9.87
209,China,True,2015,68.29,36.22,36.09,81.05,72.16,74.18,63.27,10.34
209,China,True,2016,68.21,36.93,36.42,80.78,72.05,74.48,63.32,10.26
209,China,True,2017,68.74,37.73,38.1,80.42,71.61,74.91,62.8,9.92
209,China,True,2018,69.42,38.59,37.92,80.03,71.44,75.54,62.84,9.87
209,China,True,2019,69.23,39.62,38.16,79.78,71.33,75.78,62.87,9.8
209,China,True,2020,69.74,40.67,37.56,79.39,70.99,76.17,62.58,9.82
209,China,True,2021,70.15,41.76,37.35,78.92,70.78,76.31,62.63,9.81
209,China,True,2022,70.44,43.05,37.53,78.6,70.59,76.15,62.59,9.84
209,China,True,2023,61.93,44.44,37.55,78.2,70.37,76.16,62.53,9.85
209,China,True,2024,61.58,46.01,37.58,77.66,70.17,76.12,62.67,9.83
209,China,True,2025,62.17,46.06,37.56,77.27,70.06,76.0,62.85,9.84
210,Japan,True,2012,68.75,80.48,42.2,80.36,75.9,41.24,71.44,82.39
210,Japan,True,2013,69.56,80.18,44.01,80.36,75.85,41.87,71.34,100.0
210,Japan,True,2014,68.46,74.77,45.63,80.08,75.63,42.86,71.18,100.0
210,Japan,True,2015,69.31,75.7,46.72,79.8,75.6,43.11,71.4,100.0
210,Japan,True,2016,70.78,76.37,47.74,79.52,75.3,43.81,71.08,100.0
210,Japan,True,2017,72.73,76.77,48.04,79.24,75.18,44.74,71.12,100.0
210,Japan,True,2018,74.58,76.91,48.16,78.96,75.03,45.01,71.1,100.0
210,Japan,True,2019,75.25,76.83,48.27,78.69,75.02,44.93,71.36,100.0
210,Japan,True,2020,75.66,77.27,48.58,78.41,74.78,45.24,71.16,100.0
210,Japan,True,2021,75.54,77.24,48.66,78.13,74.61,44.83,71.1,100.0
210,Japan,True,2022,74.57,77.6,48.49,77.85,74.56,44.6,71.27,100.0
210,Japan,True,2023,73.32,77.68,48.26,77.57,74.54,44.26,71.5,100.0
210,Japan,True,2024,72.36,77.74,48.05,77.3,74.42,43.93,71.55,100.0
210,Japan,True,2025,71.85,77.74,48.0,77.02,74.22,43.84,71.42,100.0
212,Gilbert Islands (Kiribati),False,2012,66.29,55.16,88.73,77.55,83.84,88.64,90.13,0.0
212,Gilbert Islands (Kiribati),False,2013,66.46,55.16,88.49,77.55,83.84,88.03,90.13,0.0
212,Gilbert Islands (Kiribati),False,2014,67.93,55.73,88.92,77.3,84.42,88.73,91.55,0.0
212,Gilbert Islands (Kiribati),False,2015,67.19,55.63,88.72,77.04,80.33,88.72,83.61,0.0
212,Gilbert Islands (Kiribati),False,2016,69.1,55.66,88.89,76.79,81.48,88.88,86.17,0.0
212,Gilbert Islands (Kiribati),False,2017,67.53,55.68,88.86,76.54,82.3,88.86,88.07,0.0
212,Gilbert Islands (Kiribati),False,2018,64.5,55.74,88.81,76.29,82.18,88.81,88.07,0.0
212,Gilbert Islands (Kiribati),False,2019,68.18,55.77,88.77,76.04,82.05,88.77,88.07,0.0
212,Gilbert Islands (Kiribati),False,2020,68.42,55.7,88.74,75.78,81.93,88.74,88.07,0.0
212,Gilbert Islands (Kiribati),False,2021,69.11,55.69,88.62,75.53,81.8,88.62,88.07,0.0
212,Gilbert Islands (Kiribati),False,2022,69.07,55.68,88.62,75.28,81.67,88.61,88.07,0.0
212,Gilbert Islands (Kiribati),False,2023,59.08,55.67,88.67,75.03,81.55,88.66,88.07,0.0
212,Gilbert Islands (Kiribati),False,2024,57.13,55.81,88.7,74.78,81.42,88.69,88.07,0.0
212,Gilbert Islands (Kiribati),False,2025,59.17,55.77,88.7,74.53,81.3,88.69,88.07,0.0
214,Egypt,False,2012,69.97,68.88,32.21,77.09,71.75,32.03,66.41,71.65
214,Egypt,False,2013,70.07,68.76,31.7,77.02,71.57,26.09,66.12,71.21
214,Egypt,False,2014,67.24,70.1,30.8,76.29,70.96,23.41,65.63,70.0
214,Egypt,False,2015,66.93,69.96,29.83,75.83,71.76,16.81,67.69,69.63
214,Egypt,False,2016,64.28,70.15,29.19,75.37,69.74,13.56,64.11,69.62
214,Egypt,False,2017,63.18,70.45,28.83,74.93,67.79,14.22,60.65,69.68
214,Egypt,False,2018,63.21,70.8,29.58,74.5,69.08,13.69,63.66,69.76
214,Egypt,False,2019,64.05,71.36,30.27,74.1,70.48,13.69,66.87,69.93
214,Egypt,False,2020,67.96,72.12,30.44,73.72,70.38,14.38,67.04,70.09
214,Egypt,False,2021,71.7,72.84,30.5,73.2,70.12,14.71,67.04,70.12
214,Egypt,False,2022,72.2,73.45,30.35,72.68,69.86,15.82,67.04,70.09
214,Egypt,False,2023,60.03,73.43,30.29,72.25,69.65,16.9,67.04,70.12
214,Egypt,False,2024,62.5,73.1,30.3,71.71,69.38,18.3,67.04,70.12
214,Egypt,False,2025,70.92,73.25,30.3,71.29,69.17,19.54,67.04,70.12
215,Jordan,True,2012,68.89,59.21,44.9,84.56,71.73,44.9,58.9,0.0
215,Jordan,True,2013,69.31,59.75,44.9,84.48,72.17,44.9,59.86,0.0
215,Jordan,True,2014,68.85,59.79,44.9,84.12,71.99,44.9,59.86,0.0
215,Jordan,True,2015,68.66,53.81,44.23,83.66,71.76,44.23,59.86,0.0
215,Jordan,True,2016,67.84,54.53,44.12,83.41,71.63,44.12,59.86,0.0
215,Jordan,True,2017,64.69,53.05,44.14,83.03,71.44,44.14,59.86,0.0
215,Jordan,True,2018,62.17,54.21,44.9,82.68,71.27,44.9,59.86,0.0
215,Jordan,True,2019,61.23,56.07,45.17,82.29,71.07,45.17,59.86,0.0
215,Jordan,True,2020,68.08,56.19,45.18,82.0,70.93,45.18,59.86,24.1
215,Jordan,True,2021,70.06,56.56,45.07,81.45,70.65,45.07,59.86,24.1
215,Jordan,True,2022,69.99,55.94,44.9,81.11,70.48,44.9,59.86,24.1
215,Jordan,True,2023,61.38,56.04,44.9,80.68,70.27,44.9,59.86,24.1
215,Jordan,True,2024,59.79,56.25,44.9,80.32,70.09,44.9,59.86,18.06
215,Jordan,True,2025,66.29,56.34,44.9,80.01,69.93,44.9,59.86,18.06
216,Indonesia,True,2012,65.97,64.68,35.46,81.93,73.87,21.33,65.81,48.65
216,Indonesia,True,2013,66.97,64.72,35.34,81.91,73.61,21.59,65.31,47.36
216,Indonesia,True,2014,68.9,66.72,35.47,81.83,74.46,21.78,67.08,53.24
216,Indonesia,True,2015,71.89,67.06,35.86,82.12,78.7,22.09,75.29,55.69
216,Indonesia,True,2016,74.32,68.04,35.94,82.06,79.53,22.37,77.0,56.79
216,Indonesia,True,2017,75.08,68.55,35.72,81.66,79.71,22.98,77.76,58.48
216,Indonesia,True,2018,75.67,69.51,35.65,81.41,79.59,23.61,77.78,61.18
216,Indonesia,True,2019,77.21,70.38,35.6,81.09,79.45,23.34,77.81,60.91
216,Indonesia,True,2020,77.47,71.27,35.61,80.75,79.32,23.37,77.89,59.96
216,Indonesia,True,2021,76.32,72.18,35.54,80.41,79.15,23.64,77.89,58.55
216,Indonesia,True,2022,73.39,73.39,35.53,80.07,78.98,24.28,77.89,57.49
216,Indonesia,True,2023,65.5,74.77,35.55,79.73,78.81,24.26,77.89,57.49
216,Indonesia,True,2024,61.6,75.74,35.59,79.39,78.64,24.23,77.89,57.49
216,Indonesia,True,2025,65.85,75.85,35.61,79.05,78.47,24.26,77.89,57.49
218,Canada,True,2012,76.73,93.07,45.14,79.67,77.55,37.65,75.44,25.86
218,Canada,True,2013,76.76,93.11,42.65,79.67,77.7,36.77,75.73,25.45
218,Canada,True,2014,75.0,85.43,39.72,79.58,77.35,32.26,75.12,24.84
218,Canada,True,2015,75.03,85.62,38.28,79.49,78.33,30.43,77.16,26.08
218,Canada,True,2016,75.97,86.62,40.41,79.4,79.73,32.55,80.06,26.74
218,Canada,True,2017,76.7,88.04,45.67,79.31,79.92,36.9,80.53,26.75
218,Canada,True,2018,77.04,88.99,44.45,79.22,79.88,35.9,80.53,27.28
218,Canada,True,2019,76.64,89.45,42.21,79.14,79.65,34.93,80.16,33.83
218,Canada,True,2020,75.86,89.8,41.05,79.05,79.37,33.2,79.69,35.26
218,Canada,True,2021,75.34,90.25,40.9,78.96,79.47,33.44,79.99,35.24
218,Canada,True,2022,75.63,90.2,41.93,78.87,79.07,34.8,79.28,34.11
218,Canada,True,2023,66.77,90.54,42.3,78.78,78.95,35.08,79.13,32.09
218,Canada,True,2024,66.94,91.47,42.21,78.69,78.76,34.97,78.83,31.94
218,Canada,True,2025,69.96,91.47,42.08,78.6,78.86,34.83,79.12,31.93
219,Saint Pierre and Miquelon,False,2012,65.38,86.89,63.23,77.08,73.42,63.23,69.76,11.17
219,Saint Pierre and Miquelon,False,2013,65.57,86.89,64.04,77.08,73.38,64.04,69.68,11.17
219,Saint Pierre and Miquelon,False,2014,66.3,85.36,64.11,77.06,72.42,64.11,67.78,11.17
219,Saint Pierre and Miquelon,False,2015,66.82,85.44,64.47,77.04,73.32,64.47,69.61,11.23
219,Saint Pierre and Miquelon,False,2016,67.72,85.52,64.98,77.02,77.64,64.98,78.26,11.24
219,Saint Pierre and Miquelon,False,2017,68.63,85.59,67.1,77.0,79.2,67.1,81.4,11.24
219,Saint Pierre and Miquelon,False,2018,68.56,85.62,67.84,76.99,79.2,67.84,81.4,11.23
219,Saint Pierre and Miquelon,False,2019,68.9,85.64,68.36,76.97,79.19,68.36,81.4,11.22
219,Saint Pierre and Miquelon,False,2020,69.43,85.65,70.84,76.95,79.18,70.84,81.4,11.22
219,Saint Pierre and Miquelon,False,2021,69.82,85.67,70.53,76.93,79.17,70.53,81.4,11.22
219,Saint Pierre and Miquelon,False,2022,69.85,85.72,70.3,76.91,79.16,70.3,81.4,11.22
219,Saint Pierre and Miquelon,False,2023,69.78,85.79,69.77,76.9,79.15,69.77,81.4,11.22
219,Saint Pierre and Miquelon,False,2024,69.6,86.12,69.02,76.88,79.14,69.02,81.4,11.22
219,Saint Pierre and Miquelon,False,2025,69.4,86.12,69.0,76.86,79.13,69.0,81.4,11.22
220,Sint Maarten,False,2012,81.8,58.08,72.5,86.21,91.55,72.5,96.89,55.77
220,Sint Maarten,False,2013,82.19,58.08,72.47,86.21,91.71,72.47,97.21,55.77
220,Sint Maarten,False,2014,82.11,58.32,72.43,85.75,89.13,72.43,92.51,44.45
220,Sint Maarten,False,2015,82.59,58.23,71.96,85.29,91.56,71.96,97.82,44.8
220,Sint Maarten,False,2016,82.84,58.03,73.32,84.84,90.15,73.32,95.47,44.8
220,Sint Maarten,False,2017,82.72,57.87,73.84,84.38,90.06,73.84,95.74,44.45
220,Sint Maarten,False,2018,82.88,57.79,74.63,83.92,89.83,74.63,95.74,43.76
220,Sint Maarten,False,2019,81.42,57.75,74.74,83.46,89.6,74.74,95.74,43.76
220,Sint Maarten,False,2020,78.36,58.16,74.36,83.0,89.37,74.36,95.74,43.76
220,Sint Maarten,False,2021,74.38,58.34,74.08,82.55,89.14,74.08,95.74,43.76
220,Sint Maarten,False,2022,72.05,58.44,73.95,82.09,88.91,73.95,95.74,43.76
220,Sint Maarten,False,2023,69.7,58.54,73.97,81.63,88.69,73.97,95.74,43.76
220,Sint Maarten,False,2024,74.54,58.56,73.98,81.17,88.46,73.98,95.74,43.76
220,Sint Maarten,False,2025,81.15,58.56,74.0,80.71,88.23,74.0,95.74,43.76
221,Northern Saint-Martin,False,2012,78.52,71.35,45.33,87.94,91.6,45.33,95.26,100.0
221,Northern Saint-Martin,False,2013,78.6,71.35,45.65,87.94,91.94,45.65,95.94,100.0
221,Northern Saint-Martin,False,2014,78.87,73.41,45.55,87.35,90.33,45.55,93.31,100.0
221,Northern Saint-Martin,False,2015,79.28,74.01,45.47,86.76,92.69,45.47,98.62,100.0
221,Northern Saint-Martin,False,2016,79.22,74.76,45.64,86.17,91.59,45.64,97.0,100.0
221,Northern Saint-Martin,False,2017,79.23,75.74,45.62,85.59,91.35,45.62,97.11,100.0
221,Northern Saint-Martin,False,2018,79.39,77.03,45.59,85.0,91.06,45.59,97.11,100.0
221,Northern Saint-Martin,False,2019,79.62,78.84,45.61,84.41,90.76,45.61,97.11,100.0
221,Northern Saint-Martin,False,2020,79.78,81.59,45.54,83.83,90.47,45.54,97.11,100.0
221,Northern Saint-Martin,False,2021,79.94,83.08,45.44,83.24,90.18,45.44,97.11,100.0
221,Northern Saint-Martin,False,2022,77.63,83.08,45.45,82.65,89.88,45.45,97.11,100.0
221,Northern Saint-Martin,False,2023,77.46,83.08,45.46,82.07,89.59,45.46,97.11,100.0
221,Northern Saint-Martin,False,2024,79.3,83.08,45.48,81.48,89.3,45.48,97.11,100.0
221,Northern Saint-Martin,False,2025,79.83,83.08,45.5,80.89,89.0,45.5,97.11,100.0
222,Sweden,True,2012,76.03,69.32,79.24,85.45,71.41,78.96,57.37,73.01
222,Sweden,True,2013,76.21,69.3,78.32,85.45,71.39,78.78,57.33,73.32
222,Sweden,True,2014,80.37,69.96,68.95,85.63,71.7,69.89,57.78,73.31
222,Sweden,True,2015,79.67,69.12,65.46,85.81,72.16,66.89,58.51,74.08
222,Sweden,True,2016,80.06,69.09,68.97,85.98,72.51,70.38,59.03,77.72
222,Sweden,True,2017,80.76,68.44,73.7,86.16,71.59,73.98,57.02,78.54
222,Sweden,True,2018,76.5,67.91,76.1,86.34,71.27,76.15,56.2,79.73
222,Sweden,True,2019,75.56,68.27,61.57,86.51,71.22,62.04,55.92,79.45
222,Sweden,True,2020,74.05,69.07,55.04,86.69,71.41,55.89,56.12,79.18
222,Sweden,True,2021,75.01,69.39,53.26,86.87,72.0,54.48,57.13,80.65
222,Sweden,True,2022,76.41,68.81,52.52,87.05,71.79,53.48,56.53,81.17
222,Sweden,True,2023,69.73,68.84,49.26,87.22,71.49,50.1,55.75,81.33
222,Sweden,True,2024,70.21,68.99,49.37,87.4,71.01,49.58,54.61,80.95
222,Sweden,True,2025,73.94,68.99,49.82,87.58,71.97,49.73,56.37,80.44
223,Norway,True,2012,75.93,85.77,79.26,77.14,67.21,66.66,57.28,81.24
223,Norway,True,2013,75.63,85.57,78.01,77.14,67.11,66.25,57.08,62.62
223,Norway,True,2014,76.63,84.64,78.19,77.23,66.96,64.63,56.69,84.54
223,Norway,True,2015,75.87,83.91,78.02,77.32,66.83,64.83,56.34,87.81
223,Norway,True,2016,75.9,83.6,77.87,77.41,66.71,64.63,56.01,89.16
223,Norway,True,2017,76.42,83.81,77.17,77.5,67.22,65.03,56.94,86.12
223,Norway,True,2018,76.33,83.71,77.01,77.58,67.08,64.44,56.58,79.88
223,Norway,True,2019,77.26,83.94,76.89,77.67,67.12,64.02,56.57,79.89
223,Norway,True,2020,79.08,84.11,76.8,77.76,67.39,63.5,57.03,80.94
223,Norway,True,2021,80.1,84.02,76.86,77.85,67.52,62.93,57.18,84.28
223,Norway,True,2022,80.99,83.91,77.15,77.94,68.31,61.72,58.67,84.69
223,Norway,True,2023,72.15,83.99,77.25,78.03,68.03,61.82,58.03,84.56
223,Norway,True,2024,70.81,84.09,77.29,78.12,68.0,61.86,57.89,83.78
223,Norway,True,2025,76.99,84.09,77.28,78.2,67.54,61.89,56.87,82.94
224,Chile,True,2012,70.59,89.97,52.09,75.04,71.21,30.82,67.38,97.78
224,Chile,True,2013,70.2,91.27,51.72,75.04,71.14,30.32,67.25,97.75
224,Chile,True,2014,71.09,96.63,50.08,75.19,71.44,28.4,67.7,97.68
224,Chile,True,2015,73.29,97.34,50.11,75.33,70.72,27.05,66.11,98.02
224,Chile,True,2016,72.76,97.47,51.29,75.48,71.46,26.24,67.45,98.24
224,Chile,True,2017,72.23,97.59,51.91,75.62,71.62,29.01,67.61,98.26
224,Chile,True,2018,74.18,97.69,56.28,75.76,71.69,24.41,67.61,99.35
224,Chile,True,2019,77.59,97.8,66.54,75.91,71.76,27.43,67.61,100.0
224,Chile,True,2020,80.45,97.8,71.82,76.05,71.83,28.69,67.61,100.0
224,Chile,True,2021,81.46,97.8,73.49,76.2,71.9,29.48,67.61,100.0
224,Chile,True,2022,79.49,97.8,71.6,76.34,71.98,29.03,67.61,100.0
224,Chile,True,2023,70.72,93.26,68.2,76.48,72.05,28.93,67.61,100.0
224,Chile,True,2024,67.74,85.26,67.01,76.63,72.12,29.18,67.61,100.0
224,Chile,True,2025,69.48,85.26,66.57,76.77,72.19,28.79,67.61,100.0
227,Jersey,False,2012,73.45,51.44,60.94,78.59,72.01,65.52,65.42,76.47
227,Jersey,False,2013,73.58,51.49,60.78,78.59,71.99,66.25,65.4,76.47
227,Jersey,False,2014,73.97,51.09,63.03,78.7,72.29,68.14,65.88,76.47
227,Jersey,False,2015,73.95,50.77,62.31,78.82,72.63,67.27,66.43,76.47
227,Jersey,False,2016,73.94,50.75,61.17,78.93,72.9,66.02,66.86,77.37
227,Jersey,False,2017,73.82,50.6,60.02,79.04,72.68,65.52,66.31,77.48
227,Jersey,False,2018,74.33,50.72,58.97,79.16,72.74,64.18,66.31,87.86
227,Jersey,False,2019,74.25,50.76,58.59,79.27,72.79,62.83,66.31,89.14
227,Jersey,False,2020,74.4,50.8,58.2,79.38,72.85,65.43,66.31,88.85
227,Jersey,False,2021,74.34,51.0,57.85,79.5,72.91,65.22,66.31,87.46
227,Jersey,False,2022,74.23,51.02,58.11,79.61,72.96,63.11,66.31,84.69
227,Jersey,False,2023,74.3,51.03,58.37,79.72,73.02,63.32,66.31,84.69
227,Jersey,False,2024,74.34,51.05,58.61,79.84,73.08,63.52,66.31,84.69
227,Jersey,False,2025,74.3,51.05,58.72,79.95,73.13,63.61,66.31,84.69
228,Guernsey,False,2012,63.61,50.57,60.94,77.62,68.3,60.94,58.97,5.38
228,Guernsey,False,2013,63.62,50.57,60.78,77.62,68.41,60.78,59.21,5.38
228,Guernsey,False,2014,64.11,50.76,63.03,77.77,68.45,63.03,59.13,5.38
228,Guernsey,False,2015,65.23,50.77,62.31,77.93,68.01,62.31,58.1,22.02
228,Guernsey,False,2016,65.16,50.77,61.17,78.08,68.14,61.17,58.2,22.02
228,Guernsey,False,2017,64.96,50.77,60.02,78.23,67.89,60.02,57.54,22.02
228,Guernsey,False,2018,64.75,50.77,58.97,78.39,67.96,58.97,57.54,22.02
228,Guernsey,False,2019,64.32,50.78,58.59,78.54,68.04,58.59,57.54,16.49
228,Guernsey,False,2020,64.06,50.78,58.2,78.7,68.12,58.2,57.54,16.49
228,Guernsey,False,2021,64.05,50.78,57.85,78.85,68.2,57.85,57.54,16.49
228,Guernsey,False,2022,64.48,50.78,58.11,79.01,68.27,58.11,57.54,16.49
228,Guernsey,False,2023,64.56,50.78,58.37,79.16,68.35,58.37,57.54,16.49
228,Guernsey,False,2024,64.6,50.78,58.61,79.31,68.43,58.61,57.54,16.49
228,Guernsey,False,2025,64.58,50.78,58.72,79.47,68.5,58.72,57.54,16.49
231,East Timor,False,2012,70.16,67.35,45.94,81.67,72.76,44.83,63.85,51.12
231,East Timor,False,2013,69.4,66.98,45.63,81.57,72.55,44.81,63.52,51.12
231,East Timor,False,2014,71.14,68.76,45.37,81.56,74.13,44.81,66.71,51.12
231,East Timor,False,2015,74.86,68.77,44.93,81.67,76.35,44.34,71.02,51.12
231,East Timor,False,2016,75.18,69.26,44.5,81.73,76.73,43.82,71.73,54.04
231,East Timor,False,2017,74.84,69.32,44.2,81.47,76.46,43.51,71.45,54.42
231,East Timor,False,2018,74.41,69.46,43.92,81.31,76.39,43.21,71.46,54.42
231,East Timor,False,2019,73.07,69.7,43.94,81.26,76.36,43.23,71.46,54.04
231,East Timor,False,2020,73.65,69.85,43.99,81.17,76.31,43.14,71.45,53.29
231,East Timor,False,2021,74.39,70.02,44.38,81.04,76.24,43.43,71.45,53.29
231,East Timor,False,2022,75.12,70.14,44.52,80.9,76.18,43.75,71.45,53.29
231,East Timor,False,2023,66.63,70.53,44.57,80.79,76.12,43.8,71.45,53.29
231,East Timor,False,2024,65.3,70.88,44.55,80.64,76.05,43.79,71.45,53.29
231,East Timor,False,2025,67.22,70.86,44.5,80.4,75.93,43.74,71.45,53.29
232,Bosnia and Herzegovina,True,2012,47.88,53.29,20.39,75.43,75.43,80.16,,12.2
232,Bosnia and Herzegovina,True,2013,49.05,53.15,20.23,75.44,75.44,82.24,,12.2
232,Bosnia and Herzegovina,True,2014,48.23,53.03,20.22,75.06,75.06,83.25,,12.2
232,Bosnia and Herzegovina,True,2015,50.12,53.46,20.1,74.78,74.78,83.1,,12.2
232,Bosnia and Herzegovina,True,2016,53.91,54.93,19.8,74.37,74.37,83.19,,12.2
232,Bosnia and Herzegovina,True,2017,55.75,54.83,19.55,73.72,73.72,83.16,,12.2
232,Bosnia and Herzegovina,True,2018,60.59,55.11,19.41,73.25,73.25,83.41,,12.2
232,Bosnia and Herzegovina,True,2019,62.86,54.94,19.44,72.66,72.66,82.06,,12.2
232,Bosnia and Herzegovina,True,2020,64.74,55.17,19.55,72.06,72.06,82.6,,12.2
232,Bosnia and Herzegovina,True,2021,66.11,55.25,19.64,71.55,71.55,81.67,,12.2
232,Bosnia and Herzegovina,True,2022,64.78,54.95,19.69,70.91,70.91,79.96,,12.2
232,Bosnia and Herzegovina,True,2023,54.83,54.95,19.7,70.4,70.4,79.93,,12.2
232,Bosnia and Herzegovina,True,2024,57.55,54.94,19.71,69.86,69.86,79.91,,12.2
232,Bosnia and Herzegovina,True,2025,63.42,55.01,19.7,69.39,69.39,79.85,,12.2
237,Oecussi Ambeno,False,2012,69.87,73.86,45.15,81.89,72.69,45.15,63.49,34.46
237,Oecussi Ambeno,False,2013,69.98,73.36,44.79,81.76,72.77,44.79,63.79,34.46
237,Oecussi Ambeno,False,2014,71.25,74.78,44.7,82.36,79.78,44.7,77.19,34.46
237,Oecussi Ambeno,False,2015,71.48,75.11,44.02,82.26,81.75,44.02,81.23,34.46
237,Oecussi Ambeno,False,2016,73.25,75.93,43.16,81.47,73.57,43.16,65.68,70.6
237,Oecussi Ambeno,False,2017,74.75,76.29,43.08,82.17,80.68,43.08,79.2,76.93
237,Oecussi Ambeno,False,2018,74.76,76.78,42.71,82.08,80.64,42.71,79.2,76.93
237,Oecussi Ambeno,False,2019,74.52,77.29,42.53,82.03,80.61,42.53,79.2,70.6
237,Oecussi Ambeno,False,2020,73.59,77.76,42.46,81.93,80.56,42.46,79.2,57.62
237,Oecussi Ambeno,False,2021,73.46,78.25,42.74,81.76,80.48,42.74,79.2,57.62
237,Oecussi Ambeno,False,2022,75.53,78.71,42.93,81.58,80.39,42.93,79.2,57.62
237,Oecussi Ambeno,False,2023,75.81,79.45,43.06,81.46,80.33,43.06,79.2,57.62
237,Oecussi Ambeno,False,2024,73.95,80.08,43.12,81.32,80.26,43.12,79.2,57.62
237,Oecussi Ambeno,False,2025,73.42,80.06,43.1,81.08,80.14,43.1,79.2,57.62
244,Curacao,False,2012,70.74,77.17,50.18,79.83,70.08,50.18,60.33,13.99
244,Curacao,False,2013,67.81,77.17,50.25,79.83,70.08,50.25,60.33,47.42
244,Curacao,False,2014,71.1,78.15,50.25,79.6,69.97,50.25,60.33,47.42
244,Curacao,False,2015,73.19,78.42,50.43,79.37,69.85,50.43,60.33,47.42
244,Curacao,False,2016,74.54,78.27,51.7,79.14,69.74,51.7,60.33,47.42
244,Curacao,False,2017,73.68,77.97,51.54,78.91,69.62,51.54,60.33,35.52
244,Curacao,False,2018,73.29,77.67,51.5,78.68,69.51,51.5,60.33,37.74
244,Curacao,False,2019,70.57,77.46,51.71,78.45,69.39,51.71,60.33,38.03
244,Curacao,False,2020,69.13,78.79,51.75,78.22,69.28,51.75,60.33,38.03
244,Curacao,False,2021,69.11,79.55,52.1,77.99,69.16,52.1,60.33,37.74
244,Curacao,False,2022,66.21,80.07,52.08,77.77,69.05,52.08,60.33,37.16
244,Curacao,False,2023,60.5,80.33,51.97,77.54,68.94,51.97,60.33,37.16
244,Curacao,False,2024,65.36,80.32,51.86,77.31,68.82,51.86,60.33,37.16
244,Curacao,False,2025,71.71,80.32,51.8,77.08,68.71,51.8,60.33,37.16
245,Bonaire,False,2012,71.19,80.72,45.27,80.58,70.45,45.27,60.33,56.28
245,Bonaire,False,2013,71.1,80.72,45.45,80.58,70.45,45.45,60.33,56.28
245,Bonaire,False,2014,71.11,79.87,45.76,80.29,70.31,45.76,60.33,56.28
245,Bonaire,False,2015,74.23,80.02,46.18,80.0,70.17,46.18,60.33,100.0
245,Bonaire,False,2016,74.53,80.11,47.81,79.72,70.02,47.81,60.33,100.0
245,Bonaire,False,2017,74.58,80.09,47.72,79.43,69.88,47.72,60.33,100.0
245,Bonaire,False,2018,78.74,80.19,47.68,79.14,82.2,47.68,85.26,100.0
245,Bonaire,False,2019,74.4,80.33,47.66,78.86,69.6,47.66,60.33,100.0
245,Bonaire,False,2020,74.1,80.46,47.46,78.57,69.45,47.46,60.33,100.0
245,Bonaire,False,2021,74.13,80.44,47.64,78.29,69.31,47.64,60.33,100.0
245,Bonaire,False,2022,71.77,80.32,47.6,78.0,69.17,47.6,60.33,100.0
245,Bonaire,False,2023,71.61,80.28,47.51,77.71,69.02,47.51,60.33,100.0
245,Bonaire,False,2024,73.55,80.28,47.44,77.43,68.88,47.44,60.33,100.0
245,Bonaire,False,2025,74.11,80.28,47.4,77.14,68.74,47.4,60.33,100.0
247,Brunei,True,2012,63.82,65.1,27.8,81.86,70.27,26.63,58.68,26.3
247,Brunei,True,2013,63.78,65.27,27.57,81.86,69.55,26.17,57.23,26.52
247,Brunei,True,2014,65.06,68.7,27.41,81.57,70.06,25.65,58.54,26.52
247,Brunei,True,2015,63.51,69.25,26.92,81.28,69.91,25.33,58.53,26.3
247,Brunei,True,2016,63.55,69.05,26.63,80.99,69.72,24.0,58.44,25.86
247,Brunei,True,2017,66.1,69.63,26.32,80.71,69.64,24.34,58.58,25.86
247,Brunei,True,2018,64.97,70.3,30.28,80.42,69.49,28.07,58.57,25.86
247,Brunei,True,2019,64.61,71.09,30.44,80.13,69.41,23.96,58.7,25.86
247,Brunei,True,2020,68.59,72.09,32.56,79.84,69.27,22.61,58.7,25.86
247,Brunei,True,2021,68.61,73.32,32.1,79.55,69.12,23.06,58.7,25.86
247,Brunei,True,2022,66.27,74.98,31.0,79.26,68.98,27.32,58.7,25.86
247,Brunei,True,2023,58.83,77.5,30.88,78.97,68.83,27.26,58.7,25.86
247,Brunei,True,2024,58.19,81.9,30.42,78.68,68.69,26.87,58.7,25.86
247,Brunei,True,2025,59.44,81.9,30.5,78.39,68.54,26.88,58.7,25.86
248,Saba,False,2012,80.62,80.24,37.02,84.01,90.61,37.02,97.21,84.92
248,Saba,False,2013,80.63,80.24,37.08,84.01,90.67,37.08,97.33,84.92
248,Saba,False,2014,80.26,79.71,37.02,83.75,87.56,37.02,91.37,84.92
248,Saba,False,2015,81.72,79.83,36.94,83.48,90.34,36.94,97.2,100.0
248,Saba,False,2016,81.47,79.9,37.25,83.22,87.6,37.25,91.97,100.0
248,Saba,False,2017,81.55,79.89,37.3,82.96,87.78,37.3,92.6,100.0
248,Saba,False,2018,81.64,80.01,37.37,82.7,87.65,37.37,92.6,100.0
248,Saba,False,2019,81.69,80.16,37.39,82.44,87.52,37.39,92.6,100.0
248,Saba,False,2020,81.43,80.31,37.45,82.17,87.39,37.45,92.6,100.0
248,Saba,False,2021,81.43,80.32,37.59,81.91,87.26,37.59,92.6,100.0
248,Saba,False,2022,78.87,80.24,37.57,81.65,87.12,37.57,92.6,100.0
248,Saba,False,2023,78.69,80.18,37.54,81.39,86.99,37.54,92.6,100.0
248,Saba,False,2024,80.76,80.14,37.52,81.13,86.86,37.52,92.6,100.0
248,Saba,False,2025,81.37,80.14,37.5,80.87,86.73,37.5,92.6,100.0
249,Sint Eustatius,False,2012,76.03,64.65,37.02,84.33,89.38,37.02,94.43,54.32
249,Sint Eustatius,False,2013,76.3,66.1,37.08,84.33,89.75,37.08,95.18,54.32
249,Sint Eustatius,False,2014,76.07,65.41,37.02,84.09,87.78,37.02,91.47,54.32
249,Sint Eustatius,False,2015,79.21,65.49,36.94,83.85,90.42,36.94,97.0,93.38
249,Sint Eustatius,False,2016,79.24,66.35,37.25,83.6,88.77,37.25,93.95,93.38
249,Sint Eustatius,False,2017,79.19,65.84,37.3,83.36,88.61,37.3,93.86,93.38
249,Sint Eustatius,False,2018,79.2,65.4,37.37,83.12,88.49,37.37,93.86,93.38
249,Sint Eustatius,False,2019,78.7,64.97,37.39,82.88,88.37,37.39,93.86,86.76
249,Sint Eustatius,False,2020,78.34,64.44,37.45,82.64,88.25,37.45,93.86,86.76
249,Sint Eustatius,False,2021,78.49,65.42,37.59,82.39,88.13,37.59,93.86,86.76
249,Sint Eustatius,False,2022,75.92,65.31,37.57,82.15,88.0,37.57,93.86,86.76
249,Sint Eustatius,False,2023,75.75,65.3,37.54,81.91,87.88,37.54,93.86,86.76
249,Sint Eustatius,False,2024,77.84,65.33,37.52,81.67,87.76,37.52,93.86,86.76
249,Sint Eustatius,False,2025,78.44,65.33,37.5,81.42,87.64,37.5,93.86,86.76
250,Aruba,False,2012,71.45,70.41,43.26,80.78,80.62,43.26,80.47,11.07
250,Aruba,False,2013,71.56,70.41,43.09,80.78,80.62,43.09,80.47,11.07
250,Aruba,False,2014,72.69,70.91,42.83,80.47,80.47,42.83,80.47,11.07
250,Aruba,False,2015,74.23,71.0,42.57,80.17,80.32,42.57,80.47,11.07
250,Aruba,False,2016,75.91,71.09,42.96,79.87,80.17,42.96,80.47,11.07
250,Aruba,False,2017,76.98,71.19,42.87,79.56,80.01,42.87,80.47,11.07
250,Aruba,False,2018,77.68,71.3,42.99,79.26,79.86,42.99,80.47,11.07
250,Aruba,False,2019,77.93,71.41,43.35,78.95,79.71,43.35,80.47,11.07
250,Aruba,False,2020,77.71,71.53,43.48,78.65,79.56,43.48,80.47,11.07
250,Aruba,False,2021,77.35,71.65,43.71,78.35,79.41,43.71,80.47,11.07
250,Aruba,False,2022,71.82,71.77,43.68,78.04,79.25,43.68,80.47,11.07
250,Aruba,False,2023,66.47,71.91,43.58,77.74,79.1,43.58,80.47,11.07
250,Aruba,False,2024,73.52,72.06,43.54,77.43,78.95,43.54,80.47,11.07
250,Aruba,False,2025,78.17,72.06,43.5,77.13,78.8,43.5,80.47,11.07
